pl_name,pl_rade,pl_insol,pl_eqt,pl_orbsmax,st_teff,st_rad,st_mass,pl_bmasse,disc_year,co2_frac,h2o_frac,ch4_frac,o2_frac,n2_frac,atm_source,log_insol,log_rade,greenhouse_index,esi_radius,esi_mass,esi,climate_bin
Kepler-1263 b,1.14,144.813,907.0,0.0499,5213.0,0.8,0.84,1.55,2016,0.1667575245610643,0.4778554831407871,0.0286688401490813,0.001394233892085,0.3253239182569822,synthetic_turbet2020_based,4.982324978837064,0.76080582903376,0.6732818478509327,0.96216874833496,0.7710882801633792,0.8613460659807738,0
Kepler-1416 b,0.88,2658.55,1870.0,0.0257,6019.0,1.15,1.09,0.615,2016,0.0731434238101321,0.6732195812969819,0.0397904862363126,0.0097075875919078,0.2041389210646653,synthetic_turbet2020_based,7.885912214532059,0.6312717768418579,0.7861534913434266,0.9631019153901382,0.747229253203723,0.8483265438473844,0
Kepler-1542 c,0.65,786.082,1287.0,0.0387,5564.0,0.99,0.94,0.208,2016,0.0988738037207228,0.5481838824139476,0.0287822324510323,0.0027052422317585,0.3214548391825387,synthetic_turbet2020_based,6.668332436128176,0.5007752879124893,0.6758399185857027,0.8729349113535094,0.3196084434897561,0.5282020146549646,0
K2-85 b,1.4,800.0,1355.0,0.013,4232.0,0.71,0.7,3.2,2016,0.0694882258003207,0.5902819704903736,0.0190763739620353,0.0070283259521425,0.3141251037951277,synthetic_turbet2020_based,6.68586094706836,0.8754687373538999,0.6788465702527295,0.901294435433536,0.4520904724641319,0.6383311265671135,0
Kepler-1399 b,1.25,1707.252,1610.0,0.0276,5735.0,0.96,0.97,2.1,2016,0.1680386566253207,0.6659403426368129,0.0382066151450534,0.0080265612791977,0.1197878243136151,synthetic_turbet2020_based,7.443225904449021,0.8109302162163288,0.872185614407187,0.9350677145621996,0.6256696416983442,0.7648813515401072,0
K2-80 c,1.47,166.0,1002.42,0.0596,5441.0,0.87,0.9,2.76,2016,0.0940390636650025,0.664766605890758,0.0322812860936511,0.0080550838819577,0.2008579604686305,synthetic_turbet2020_based,5.117993812416755,0.904218150639886,0.7910869556494116,0.8866451323918264,0.5089218547556272,0.6717388520004608,0
Kepler-1028 b,1.33,519.636,1217.0,0.0354,5522.0,0.87,0.9,2.33,2016,0.0644586443230249,0.7610409586175367,0.0282310515933444,0.002821270283157,0.1434480751829367,synthetic_turbet2020_based,6.255051141149285,0.8458682675776092,0.8537306545339061,0.916630328327376,0.5795444691342634,0.7288539202219158,0
Kepler-796 b,1.3,962.264,1109.0,0.07317,5475.0,1.09,0.93,2.24,2016,0.0655104451583827,0.6350578288710849,0.0168237187414754,0.0093260810653911,0.2732819261636657,synthetic_turbet2020_based,6.870327517529898,0.832909122935104,0.7173919927709429,0.9234262819589574,0.5967864231938658,0.7423531961899917,0
Kepler-334 c,1.43,97.21,822.0,0.107,5828.0,1.068,1.022,2.63,2014,0.122998749625724,0.5962827977418084,0.0475130581989993,0.0061455524713846,0.2270598419620835,synthetic_turbet2020_based,4.587108043169683,0.8878912573524571,0.7667946055665317,0.894935058413526,0.5284476933576645,0.6876964209035369,0
Kepler-1117 b,1.11,194.976,938.0,0.05485,5612.0,0.93,0.95,1.41,2016,0.115836719045757,0.4086448319521322,0.0430516769677743,0.0090654469465579,0.4234013250877786,synthetic_turbet2020_based,5.277992202753437,0.7466879474879752,0.5675332279656635,0.9699427429156094,0.8191130777173722,0.8913432477778888,0
Kepler-1245 b,1.44,194.344,1043.0,0.0484,5306.0,0.83,0.86,2.67,2016,0.0661611418933844,0.7664047380550432,0.0192085596357952,0.0013367130055856,0.1468888474101914,synthetic_turbet2020_based,5.2747621069265,0.8919980393051105,0.8517744395842227,0.8928425856742602,0.5222872290477948,0.6828764749555205,0
Kepler-114 b,1.26,92.535,586.0,0.053,4605.0,0.667,0.77,1.09,2014,0.1332278704087225,0.5483689135449755,0.0431915897252965,0.0082742632485787,0.2669373630724266,synthetic_turbet2020_based,4.538335697800868,0.8153648132841945,0.7247883736789945,0.93270710962285,0.9539938373114636,0.9432904296115732,0
Kepler-187 b,1.41,902.239,1244.0,0.059,6105.0,1.287,1.081,2.57,2014,0.0883947635851404,0.7744174280195854,0.0165843127032807,0.0014041955745309,0.1191993001174624,synthetic_turbet2020_based,6.805987191708368,0.8796267475025635,0.8793965043080065,0.8991608377123578,0.5379564315773541,0.6954921679428492,0
Kepler-1379 b,1.3,1600.049,1564.0,0.0171,5188.0,0.79,0.83,2.24,2016,0.1152645590004557,0.7969502256223349,0.0456670906501965,0.0077374721751125,0.0343806525519002,synthetic_turbet2020_based,7.378414318399695,0.832909122935104,0.9578818752729872,0.9234262819589574,0.5967864231938658,0.7423531961899917,0
Kepler-304 e,1.2,397.254,1137.0,0.02317,4817.0,0.73,0.8,1.87,2016,0.1620184417023539,0.5049842063691459,0.0474725260213511,0.0031687351750511,0.2823560907320979,synthetic_turbet2020_based,5.987089992681965,0.7884573603642702,0.7144751740928509,0.947122533919042,0.6794671515451294,0.8022086077113463,0
Kepler-1894 b,1.20117759,544.05,1231.0,0.0385,5772.0,0.901,0.999,1.87,2021,0.1399074187281265,0.7498248163349859,0.0178573866285829,0.0037929130561008,0.0886174652522038,synthetic_turbet2020_based,6.300877533574368,0.7889924853411748,0.9075896216916952,0.9468336854870038,0.6794671515451294,0.802086271709491,0
Kepler-1601 b,0.82,999.752,1507.0,0.03281,5869.0,1.07,1.04,0.477,2016,0.0682748756942796,0.6025319726482532,0.0377704974257154,0.0062300494829881,0.2851926047487635,synthetic_turbet2020_based,6.90850699637181,0.598836501088704,0.7085773457682482,0.9423675050163746,0.6264402164507146,0.7683338491948519,0
Kepler-1542 d,0.87,297.806,1010.0,0.0629,5564.0,0.99,0.94,0.59,2016,0.0951423037671409,0.5954336181406134,0.0365145685105433,0.0096006093134227,0.2633089002682797,synthetic_turbet2020_based,5.69979453337834,0.6259384308664953,0.7270904904182975,0.9597615689407556,0.7268065370595533,0.8352011627893453,0
Kepler-211 c,1.29,95.436,841.0,0.062,5123.0,0.816,0.867,18.3,2014,0.1450962667521627,0.4423589615003013,0.0156135838825565,0.0047720288738467,0.3921591589911326,synthetic_turbet2020_based,4.5688795758870535,0.8285518175661483,0.6030688121350205,0.9257226131049422,0.0884210717593373,0.286100306890072,0
Kepler-595 c,1.009,50.23,679.0,0.0983,5138.5,0.821,0.93,3.3,2020,0.0642643622344902,0.6902862513085708,0.0133797287529408,0.0094234584043056,0.2226461992996926,synthetic_turbet2020_based,3.936325297951111,0.6976370858327973,0.7679303422960018,0.9974440260725866,0.4408500028037,0.6631162806707688,0
K2-269 b,1.57,1041.5274,1429.0,0.0531,6209.0,1.45,1.16,3.09,2018,0.1970040769331288,0.583424256983396,0.0413632379336563,0.0067276750789699,0.1714807530708488,synthetic_turbet2020_based,6.949403236301186,0.9439058989071284,0.821791571850181,0.8668126032440396,0.4651126546095512,0.6349531564956985,0
Kepler-106 d,0.95,45.357,649.0,0.16063,5858.0,1.04,1.0,8.1,2014,0.1367025823711313,0.6799103778356265,0.0359693262098123,0.0094653496872596,0.1379523638961701,synthetic_turbet2020_based,3.836372305419984,0.6678293725756554,0.8525822864165701,0.985303043009012,0.1976641028245211,0.4413151277790587,0
Kepler-1031 b,0.87,3973.86,2024.0,0.0218,6011.0,1.12,1.09,0.59,2016,0.0722658484880087,0.6033410953787769,0.0261613756296306,0.0052675185653435,0.2929641619382402,synthetic_turbet2020_based,8.287744806342403,0.6259384308664953,0.7017683194964162,0.9597615689407556,0.7268065370595533,0.8352011627893453,0
Kepler-1882 b,1.48674404,122.1,894.0,0.11636,5691.0,1.458,1.068,2.81,2021,0.1358686899683173,0.6263087601727684,0.0380800872444148,0.0068315363398108,0.1929109262746885,synthetic_turbet2020_based,4.812997033190408,0.9109742403449907,0.8002575373855004,0.8832372536156942,0.501778872592668,0.6657250133134005,0
Kepler-1573 b,1.2,1343.114,1379.0,0.0364,5808.0,1.0,1.01,1.87,2016,0.1147127292769835,0.6504049923764228,0.0244262933780101,0.0056146532014608,0.2048413317671227,synthetic_turbet2020_based,7.203490338914532,0.7884573603642702,0.7895440150314164,0.947122533919042,0.6794671515451294,0.8022086077113463,0
Kepler-1440 b,1.26,44.728,597.0,0.23431,5698.0,0.96,0.98,2.13,2016,0.1280412672110853,0.7199481643055347,0.022578027669768,0.0085364412611056,0.1208960995525062,synthetic_turbet2020_based,3.822710801747457,0.8153648132841945,0.870567459186388,0.93270710962285,0.6192551886810161,0.7599892875255697,0
Wolf 327 b,1.24,233.9,996.0,0.01,3542.0,0.406,0.405,2.53,2024,0.1784822035361837,0.5489046292766193,0.0161445159624253,0.0064075636715057,0.2500610875532658,synthetic_turbet2020_based,5.459159891664867,0.8064758658669484,0.7435313487752283,0.9374448489778124,0.5444815406177662,0.7144378318759642,0
Kepler-62 f,1.41,0.5,208.0,0.718,4925.0,0.64,0.69,35.0,2013,0.6359017667594683,0.0428427424970427,0.0483371672360389,0.0099591802532527,0.2629591432541974,synthetic_turbet2020_based,0.4054651081081644,0.8796267475025635,0.7270816764925498,0.8991608377123578,0.0453793655322038,0.2019983869410638,2
Kepler-132 b,1.21,284.8,1082.0,0.067,6003.0,1.178,0.929,1.92,2014,0.0712393832853162,0.5792982453017405,0.0257029086336767,0.0017204435528156,0.3220390192264509,synthetic_turbet2020_based,5.655292265495767,0.7929925155296614,0.6762405372207334,0.94467734756943,0.6670255111340399,0.7938034332372518,0
EPIC 201595106 b,1.565,2852.0,2038.0,0.0177,5679.0,0.98,0.958,7.67,2021,0.1248225437797228,0.6125644164018311,0.0141991886358428,0.0045869725603138,0.2438268786222894,synthetic_turbet2020_based,7.9561263512135,0.9419584786227329,0.7515861488173967,0.8677753250844449,0.2081716866946385,0.4250250029054963,0
Kepler-1124 b,1.28,50.777,621.0,0.0305,3658.0,0.34,0.35,2.18,2016,0.1554550198548339,0.6535079092277052,0.0492722379017014,0.0065832193869223,0.135181613628837,synthetic_turbet2020_based,3.946946035217376,0.8241754429663494,0.8582351669842405,0.928034741837642,0.6088426631951414,0.7516828744610625,0
Kepler-1581 b,0.8,470.862,1108.0,0.06865,6022.0,1.23,1.12,0.437,2016,0.1216258810441599,0.7045730252736031,0.0461331148785621,0.0074862635204651,0.1201817152832096,synthetic_turbet2020_based,6.156686569954916,0.5877866649021191,0.8723320211963251,0.9350677145621996,0.5874061524976986,0.7411238280717992,0
LHS 1815 b,1.088,62.1493,617.0,0.0404,3643.0,0.501,0.502,1.58,2020,0.1954722675058354,0.7938312325726499,0.0215291298195162,0.0076037814769412,-0.0184364113749426,synthetic_turbet2020_based,4.145501764016141,0.7362066700203923,1.0108326298980015,0.9757548435657022,0.7614984259713713,0.8619952305606011,0
Kepler-198 d,1.53,1444.516,1562.0,0.02342,5636.0,0.93,0.97,2.96,2016,0.196687546861076,0.564630400877624,0.0417472860223989,0.0017633734508064,0.1951713927880947,synthetic_turbet2020_based,7.276221630229455,0.9282193027394288,0.8030652337610988,0.8745978400564075,0.4814689076156548,0.6489157623721046,0
Kepler-1697 b,1.25954761,37.3,630.0,0.2008,4681.53,0.772344,0.747,2.12,2020,0.09122375761326,0.7546230248687478,0.0175037472775796,0.0017633043211218,0.1348861659192907,synthetic_turbet2020_based,3.6454498961866,0.8151646206806207,0.8633505297595874,0.9328135467023392,0.62137915441377,0.7613349413205789,0
Kepler-783 b,0.78,229.104,991.0,0.04958,5521.0,0.89,0.93,0.399,2016,0.1996370055894376,0.6803524040482634,0.0338085136165348,0.0045313218362961,0.0816707549094679,synthetic_turbet2020_based,5.438531380636422,0.5766133643039938,0.9137979232542358,0.9275591624430553,0.5484261306065138,0.7132304552998726,0
Kepler-1955 b,1.16654878,114.3,853.0,0.11959,5825.0,1.291,1.049,1.69,2021,0.060075000327165,0.4807916150755126,0.0107067512399964,0.0050795192485014,0.4433471141088243,synthetic_turbet2020_based,4.747537427275013,0.7731354775224767,0.551573366642674,0.9554304287875992,0.7282276351851342,0.8341287920578645,0
Kepler-399 c,1.43,15.69,630.0,0.155,5502.0,0.68,0.902,2.63,2014,0.1613476924126965,0.6362979176655065,0.0361375683603798,0.0036944496236334,0.1625223719377837,synthetic_turbet2020_based,2.814809737673744,0.8878912573524571,0.8337831784385829,0.894935058413526,0.5284476933576645,0.6876964209035369,0
Kepler-1365 b,0.92,456.25,969.0,0.07839,5770.0,1.05,1.0,0.721,2016,0.1428678629640461,0.465097394441983,0.0409174955254113,0.0086994238761152,0.3424178231924442,synthetic_turbet2020_based,6.125230287270975,0.6523251860396903,0.6488827529314405,0.9760329038085522,0.8275748754868603,0.8987437392496491,0
Kepler-1303 b,1.42,182.375,891.0,0.0751,5771.0,1.0,1.01,2.6,2016,0.0689039512619939,0.4574874645822137,0.037723817077188,0.0025564954279787,0.4333282716506255,synthetic_turbet2020_based,5.211533236463146,0.883767540168595,0.5641152329213955,0.8970410942572271,0.533161056084935,0.6915687797795451,0
Kepler-1992 b,0.91,38.99,637.0,0.1169,5383.0,0.842,0.874,0.693,2023,0.1810832746855702,0.5014658026247314,0.0344308053294167,0.0059818675608065,0.2770382497994751,synthetic_turbet2020_based,3.688629422858727,0.6471032420585384,0.7169798826397182,0.972862966923833,0.807279104142302,0.8862121328392507,0
Kepler-1426 b,1.56,95.22,797.0,0.1187,5831.0,1.02,1.02,3.05,2016,0.1600242356844244,0.7513462935243207,0.0251621078014922,0.0056531753816448,0.0578141876081177,synthetic_turbet2020_based,4.566637236271308,0.9400072584914712,0.9365326370102371,0.8687409977830233,0.4700296131326776,0.6390101682293098,0
TOI-2322 b,0.994,22.04,603.1,0.0924,4664.0,0.662,0.703,2.31,2025,0.1091944832225123,0.5276529954398664,0.0343496451559298,0.0062289043637324,0.3225739718179589,synthetic_turbet2020_based,3.1372318358276905,0.6901426715396466,0.6711971238183085,0.9982837433716776,0.5832921638694778,0.7630799989693009,0
Kepler-524 c,0.96,2959.338,1574.0,0.03046,6014.0,1.1,1.09,0.84,2016,0.1113709966437195,0.6407099023470835,0.0474152547826597,0.0052087623096393,0.1952950839168977,synthetic_turbet2020_based,7.993058729988206,0.6729444732424258,0.7994961537734627,0.988315802939018,0.9072476685599564,0.946914572713603,0
Kepler-398 c,1.01,20.556,536.0,0.087,4493.0,0.613,0.649,1.01,2014,0.0795113271125947,0.5508823931532016,0.0257642793037247,0.0021799782372359,0.341662022193243,synthetic_turbet2020_based,3.0706542000712505,0.6981347220709844,0.656157999569521,0.997161138548408,0.994677545305754,0.9959185677381568,0
Kepler-1617 b,1.2,64.689,736.0,0.17707,6167.0,1.22,1.15,1.87,2016,0.0917170035307231,0.4808352406581912,0.0174306453948434,0.0056981107122986,0.4043189997039434,synthetic_turbet2020_based,4.184931483771308,0.7884573603642702,0.5899828895837578,0.947122533919042,0.6794671515451294,0.8022086077113463,0
TOI-4527.01,0.9086617,571.5072,1362.93,0.008332353,3702.0,0.485948,0.483901,0.689,2024,0.1938998521453412,0.6610076803010654,0.0298202622651447,0.0019962286662665,0.113275976622182,synthetic_turbet2020_based,6.350025311768526,0.6464023158388673,0.8847277947115513,0.9724356189781176,0.8043275375088885,0.8843962611853361,0
HD 224018 b,0.91,146.7499,968.0,0.0952,5784.0,1.147,1.013,4.1,2025,0.0607733210754326,0.4551174143711221,0.0221786610590413,0.0059760842865801,0.4559545192078238,synthetic_turbet2020_based,4.9955209794670274,0.6471032420585384,0.538069396505596,0.972862966923833,0.3672839977649921,0.5977599850853992,0
GJ 1132 c,1.52,2.1053,300.0,0.0476,3090.0,0.226,0.198,2.91,2018,0.2663249656119801,0.1415434506703078,0.020127384245064,0.0112021831504471,0.5608020163222008,synthetic_turbet2020_based,1.1331103290756772,0.924258901523332,0.4279958005273518,0.8765744124617892,0.4880597183353881,0.654080011043075,0
GJ 1132 b,1.19151465,19.3,583.8,0.0157,3229.0,0.2211,0.1945,1.83704819,2015,0.0705816886685918,0.6614159302774574,0.02794918028805,0.0045362635902736,0.235516937175627,synthetic_turbet2020_based,3.0106208860477417,0.7845929257733881,0.7599467992340992,0.9492110863874462,0.6879148944195297,0.8080695788569615,0
TRAPPIST-1 b,1.116,4.153,397.6,0.01154,2566.0,0.1192,0.0898,1.374,2016,0.1349630976214467,0.6203635073961612,0.0431418769935514,0.0073947949456841,0.1941367230431565,synthetic_turbet2020_based,1.6395790693460872,0.749527513996053,0.7984684820111594,0.9683741090678004,0.8324108468596456,0.8978224279923523,0
TRAPPIST-1 c,1.097,2.214,339.7,0.0158,2566.0,0.1192,0.0898,1.308,2016,0.1079733294991875,0.1098918274292031,0.0340623380982406,0.029447683024891,0.7186248219484777,synthetic_turbet2020_based,1.1675162673153208,0.7405077519197829,0.2519274950266312,0.9733655966685124,0.8579061567854492,0.913814170488212,0
TRAPPIST-1 d,0.788,1.115,286.2,0.02227,2566.0,0.1192,0.0898,0.388,2016,0.1780553966028974,0.1837312174629603,0.0403164127493144,0.0430644593863172,0.5548325137985106,synthetic_turbet2020_based,0.7490548124982412,0.5810976767513224,0.4021030268151721,0.9305882363054776,0.5367787479607788,0.7067672801927687,1
TRAPPIST-1 e,0.92,0.646,249.7,0.02925,2566.0,0.1192,0.0898,0.692,2017,0.7730582875492779,0.0825571868900252,0.0168136477463407,0.0098077072951039,0.1177631705192521,synthetic_turbet2020_based,0.4983481022548781,0.6523251860396903,0.8724291221856437,0.9760329038085522,0.806542454591143,0.8872496683569235,2
TRAPPIST-1 f,1.045,0.373,217.7,0.03849,2566.0,0.1192,0.0898,1.039,2017,0.7495918640628946,0.0544304868643581,0.0488353891418295,0.0044265912509543,0.1427156686799634,synthetic_turbet2020_based,0.316998126785834,0.7153977894947651,0.8528577400690822,0.9873972412719682,0.979547868152268,0.983464723672073,2
TRAPPIST-1 g,1.129,0.252,197.3,0.04683,2566.0,0.1192,0.0898,1.321,2017,0.7192575073664979,0.0626277432524443,0.0151221044219114,0.0038897706377066,0.1991028743214395,synthetic_turbet2020_based,0.2247422726779067,0.7556523859113424,0.7970073550408536,0.9649992382224056,0.8527656435691552,0.9071483872148338,3
TRAPPIST-1 h,0.755,0.144,171.7,0.06189,2566.0,0.1192,0.0898,0.326,2017,0.6579624967335391,0.0192955131196344,0.0446457842532408,0.0063039804951472,0.2717922253984383,synthetic_turbet2020_based,0.1345308929576061,0.5624688569178292,0.7219037941064144,0.91786519323586,0.4678680152964718,0.6553165389862935,3
GJ 9827 b,1.44,318.0,1035.01,0.0189,4236.0,0.58,0.62,4.28,2017,0.0578863985484583,0.7782079564087626,0.0256993893705977,0.0093151036049088,0.1288911520672724,synthetic_turbet2020_based,5.765191102784844,0.8919980393051105,0.8617937443278186,0.8928425856742602,0.353902636660877,0.5621204009758369,0
GJ 9827 c,1.13,73.0,715.94,0.0395,4236.0,0.58,0.62,1.86,2017,0.1368466287125364,0.401847519537331,0.0115416799729374,0.0071237692510292,0.4426404025261657,synthetic_turbet2020_based,4.30406509320417,0.7561219797213337,0.5502358282228048,0.9647409729174052,0.6820095247201713,0.8111488965766244,0
K2-141 b,1.51,3260.0,2103.0,0.00747,4570.0,0.681,0.708,4.97,2018,0.0905512682298991,0.4642353250339674,0.0409963161352531,0.0054693143096165,0.3987477762912638,synthetic_turbet2020_based,8.089789175789319,0.9202827531436926,0.5957829093991196,0.8785633377250446,0.3103198531338768,0.5221452345197114,0
LHS 1140 c,1.272,5.3,422.0,0.027,3096.0,0.2159,0.1844,1.91,2018,0.1973216444476767,0.6428845721976288,0.026999175426644,0.0043298593106247,0.1284647486174256,synthetic_turbet2020_based,1.840549633397487,0.820660500858905,0.8672053920719495,0.9298959390682224,0.6694784425701367,0.7890153896089026,0
LHS 3844 b,1.286,73.67,816.0,0.00624,3080.0,0.189,0.151,2.37,2019,0.0926595701860113,0.5215186473639777,0.0449733702533925,0.0012157331997515,0.3396326789968669,synthetic_turbet2020_based,4.3130784050476105,0.8268035653726189,0.6591515878033816,0.9266455589437692,0.5721871514479018,0.7281584187344702,0
L 98-59 b,0.837,24.5,620.0,0.0223,3415.0,0.3155,0.2923,0.46,2019,0.1192590795776764,0.6089003575929489,0.0185730561141994,0.002256612887612,0.251010893827563,synthetic_turbet2020_based,3.2386784521643803,0.6081338062329886,0.7467324932848246,0.9484149462534778,0.6100921255138407,0.7606710790012193,0
L 98-59 c,1.329,12.7,526.0,0.0309,3415.0,0.3155,0.2923,2.0,2019,0.0782711454518452,0.5376564312253392,0.0138724059721988,0.0095258781615664,0.3606741391890502,synthetic_turbet2020_based,2.617395832834079,0.845438990902204,0.6297999826493833,0.9168546439412476,0.6480109622789979,0.7707994940906071,0
TOI-270 b,1.28,131.7935,600.0,0.03197,3506.0,0.38,0.386,1.48,2019,0.1938061288957901,0.4161596915368653,0.0382318801451795,0.0037158838002723,0.3480864156218927,synthetic_turbet2020_based,4.888795290061317,0.8241754429663494,0.6481977005778349,0.928034741837642,0.7943991977048973,0.8586210190521162,0
GJ 357 b,1.2,12.6,518.0,0.036,3505.0,0.337,0.342,1.83,2019,0.1302347229463806,0.7662979431514838,0.0326979245419729,0.0045750997132554,0.0661943096469072,synthetic_turbet2020_based,2.6100697927420065,0.7884573603642702,0.9292305906398372,0.947122533919042,0.6897482532881932,0.8082549804489588,0
LTT 1445 A b,1.34,5.7,431.0,0.0381,3562.0,0.271,0.257,2.73,2019,0.1800954560751772,0.6831375577605792,0.0432007671663611,0.009783077863311,0.0837831411345713,synthetic_turbet2020_based,1.9021075263969205,0.8501509293696101,0.9064337810021176,0.9143954551507116,0.5133028142280379,0.6850998178704968,0
LP 791-18 b,1.212,24.14,564.3,0.00978,2960.0,0.182,0.139,1.94,2019,0.1669804765808467,0.5784291571680905,0.0472273795417848,0.0065099890773455,0.2008529976319323,synthetic_turbet2020_based,3.224460203162101,0.7938970836600884,0.792637013290722,0.9441903938551952,0.6621714498777047,0.7907059643506527,0
LTT 3780 b,1.325,111.0,903.0,0.01195,3358.0,0.38,0.381,2.46,2020,0.1155001234008259,0.7979259571318433,0.0294512245068232,0.0053015192266584,0.051821175733849,synthetic_turbet2020_based,4.718498871295094,0.8437200390393196,0.9428773050394924,0.917753420710207,0.5562764438614981,0.7145100483648913,0
TOI-700 b,0.914,4.98,417.0,0.0677,3459.0,0.421,0.415,0.704,2020,0.082324271271905,0.6980815371124043,0.0152462067673883,0.0027872529717817,0.2015607318765204,synthetic_turbet2020_based,1.7884205679625405,0.6491952930307625,0.7956520151516976,0.9741358512470628,0.8153280408464385,0.8912015906154709,0
TOI-700 d,1.073,0.85,268.8,0.1633,3459.0,0.421,0.415,1.25,2020,0.1332172775801663,0.2912093319045258,0.0161769235208857,0.0179066792901855,0.5414897877042366,synthetic_turbet2020_based,0.6151856390902334,0.7289968334536425,0.4406035330055778,0.9797730633444424,0.8815902957807177,0.9293860471901904,2
GJ 3473 b,1.264,59.4,773.0,0.01589,3347.0,0.364,0.36,1.86,2020,0.0954446943255953,0.5477091365363875,0.0194398905048221,0.0078683994083791,0.3295378792248159,synthetic_turbet2020_based,4.100989104940769,0.8171331603409365,0.6625937213668049,0.9317674538420038,0.6820095247201713,0.7971664056798361,0
TOI-561 b,1.397,4709.0,2319.0,0.01064,5342.0,0.843,0.806,2.02,2020,0.1215800949924387,0.5977258134138471,0.0262944955145188,0.0061135061616222,0.2482860899175729,synthetic_turbet2020_based,8.457443187010464,0.8742179554522473,0.7456004039208046,0.9019372385258568,0.6434201630516255,0.761790394448919,0
TOI-178 b,1.2,200.1045,1040.0,0.02607,4316.0,0.662,0.647,0.96,2021,0.0787881742116628,0.4701848986316351,0.0424795280604217,0.0033824053955758,0.4051649937007043,synthetic_turbet2020_based,5.303824673455149,0.7884573603642702,0.5914526009037195,0.947122533919042,0.9781789626363482,0.962525499775688,0
GJ 486 b,1.289,39.2,696.3,0.01714,3317.0,0.3243,0.312,2.77,2021,0.0811997110562691,0.6075658569948337,0.0423976294577948,0.0018013780456754,0.2670354244454269,synthetic_turbet2020_based,3.693866995624976,0.8281150409704297,0.7311631975088976,0.9259531121603536,0.5074775688451209,0.685492840388366,0
LHS 1478 b,1.242,23.3722,595.0,0.01848,3381.0,0.246,0.236,2.33,2021,0.1092851980638341,0.6988303202519546,0.0248617283362544,0.0026995277842807,0.164323225563676,synthetic_turbet2020_based,3.1934431384907693,0.8073683246499682,0.8329772466520431,0.9369680906451664,0.5795444691342634,0.7368952942506128,0
TOI-1685 b,1.421,213.0,1000.0,0.01164,3470.0,0.462,0.466,3.07,2021,0.1105031604873692,0.769338787090325,0.0198350234802023,0.0075683372167258,0.0927546917253775,synthetic_turbet2020_based,5.365976015021851,0.8841806779559215,0.8996769710578965,0.8968298762314065,0.4675586300630784,0.6475496493168663,0
TOI-1807 b,1.49681583,1407.22,1694.1,0.0122,4914.0,0.746,0.8048,2.44,2021,0.1631859707327202,0.4391151989781772,0.0287292562277433,0.0028050622418939,0.3661645118194651,synthetic_turbet2020_based,7.2500817745122275,0.9150162520696818,0.6310304259386407,0.8812046644624885,0.5597377037262569,0.7023129469112043,0
TOI-431 b,1.28,2120.4475,1862.0,0.0113,4850.0,0.731,0.78,3.07,2021,0.0742912355374446,0.655700136142468,0.0413162109668689,0.0028984094963984,0.2257940078568199,synthetic_turbet2020_based,7.659853917694649,0.8241754429663494,0.7713075826467816,0.928034741837642,0.4675586300630784,0.6587189480685602,0
TOI-431 c,1.49,100.6717,867.0,0.052,4850.0,0.731,0.78,2.83,2021,0.1876093383899213,0.7403988480208659,0.0439352301624432,0.0030489503211929,0.0250076331055766,synthetic_turbet2020_based,4.621748994910533,0.9122827104766162,0.9719434165732304,0.8825787561567998,0.4989757127709202,0.6636153734881459,0
L 98-59 e,1.49,2.4,347.0,0.0712,3415.0,0.3155,0.2923,2.82,2021,0.327990065110219,0.125658651702224,0.0412335341807619,0.0475404583584426,0.4575772906483523,synthetic_turbet2020_based,1.2237754316221157,0.9122827104766162,0.4948822509932049,0.8825787561567998,0.5003734952078943,0.664544217501299,0
GJ 367 b,0.736,579.0,1329.0,0.0071,3535.0,0.457,0.451,0.503,2021,0.0676765851358746,0.4953354117448241,0.0301149974792141,0.0055474923006378,0.4013255133394492,synthetic_turbet2020_based,6.363028103540465,0.5515836162381584,0.5931269943599128,0.9102571748423836,0.6507792995575017,0.7696600071857163,0
LTT 1445 A c,1.147,10.9,508.0,0.02661,3340.0,0.265,0.257,1.54,2022,0.078279535081124,0.7180929034330839,0.0484250514251533,0.0074965269901025,0.1477059830705362,synthetic_turbet2020_based,2.476538400117484,0.7640715188966439,0.8447974899393611,0.960379391749618,0.7743370124912016,0.86235567433949,0
TOI-500 b,1.166,1138.0,1617.0,0.01189,4440.0,0.678,0.74,1.42,2022,0.1876789994938601,0.7936741059792,0.0240820269695695,0.006744011976337,-0.0121791444189667,synthetic_turbet2020_based,7.037905963447182,0.7728821485787989,1.0054351324426296,0.9555684005120764,0.8154919038702064,0.8827560785470702,0
TOI-1442 b,1.17,207.0242,1072.0,0.0071,3330.0,0.31,0.29,1.71,2022,0.1813308566790854,0.5136205242106062,0.0415117140255549,0.0044450484650223,0.2590918566197312,synthetic_turbet2020_based,5.337654419087476,0.7747271675523681,0.7364630949152465,0.9545639949088476,0.7224785441354239,0.8304528916957532,0
TOI-2445 b,1.25,204.4874,1060.0,0.0064,3333.0,0.27,0.25,2.1,2022,0.1005284815749903,0.6425451360862141,0.0363392307357316,0.0084663586817713,0.2121207929212926,synthetic_turbet2020_based,5.325384718187904,0.8109302162163288,0.779412848396936,0.9350677145621996,0.6256696416983442,0.7648813515401072,0
GJ 3929 b,1.09,17.3,568.0,0.0252,3384.0,0.32,0.313,1.75,2022,0.0536676261323022,0.4880631564609199,0.0384767124235431,0.0060717091327258,0.4137207958505089,synthetic_turbet2020_based,2.9069010598473755,0.7371640659767197,0.5802074950167653,0.9752225040992044,0.711239901207034,0.8328368132295751,0
HD 260655 b,1.24,42.2,709.0,0.02933,3803.0,0.439,0.439,2.14,2022,0.1828557756287544,0.4863699161725064,0.0312517101927442,0.0080134294921732,0.2915091685138217,synthetic_turbet2020_based,3.765840495250065,0.8064758658669484,0.700477401994005,0.9374448489778124,0.6171452233248625,0.7606179137235423,0
HD 260655 c,1.533,16.1,557.0,0.04749,3803.0,0.439,0.439,3.09,2022,0.0868549614492471,0.4922985221068868,0.0110872853399034,0.009626637645779,0.4001325934581835,synthetic_turbet2020_based,2.8390784635086144,0.929404371019538,0.5902407688960374,0.8740072583944295,0.4651126546095512,0.6375828072492616,0
TOI-700 e,0.953,1.27,272.9,0.134,3459.0,0.421,0.415,0.818,2023,0.1360331890304153,0.114260906836969,0.0495929227681949,0.0129623073347629,0.6871506740296578,synthetic_turbet2020_based,0.8197798314933114,0.6693666518945419,0.2998870186355792,0.9862108409562496,0.893269858484583,0.9385906553641744,1
TOI-771 b,1.36,14.0,543.0,0.0208,3370.0,0.232,0.22,2.47,2024,0.069881312142712,0.7309018382362946,0.0332096086697177,0.0079697548411239,0.1580374861101516,synthetic_turbet2020_based,2.70805020110221,0.8586616190375187,0.8339927590487243,0.9099703795625944,0.5545612977374428,0.7103762063814255,0
LHS 475 b,0.991,20.8,586.0,0.02037,3300.0,0.2789,0.262,0.941,2023,0.0754571157647841,0.7186286919210766,0.0204281512534377,0.0023817839170334,0.183104257143668,synthetic_turbet2020_based,3.0819099697950434,0.6886370250820592,0.8145139589392983,0.997420895789562,0.967510461288521,0.982351846837053,0
TOI-1468 b,1.401,36.4,683.5,0.02107,3376.0,0.3714,0.3527,3.04,2022,0.1640632527776926,0.5890223933347429,0.0299677690168889,0.0065774745044167,0.2103691103662587,synthetic_turbet2020_based,3.6216707044204863,0.8758853172391162,0.7830534151293245,0.9010804479947556,0.4712746013095915,0.6516566034934325,0
TOI-2431 b,1.534,2649.15,2063.0,0.0063,4109.0,0.651,0.661,6.2,2026,0.1250314473970028,0.7024372590851412,0.043989207656049,0.0099894574985932,0.1185526283632136,synthetic_turbet2020_based,7.88237152115192,0.9297990818989472,0.871457914138193,0.8738106418142338,0.2539547405518719,0.4710714965197942,0
LP 890-9 b,1.32,4.09,396.0,0.01875,2850.0,0.1556,0.118,13.2,2022,0.1000324889717533,0.5322707987785411,0.0150890384756731,0.0026984098902602,0.3499092638837722,synthetic_turbet2020_based,1.6272778305624314,0.8415671856782186,0.6473923262259675,0.9188803114532664,0.1227873331381103,0.3358971016791642,0
LP 890-9 c,1.367,0.906,272.0,0.03984,2850.0,0.1556,0.118,25.3,2022,0.2979958732711343,0.2449633644493746,0.0339770723431974,0.048125935196501,0.3749377547397926,synthetic_turbet2020_based,0.6450068052320104,0.8616233305318469,0.5769363100637063,0.908435485764606,0.0634964499003509,0.2401716642519538,2
TOI-6255 b,1.079,588.9944,1256.46,,3421.0,0.37,0.353,1.44,2024,0.1736623314025239,0.7702746674946899,0.0180539327621086,0.0093661562401049,0.0286429121005725,synthetic_turbet2020_based,6.3801130453292965,0.7318870088758759,0.9619909316593224,0.9781603139953988,0.8083416959255042,0.8892062567830168,0
LP 791-18 d,1.032,5.83,395.5,0.01992,2960.0,0.182,0.139,0.91,2023,0.1644528945165122,0.7880806290279374,0.0462360887527111,0.0097363914507659,-0.0085060037479267,synthetic_turbet2020_based,1.9213246735826988,0.7090205297162355,0.9987696122971608,0.9909929992370942,0.9496655463594408,0.9701092248086686,0
TOI-6324 b,1.059,284.211,1216.0,,3247.0,0.293,0.269,1.17,2025,0.1325485258546459,0.4312624559541553,0.0439915679122014,0.0065244543022811,0.3856729959767161,synthetic_turbet2020_based,5.653229257221325,0.7222204280456523,0.6078025497210026,0.9835648050347297,0.9164107607260544,0.9493942127510836,0
GJ 806 b,1.331,130.0,940.0,0.01406,3600.0,0.4144,0.413,1.9,2023,0.1195883429165075,0.7770273601257351,0.0393658538304367,0.0029371937336123,0.0610812493937081,synthetic_turbet2020_based,4.875197323201151,0.8462973600536201,0.9359815568726793,0.91640616381089,0.6719488849713332,0.7847152986616129,0
GJ 341 b,0.88,13.8,629.0,,3770.0,0.5066,0.48,4.0,2025,0.0729035200762131,0.6750135740439487,0.0118949002691795,0.0035793438842243,0.2366086617264342,synthetic_turbet2020_based,2.694627180770069,0.6312717768418579,0.7598119943893413,0.9631019153901382,0.3751493434449523,0.6010882225008126,0
TOI-771 c,1.5,3.0,365.0,0.046,3370.0,0.232,0.22,2.87,2025,0.1295661769404618,0.6374062369768769,0.0108732556658324,0.0056362003916157,0.216518130025213,synthetic_turbet2020_based,1.3862943611198906,0.9162907318741552,0.7778456695831711,0.8805647427246953,0.4934593277876505,0.659183499504071,0
TOI-2076 e,1.301,253.1032,1110.0,0.03863,5187.0,0.758,0.849,4.7,2025,0.1017246889098257,0.5685120510733019,0.01401149593981,0.0080453850908378,0.3077063789862245,synthetic_turbet2020_based,5.53774048371396,0.8333438110532287,0.6842482359229376,0.9231975109150262,0.3260738714060295,0.5486625433328511,0
L 98-59 f,1.48,1.1,285.0,0.1052,3415.0,0.3155,0.2923,2.8,2025,0.3827212752425568,0.10445376412592,0.0340549105124539,0.0405537626915343,0.4382162874275349,synthetic_turbet2020_based,0.7419373447293773,0.9082585601768908,0.5212299498809306,0.8846055085684176,0.5031919062900668,0.6671778864525083,2
TOI-4336 A c,1.251,4.24,399.5,0.05092,3307.0,0.326,0.306,1.55,2026,0.196706861868197,0.5899507345902816,0.0152368524858599,0.0014654934249975,0.196640057630664,synthetic_turbet2020_based,1.6563214983329508,0.8113745619245951,0.8018944489443385,0.934830913355856,0.7710882801633792,0.8490212960951733,0
Kepler-167 d,1.238,14.489,538.0,0.1404,4884.0,0.749,0.777,2.06,2016,0.1964790599622718,0.4745933179023456,0.0220560254688074,0.0012796264006285,0.3055919702659465,synthetic_turbet2020_based,2.7401300945656217,0.8055826098897335,0.6931284033334247,0.9379222760922716,0.6344248256862363,0.7713891213370054,0
K2-136 b,1.014,33.5,610.0,0.0707,4500.0,0.677,0.742,4.3,2017,0.0896861416731892,0.4158240833560767,0.0143299776589942,0.0031622405345167,0.476997556777223,synthetic_turbet2020_based,3.5409593240373143,0.7001227942963706,0.5198402026882601,0.996031794388966,0.352473860250213,0.5925159672955872,0
Kepler-889 b,1.09,954.588,1328.0,0.04975,5961.0,1.25,1.14,1.32,2016,0.1655136077238304,0.4373083621297309,0.0362491859242,0.0013076146983543,0.3596212295238843,synthetic_turbet2020_based,6.8623268578173455,0.7371640659767197,0.6390711557777613,0.9752225040992044,0.8531589508977451,0.9121511982610936,0
Kepler-1804 b,1.59615726,164.61,913.0,0.1017,5109.0,1.671,0.929,3.18,2021,0.0646824920322289,0.5103695368163254,0.0265671008637068,0.0013821215754528,0.3969987487122859,synthetic_turbet2020_based,5.1096356266014,0.9540323748191004,0.6016191297122611,0.8618236938557434,0.4544053896613231,0.6257933616025979,0
Kepler-128 b,1.421,227.398,968.0,0.12545,6072.0,1.659,1.184,3.79,2013,0.12540189871941,0.4607206932315325,0.0240771977209186,0.0060921119743668,0.383708098353772,synthetic_turbet2020_based,5.4310897211760905,0.8841806779559215,0.6101997896718612,0.8968298762314065,0.3927743295828209,0.5935080061689437,0
Kepler-1693 b,1.28938413,100.37,807.0,0.1011,5432.34,0.878295,0.95,2.21,2020,0.1120112366584788,0.7295649444203186,0.0202688704614066,0.009727944209479,0.1284270042503168,synthetic_turbet2020_based,4.618777189394308,0.8282828425309777,0.861845051540204,0.9258645518606672,0.6027562339006599,0.7470412507898463,0
Kepler-1191 b,1.51,167.184,952.0,0.0587,5308.0,0.81,0.85,2.89,2016,0.0678016050618267,0.7748205722682028,0.0457891432685892,0.0026737697788813,0.1089149096224998,synthetic_turbet2020_based,5.125058618162825,0.9202827531436926,0.8884113205986187,0.8785633377250446,0.4907451564981838,0.65662066877722,0
Kepler-1825 b,1.42200732,1264.7,1520.0,0.0187,5123.0,0.847,0.828,2.61,2021,0.1808797623722747,0.5929504018516458,0.0468943055418401,0.0017898344449439,0.1774856957892953,synthetic_turbet2020_based,7.143380607798402,0.8845966674219569,0.8207244697657605,0.8966172505253055,0.5315809259671233,0.6903800607436009,0
Kepler-1074 b,1.25,27.569,568.0,0.0536,4002.0,0.57,0.6,2.1,2016,0.0671028787001826,0.7718528750896898,0.0478997218017914,0.0038324570271882,0.1093120673811479,synthetic_turbet2020_based,3.3523222138800186,0.8109302162163288,0.8868554755916638,0.9350677145621996,0.6256696416983442,0.7648813515401072,0
GJ 1061 d,1.16,0.6,242.03,0.054,2953.0,0.156,0.12,1.67,2020,0.6116253994585288,0.0688357425319228,0.0235606343029304,0.00689913453448,0.289079089172138,synthetic_turbet2020_based,0.4700036292457356,0.7701082216960736,0.704021776293382,0.9570804814200394,0.7340658927324313,0.8381886052735305,2
Kepler-131 c,0.84,35.736,615.0,0.17391,5685.0,1.03,1.02,8.25,2014,0.0945302728261121,0.424252296875762,0.0247551352294988,0.0032909438316455,0.4531713512369815,synthetic_turbet2020_based,3.603757200697101,0.6097655716208943,0.5435377049313729,0.9494675610314688,0.1942363199986103,0.4294427610436674,0
Kepler-144 c,1.35,207.247,1046.0,0.094,6075.0,1.235,1.154,2.39,2014,0.1078881937194822,0.4787838170480105,0.0204758549825894,0.0066425710638904,0.3862095631860274,synthetic_turbet2020_based,5.338724875180883,0.8544153281560676,0.6071478657500821,0.9121755265265906,0.5685758617789647,0.7201673320059284,0
Kepler-431 c,0.668,415.545,951.0,0.0847,6004.0,1.092,1.071,0.229,2015,0.1068301934521935,0.6350077970223362,0.048648105014727,0.0056978210270624,0.2038160834836806,synthetic_turbet2020_based,6.031994498987936,0.511625303936555,0.7904860954892567,0.8811664124907808,0.3477807556553738,0.5535817200686621,0
TOI-5720 b,1.09,41.7,708.0,0.018288,3325.0,0.383,0.383,4.3,2024,0.1547477611802882,0.79468476497928,0.0283350516464605,0.0018350690871406,0.0203973531068305,synthetic_turbet2020_based,3.754198920234579,0.7371640659767197,0.9777675778060289,0.9752225040992044,0.352473860250213,0.5862938176569199,0
Kepler-203 d,1.44,121.816,855.0,0.1,5821.0,1.114,1.06,33.9,2014,0.1343013762069301,0.4506255168495841,0.0400607824111757,0.005569092977156,0.3694432315551539,synthetic_turbet2020_based,4.810687300385235,0.8919980393051105,0.6249876754676899,0.8928425856742602,0.0469114534157156,0.204657136121429,0
Kepler-1091 b,1.46,1740.858,1664.0,0.0252,5851.0,1.03,1.01,2.73,2016,0.1631855443159447,0.736982000581067,0.0447621514510801,0.0013278717611459,0.0537424318907623,synthetic_turbet2020_based,7.462707638590453,0.9001613499442714,0.9449296963480918,0.8886977619795139,0.5133028142280379,0.6754043694130528,0
Kepler-1275 b,1.48,822.484,1368.0,0.0488,6296.0,1.36,1.23,2.79,2016,0.0806539317817458,0.4374331781353491,0.045521150329102,0.007877893146221,0.4285138466075819,synthetic_turbet2020_based,6.713544120163614,0.9082585601768908,0.5636082602461969,0.8846055085684176,0.5046126583239607,0.6681191040875335,0
Kepler-197 c,1.23,189.965,930.0,0.09,6004.0,1.12,0.857,5.3,2014,0.0548888664870521,0.426791205252796,0.0261309433172137,0.0017224958836363,0.4904664890593017,synthetic_turbet2020_based,5.252090165181718,0.8020015854720274,0.5078110150570618,0.9398387031833424,0.2929595820986489,0.5247235021654053,0
Kepler-1783 b,1.31946731,65.5,1088.0,0.07595,5129.0,1.781,0.887,2.3,2021,0.0755478632167743,0.4276552649864458,0.0391152356799408,0.0035925397184992,0.4540890963983397,synthetic_turbet2020_based,4.197201947661808,0.8413375515557009,0.5423183638831609,0.9190005929011922,0.5851836449242382,0.7333376552731051,0
Kepler-1178 b,1.07,23.237,378.0,0.1596,4990.0,0.75,0.8,1.24,2016,0.1497820948406182,0.6740858477464532,0.0205326912902594,0.004767173122253,0.150832193000416,synthetic_turbet2020_based,3.187880391165681,0.7275486072772778,0.8444006338773308,0.9805821890690783,0.8858021207977835,0.9319880807681624,0
KOI-351 b,1.31,316.442,1062.0,0.074,6080.0,1.2,1.2,2.27,2013,0.1049871595248575,0.6085772840631978,0.0284891172057467,0.0039420851668929,0.254004354039305,synthetic_turbet2020_based,5.760295124479886,0.8372475245337022,0.7420535607938019,0.9211455724788268,0.5909299475571828,0.7377889297335953,0
GJ 1002 b,1.03,0.67,230.9,0.0457,3024.0,0.137,0.12,1.08,2022,0.8542999403993919,0.0313782104847033,0.0160240237734905,0.0010775553142037,0.0972202700282104,synthetic_turbet2020_based,0.5128236264286639,0.708035793053696,0.9017021746575858,0.9915493996452732,0.958902226327212,0.97508918916849,2
Kepler-101 c,1.25,596.069,1413.0,0.0684,5667.0,1.56,1.17,3.78,2014,0.1222063095892487,0.6286279138026876,0.0119629619089709,0.004638488106974,0.2325643265921186,synthetic_turbet2020_based,6.392032684603439,0.8109302162163288,0.7627971853009072,0.9350677145621996,0.3936536167910155,0.606706508768382,0
Kepler-1200 b,1.06,544.534,1174.0,0.0188,4612.0,0.7,0.74,1.2,2016,0.1374467393098341,0.6340765405219851,0.0362933584707349,0.0074819442610239,0.1847014174364218,synthetic_turbet2020_based,6.3017651314701295,0.7227059828014898,0.8078166383025541,0.9832926251973656,0.9030459035232964,0.9423154339971032,0
Kepler-887 c,1.13,407.977,1089.0,0.0801,6194.0,1.29,1.19,1.51,2016,0.0714511101989577,0.4772100758157482,0.0249353417303469,0.0094972928236864,0.4169061794312605,synthetic_turbet2020_based,6.013658919742745,0.7561219797213337,0.5735965277450529,0.9647409729174052,0.7842440156045886,0.8698231628434734,0
Kepler-1947 b,1.0101666,229.4,1298.0,0.07375,6040.0,1.686,0.984,1.01,2021,0.1328379680516014,0.4846964411104499,0.0427780302217854,0.0054874003455291,0.3342001602706339,synthetic_turbet2020_based,5.439816928821736,0.6982176042083045,0.6603124393838367,0.9971140309587077,0.994677545305754,0.9958950430160464,0
Kepler-81 d,1.21,7.507,418.0,0.128,4500.0,0.595,0.648,1.92,2014,0.0550816692713834,0.6732059825795991,0.0480198507921082,0.0084623544131117,0.2152301429437975,synthetic_turbet2020_based,2.1408893539937472,0.7929925155296614,0.7763075026430907,0.94467734756943,0.6670255111340399,0.7938034332372518,0
Kepler-931 b,1.33,72.44,744.0,0.0719,5241.0,0.81,0.86,2.33,2016,0.1672198759103632,0.5509127356245453,0.0104958885566318,0.0055876119388879,0.2657838879695715,synthetic_turbet2020_based,4.296468746312235,0.8458682675776092,0.7286285000915402,0.916630328327376,0.5795444691342634,0.7288539202219158,0
TOI-286 b,1.42,889.5827,979.0,0.0503,5152.0,0.78,0.832,4.53,2024,0.1260785178973893,0.5747957153245807,0.023588682166483,0.0032484347902874,0.2722886498212594,synthetic_turbet2020_based,6.791875967592262,0.883767540168595,0.7244629153884531,0.8970410942572271,0.3368109519681485,0.5496665033557405,0
K2-338 b,1.03,66.68276,783.0,,4558.0,0.63,0.66,1.08,2021,0.1626513129323837,0.7307099312055515,0.0318081960489056,0.0065792438216569,0.0682513159915021,synthetic_turbet2020_based,4.214831494608324,0.708035793053696,0.9251694401868408,0.9915493996452732,0.958902226327212,0.97508918916849,0
Kepler-1948 b,1.03283226,5.98,399.0,0.1022,3872.0,0.557,0.585,1.09,2021,0.1091638894358892,0.6261863665104951,0.0142376942796384,0.0030319767465963,0.2473800730273808,synthetic_turbet2020_based,1.9430489167742813,0.7094300226342186,0.7495879502260226,0.9907617175994528,0.9539938373114636,0.9722039769688244,0
Kepler-444 c,0.497,165.73,868.0,0.04881,5046.0,0.752,0.758,0.0793,2015,0.1761044255800641,0.558621089131539,0.0257633635766103,0.0032138291637155,0.2362972925480709,synthetic_turbet2020_based,5.116375737572367,0.4034631054374913,0.7604888782882133,0.7918333932737963,0.1284879133871484,0.3189686825567917,0
Kepler-1173 b,0.89,1462.098,1650.0,0.0156,5252.0,0.82,0.86,0.64,2016,0.1237415501446181,0.722326784540249,0.0458065647109495,0.0016310298883976,0.1064940707157855,synthetic_turbet2020_based,7.288311384422619,0.636576829071551,0.8918748993958165,0.9663983347822086,0.7670642636678022,0.860981780921934,0
TOI-512 b,1.54,127.0,1009.0,,5277.0,0.89,0.74,3.57,2025,0.1533128319139879,0.6130961709351512,0.0255145610033048,0.0083106725182325,0.1997657636293233,synthetic_turbet2020_based,4.852030263919617,0.9321640810304452,0.791923563852444,0.8726334954151859,0.413039666412651,0.600360098479899,0
Kepler-1340 b,1.55,4793.001,2174.0,0.01523,6331.0,1.42,1.27,3.02,2016,0.0874505568400739,0.455799539184876,0.0444225422109452,0.003037577863702,0.4092897839004027,synthetic_turbet2020_based,8.475120623588383,0.9360933591703348,0.5876726382358951,0.870681255197205,0.4737838127296655,0.642273060901345,0
tau Cet g,1.18,27.9835,639.65,0.133,5310.0,0.83,0.783,1.75,2017,0.077228466216454,0.6118500963837936,0.038267836852529,0.0061776545736565,0.2664759459735668,synthetic_turbet2020_based,3.366726702546931,0.7793248768009976,0.7273463994527766,0.9520656496448564,0.711239901207034,0.8228894692460332,0
GJ 887 e,1.12,20.9,544.0,0.0417,3688.0,0.468,0.495,1.46,2026,0.1756075217458138,0.4323141455751242,0.0452831083775241,0.0081776548364786,0.3386175694650593,synthetic_turbet2020_based,3.086486636822455,0.7514160886839212,0.6532047756984621,0.9673322272612818,0.8013117863738329,0.8804173527615844,0
Kepler-1231 b,1.42,117.515,870.0,0.0914,5778.0,1.0,1.01,2.6,2016,0.0824950157308808,0.6767540370823613,0.0374739826306586,0.0058525146312129,0.1974244499248861,synthetic_turbet2020_based,4.775039534842806,0.883767540168595,0.7967230354439007,0.8970410942572271,0.533161056084935,0.6915687797795451,0
Kepler-274 b,1.54,147.812,961.0,0.101,6023.0,1.007,0.883,2.99,2014,0.1902436725298776,0.5541656925765686,0.0434345188507717,0.0016762546713897,0.2104798613713921,synthetic_turbet2020_based,5.002683764308635,0.9321640810304452,0.7878438839572178,0.8726334954151859,0.4775964576720807,0.645574679069973,0
Kepler-444 f,0.741,59.915,673.0,0.0811,5046.0,0.752,0.758,0.332,2015,0.1540258136534091,0.4159785862470506,0.0111316922255245,0.0060280686682755,0.4128358392057401,synthetic_turbet2020_based,4.109479449806371,0.5544596607860519,0.5811360921259842,0.9122800475792882,0.4747886455354659,0.6581338831417212,0
Kepler-1075 b,1.42,143.968,818.0,0.0208,3959.0,0.54,0.56,2.6,2016,0.1971136201862528,0.695629851606565,0.0286084988625429,0.0029799409539453,0.0756680883906939,synthetic_turbet2020_based,4.976513028409856,0.883767540168595,0.9213519706553608,0.8970410942572271,0.533161056084935,0.6915687797795451,0
Kepler-115 b,1.09,1215.757,1489.0,0.036,5979.0,1.205,1.042,1.32,2014,0.1194198406725177,0.7305642199890837,0.037353787373363,0.0067885078918604,0.105873644073175,synthetic_turbet2020_based,7.103944401727629,0.7371640659767197,0.8873378480349644,0.9752225040992044,0.8531589508977451,0.9121511982610936,0
Kepler-1735 b,1.19429134,15.01,502.0,0.0621,3975.0,0.509,0.535,1.84,2021,0.1474741133844918,0.5081880317529917,0.0248684503931813,0.0014109605689303,0.3180584439004048,synthetic_turbet2020_based,2.773213527008623,0.7858591424630096,0.6805305955306648,0.9485262466123596,0.6871498744956268,0.8073287380711099,0
Kepler-1130 c,0.79239584,316.9,1072.0,0.04238,5450.0,0.842,0.944,0.422,2021,0.0814140922189143,0.6351287718276117,0.019302120608147,0.0015778796640891,0.2625771356812376,synthetic_turbet2020_based,5.761736867916757,0.5835531830166465,0.735844984654673,0.9322380080951516,0.5722474284736643,0.7303908562255291,0
Kepler-1376 b,1.05,278.902,1042.0,0.0598,5659.0,0.97,0.98,1.16,2016,0.1722567235112141,0.5283347583759269,0.0403214484503134,0.0094559035670158,0.2496311660955296,synthetic_turbet2020_based,5.634439541904954,0.7178397931503169,0.7409129303374544,0.9860237975973268,0.920951122639994,0.9529321714303742,0
Kepler-1190 b,1.33,24.211,609.0,0.0845,4730.0,0.72,0.76,2.33,2016,0.1491302293887199,0.5726724324708099,0.0399115889258665,0.0051210763277624,0.2331646728868411,synthetic_turbet2020_based,3.227280407212011,0.8458682675776092,0.7617142507853963,0.916630328327376,0.5795444691342634,0.7288539202219158,0
TOI-2211.01,1.561,296.13,1056.92,0.04011,5253.0,0.834,0.9,3.06,2024,0.0911855365191377,0.5605225341528786,0.0311615757395556,0.0010089099453374,0.3161214436430907,synthetic_turbet2020_based,5.694169753473141,0.9403978072173882,0.6828696464115719,0.8685476264640781,0.4687909720077313,0.6380966118426763,0
Kepler-124 b,0.73,198.843,892.0,0.039,4984.0,0.636,0.706,0.315,2014,0.0742804040943111,0.4374265542435203,0.0319869359705097,0.0039616738336114,0.4523444318580474,synthetic_turbet2020_based,5.2975320582741965,0.5481214085096876,0.5436938943083411,0.9078097629601728,0.4550339834167999,0.6427163391609305,0
Kepler-1259 b,1.43,2460.582,1681.0,0.0141,5053.0,0.77,0.8,2.63,2016,0.1322596604052077,0.4887293208698711,0.0109691741635033,0.0094723021114322,0.3585695424499855,synthetic_turbet2020_based,7.808559511663905,0.8878912573524571,0.6319581554385821,0.894935058413526,0.5284476933576645,0.6876964209035369,0
Kepler-1008 b,1.28,35.408,627.0,0.09755,5066.0,0.78,0.81,2.18,2016,0.1068687591637322,0.6595099615554219,0.0487162692593344,0.0015184094534107,0.1833866005681007,synthetic_turbet2020_based,3.594788530714341,0.8241754429663494,0.8150949899784884,0.928034741837642,0.6088426631951414,0.7516828744610625,0
Kepler-1197 b,1.25,267.142,1011.0,0.02869,4708.0,0.72,0.78,2.1,2016,0.1936540112023135,0.7501177934603395,0.0161431146779102,0.0079901980871436,0.032094882572293,synthetic_turbet2020_based,5.591516690935783,0.8109302162163288,0.9599149193405632,0.9350677145621996,0.6256696416983442,0.7648813515401072,0
Kepler-1939 b,1.16480773,104.74,816.0,0.0334,4353.0,0.603,0.648,1.68,2021,0.0735538246001289,0.4047236352716019,0.0199178796664353,0.0092261805695318,0.4925784798923019,synthetic_turbet2020_based,4.660983250807304,0.7723315491966736,0.4981953395381661,0.9558683447385228,0.731135490460546,0.8359840136307094,0
Kepler-1904 b,1.3904994,24.38,567.0,0.0436,3805.0,0.497,0.526,2.51,2021,0.0971232332117513,0.4565157068348402,0.0206773459575091,0.0087371227111778,0.4169465912847214,synthetic_turbet2020_based,3.2339614622862416,0.8715022980904735,0.5743162860041007,0.9033344505623272,0.5478018325316079,0.7034545240504008,0
Kepler-1067 b,0.8,2761.757,1872.0,0.0164,5592.0,0.93,0.95,0.437,2016,0.1426020649888529,0.4606654835117778,0.0186228284132087,0.003429094095607,0.3746805289905535,synthetic_turbet2020_based,7.923984373173038,0.5877866649021191,0.6218903769138394,0.9350677145621996,0.5874061524976986,0.7411238280717992,0
Kepler-1039 b,1.46,668.128,2080.0,0.01714,4870.0,0.74,0.79,2.73,2016,0.1006234559576658,0.6443834713666795,0.0343523123682237,0.0034056970192953,0.2172350632881354,synthetic_turbet2020_based,6.50597537217071,0.9001613499442714,0.7793592396925689,0.8886977619795139,0.5133028142280379,0.6754043694130528,0
Kepler-135 c,1.16,209.967,975.0,0.103,6090.0,1.275,1.047,1.65,2014,0.1929805661762973,0.478167835364249,0.0483751708926092,0.0078475495628908,0.2726288780039535,synthetic_turbet2020_based,5.351701723140343,0.7701082216960736,0.7195235724331556,0.9570804814200394,0.7399953832913482,0.8415670726027071,0
Kepler-1459 b,1.36,3.511,349.0,0.2829,4828.0,0.74,0.78,2.42,2016,0.1478479215282568,0.234665661480391,0.0208244278078077,0.0209134390670582,0.5757485501164861,synthetic_turbet2020_based,1.506518858426259,0.8586616190375187,0.4033380108164555,0.9099703795625944,0.5632408716046826,0.7159137585766036,0
Kepler-1358 b,1.12,98.834,827.0,0.0656,5181.0,0.79,0.82,1.46,2016,0.0743269902415676,0.5329508540144658,0.0232500424124531,0.0050876111053204,0.3643845022261929,synthetic_turbet2020_based,4.603508806661425,0.7514160886839212,0.6305278866684866,0.9673322272612818,0.8013117863738329,0.8804173527615844,0
Barnard d,0.694,10.0441,483.0,0.0188,3195.0,0.185,0.162,0.263,2025,0.1401207333690604,0.6762588292420615,0.0138476400005789,0.002697040707711,0.167075756680588,synthetic_turbet2020_based,2.401896348717244,0.5270925962298626,0.8302272026117008,0.8926502979312475,0.3916996298533402,0.5913127694276047,0
Kepler-598 b,1.5,265.407,1050.0,0.04487,5307.0,0.86,0.87,2.86,2016,0.1905522501314395,0.5029322748779933,0.0296605269221136,0.0025639919900415,0.274290956078412,synthetic_turbet2020_based,5.585025214597295,0.9162907318741552,0.7231450519315464,0.8805647427246953,0.4948273312024517,0.6600965850490628,0
Gliese 12 b,0.93,1.62,314.6,0.067,3328.0,0.265,0.255,0.95,2024,0.1328461977102445,0.119070690636572,0.0240680956340105,0.0380508322843743,0.6859641837347985,synthetic_turbet2020_based,0.9631743177730056,0.6575200029167941,0.275984983980827,0.9791623637659732,0.9725889226946746,0.97587010842546,0
Kepler-1311 b,1.24,296.92,1019.0,0.10082,5748.0,1.4,1.05,2.07,2016,0.0708507617768398,0.7231335638825128,0.0370870384665329,0.0027535391783325,0.1661750966957819,synthetic_turbet2020_based,5.696824994088702,0.8064758658669484,0.8310713641258856,0.9374448489778124,0.6322138905277648,0.769847812965313,0
Kepler-2001 b,1.04,911.28,1402.0,0.0197,5081.0,0.77,0.864,1.12,2023,0.1847375667767216,0.6251863645339555,0.0467663959573324,0.003699324152451,0.1396103485795393,synthetic_turbet2020_based,6.815946960497949,0.712949807856125,0.8566903272680095,0.9887759672310884,0.939556116541447,0.9638519118107068,0
Kepler-1406 b,1.1,125.89,854.0,0.0987,5892.0,1.12,1.05,1.37,2016,0.0906380590079468,0.5955902061377099,0.0114924116961171,0.0082360104423676,0.2940433127158585,synthetic_turbet2020_based,4.843320569408824,0.7419373447293773,0.6977206768417737,0.9725727553617304,0.8339141923324209,0.9005788270728968,0
Kepler-326 b,1.52,783.449,1127.0,0.032,5105.0,0.801,0.91,44.6,2014,0.1008043450131125,0.4912317631825666,0.0175511559145466,0.0078707016435932,0.3825420342461809,synthetic_turbet2020_based,6.664981560499645,0.924258901523332,0.6095872641102257,0.8765744124617892,0.0352378752484007,0.1757515854616073,0
Kepler-784 b,1.58,194.385,688.0,0.22111,5674.0,1.32,1.0,3.12,2016,0.191376389497971,0.5276695887069319,0.0202375632752297,0.009994680328489,0.2507217781913782,synthetic_turbet2020_based,5.274971971053045,0.947789398933526,0.7392835414801326,0.8648959533125186,0.461489765631797,0.6317757757227511,0
Kepler-1037 b,1.28,1015.434,1650.0,0.0198,5105.0,0.78,0.82,2.18,2016,0.1406460955698382,0.7387496812455651,0.0262600881506844,0.0086389487655442,0.0857051862683681,synthetic_turbet2020_based,6.924055702283611,0.8241754429663494,0.9056558649660876,0.928034741837642,0.6088426631951414,0.7516828744610625,0
Kepler-382 b,1.32,381.465,1166.0,0.055,5600.0,0.945,1.002,2.3,2014,0.1340899212599588,0.5922436593971151,0.0371177120745576,0.0070026594720706,0.2295460477962978,synthetic_turbet2020_based,5.946637145811938,0.8415671856782186,0.7634512927316315,0.9188803114532664,0.5851836449242382,0.7332896630291073,0
Kepler-1962 b,1.21463929,155.95,901.0,0.0783,5700.0,1.006,1.003,1.95,2021,0.0972049870455699,0.5321271543101701,0.0377618005274458,0.0068266974058846,0.3260793607109293,synthetic_turbet2020_based,5.0559272832879625,0.7950895414773351,0.6670939418831858,0.9435488447974588,0.6597699607225063,0.7890026516253197,0
Kepler-1441 b,1.31,33.046,682.0,0.2346,5802.0,1.0,1.0,2.27,2016,0.1158908092715737,0.5074054590559288,0.0155314800597642,0.0072877021181801,0.353884549494553,synthetic_turbet2020_based,3.5277125513923786,0.8372475245337022,0.6388277483872667,0.9211455724788268,0.5909299475571828,0.7377889297335953,0
Kepler-37 c,0.755,23.9,615.0,0.139,5357.0,0.789,0.79,1.3,2013,0.0612172301341024,0.4440680180424532,0.0376782839379883,0.006831670383062,0.4502047975023938,synthetic_turbet2020_based,3.214867803470662,0.5624688569178292,0.542963532114544,0.91786519323586,0.8610994479822034,0.8890293646542151,0
Kepler-138 c,1.51,6.8,410.0,0.0913,3841.0,0.535,0.535,2.3,2014,0.0603241122974368,0.7337691008604627,0.0309369539137956,0.0091647763600295,0.1658050565682752,synthetic_turbet2020_based,2.0541237336955462,0.9202827531436926,0.8250301670716951,0.8785633377250446,0.5851836449242382,0.71702224251884,0
Teegarden's Star c,1.02,0.35,209.0,0.0455,3034.0,0.12,0.097,1.05,2019,0.7533518887502169,0.0148943776750136,0.0219804996109858,0.003088724146028,0.2066845098177556,synthetic_turbet2020_based,0.3001045924503381,0.7030975114131134,0.7902267660362162,0.9943443650746095,0.973924887887704,0.9840816654511249,2
KOI-4777.01,0.51,320.0,1180.0,0.008,3515.0,0.4,0.41,99.2,2022,0.1976911064901395,0.4991606759324731,0.0130379346362082,0.0060574683124106,0.2840528146287685,synthetic_turbet2020_based,5.771441123130016,0.412109650826833,0.7098897170588208,0.7996229272142522,0.0151765701380068,0.1101613972261855,0
Kepler-190 b,1.56,417.238,1166.0,0.03,5106.0,0.795,0.834,3.05,2014,0.0896050553413421,0.4751434192770724,0.0116172772557201,0.0042792541882805,0.4193549939375848,synthetic_turbet2020_based,6.036050648481042,0.9400072584914712,0.5763657518741346,0.8687409977830233,0.4700296131326776,0.6390101682293098,0
Kepler-354 c,1.31,14.404,508.0,0.115,4648.0,0.674,0.652,2.27,2014,0.0992151213785299,0.7286562940048166,0.0376751863866779,0.0060331800583085,0.1284202181716669,synthetic_turbet2020_based,2.7346272159526626,0.8372475245337022,0.8655466017700244,0.9211455724788268,0.5909299475571828,0.7377889297335953,0
Kepler-1933 b,1.17984089,250.5,1058.0,0.05605,5661.0,1.008,0.964,1.76,2021,0.0501488696075943,0.4140363063691232,0.0496346337642425,0.008040555311532,0.4781396349475079,synthetic_turbet2020_based,5.527442989539794,0.7792518878988404,0.51381980974096,0.9521052598979496,0.708482908168274,0.8213101140341629,0
TOI-1453 b,1.173,132.6,944.2,,4975.0,0.72,0.715,2.32,2025,0.1549971532733392,0.6998917402884992,0.0370557510686914,0.0077152020015637,0.1003401533679062,synthetic_turbet2020_based,4.894850261102546,0.7761087012742927,0.8919446446305298,0.9538125962624494,0.5814124748400925,0.7446868752211259,0
Kepler-395 c,1.32,2.11,341.0,0.177,4262.0,0.556,0.622827,2.3,2014,0.1625935997667995,0.1996749094043595,0.0335307421842034,0.0100991172342809,0.5941016314103565,synthetic_turbet2020_based,1.1346227261911428,0.8415671856782186,0.3957992513553623,0.9188803114532664,0.5851836449242382,0.7332896630291073,0
Kepler-1965 b,1.35415138,13.8,492.0,0.22971,5852.0,0.837,0.928,2.4,2021,0.1121041373198543,0.6282036611782366,0.0100256921479949,0.0068038580321007,0.2428626513218134,synthetic_turbet2020_based,2.694627180770069,0.8561803143320397,0.7503334906460857,0.9112583009869196,0.5667867044614283,0.7186717535352956,0
Kepler-1898 b,0.93353523,204.6,1167.0,0.05063,5702.0,1.125,0.837,0.76,2021,0.1414144052745451,0.4688682654731697,0.0317340566969503,0.0078883887015489,0.3500948838537858,synthetic_turbet2020_based,5.32593253358101,0.659350052742248,0.6420167274446651,0.9802591671081452,0.8548188384197722,0.9153928132652768,0
Kepler-1274 b,1.42,975.81,1384.0,0.08161,6179.0,2.17,1.45,2.6,2016,0.1281285738058352,0.7472956513622632,0.0143862359676679,0.0044284631324377,0.1057610757317959,synthetic_turbet2020_based,6.884292160254329,0.883767540168595,0.8898104611357662,0.8970410942572271,0.533161056084935,0.6915687797795451,0
Kepler-793 b,1.37,617.407,1177.0,0.0491,5745.0,0.97,0.98,2.45,2016,0.1247418738065495,0.7703368715509803,0.0349076537742417,0.0056288739980321,0.0643847268701962,synthetic_turbet2020_based,6.427146816743429,0.8628899551470398,0.9299863991317714,0.9077798538222356,0.5580018819048614,0.7117182495820431,0
Kepler-445 d,1.25,4.314,305.0,0.0439,3157.0,0.21,0.18,2.1,2015,0.3338072634357416,0.1585189179698247,0.0421553096123549,0.0231228457024376,0.4423956632796411,synthetic_turbet2020_based,1.6703448473376217,0.8109302162163288,0.5344814910179212,0.9350677145621996,0.6256696416983442,0.7648813515401072,0
Kepler-1826 b,1.47519116,99.32,806.0,0.0213,3821.0,0.486,0.49,2.78,2021,0.173319091085616,0.4866582142257344,0.0421818402527178,0.0058094059893724,0.2920314484465591,synthetic_turbet2020_based,4.608365076884611,0.9063176294017156,0.7021591455640682,0.8855847162238271,0.5060411913861046,0.6694343469461593,0
Kepler-828 b,1.51,1835.159,1848.0,0.01228,5039.0,0.77,0.81,2.89,2016,0.0963874589504234,0.4812598300669588,0.0227062088322083,0.0017464260058135,0.3979000761445959,synthetic_turbet2020_based,7.5154311687379485,0.9202827531436926,0.6003534978495906,0.8785633377250446,0.4907451564981838,0.65662066877722,0
Kepler-1157 b,1.09,95.443,732.0,0.0448,4679.0,0.71,0.76,1.32,2016,0.0819012060140046,0.7633382702166386,0.0456005869663968,0.0071150574996634,0.1020448793032964,synthetic_turbet2020_based,4.56895216025345,0.7371640659767197,0.89084006319704,0.9752225040992044,0.8531589508977451,0.9121511982610936,0
Kepler-1245 c,1.44,328.984,1190.0,0.0372,5306.0,0.83,0.86,2.67,2016,0.1069997591770837,0.6303286420281401,0.0243973070185922,0.0064974209541937,0.2317768708219902,synthetic_turbet2020_based,5.7990441684366125,0.8919980393051105,0.761725708223816,0.8928425856742602,0.5222872290477948,0.6828764749555205,0
Kepler-431 b,0.764,577.545,1032.0,0.0719,6004.0,1.092,1.071,0.37,2015,0.0983051122296578,0.6286063205381105,0.0211264913556907,0.0014800117753668,0.250482064101174,synthetic_turbet2020_based,6.360516330989608,0.5675839575845996,0.7480379241234589,0.92139557211363,0.5173529540891152,0.6904250293244133,0
Kepler-928 b,1.59,111.11,894.0,0.0444,4700.0,0.7,0.73,3.15,2016,0.1825017906054452,0.4976251115172762,0.0329622202312728,0.0071587523771178,0.2797521252688879,synthetic_turbet2020_based,4.719480532165502,0.9516578757114464,0.7130891223539942,0.8629909313522593,0.4579210752769188,0.628634818665858,0
Kepler-755 c,1.26,302.574,1016.0,0.037,5043.0,0.77,0.82,2.13,2016,0.1493074406947344,0.6522586103801281,0.0475948835691036,0.0096513446507354,0.1411877207052985,synthetic_turbet2020_based,5.715625402855564,0.8153648132841945,0.8491609346439661,0.93270710962285,0.6192551886810161,0.7599892875255697,0
TOI-540 b,0.903,23.4,611.0,0.01223,3216.0,0.1895,0.159,0.674,2020,0.1556687432050125,0.4313036030734281,0.0403208433260122,0.0096564970647313,0.3630503133308158,synthetic_turbet2020_based,3.194583132299156,0.6434315883140125,0.6272931896044528,0.9706194859797058,0.7931399931910547,0.8774036314610562,0
Kepler-1523 b,1.58,2218.145,1676.0,0.01867,5708.0,0.96,0.97,3.12,2016,0.1287216781413805,0.7711432901851955,0.0484090401809187,0.0021509414591708,0.0495750500333344,synthetic_turbet2020_based,7.704877265547606,0.947789398933526,0.9482740085074948,0.8648959533125186,0.461489765631797,0.6317757757227511,0
Kepler-62 c,0.54,28.489,578.0,0.0929,4925.0,0.64,0.69,4.0,2013,0.0534936590007039,0.4614086723724795,0.0324931797767097,0.0068778105967376,0.4457266782533691,synthetic_turbet2020_based,3.3840173124523023,0.4317824164255378,0.5473955111498932,0.8168921632866271,0.3751493434449523,0.5535851865090908,0
Kepler-1174 b,1.59,641.814,1156.0,0.0732,5936.0,1.04,1.04,3.15,2016,0.1903525459097064,0.7192673165589237,0.0327102446736476,0.0022380071274389,0.0554318857302832,synthetic_turbet2020_based,6.465855413339935,0.9516578757114464,0.9423301071422776,0.8629909313522593,0.4579210752769188,0.628634818665858,0
Kepler-607 b,0.87,2302.613,1874.0,0.0137,5196.0,0.8,0.84,0.59,2016,0.1141720714044412,0.511930367357915,0.0374332179049529,0.008568500205689,0.3278958431270018,synthetic_turbet2020_based,7.742234038957451,0.6259384308664953,0.6635356566673091,0.9597615689407556,0.7268065370595533,0.8352011627893453,0
Kepler-1082 b,1.12,2949.557,1827.0,0.02571,5923.0,1.14,1.03,1.46,2016,0.1120613487478485,0.5880729092812065,0.0216123702683068,0.0049586797053248,0.2732946919973132,synthetic_turbet2020_based,7.989749245070151,0.7514160886839212,0.7217466282973617,0.9673322272612818,0.8013117863738329,0.8804173527615844,0
Kepler-431 d,1.11,272.838,856.0,0.1045,6004.0,1.092,1.071,1.41,2015,0.1528388348656865,0.4159767700345877,0.0418010962918461,0.0035468158677518,0.3858364829401277,synthetic_turbet2020_based,5.612536690660348,0.7466879474879752,0.6106167011921203,0.9699427429156094,0.8191130777173722,0.8913432477778888,0
TOI-2104 b,1.52898127,85.3357,846.0,,4856.13,0.723757,0.8,2.95,2026,0.1576216378955984,0.7658396977487048,0.038515451657284,0.0051726317941001,0.0328505809043127,synthetic_turbet2020_based,4.458243185783108,0.9278165615710396,0.9619767873015872,0.8747986379402602,0.4827732553207066,0.649868745354429,0
G 192-15 b,1.02,7.06,453.6,0.01723,2999.0,0.170718,0.132,1.03,2025,0.0715025105314307,0.7241165364845419,0.0381949387188847,0.0057731051584976,0.1604129091066448,synthetic_turbet2020_based,2.0869135565185366,0.7030975114131134,0.8338139857348572,0.9943443650746095,0.9841954088967796,0.9892568720857156,0
Kepler-1956 b,1.08940238,48.82,674.0,0.0563,4391.0,0.682,0.671,1.32,2021,0.0708277080126244,0.7639748691669845,0.0312571268868828,0.0062749844552292,0.1276653114782788,synthetic_turbet2020_based,3.9084165098340335,0.7368780825036121,0.8660597040664917,0.9753814886426352,0.8531589508977451,0.9122255464387256,0
Kepler-352 c,1.24,26.373,591.0,0.118,5212.0,0.781,0.798,2.07,2014,0.1014032270566747,0.659640639674856,0.0299078851789642,0.0018389639140071,0.2072092841754979,synthetic_turbet2020_based,3.309557126106969,0.8064758658669484,0.7909517519104949,0.9374448489778124,0.6322138905277648,0.769847812965313,0
Kepler-1586 b,1.52,105.771,1013.0,0.12208,6681.0,1.75,1.45,2.92,2016,0.1916553828736661,0.6859667557059672,0.0127575580693021,0.0063400611287025,0.1032802422223618,synthetic_turbet2020_based,4.670686354073109,0.924258901523332,0.8903796966489355,0.8765744124617892,0.4867276335533318,0.6531867951902648,0
Kepler-1285 b,0.97,181.591,874.0,0.12758,6170.0,1.28,1.2,0.871,2016,0.1017298704687946,0.4361435506805672,0.0299187023511466,0.0024235107728685,0.429784365726623,synthetic_turbet2020_based,5.207248678884835,0.6780335427498971,0.5677921235005083,0.9912911687743766,0.9264085798761462,0.9583009151138464,0
TOI-5728 b,1.31,3.512,382.0,,3419.0,0.37,0.36,2.27,2025,0.1307590235129937,0.473655686859673,0.0298120246554336,0.0023721985808054,0.3634010663910941,synthetic_turbet2020_based,1.506740514195758,0.8372475245337022,0.6342267350281003,0.9211455724788268,0.5909299475571828,0.7377889297335953,0
Kepler-406 c,0.85,349.769,1050.0,0.05531,5538.0,1.07,1.07,2.71,2014,0.0832545722565235,0.4773541439306223,0.0225951391311001,0.0091213292823682,0.4076748153993857,synthetic_turbet2020_based,5.8601278871519416,0.6151856390902334,0.5832038553182459,0.9529453605032138,0.5162642021932731,0.7014068550235111,0
Kepler-1910 b,1.184,40.88,645.0,0.0536,4234.0,0.639,0.636,1.78,2021,0.1694699972425314,0.7787569164535031,0.0360784938413234,0.0069662935992887,0.0087282988633532,synthetic_turbet2020_based,3.734808386002336,0.7811580578826586,0.984305407537358,0.9510713432369446,0.703030495204811,0.8176993074541362,0
Kepler-93 b,1.478,275.0,1133.0,0.05343,5669.0,0.919,0.911,4.66,2014,0.0678165684643367,0.7156568159475706,0.0212526069549553,0.0072569334075401,0.188017075225597,synthetic_turbet2020_based,5.62040086571715,0.9074517832069507,0.8047259913668626,0.8850123993487519,0.3285401975833835,0.5392236535481203,0
Kepler-1357 b,1.28,449.975,1177.0,0.041,5597.0,0.9,0.93,2.18,2016,0.1054206569271879,0.50968096091736,0.0391708497544155,0.0037868682702446,0.3419406641307918,synthetic_turbet2020_based,6.111411905593742,0.8241754429663494,0.6542724675989635,0.928034741837642,0.6088426631951414,0.7516828744610625,0
GJ 3378 b,1.32,0.91,272.0,0.09673,3340.0,0.275,0.262,2.3,2026,0.1219737958502654,0.1356268287483472,0.0140380479719245,0.0405925179342336,0.6877688094952292,synthetic_turbet2020_based,0.6471032420585384,0.8415671856782186,0.2716386725705371,0.9188803114532664,0.5851836449242382,0.7332896630291073,2
Kepler-256 b,1.59,1225.934,1681.0,0.027,5551.0,1.301,1.037,3.15,2014,0.1753881621375264,0.474582117277831,0.0187708700369236,0.003908865605435,0.3273499849422838,synthetic_turbet2020_based,7.112273653533141,0.9516578757114464,0.668741149452281,0.8629909313522593,0.4579210752769188,0.628634818665858,0
Kepler-1338 b,0.92,4712.111,2124.0,0.01937,5909.0,1.05,1.04,0.721,2016,0.1152631626273265,0.5662712772448937,0.0199994701611403,0.0058404735909821,0.2926256163756573,synthetic_turbet2020_based,8.458103478524174,0.6523251860396903,0.7015339100333605,0.9760329038085522,0.8275748754868603,0.8987437392496491,0
Kepler-1220 b,1.52,177.842,899.0,0.0734,5842.0,0.99,1.0,2.92,2016,0.158862535207887,0.4509544486899,0.0379769484128925,0.0053588402981693,0.346847227391151,synthetic_turbet2020_based,5.186502734483745,0.924258901523332,0.6477939323106794,0.8765744124617892,0.4867276335533318,0.6531867951902648,0
Kepler-192 d,1.02,186.076,926.0,0.0686,5487.0,0.94,0.94,1.04,2016,0.0604416502697908,0.597297949897847,0.0132308703682941,0.0075131050291722,0.3215164244348958,synthetic_turbet2020_based,5.231514951401821,0.7030975114131134,0.6709704705359318,0.9943443650746095,0.9790340945082466,0.986659533522176,0
Kepler-825 b,1.53,734.464,1270.0,0.0453,5976.0,1.08,1.03,2.96,2016,0.1328537872175649,0.734354007021257,0.0211918315468526,0.0056722670574502,0.1059281071568751,synthetic_turbet2020_based,6.600501592548546,0.9282193027394288,0.8883996257856744,0.8745978400564075,0.4814689076156548,0.6489157623721046,0
Kepler-1414 b,1.23,209.464,1033.0,0.0426,4951.0,0.75,0.8,2.04,2016,0.0676219528865816,0.7538440010601122,0.0170001984915935,0.0019212602621536,0.1596125872995589,synthetic_turbet2020_based,5.3493146171189405,0.8020015854720274,0.8384661524382873,0.9398387031833424,0.6388918688197316,0.7748905119214706,0
Kepler-1150 b,1.02,153.741,1432.0,0.0382,4754.0,0.72,0.76,1.04,2016,0.1619271950922688,0.7004324641931485,0.0176024354643252,0.0015546159853985,0.1184832892648587,synthetic_turbet2020_based,5.041752751553574,0.7030975114131134,0.8799620947497425,0.9943443650746095,0.9790340945082466,0.986659533522176,0
Kepler-831 b,1.27,266.249,992.0,0.05984,5732.0,0.97,0.99,2.15,2016,0.1174030911549698,0.4453939732406847,0.0327020114619276,0.0026697177066871,0.4018312064357306,synthetic_turbet2020_based,5.588180808083374,0.8197798314933114,0.5954990758575821,0.9303628468419938,0.6150491219123869,0.7564514868847022,0
K2-257 b,0.83,89.1463,789.0,0.0216,3725.0,0.5,0.52,0.498,2018,0.1518478491372406,0.4284675290191575,0.0490357836912529,0.0071607428072723,0.3634880953450766,synthetic_turbet2020_based,4.501433906100451,0.6043159668533294,0.629351161847651,0.9459419572771948,0.6461596755638238,0.7818117089276936,0
HIP 29442 d,1.538,203.0,920.0,0.0673,5289.0,0.98,0.901,5.14,2023,0.0827616999679319,0.7491001033751559,0.0341281864020339,0.00258811887726,0.1314218913776181,synthetic_turbet2020_based,5.318119993844216,0.931376369292196,0.8659899897451216,0.8730253920676473,0.3011354875039694,0.5127367034293868,0
Kepler-806 b,1.14,413.603,1089.0,0.07684,5770.0,1.16,0.99,1.55,2016,0.1598477633251722,0.709198810476571,0.012686510558308,0.0025468242780821,0.1157200913618665,synthetic_turbet2020_based,6.027321435865515,0.76080582903376,0.8817330843600513,0.96216874833496,0.7710882801633792,0.8613460659807738,0
Kepler-389 c,1.46,22.735,636.0,0.11,5376.0,0.792,0.765,2.73,2014,0.0545721363686974,0.5860672543347373,0.0482474966021453,0.0035110882307271,0.3076020244636929,synthetic_turbet2020_based,3.1669507520032814,0.9001613499442714,0.68888688730558,0.8886977619795139,0.5133028142280379,0.6754043694130528,0
K2-158 c,1.28,177.6001,948.0,0.0622,5503.0,0.95,0.92,2.18,2018,0.1938755808600573,0.7550724706360006,0.0213254030555004,0.0083525325783053,0.0213740128701362,synthetic_turbet2020_based,5.185149228352656,0.8241754429663494,0.9702734545515582,0.928034741837642,0.6088426631951414,0.7516828744610625,0
Kepler-1695 b,1.11948901,198.57,957.0,0.0529,5473.19,0.987155,0.96,1.46,2020,0.1991418010873761,0.6418994853182364,0.0133737957775324,0.0015874951103079,0.143997422706547,synthetic_turbet2020_based,5.2961650519798935,0.7511750266119265,0.8544150821831449,0.967465153046708,0.8013117863738329,0.8804778418803572,0
Kepler-1902 b,1.17563613,30.84,601.0,0.0385,3729.0,0.514,0.52,1.74,2021,0.1736358419150189,0.6203326660121067,0.0347416094601279,0.0015302380540222,0.1697596445587241,synthetic_turbet2020_based,3.460723360976182,0.7773210953418108,0.8287101173872535,0.9531536778283384,0.714017725279808,0.824965830131814,0
K2-136 d,1.565,7.07,420.0,0.1538,4500.0,0.677,0.742,3.0,2017,0.0601430011443942,0.5896224863711261,0.0436100408251124,0.00163280024708,0.3049916714122871,synthetic_turbet2020_based,2.0881534822818573,0.9419584786227329,0.6933755283406328,0.8677753250844449,0.4763189990219686,0.6429135822334027,0
K2-279 b,1.21,139.1055,879.0,0.067,5558.0,0.86,0.79,1.92,2018,0.0691140006608899,0.4498441016318162,0.0327418742019916,0.0031086604073073,0.4451913630979948,synthetic_turbet2020_based,4.942395710245489,0.7929925155296614,0.5516999764946977,0.94467734756943,0.6670255111340399,0.7938034332372518,0
K2-147 b,1.47286006,200.1,1077.0,0.01575,3690.0,0.578,0.563,2.77,2018,0.0864168478191231,0.6167395280446668,0.0363786910002191,0.0098092778900233,0.2506556552459675,synthetic_turbet2020_based,5.303802296778606,0.9053753997970424,0.7395350668640089,0.8860604657261233,0.5074775688451209,0.6705638008396133,0
GJ 1061 b,1.04,3.8,388.11,0.021,2953.0,0.156,0.12,1.11,2020,0.1697011782326879,0.6986403856220487,0.0107769115223496,0.00345819891346,0.1174233257094536,synthetic_turbet2020_based,1.5686159179138452,0.712949807856125,0.8791184753770862,0.9887759672310884,0.94432147938663,0.9662931150316696,0
Kepler-102 b,0.46,90.0,857.0,0.05521,4909.0,0.724,0.803,1.1,2014,0.120250661418772,0.6382177514867183,0.046768883974762,0.0043804537491583,0.1903822493705893,synthetic_turbet2020_based,4.51085950651685,0.3784364357202451,0.8052372968802524,0.7685602762396163,0.9491338229052684,0.8540881413065259,0
Kepler-915 b,1.5,844.751,1319.0,0.05655,6173.0,1.38,1.21,2.86,2016,0.1613733936583433,0.4602611029731652,0.0202808006259383,0.0079770992697389,0.3501076034728142,synthetic_turbet2020_based,6.74022499004262,0.9162907318741552,0.6419152972574468,0.8805647427246953,0.4948273312024517,0.6600965850490628,0
Kepler-1315 b,1.38,897.9,1541.0,0.01617,4861.0,0.75,0.8,2.48,2016,0.1388310724527422,0.5517063802345092,0.0174698487067915,0.0022429426408187,0.2897497559651383,synthetic_turbet2020_based,6.801171793579353,0.8671004876833833,0.7080073013940429,0.905603791277757,0.5528563527481881,0.7075795425821412,0
Kepler-1912 b,1.35670508,201.8,976.0,0.06489,5734.0,0.962,0.977,2.41,2021,0.1747043188824542,0.5488015026878637,0.0330333447432721,0.0061062450311265,0.2373545886552834,synthetic_turbet2020_based,5.312220271717028,0.8572644909660877,0.75653916631359,0.9106953349301276,0.5650084068945781,0.7173217690515153,0
Kepler-1800 b,0.99679734,242.0,1533.0,0.05098,5343.0,2.506,1.33,0.961,2021,0.0762375429156078,0.4605231285900845,0.0166212600618012,0.0069267473456568,0.4396913210868496,synthetic_turbet2020_based,5.493061443340548,0.6915445670606739,0.5533819315674935,0.9990854624288652,0.9787349454182266,0.9888578540611684,0
Kepler-656 c,1.41,213.25,975.0,0.0602,5550.0,0.954,1.05,2.57,2023,0.1796675572893178,0.5120803621239991,0.0410332321406095,0.0020088930918377,0.2652099553542357,synthetic_turbet2020_based,5.367143557477889,0.8796267475025635,0.7327811515539264,0.8991608377123578,0.5379564315773541,0.6954921679428492,0
K2-90 c,1.3,80.8,908.07,0.035,4421.98,0.634754,0.704613,2.24,2016,0.1588562593606615,0.5135032383223735,0.0128195802142767,0.0071494895306614,0.3076714325720266,synthetic_turbet2020_based,4.404277243608702,0.832909122935104,0.6851790778973117,0.9234262819589574,0.5967864231938658,0.7423531961899917,0
Kepler-169 d,1.25,55.53,702.0,0.075,4997.0,0.763,0.825,2.1,2014,0.1151915541105809,0.4727261811695087,0.0232585552792602,0.0045763853343933,0.3842473241062568,synthetic_turbet2020_based,4.0347714706872,0.8109302162163288,0.6111762905593499,0.9350677145621996,0.6256696416983442,0.7648813515401072,0
Kepler-1832 b,1.22719556,257.32,1022.0,0.037,5242.0,0.722,0.684,2.02,2021,0.1010545667209595,0.6759007863761899,0.0170339899712402,0.0029883507599162,0.2030223061716941,synthetic_turbet2020_based,5.55419912645002,0.8007431976214936,0.7939893430683895,0.9405130735261334,0.6434201630516255,0.777910711534666,0
TOI-833 b,1.27,270.0682,1118.0,0.0171,3920.0,0.6,0.61,2.15,2022,0.0800999938119376,0.400370442692562,0.0289507100732629,0.0013506291047451,0.4892282243174923,synthetic_turbet2020_based,5.60237044973511,0.8197798314933114,0.5094211465777625,0.9303628468419938,0.6150491219123869,0.7564514868847022,0
Kepler-341 b,1.18,422.097,1085.0,0.06,6012.0,1.024,0.976,1.76,2014,0.0965003647870899,0.5854818329074206,0.0437765418663697,0.0082238134725378,0.2660174469665819,synthetic_turbet2020_based,6.0476014671785485,0.7793248768009976,0.7257587395608802,0.9520656496448564,0.708482908168274,0.821293029452646,0
Kepler-295 c,1.17,141.4,621.0,0.142,5603.0,0.898,0.89,1.71,2014,0.1823127498643253,0.442946339874612,0.032971891518622,0.002401076774126,0.3393679419683144,synthetic_turbet2020_based,4.958639998977875,0.7747271675523681,0.6582309812575593,0.9545639949088476,0.7224785441354239,0.8304528916957532,0
TOI-6008 b,1.03,41.5,707.0,0.010777,3075.0,0.242,0.23,4.0,2024,0.1368881293841818,0.5634066680543419,0.0424359500933584,0.0040631001753374,0.2532061522927803,synthetic_turbet2020_based,3.7495040759303713,0.708035793053696,0.7427307475318822,0.9915493996452732,0.3751493434449523,0.6099008987287696,0
Kepler-1437 b,1.37,83.14,770.0,0.0951,5557.0,0.9,0.93,2.45,2016,0.1812345800708883,0.509480163053914,0.0163007054355474,0.0037583233958672,0.2892262280437829,synthetic_turbet2020_based,4.432482078162375,0.8628899551470398,0.7070154485603497,0.9077798538222356,0.5580018819048614,0.7117182495820431,0
Kepler-330 b,1.35,66.578,714.0,0.075,5117.0,0.722,0.848,2.39,2014,0.0552373687734119,0.5124983867496966,0.0364047053552812,0.0022805468070093,0.3935789923146009,synthetic_turbet2020_based,4.213282486293615,0.8544153281560676,0.6041404608783897,0.9121755265265906,0.5685758617789647,0.7201673320059284,0
Kepler-208 e,1.48,106.345,880.0,0.132,6092.0,1.314,1.082,2.79,2014,0.1995364136915061,0.5391482646884274,0.0214203596676166,0.0050777390872884,0.2348172228651613,synthetic_turbet2020_based,4.676047946621528,0.9082585601768908,0.76010503804755,0.8846055085684176,0.5046126583239607,0.6681191040875335,0
Kepler-1287 b,1.54,78.156,796.0,0.0976,5715.0,0.94,0.96,2.99,2016,0.1784862765723786,0.6914374570151596,0.0288649525587001,0.0032010655895728,0.0980102482641888,synthetic_turbet2020_based,4.371420588886657,0.9321640810304452,0.8987886861462383,0.8726334954151859,0.4775964576720807,0.645574679069973,0
K2-413 b,0.7599,921.755,1535.2,0.0117,4116.0,0.7,0.808,0.363,2022,0.0605240149227814,0.5346428134262068,0.0421710733111029,0.0033335632081733,0.3593285351317353,synthetic_turbet2020_based,6.827363760481177,0.5652569892540282,0.6373379016600911,0.919793033402352,0.5096729894615604,0.6846850845608465,0
Kepler-1885 b,1.51110555,499.07,1205.0,0.036,5591.0,0.86,0.977,2.89,2021,0.1803327850087704,0.4443217580130557,0.0178669130515318,0.0057682054981672,0.3517103384284746,synthetic_turbet2020_based,6.214748088623106,0.9207231143377986,0.6425214560733579,0.8783428408349262,0.4907451564981838,0.6565382661236093,0
Kepler-398 d,0.88,40.831,636.0,0.0618,4557.0,0.67,0.72,0.615,2016,0.0506601382855325,0.5786324600704751,0.01024232468521,0.0016749864036913,0.3587900905550909,synthetic_turbet2020_based,3.73363769145571,0.6312717768418579,0.6395349230412176,0.9631019153901382,0.747229253203723,0.8483265438473844,0
HD 158259 b,1.28228,759.183,1462.0,,5801.89,1.21,1.08,2.22,2020,0.1145914853721251,0.4327679536741311,0.0210266173514866,0.0068994223170307,0.4247145212852263,synthetic_turbet2020_based,6.633559193768928,0.825174943299433,0.5683860563977428,0.9275061769285268,0.6007535040885136,0.7464600363405622,0
Kepler-1966 b,1.10479327,68.28,733.0,0.0763,5009.0,0.84,0.797,1.39,2021,0.0911344733585556,0.7821528869616995,0.0226332594035392,0.0026330900977129,0.1014462901784927,synthetic_turbet2020_based,4.23815626425418,0.7442172532853943,0.8959206197237943,0.9713096713991418,0.8264495382281811,0.8959567117915838,0
Kepler-1228 b,1.54,1598.664,1757.0,0.01186,5063.0,0.74,0.78,2.99,2016,0.0854560303113476,0.6002427432426625,0.0316228740755464,0.0059714631038084,0.276706889266635,synthetic_turbet2020_based,7.377548886174785,0.9321640810304452,0.7173216476295565,0.8726334954151859,0.4775964576720807,0.645574679069973,0
Kepler-1850 b,0.72909663,245.15,1008.0,0.0206,4239.0,0.6,0.611,0.313,2021,0.1116921128931239,0.5608676396585288,0.0171569914262579,0.0047258863862983,0.3055573696357908,synthetic_turbet2020_based,5.50594110620421,0.5475990929359029,0.6897167439779106,0.9074393722479114,0.4526799712355863,0.6409209225226019,0
TOI-2345 b,1.504,791.0,1478.0,0.01705,4687.0,0.729,0.727,3.49,2025,0.1523434577989597,0.6960584834784016,0.0232885111512264,0.0084389307534059,0.1198706168180061,synthetic_turbet2020_based,6.674561391814426,0.917889453237852,0.8716904524285878,0.8797626749610189,0.4209189811356296,0.6085300393454279,0
Gl 725 A b,1.48,3.3572,376.1,0.068,3433.0,0.351,0.33,2.78,2025,0.0724601312400155,0.6387349338201787,0.0341065764218602,0.0040627057929987,0.2506356527249468,synthetic_turbet2020_based,1.4718296492261536,0.9082585601768908,0.7453016414820544,0.8846055085684176,0.5060411913861046,0.6690641415160978,0
Kepler-1218 b,1.44,84.83,684.0,0.15698,5986.0,1.1,1.06,2.67,2016,0.1789775085298301,0.7381831594861714,0.0143621722592972,0.0072553454902892,0.0612218142344118,synthetic_turbet2020_based,4.452368595730128,0.8919980393051105,0.9315228402752986,0.8928425856742602,0.5222872290477948,0.6828764749555205,0
Kepler-1891 b,1.52139156,253.28,1017.0,0.0473,5516.0,0.827,0.873,2.93,2021,0.1090752134277533,0.7998859404251571,0.019000945187386,0.0035247178487304,0.0685131831109729,synthetic_turbet2020_based,5.538436022068208,0.9248109554627176,0.9279620990402964,0.8762986235316075,0.4854025644700766,0.6521944488446989,0
Kepler-1456 b,1.14,8.234,433.0,0.1132,4231.0,0.62,0.64,1.55,2016,0.1681343843809556,0.500363851549965,0.0352411257893218,0.0023836175153995,0.2938770207643579,synthetic_turbet2020_based,2.222892324084797,0.76080582903376,0.7037393617202424,0.96216874833496,0.7710882801633792,0.8613460659807738,0
TOI-1411 b,1.19880592,266.85,976.4,0.02122,4115.0,0.614,0.6045,2.0,2022,0.1045695473246955,0.6897440379371205,0.0352667354231974,0.0026907465280376,0.1677289327869489,synthetic_turbet2020_based,5.590427122326969,0.7879144493784044,0.8295803206850133,0.9474156751146484,0.6480109622789979,0.7835405179754584,0
Kepler-1614 b,1.49,276.373,981.0,0.0471,5121.0,0.76,0.79,2.83,2016,0.1787514008138794,0.4213403929380728,0.0338086275406659,0.0098543845020844,0.3562451942052974,synthetic_turbet2020_based,5.625363170771602,0.9122827104766162,0.6339004212926181,0.8825787561567998,0.4989757127709202,0.6636153734881459,0
K2-224 b,1.56,215.6156,1002.0,0.0516,5620.0,0.84,0.91,3.05,2018,0.1865996063375065,0.4895737566769199,0.0224296107110582,0.0024456049732858,0.2989514213012294,synthetic_turbet2020_based,5.378124354134084,0.9400072584914712,0.6986029737254846,0.8687409977830233,0.4700296131326776,0.6390101682293098,0
Kepler-1240 b,1.15,539.129,1121.0,0.05791,5682.0,0.96,0.98,1.6,2016,0.0565787425126874,0.5758349501205355,0.0409609634396974,0.0068570185201672,0.3197683254069123,synthetic_turbet2020_based,6.291807999917802,0.7654678421395714,0.6733746560729202,0.9596153258135792,0.7552323996590469,0.8513122724733783,0
Kepler-1323 b,1.52,5067.603,2291.0,0.01911,6169.0,1.4,1.18,2.92,2016,0.0806548540623795,0.6904914787940264,0.017878658238379,0.003621369400429,0.2073536395047859,synthetic_turbet2020_based,8.530820516210133,0.924258901523332,0.7890249910947849,0.8765744124617892,0.4867276335533318,0.6531867951902648,0
K2-198 c,1.423,501.60858,1229.9,,5212.9,0.757,0.799,2.61,2019,0.1452511873791209,0.6436794734863795,0.0273953661768582,0.0038989540096053,0.1797750189480359,synthetic_turbet2020_based,6.219811696193386,0.8850064418343887,0.8163260270423587,0.8964078508211543,0.5315809259671233,0.6902994389275628,0
Kepler-240 b,1.37,142.736,864.0,0.048,4985.0,0.739,0.868,2.45,2014,0.0752928142747351,0.4644768971693457,0.022082050376634,0.002304227411725,0.4358440107675598,synthetic_turbet2020_based,4.967978283630271,0.8628899551470398,0.5618517618207148,0.9077798538222356,0.5580018819048614,0.7117182495820431,0
Kepler-144 b,1.33,426.719,1253.0,0.066,6075.0,1.235,1.154,2.33,2014,0.1179126311406285,0.6022934748737423,0.0493725604712735,0.0030099032934574,0.227411430220898,synthetic_turbet2020_based,6.058466437907606,0.8458682675776092,0.7695786664856442,0.916630328327376,0.5795444691342634,0.7288539202219158,0
Kepler-1957 b,0.94374867,345.07,1099.0,0.0299,4904.0,0.772,0.745,0.79,2021,0.0761693215640861,0.6325405230200173,0.0266680409427202,0.0014642158996402,0.263157898573536,synthetic_turbet2020_based,5.846641066734112,0.6646184127008001,0.7353778855268236,0.9834003448783442,0.8750046075116791,0.9276205219792872,0
Kepler-327 b,1.11,73.056,682.0,0.029,3799.0,0.492,0.591913,1.41,2014,0.1534070680505222,0.6573848936614439,0.0431169658862628,0.0087564258949756,0.1373346465067952,synthetic_turbet2020_based,4.30482156376491,0.7466879474879752,0.8539089275982289,0.9699427429156094,0.8191130777173722,0.8913432477778888,0
K2-72 b,1.08,8.5,466.13,0.04,3360.47,0.330989,0.271365,1.28,2016,0.1344884198705464,0.5178224299865598,0.0109120099029987,0.0065296292595788,0.3302475109803161,synthetic_turbet2020_based,2.251291798606496,0.7323678937132266,0.6632228597601049,0.9778922327340038,0.8691841718600158,0.9219373354394792,0
Kepler-1421 b,0.93,649.151,1209.0,0.07576,6335.0,1.42,1.25,0.749,2016,0.1630052920925818,0.7744190081339293,0.0146681476671543,0.009337524707481,0.0385700273988534,synthetic_turbet2020_based,6.477204643602737,0.6575200029167941,0.9520924478936652,0.9791623637659732,0.8472518858006755,0.910822243473318,0
Kepler-1288 b,1.12,1342.5,2017.0,0.04135,6132.0,1.29,1.2,1.46,2016,0.143394451112119,0.5227335359491361,0.0272660083240501,0.0059886832175163,0.3006173213971784,synthetic_turbet2020_based,7.203033428055546,0.7514160886839212,0.6933939953853052,0.9673322272612818,0.8013117863738329,0.8804173527615844,0
Kepler-1805 b,1.54502915,12.48,479.0,0.0699,3867.0,0.552,0.581,3.0,2021,0.1986800046164377,0.7758100159918712,0.0150261322734998,0.0047359668400164,0.0057478802781747,synthetic_turbet2020_based,2.601207105484161,0.9341421037679328,0.9895161528818088,0.8716501791801928,0.4763189990219686,0.6443473759118051,0
Kepler-370 b,1.59,361.514,1040.0,0.054,5852.0,0.9,0.982,3.15,2014,0.1473270400990416,0.6933963190119747,0.0246548861963796,0.0077165363146181,0.1269052183779859,synthetic_turbet2020_based,5.893063094238625,0.9516578757114464,0.8653782453073959,0.8629909313522593,0.4579210752769188,0.628634818665858,0
Kepler-1142 b,1.47,147.817,902.0,0.1343,5685.0,0.96,0.97,2.76,2016,0.0788171336373817,0.401713124253174,0.0301684120671546,0.0057548295601142,0.4835465004821754,synthetic_turbet2020_based,5.002717363185092,0.904218150639886,0.5106986699577103,0.8866451323918264,0.5089218547556272,0.6717388520004608,0
Kepler-1759 b,0.9037791,195.7,954.0,0.0429,5017.0,0.797,0.76,0.676,2021,0.116457799903752,0.5378019406710188,0.0401323846238526,0.0058858685928578,0.2997220062085186,synthetic_turbet2020_based,5.281679725395013,0.6438409107308964,0.6943921251986235,0.9708701952837024,0.7946426389443664,0.8783477978868471,0
Kepler-1215 b,1.22,253.964,1046.0,0.0528,5616.0,0.93,0.95,1.98,2016,0.0885956981682545,0.4688631539878812,0.0168092120237097,0.0051325933294553,0.4205993424906991,synthetic_turbet2020_based,5.541122358721502,0.7975071958841881,0.5742680641798453,0.9422494705499432,0.6526655546576766,0.784202635370719,0
Kepler-1424 b,1.16,58.6,629.0,0.19068,5838.0,1.07,1.02,1.65,2016,0.0653555495022684,0.6243446291745551,0.0139505943085424,0.0019263819141573,0.2944228451004765,synthetic_turbet2020_based,4.087655574071304,0.7701082216960736,0.7036507729853659,0.9570804814200394,0.7399953832913482,0.8415670726027071,0
Kepler-776 b,1.28,135.082,904.0,0.0523,5071.0,0.78,0.83,2.18,2016,0.1191141899437686,0.6612254337278954,0.0303755953446396,0.002813109060226,0.18647167192347,synthetic_turbet2020_based,4.913257645216523,0.8241754429663494,0.8107152190163036,0.928034741837642,0.6088426631951414,0.7516828744610625,0
K2-352 b,1.37,422.88136,1160.0,,5791.0,0.95,0.98,2.45,2021,0.0654408570571099,0.7287481851594801,0.0291721873087114,0.0015592526572048,0.1750795178174935,synthetic_turbet2020_based,6.049453604756711,0.8628899551470398,0.8233612295253014,0.9077798538222356,0.5580018819048614,0.7117182495820431,0
Kepler-1420 b,1.28,131.526,806.0,0.0671,5187.0,0.79,0.82,2.18,2016,0.1403131739002538,0.5691623737432221,0.027065399902178,0.0027460004004364,0.2607130520539095,synthetic_turbet2020_based,4.886778852591487,0.8241754429663494,0.7365409475456539,0.928034741837642,0.6088426631951414,0.7516828744610625,0
Kepler-1365 c,0.8,864.037,1137.0,0.05701,5770.0,1.05,1.0,0.437,2016,0.1020440038051295,0.655282695431745,0.0238011194737045,0.0045645305030528,0.214307650786368,synthetic_turbet2020_based,6.762772280583548,0.5877866649021191,0.7811278187105789,0.9350677145621996,0.5874061524976986,0.7411238280717992,0
Kepler-1649 c,1.06,0.75,234.0,0.0649,3240.0,0.2317,0.1977,1.2,2020,0.7019051176408531,0.0138105505548258,0.0447498310321413,0.0062418676142996,0.2332926331578801,synthetic_turbet2020_based,0.5596157879354227,0.7227059828014898,0.7604654992278201,0.9832926251973656,0.9030459035232964,0.9423154339971032,2
Kepler-381 d,1.0667865,436.7,1387.0,0.08364,6197.0,2.188,1.198,1.23,2021,0.1499267978172534,0.4815123883786918,0.0465286423403442,0.0077784221711878,0.3142537492925228,synthetic_turbet2020_based,6.081533744196849,0.7259949855729043,0.6779678285362893,0.9814509423307318,0.8900530482509229,0.934635438516114,0
K2-268 e,1.33,102.3382,801.0,,5106.0,0.78,0.84,2.33,2021,0.1742337540971482,0.5262787623352773,0.0158135084490856,0.0099732372547525,0.2737007378637363,synthetic_turbet2020_based,4.638007104476258,0.8458682675776092,0.7163260248815111,0.916630328327376,0.5795444691342634,0.7288539202219158,0
Kepler-1254 d,1.31,71.31,794.0,0.0575,4985.0,0.75,0.78,2.27,2016,0.0545328805627024,0.6389343674845772,0.0360084909672683,0.0071361040777268,0.2633881569077252,synthetic_turbet2020_based,4.28096243218686,0.8372475245337022,0.729475739014548,0.9211455724788268,0.5909299475571828,0.7377889297335953,0
Kepler-1386 b,1.24,196.533,1011.0,0.068,5733.0,1.03,1.02,2.07,2016,0.1522725088469478,0.4804817992503492,0.0253683201281797,0.0023188507530429,0.3395585210214803,synthetic_turbet2020_based,5.285905658991025,0.8064758658669484,0.6581226282254766,0.9374448489778124,0.6322138905277648,0.769847812965313,0
Kepler-1921 c,1.41,2436.47,1791.0,0.0454,6120.0,2.0,1.251,2.57,2023,0.1329126566108704,0.6917401779808559,0.0241862230422545,0.0024707491978623,0.1486901931681566,synthetic_turbet2020_based,7.798715895103954,0.8796267475025635,0.8488390576339807,0.8991608377123578,0.5379564315773541,0.6954921679428492,0
Kepler-1146 b,1.23,227.962,1019.0,0.0325,4692.0,0.7,0.74,2.04,2016,0.1898708077004112,0.6583957840812045,0.0480259551659574,0.0083565058367483,0.0953509472156785,synthetic_turbet2020_based,5.4335560509202345,0.8020015854720274,0.8962925469475731,0.9398387031833424,0.6388918688197316,0.7748905119214706,0
TOI-1798.02,1.464,3345.44,1935.83,0.010789,5165.0,0.78,0.87,5.6,2024,0.0756807413365138,0.6027307864870199,0.0145086426531144,0.0066344398952086,0.300445389628143,synthetic_turbet2020_based,8.115652373200227,0.9017860456712732,0.6929201704766481,0.8878751407732193,0.2787340879943403,0.4974746904278345,0
Kepler-1394 b,1.39,2023.005,1947.0,0.05474,6481.0,2.55,1.64,2.51,2016,0.12782213737307,0.5387009993044252,0.0435844635815685,0.0077694856017799,0.2821229141391563,synthetic_turbet2020_based,7.612833500760036,0.8712933659434193,0.7101076002590637,0.9034420362640322,0.5478018325316079,0.7034964129627984,0
Kepler-1254 b,1.55,33.978,660.0,0.0833,4985.0,0.75,0.78,3.02,2016,0.1025345294851829,0.4704389717073569,0.0364835307302804,0.0089110349632244,0.3816319331139552,synthetic_turbet2020_based,3.5547192924269995,0.9360933591703348,0.6094570319228202,0.870681255197205,0.4737838127296655,0.642273060901345,0
Kepler-1301 b,1.4,76.139,734.0,0.0815,5188.0,0.81,0.85,2.54,2016,0.1973346244348456,0.6706954517957653,0.0440276252779262,0.0077692444509603,0.0801730540405024,synthetic_turbet2020_based,4.345608989252965,0.8754687373538999,0.9120577015085372,0.901294435433536,0.542835954186339,0.6994676724920182,0
Kepler-784 c,1.55,119.87,844.0,0.1309,5676.0,1.487,1.016,3.02,2023,0.1547363410983785,0.5538256268523681,0.0229735997281455,0.0074526273630502,0.2610118049580574,synthetic_turbet2020_based,4.794715587871366,0.9360933591703348,0.7315355676788922,0.870681255197205,0.4737838127296655,0.642273060901345,0
Kepler-1553 b,1.15,166.106,926.0,0.0481,5288.0,0.81,0.85,1.6,2016,0.1575069512265845,0.7802353536196374,0.0327463927139328,0.003651589952089,0.0258597124877562,synthetic_turbet2020_based,5.1186283415994485,0.7654678421395714,0.9704886975601548,0.9596153258135792,0.7552323996590469,0.8513122724733783,0
Kepler-1537 b,1.18,713.168,1800.0,0.0245,5079.0,0.77,0.81,1.76,2016,0.1872891877316106,0.5654886694656754,0.0329787063708543,0.0052749770564293,0.2089684593754303,synthetic_turbet2020_based,6.571118228779912,0.7793248768009976,0.7857565635681404,0.9520656496448564,0.708482908168274,0.821293029452646,0
K2-268 b,1.5,392.1704,1136.0,0.0308,5106.0,0.78,0.84,2.86,2018,0.1700674718477676,0.7526252799457529,0.0360205360853101,0.0039028277974497,0.0373838843237194,synthetic_turbet2020_based,5.974243105683499,0.9162907318741552,0.9587132878788306,0.8805647427246953,0.4948273312024517,0.6600965850490628,0
Kepler-1096 b,1.24,124.866,794.0,0.034,4306.0,0.63,0.66,2.07,2016,0.1859469785499187,0.5194894099897728,0.0210204335781939,0.0089776037727349,0.2645655741093796,synthetic_turbet2020_based,4.835217848979039,0.8064758658669484,0.7264568221178854,0.9374448489778124,0.6322138905277648,0.769847812965313,0
TOI-2266 b,1.54,13.0,550.0,0.02,3200.0,0.24,0.23,2.99,2024,0.0593827679415941,0.7019808528327915,0.0305504180380676,0.0016722380802983,0.2064137231072483,synthetic_turbet2020_based,2.6390573296152584,0.9321640810304452,0.7919140388124533,0.8726334954151859,0.4775964576720807,0.645574679069973,0
Kepler-1547 b,0.9,5760.944,3186.0,0.01556,6078.0,1.18,1.12,0.666,2016,0.0950372162943952,0.4807628874125744,0.0240293580697311,0.0046904546196637,0.3954800836036354,synthetic_turbet2020_based,8.659030196749622,0.6418538861723948,0.5998294617767006,0.969651727157468,0.7870952177471747,0.8736179012165051,0
GJ 15 A b,1.55,4.2691,550.0,0.072,3607.0,0.38,0.38,3.03,2014,0.1049325627200386,0.4633654853791112,0.037468967982322,0.003233546903952,0.390999437014576,synthetic_turbet2020_based,1.661859569980435,0.9360933591703348,0.6057670160814719,0.870681255197205,0.4725259848936565,0.64141992301495,0
Kepler-100 b,1.34,478.214,1155.0,0.07309,5837.0,1.51,1.13,4.01,2014,0.128808039927777,0.7167319372778738,0.0368375709968646,0.0036853659159861,0.1139370858814984,synthetic_turbet2020_based,6.172147261733411,0.8501509293696101,0.8823775482025153,0.9143954551507116,0.3743481822922236,0.5850660445897877,0
Kepler-1258 b,0.86,2775.0,2335.0,0.01824,5839.0,0.99,0.99,0.566,2016,0.0999300125924511,0.6613457146412127,0.0319787099735977,0.0018675413872303,0.2048780214055079,synthetic_turbet2020_based,7.928766321626695,0.6205764877251099,0.7932544372072616,0.9563763687622634,0.7066241824027928,0.8220697474338696,0
Kepler-1595 b,1.23,185.568,980.0,0.051,5203.0,0.8,0.84,2.04,2016,0.0967337207590941,0.489399448429643,0.0414082454377276,0.0096383244964318,0.3628202608771033,synthetic_turbet2020_based,5.228795783889392,0.8020015854720274,0.6275414146264647,0.9398387031833424,0.6388918688197316,0.7748905119214706,0
KOI-3503 b,1.19,90.2,785.0,0.14247,6001.0,1.255,0.858,9.2,2021,0.1764143427278027,0.4339415949732821,0.0486590496275353,0.0062966239896216,0.3346883886817583,synthetic_turbet2020_based,4.513054897080286,0.7839015438284094,0.6590149873286201,0.9495852325278497,0.174944346172208,0.4075838167044525,0
Kepler-194 b,1.51,953.173,1648.0,0.032,6089.0,1.025,0.94,2.89,2014,0.0555912331989558,0.5056766652941209,0.0122823566772784,0.0070068607802601,0.4194428840493848,synthetic_turbet2020_based,6.860844996726942,0.9202827531436926,0.5735502551703551,0.8785633377250446,0.4907451564981838,0.65662066877722,0
Kepler-1412 b,0.83,1087.781,1397.0,0.04608,5880.0,1.27,1.06,0.498,2016,0.1431295561376623,0.719686552100472,0.0254222451457499,0.0014212444763392,0.1103404021397762,synthetic_turbet2020_based,6.992814000780881,0.6043159668533294,0.8882383533838842,0.9459419572771948,0.6461596755638238,0.7818117089276936,0
Kepler-760 c,1.48,453.648,1139.0,0.03489,5322.0,0.85,0.89,2.79,2016,0.1303168281588321,0.7981636246178001,0.0487596746550765,0.0029891997454975,0.0197706728227936,synthetic_turbet2020_based,6.119523493174014,0.9082585601768908,0.9772401274317086,0.8846055085684176,0.5046126583239607,0.6681191040875335,0
Kepler-180 b,1.5,72.119,781.0,0.109,5731.0,1.063,0.95,2.86,2014,0.1945069024577781,0.7631780986177029,0.0328784335123255,0.0043865266991367,0.0050500387130565,synthetic_turbet2020_based,4.2920882509035785,0.9162907318741552,0.9905634345878064,0.8805647427246953,0.4948273312024517,0.6600965850490628,0
Kepler-1349 b,0.7,1862.33,1668.0,0.03421,6086.0,1.28,1.16,0.271,2016,0.1674253330931455,0.7428962051026193,0.0404027508328356,0.0073291545721552,0.0419465563992442,synthetic_turbet2020_based,7.530120488570669,0.5306282510621704,0.9507242890286004,0.8952350869353433,0.4017385405388567,0.5997086269719499,0
Kepler-345 b,0.74,35.37,622.0,0.066,4504.0,0.623,0.61,0.48,2014,0.117997905346701,0.4022397755456963,0.0411701245023933,0.0099700033432781,0.4286221912619312,synthetic_turbet2020_based,3.593744258998897,0.5538851132264376,0.5614078053947906,0.911876673473032,0.6292890631078706,0.7575183281741544,0
Kepler-1809 b,1.513,158.2,877.0,0.04444,4901.0,0.716,0.807,2.9,2021,0.0643642777789751,0.7201508125930101,0.0296643835727198,0.0031735760702242,0.1826469499850707,synthetic_turbet2020_based,5.0701612734102826,0.9214772585614552,0.814179473944705,0.8779653555815718,0.4893988740473357,0.6554961910447611,0
Kepler-884 b,1.23,139.5,964.0,0.06116,5715.0,0.94,1.0,2.04,2016,0.1418123382352844,0.6600651567511866,0.0409320003203758,0.0039372221151331,0.1532532825780199,synthetic_turbet2020_based,4.945207488773801,0.8020015854720274,0.8428094953068468,0.9398387031833424,0.6388918688197316,0.7748905119214706,0
Kepler-1019 b,1.46,330.249,1164.0,0.0221,4433.0,0.67,0.7,2.73,2016,0.1877635600417882,0.6932818444275024,0.0421883435432474,0.0074886594744404,0.0692775925130214,synthetic_turbet2020_based,5.802870358427951,0.9001613499442714,0.923233748012538,0.8886977619795139,0.5133028142280379,0.6754043694130528,0
TOI-4552 b,1.11,263.0,1122.0,0.0056255,3258.0,0.2869,0.2619,1.83,2026,0.1534005290881839,0.6247387788263876,0.0236440815769223,0.0061348421321656,0.1920817683763405,synthetic_turbet2020_based,5.575949103146316,0.7466879474879752,0.8017833894914939,0.9699427429156094,0.6897482532881932,0.8179341738279436,0
Kepler-537 b,1.41,442.522,1181.0,0.04317,5763.0,0.99,1.07,2.57,2016,0.0556002129266237,0.4112280047655828,0.0284526300692411,0.0029916216071258,0.5017275306314264,synthetic_turbet2020_based,6.094747405930826,0.8796267475025635,0.4952808477614476,0.8991608377123578,0.5379564315773541,0.6954921679428492,0
GJ 3323 b,1.23,2.58,290.06,0.03282,3159.0,0.119,0.164,2.02,2017,0.2781156121019592,0.105163398842294,0.0114155816945191,0.0390859398468776,0.5662194675143499,synthetic_turbet2020_based,1.275362800412609,0.8020015854720274,0.3946945926387723,0.9398387031833424,0.6434201630516255,0.7776317712416684,0
Kepler-1761 b,1.39109603,33.34,613.0,0.0413,3871.0,0.532,0.573,2.51,2021,0.1654630931696359,0.5073684871845144,0.0255818383279899,0.0017797527306578,0.2998068285872018,synthetic_turbet2020_based,3.536310855469329,0.8717518507813402,0.6984134186821402,0.9032059648613224,0.5478018325316079,0.703404494373267,0
Kepler-1436 b,1.31,772.079,1001.0,0.0907,5972.0,1.09,1.06,2.27,2016,0.1024094637623599,0.6837683234396801,0.0162709603259139,0.0086135410130759,0.1889377114589701,synthetic_turbet2020_based,6.650381242589241,0.8372475245337022,0.8024487475279539,0.9211455724788268,0.5909299475571828,0.7377889297335953,0
Kepler-1597 b,1.06,1431.311,1497.0,0.04136,6377.0,1.39,1.25,1.2,2016,0.1928047547829837,0.4610774773999108,0.0376743789588932,0.0055524798690087,0.3028909089892034,synthetic_turbet2020_based,7.267044502711645,0.7227059828014898,0.6915566111417878,0.9832926251973656,0.9030459035232964,0.9423154339971032,0
Kepler-65 d,1.52,394.549,1117.0,0.084,6211.0,1.41,1.25,4.14,2012,0.1263813934615431,0.5877958126799441,0.0398509525400123,0.0044114236374871,0.2415604176810133,synthetic_turbet2020_based,5.980274673338815,0.924258901523332,0.7540281586814994,0.8765744124617892,0.3642265146734049,0.5650412755744886,0
TOI-715 b,1.55,0.67,234.0,0.083,3075.0,0.24,0.225,3.02,2023,0.8619092741650871,0.0915033384318489,0.0452321175215111,0.0050660542219419,-0.0037107843403891,synthetic_turbet2020_based,0.5128236264286639,0.9360933591703348,0.9986447301184472,0.870681255197205,0.4737838127296655,0.642273060901345,2
GJ 393 b,1.17,9.21,485.0,0.05402,3579.0,0.426,0.426,1.71,2021,0.0926099288304794,0.6551694998403295,0.0481881964762412,0.0075434558335174,0.1964889190194323,synthetic_turbet2020_based,2.3233676321765744,0.7747271675523681,0.79596762514705,0.9545639949088476,0.7224785441354239,0.8304528916957532,0
Kepler-1680 b,1.35954736,49.0,771.0,0.07642,5021.0,0.723259,0.834,2.42,2020,0.1242272842385235,0.6755234298053794,0.0409015164981758,0.0092734233519526,0.1500743461059686,synthetic_turbet2020_based,3.912023005428146,0.8584698040320272,0.8406522305420786,0.9100698762065168,0.5632408716046826,0.715952896701818,0
GJ 1061 c,1.19,1.4,304.12,0.0342,2953.0,0.156,0.12,1.81,2020,0.3607623432491484,0.1718025664287596,0.0273031371983261,0.0182266822665431,0.4219052708572226,synthetic_turbet2020_based,0.8754687373538999,0.7839015438284094,0.5598680468762341,0.9495852325278497,0.6950024460127664,0.8123817201934427,1
K2-50 b,1.59,18.8,580.53,0.0705,4326.0,0.546,0.611,3.15,2016,0.1330097311426833,0.6808220249714332,0.0452466128250375,0.0014644689847503,0.1394571620760953,synthetic_turbet2020_based,2.9856819377004897,0.9516578757114464,0.859078368939154,0.8629909313522593,0.4579210752769188,0.628634818665858,0
Kepler-1107 b,1.34,2387.261,1897.0,0.01285,5268.0,0.82,0.86,2.36,2016,0.0741630517136277,0.4830729007082699,0.0100964558972671,0.0057217074075575,0.4269458842732775,synthetic_turbet2020_based,7.778320765022479,0.8501509293696101,0.5673324083191648,0.9143954551507116,0.5740094846869488,0.7244802716507523,0
Kepler-1574 b,1.29,289.778,1003.0,0.0743,5892.0,1.08,1.06,2.21,2016,0.1236247349387275,0.509419725410599,0.0366918110406479,0.0077205740129264,0.3225431545970989,synthetic_turbet2020_based,5.67256008942749,0.8285518175661483,0.6697362713899744,0.9257226131049422,0.6027562339006599,0.7469839863824476,0
Kepler-1290 b,1.42,443.221,1098.0,0.0557,5660.0,0.93,0.95,2.6,2016,0.1333956486560262,0.7421246671497607,0.0199809058788975,0.007623818056132,0.0968749602591834,synthetic_turbet2020_based,6.096322186344653,0.883767540168595,0.8955012216846844,0.8970410942572271,0.533161056084935,0.6915687797795451,0
Kepler-218 b,1.48,460.656,1156.0,0.046,5502.0,1.063,1.019,2.79,2014,0.1987655201379056,0.6273749645502874,0.0146011040972146,0.0014088767930088,0.1578495344215834,synthetic_turbet2020_based,6.134820024993271,0.9082585601768908,0.8407415887854076,0.8846055085684176,0.5046126583239607,0.6681191040875335,0
TOI-1450 A b,1.13,44.9493,722.0,,3437.0,0.483,0.48,1.258,2024,0.1636059299819678,0.5860989342535317,0.044739979701035,0.0076143302989992,0.1979408257644661,synthetic_turbet2020_based,3.8275386147357127,0.7561219797213337,0.7944448439365345,0.9647409729174052,0.8782486323084429,0.9204794620178268,0
Kepler-99 b,1.48,108.042,810.0,0.05071,4782.0,0.73,0.79,6.15,2014,0.0530814551792215,0.7964426897718393,0.0204402443521038,0.0069831558426122,0.123052454854223,synthetic_turbet2020_based,4.69173312911295,0.9082585601768908,0.8699643893031646,0.8846055085684176,0.2558554254219761,0.4757427022303085,0
Kepler-1855 b,1.216205,86.97,849.0,0.0115,3460.0,0.356,0.385,1.96,2021,0.1872263523053948,0.5307956457201157,0.0331703954866569,0.0088971627316899,0.2399104437561425,synthetic_turbet2020_based,4.476995847264583,0.7957962736316121,0.7511923935121674,0.943168824650331,0.6573852637761071,0.7874168442306518,0
Kepler-1363 b,1.25,191.919,988.0,0.0363,4839.0,0.72,0.76,2.1,2016,0.1659493092652067,0.4162933059221984,0.0477116305651064,0.0014198221383275,0.3686259321091608,synthetic_turbet2020_based,5.262270411691588,0.8109302162163288,0.6299542457525115,0.9350677145621996,0.6256696416983442,0.7648813515401072,0
Kepler-1508 b,1.33,116.145,967.0,0.1629,6158.0,1.22,1.14,2.33,2016,0.1269382366333004,0.4334421539895908,0.0209627039478288,0.0099314485848454,0.4087254568444345,synthetic_turbet2020_based,4.763412483718604,0.8458682675776092,0.5813430945707201,0.916630328327376,0.5795444691342634,0.7288539202219158,0
Kepler-1637 b,0.89,337.78,1093.0,0.0596,5789.0,1.02,1.02,0.64,2016,0.1781083269197269,0.457834146050713,0.0450175295917696,0.0030675837395151,0.3159724136982753,synthetic_turbet2020_based,5.825350929158236,0.636576829071551,0.6809600025622096,0.9663983347822086,0.7670642636678022,0.860981780921934,0
Kepler-312 b,1.29,4124.022,1685.0,0.031,6115.0,1.467,1.314,2.21,2014,0.1467778940998964,0.6425577122036087,0.0273248482994525,0.006622876091174,0.1767166693058682,synthetic_turbet2020_based,8.324826632087893,0.8285518175661483,0.8166604546029576,0.9257226131049422,0.6027562339006599,0.7469839863824476,0
Kepler-1671 b,1.32557381,205.0,962.0,0.04946,5135.55,0.929771,0.866,2.32,2020,0.1165354700246245,0.703045751148765,0.0487564993408914,0.009638788217475,0.1220234912682439,synthetic_turbet2020_based,5.327876168789581,0.8439668085892096,0.8683377205142809,0.9176243398374232,0.5814124748400925,0.7304233282134287,0
Kepler-1038 c,1.4162338,89.24,784.0,0.0692,5159.0,0.821,0.868,2.59,2021,0.1152201626824891,0.7213398133690798,0.0499807244072379,0.0041417434674088,0.1093175560737842,synthetic_turbet2020_based,4.502472787749749,0.8822100469136855,0.8865407004588068,0.8978378150663754,0.5347502981465034,0.6929062269123791,0
Kepler-1699 b,1.56671124,245.65,1010.0,0.0418,5575.53,0.725,0.81,3.08,2020,0.0526137579075364,0.4457582229605102,0.0208678298909068,0.0024387649831853,0.4783214242578611,synthetic_turbet2020_based,5.507970327679748,0.9426254062745034,0.5192398107589534,0.8674455040638439,0.4663325399045476,0.6360173465707306,0
Kepler-106 b,0.82,277.216,1021.0,0.06491,5858.0,1.04,1.0,5.3,2014,0.0518802814517712,0.7639169135317467,0.0356725289671688,0.0062471283959911,0.1422831476533219,synthetic_turbet2020_based,5.628397790416434,0.598836501088704,0.8514697239506867,0.9423675050163746,0.2929595820986489,0.5254289585214575,0
Kepler-37 e,0.37,7.6252,401.0,0.25,5288.0,0.772,0.8,8.1,2014,0.1504176190342915,0.610037918342472,0.0308367973406895,0.0043922543360999,0.2043154109464469,synthetic_turbet2020_based,2.1546881510543736,0.3148107398400335,0.791292334717453,0.7039330515363311,0.1976641028245211,0.3730178213979276,0
Kepler-37 b,0.3098,44.5,718.0,0.1019,5357.0,0.789,0.79,0.79,2013,0.1399669483932628,0.7835165558182817,0.0415217613479324,0.0048180395532991,0.0301766948872238,synthetic_turbet2020_based,3.817712325956905,0.2698744538018162,0.965005265559477,0.6526745239997606,0.8750046075116791,0.7557070965031905,0
Kepler-384 b,1.12,101.549,670.0,0.148,5577.0,0.882,0.882,1.46,2014,0.1490797949577815,0.7550844348167942,0.033751449077327,0.0084203584411539,0.0536639627069431,synthetic_turbet2020_based,4.630340733130035,0.7514160886839212,0.9379156788519027,0.9673322272612818,0.8013117863738329,0.8804173527615844,0
Kepler-1618 b,1.26,903.908,1267.0,0.07109,6620.0,1.65,1.41,2.13,2016,0.1336929474033056,0.5901953351179381,0.0280426956581783,0.0015291069541031,0.2465399148664747,synthetic_turbet2020_based,6.807833281073893,0.8153648132841945,0.751930978179422,0.93270710962285,0.6192551886810161,0.7599892875255697,0
Kepler-352 d,0.80628032,81.3,788.0,0.06574,5208.0,0.772,0.796,0.449,2021,0.183856565593485,0.7272598033661343,0.0282500457891146,0.0035149597544752,0.0571186254967907,synthetic_turbet2020_based,4.410371107683024,0.5912696588968889,0.939366414748734,0.937382013131564,0.5993251569355039,0.7495309347375818,0
EPIC 212297394 b,1.48,240.80844,1149.0,,5171.0,0.8,0.83,2.79,2019,0.1609841946847285,0.7362305733753112,0.0350085915860266,0.0050451144446259,0.0627315259093076,synthetic_turbet2020_based,5.488145842451598,0.9082585601768908,0.9322233596460664,0.8846055085684176,0.5046126583239607,0.6681191040875335,0
K2-270 b,1.38,497.0717,1203.0,0.0247,4877.0,0.77,0.85,2.48,2018,0.1090349781969612,0.5516119066645744,0.0267357239163663,0.0021637832693839,0.3104536079527141,synthetic_turbet2020_based,6.210744042564731,0.8671004876833833,0.6873826087779018,0.905603791277757,0.5528563527481881,0.7075795425821412,0
Kepler-55 e,1.55,73.157,728.0,0.048,4503.0,0.619,0.631,3.02,2014,0.1781125648212901,0.7184268398406868,0.0139313828056898,0.0097930573121439,0.0797361552201892,synthetic_turbet2020_based,4.306184467364918,0.9360933591703348,0.9104707874676669,0.870681255197205,0.4737838127296655,0.642273060901345,0
Kepler-282 b,1.01,195.935,817.0,0.082,5602.0,0.904,0.86,1.01,2014,0.1666089096931441,0.7639908426068475,0.0275334638495032,0.0017333558212461,0.0401334280292589,synthetic_turbet2020_based,5.282873725054183,0.6981347220709844,0.9581332161494948,0.997161138548408,0.994677545305754,0.9959185677381568,0
Kepler-10 b,1.47,3741.78,2188.0,0.01685,5708.0,1.065,0.91,3.24,2011,0.1659039534805781,0.4760163553968612,0.0322284853096558,0.0024229161004926,0.323428289712412,synthetic_turbet2020_based,8.227583929794449,0.904218150639886,0.6741487941870952,0.8866451323918264,0.4475284289559902,0.6299197592874747,0
Kepler-271 d,0.66,189.343,954.0,0.05554,5555.0,0.87,0.9,0.219,2016,0.1110877908936488,0.66559752936643,0.0297228643325668,0.0044163238300496,0.1891754915773047,synthetic_turbet2020_based,5.248827707789298,0.5068176023684519,0.8064081845926456,0.8775371893724011,0.3344670450015033,0.5417631130007945,0
Kepler-589 c,1.11727238,344.61,1098.0,0.0426,5372.0,0.916,0.832,1.45,2021,0.1487360458716659,0.7745803658833954,0.0295955116797292,0.0013006221675703,0.0457874543976389,synthetic_turbet2020_based,5.845310971696471,0.7501286470789734,0.9529119234347904,0.9680423565311082,0.8048118922635151,0.8826618835947508,0
Kepler-647 b,1.17,162.794,788.0,0.12237,6020.0,1.07,1.03,1.71,2016,0.1361556755647166,0.6233315547342835,0.0105990242374637,0.0087511783996164,0.2211625670639196,synthetic_turbet2020_based,5.098609540711443,0.7747271675523681,0.7700862545364638,0.9545639949088476,0.7224785441354239,0.8304528916957532,0
Kepler-1298 b,1.31,1003.027,1373.0,0.0814,6339.0,2.0,1.45,2.27,2016,0.1563843479115798,0.5631082922652962,0.0155803681754482,0.0040323416293189,0.2608946500183566,synthetic_turbet2020_based,6.911774192320358,0.8372475245337022,0.7350730083523241,0.9211455724788268,0.5909299475571828,0.7377889297335953,0
Kepler-1361 b,0.86,186.069,1061.0,0.04304,5131.0,0.79,0.83,0.566,2016,0.0850057548073494,0.5312312881629679,0.0186008675359086,0.0020111060715242,0.3631509834222497,synthetic_turbet2020_based,5.231477532753966,0.6205764877251099,0.634837910506226,0.9563763687622634,0.7066241824027928,0.8220697474338696,0
Kepler-1604 b,1.41,1391.4,2023.0,0.01406,4976.0,0.76,0.81,2.57,2016,0.0594336863479292,0.6608714421165461,0.025910988845694,0.0082164253289444,0.2455674573608861,synthetic_turbet2020_based,7.238784155937284,0.8796267475025635,0.7462161173101693,0.8991608377123578,0.5379564315773541,0.6954921679428492,0
Kepler-407 b,1.19,4102.008,1983.0,0.01531,5487.0,1.04,0.99,1.93,2014,0.1981010245441484,0.5481309899744716,0.0398836505174309,0.0064250611039178,0.2074592738600311,synthetic_turbet2020_based,8.319475642233119,0.7839015438284094,0.786115665036051,0.9495852325278497,0.6645899072083427,0.7944084349829728,0
Kepler-206 b,1.2,192.273,983.0,0.078,5764.0,1.185,0.957,1.87,2014,0.0678789026585957,0.6527835906375458,0.0386770618374318,0.0052949836985892,0.2353654611678375,synthetic_turbet2020_based,5.264103697203185,0.7884573603642702,0.7593395551335732,0.947122533919042,0.6794671515451294,0.8022086077113463,0
Kepler-763 b,1.22,974.089,1414.0,0.0205,5166.0,0.8,0.84,1.98,2016,0.0932312579685404,0.6200149810844396,0.0245899072116281,0.0091821166396103,0.2529817370957814,synthetic_turbet2020_based,6.882528748883177,0.7975071958841881,0.7378361462646081,0.9422494705499432,0.6526655546576766,0.784202635370719,0
TOI-1011 b,1.45,575.597,1364.0,,5475.0,0.92,0.91,4.04,2025,0.0975282628669886,0.6516791755318377,0.0339098433981837,0.0014908916405904,0.2153918265623995,synthetic_turbet2020_based,6.357143582277135,0.8960880245566356,0.78311728179701,0.890763533639964,0.3719644385292614,0.575614764971096,0
Kepler-1583 b,0.6,124.307,788.0,0.08307,5645.0,0.91,0.94,0.156,2016,0.0507772624753036,0.4231056058379238,0.0151176819012696,0.0033188724221299,0.5076805773633729,synthetic_turbet2020_based,4.830766726263368,0.4700036292457356,0.489000550214497,0.8487600312757227,0.246252434736883,0.4571752664011907,0
Kepler-1876 b,0.853,475.0,1299.0,0.0758,6104.0,1.477,1.187,2.4,2021,0.1602414647885812,0.5565540497682289,0.0445543757536393,0.0076784477798882,0.2309716619096623,synthetic_turbet2020_based,6.16541785423142,0.6168059473032227,0.7613498903104494,0.9539795307573524,0.5667867044614283,0.7353250399392227,0
Kepler-1848 b,1.4088539,94.3,774.0,0.05835,4847.0,0.737,0.756,2.57,2021,0.0650683708696724,0.6088707423966927,0.0339880639619309,0.0032595549905018,0.2888132677812021,synthetic_turbet2020_based,4.557029810660157,0.8791510742219895,0.707927177228296,0.8994046636332845,0.5379564315773541,0.6955864600408724,0
Kepler-1698 b,1.07315686,697.6,1351.0,0.02065,4975.03,0.741698,0.822,1.25,2020,0.0814879344985907,0.4495544812135308,0.016644048509484,0.0066332129082884,0.4456803228701059,synthetic_turbet2020_based,6.549078332372732,0.7290724987048,0.5476864642216055,0.979730807433979,0.8815902957807177,0.9293660055711114,0
HD 25463 c,1.36354953,1413.5,1585.57,0.0443,6353.0,1.4182,1.251,4.3,2023,0.1490263721479551,0.4789585642534464,0.0134118630215963,0.0030882245842629,0.3555149759927392,synthetic_turbet2020_based,7.254531390741622,0.8601645272405878,0.6413967994229978,0.9091911802534242,0.352473860250213,0.5660972752181127,0
Kepler-1869 c,0.74,1056.84,1455.0,0.028,5808.0,0.902,0.987,0.33,2023,0.1942935778677564,0.7849380807002849,0.0252767553567336,0.0039321238698779,-0.008440537794653,synthetic_turbet2020_based,6.963984372248567,0.5538851132264376,1.0045084139247749,0.911876673473032,0.4724879697452903,0.6563922288596673,0
Kepler-292 b,1.32,394.301,1130.0,0.035,5299.0,0.826,0.865,2.3,2014,0.1265015873388598,0.5166752365869604,0.0491864980662225,0.0029909925102211,0.3046456854977361,synthetic_turbet2020_based,5.9796475000237,0.8415671856782186,0.6923633219920428,0.9188803114532664,0.5851836449242382,0.7332896630291073,0
Kepler-1346 b,1.58,545.575,1236.0,0.044,6133.0,1.21,1.14,3.12,2016,0.0955373757848987,0.6119318133591042,0.0418662927602368,0.0051563146101663,0.2455082034855936,synthetic_turbet2020_based,6.303671535162952,0.947789398933526,0.7493354819042397,0.8648959533125186,0.461489765631797,0.6317757757227511,0
Kepler-953 c,1.19,121.04,873.0,0.0862,5416.0,0.99,0.95,1.81,2016,0.0771679081645522,0.5312491935658197,0.0291937792150956,0.006164026723573,0.3562250923309593,synthetic_turbet2020_based,4.804348859848469,0.7839015438284094,0.6376108809454675,0.9495852325278497,0.6950024460127664,0.8123817201934427,0
Kepler-176 e,1.45,6.22,398.0,0.25654,5295.0,0.83,0.87,0.52075,2016,0.0703954085090557,0.493092591640375,0.0384550481500993,0.002406019327517,0.3956509323729529,synthetic_turbet2020_based,1.9768549529047348,0.8960880245566356,0.6019430482995299,0.890763533639964,0.6669504203255687,0.770775656836581,0
TOI-5489 c,1.28,13.8663,536.0,,3547.0,0.42,0.41,2.18,2025,0.1777993414129217,0.6895889204519865,0.0235717835477325,0.0078742256709721,0.1011657289163869,synthetic_turbet2020_based,2.699096906376625,0.8241754429663494,0.8909600454126407,0.928034741837642,0.6088426631951414,0.7516828744610625,0
K2-415 b,1.015,4.82,412.4,0.027,3173.0,0.1965,0.1635,7.5,2023,0.1592448298010988,0.6403564906033543,0.0323392469362337,0.0076123314000962,0.1604471012592166,synthetic_turbet2020_based,1.7613002617433464,0.7006191953986463,0.8319405673406868,0.9957500084263592,0.212629660052033,0.4601369206969875,0
Kepler-327 c,1.03,28.272,537.0,0.047,3799.0,0.492,0.591913,20.3,2014,0.1783712603050739,0.7818099445536554,0.0177233282984326,0.002489136727556,0.0196063301152821,synthetic_turbet2020_based,3.3766314277169056,0.708035793053696,0.977904533157162,0.9915493996452732,0.0795675379024987,0.2808827948423953,0
Kepler-1265 b,1.35,58.15,732.0,0.0612,4630.0,0.69,0.71,2.39,2016,0.1536330194646928,0.6862362853156062,0.0210065419872004,0.0027608467283865,0.1363633065041141,synthetic_turbet2020_based,4.080076590424396,0.8544153281560676,0.8608758467674994,0.9121755265265906,0.5685758617789647,0.7201673320059284,0
Kepler-1591 b,1.27,439.434,892.0,0.0794,6082.0,1.16,1.1,2.15,2016,0.0787789585599561,0.795464822164033,0.0221198520246886,0.0029985767742296,0.1006377904770924,synthetic_turbet2020_based,6.087760604411705,0.8197798314933114,0.8963636327486777,0.9303628468419938,0.6150491219123869,0.7564514868847022,0
Kepler-249 b,1.09,24.26,554.0,0.035,3568.0,0.482,0.510238,1.32,2014,0.1680133808234356,0.6403804977399065,0.0313924519123133,0.0056254472792161,0.1545882222451283,synthetic_turbet2020_based,3.229222116922345,0.7371640659767197,0.8397863304756553,0.9752225040992044,0.8531589508977451,0.9121511982610936,0
Kepler-1222 b,0.79,416.231,1246.0,0.02801,5239.0,0.8,0.84,0.418,2016,0.1343644427050701,0.4218356199705704,0.0228151583854992,0.0066601865701246,0.4143245923687355,synthetic_turbet2020_based,6.033640025255887,0.5822156198526637,0.5790152210611397,0.9313401202909188,0.5681554145124763,0.7274241761833232,0
Kepler-1224 b,1.33,132.663,872.0,0.11625,6155.0,1.22,1.18,2.33,2016,0.1898720104764228,0.7654170593411957,0.0418964907838788,0.0020504670460836,0.0007639723524189,synthetic_turbet2020_based,4.895321706840765,0.8458682675776092,0.9971855606014972,0.916630328327376,0.5795444691342634,0.7288539202219158,0
Kepler-186 b,1.07,37.372,571.0,0.0343,3788.0,0.472,0.478,1.24,2014,0.1296982224218344,0.5809789596871815,0.0129036570529466,0.0080836311423462,0.2683355296956913,synthetic_turbet2020_based,3.647328026955701,0.7275486072772778,0.7235808391619625,0.9805821890690783,0.8858021207977835,0.9319880807681624,0
KOI-55 c,0.867,396618.3609,6910.74,0.0076,27730.0,0.203,0.496,0.655,2011,0.1804051265760899,0.7883330599428542,0.0283433529550528,0.0039431774111012,-0.0010247168850983,synthetic_turbet2020_based,12.89073231107248,0.6243328645595856,0.9970815394739968,0.9587507614069232,0.7786932827837592,0.8640444304382648,0
Kepler-85 e,1.27,24.318,559.0,0.163,5436.0,0.893,0.947,0.6,2014,0.0915189115961968,0.570541297889743,0.0184617290793533,0.0089707489318071,0.3105073125028997,synthetic_turbet2020_based,3.2315156052146365,0.8197798314933114,0.6805219385652931,0.9303628468419938,0.7350477488016506,0.8269589567444701,0
Kepler-1693 c,0.97698289,296.73,1059.0,0.0588,5553.0,1.098,0.941,0.894,2021,0.1463571127573445,0.5953007561125199,0.0152857187672535,0.0091172499656698,0.2339391623972122,synthetic_turbet2020_based,5.69618703553437,0.6815718896239681,0.7569435876371179,0.9933470456483812,0.9402355497456332,0.9664265132711366,0
Kepler-403 b,1.25,689.457,1194.0,0.076,6090.0,1.329,1.299,2.1,2014,0.0896474378496476,0.4520332363731589,0.011474165544674,0.0024188190842092,0.4444263411483101,synthetic_turbet2020_based,6.537353697195559,0.8109302162163288,0.5531548397674805,0.9350677145621996,0.6256696416983442,0.7648813515401072,0
Kepler-1493 b,1.41,137.91,874.0,0.1197,5863.0,1.29,1.06,2.57,2016,0.1929419771037218,0.6301612533346954,0.029558405011118,0.0044589145537513,0.1428794499967134,synthetic_turbet2020_based,4.933826241409298,0.8796267475025635,0.8526616354495351,0.8991608377123578,0.5379564315773541,0.6954921679428492,0
K2-65 b,1.58,45.0,723.51,0.1014,5213.0,0.84,0.87,3.12,2016,0.1209029999653395,0.5956597552951958,0.0195971253098602,0.0038274995071682,0.2600126199224361,synthetic_turbet2020_based,3.828641396489095,0.947789398933526,0.7361598805703955,0.8648959533125186,0.461489765631797,0.6317757757227511,0
Kepler-124 d,1.11,10.499,428.0,0.17,4984.0,0.636,0.706,1.41,2014,0.1929176224363175,0.4013927694738447,0.0185116636816604,0.0026217475633805,0.3845561968447968,synthetic_turbet2020_based,2.442260075066528,0.7466879474879752,0.6128220555918226,0.9699427429156094,0.8191130777173722,0.8913432477778888,0
Kepler-132 c,1.28,271.0,1069.0,0.068,6003.0,1.178,0.929,2.18,2014,0.0940386964489569,0.7161653960177632,0.0205728645193994,0.0011759497447867,0.1680470932690937,synthetic_turbet2020_based,5.605802066295998,0.8241754429663494,0.8307769569861195,0.928034741837642,0.6088426631951414,0.7516828744610625,0
Kepler-1063 b,1.49,54.93,931.0,0.1176,5945.0,1.14,1.09,2.83,2016,0.0783992459633948,0.4920845435117345,0.0412205335830509,0.0079415905685659,0.3803540863732538,synthetic_turbet2020_based,4.024100908833496,0.9122827104766162,0.6117043230581801,0.8825787561567998,0.4989757127709202,0.6636153734881459,0
TOI-5736 b,1.56,493.4827,1311.0,,3949.0,0.58,0.57,3.05,2025,0.1261256923415058,0.7290578627340756,0.0151706378358159,0.0034127090416873,0.1262330980469153,synthetic_turbet2020_based,6.203512165617618,0.9400072584914712,0.8703541929113973,0.8687409977830233,0.4700296131326776,0.6390101682293098,0
Kepler-1577 b,1.13,57.751,1125.0,0.0657,4862.0,0.74,0.78,1.51,2016,0.1919819666816013,0.5534207587736095,0.0359362451379328,0.0097851410124633,0.2088758883943928,synthetic_turbet2020_based,4.073308174156003,0.7561219797213337,0.7813389705931436,0.9647409729174052,0.7842440156045886,0.8698231628434734,0
Kepler-446 c,1.11,6.705,520.0,0.0283,3359.0,0.24,0.22,1.41,2015,0.0887806950186352,0.7387729108970009,0.0164193761308744,0.0081158451643077,0.1479111727891815,synthetic_turbet2020_based,2.041869468772079,0.7466879474879752,0.8439729820465105,0.9699427429156094,0.8191130777173722,0.8913432477778888,0
Kepler-1482 b,1.01,86.499,678.0,0.09968,5381.0,0.84,0.88,1.01,2016,0.1731787712286141,0.7244743153472896,0.0346479389184957,0.0089916092442622,0.0587073652613383,synthetic_turbet2020_based,4.471627364726833,0.6981347220709844,0.9323010254943994,0.997161138548408,0.994677545305754,0.9959185677381568,0
Kepler-1940 b,1.54732469,145.23,885.0,0.0525,5431.0,0.717,0.802,3.01,2021,0.0940670437647606,0.6739327490803895,0.0390483409369582,0.0086010039042537,0.1843508623136378,synthetic_turbet2020_based,4.985180724623787,0.935043667260028,0.8070481337821083,0.8712023609067072,0.4750481341582108,0.6433218914532284,0
Kepler-1612 b,1.03,269.248,1030.0,0.0482,5643.0,0.94,0.96,1.08,2016,0.1126004060260102,0.4220903105420989,0.0479079328586135,0.0091170622945842,0.4082842882786931,synthetic_turbet2020_based,5.599340055936891,0.708035793053696,0.5825986494267226,0.9915493996452732,0.958902226327212,0.97508918916849,0
Kepler-225 b,1.2,38.883,579.0,0.056,3682.0,0.48,0.593,1.87,2014,0.1830396753947281,0.6307897948310794,0.0146530840113851,0.0010232074943792,0.170494238268428,synthetic_turbet2020_based,3.68595016794136,0.7884573603642702,0.8284825542371926,0.947122533919042,0.6794671515451294,0.8022086077113463,0
Kepler-1930 b,1.52955541,31.6,643.0,0.10233,5083.0,0.844,0.844,2.95,2021,0.054638302562137,0.7659917669112801,0.0230862664343216,0.0073429966118358,0.1489406674804253,synthetic_turbet2020_based,3.484312288372662,0.9280435600248552,0.8437163359077386,0.8746854558379032,0.4827732553207066,0.6498267037422675,0
Kepler-1439 b,1.46,9.081,420.0,0.0594,3578.0,0.43,0.46,2.73,2016,0.1541355803167197,0.5015532645474992,0.012551100258429,0.0044650034080465,0.3272950514693056,synthetic_turbet2020_based,2.310652464071804,0.9001613499442714,0.6682399451226478,0.8886977619795139,0.5133028142280379,0.6754043694130528,0
Kepler-377 b,1.39,139.112,875.0,0.109,5949.0,1.224,1.043,2.51,2014,0.1112531293128995,0.4899164407472285,0.0198929309415906,0.0062572562239826,0.3726802427742985,synthetic_turbet2020_based,4.942442102779869,0.8712933659434193,0.6210625010017187,0.9034420362640322,0.5478018325316079,0.7034964129627984,0
Kepler-1355 b,1.46,944.873,1448.0,0.0224,5352.0,0.83,0.88,2.73,2016,0.1138988147860538,0.4943084691895835,0.0209475487583433,0.0014075670258247,0.3694376002401947,synthetic_turbet2020_based,6.852108310568153,0.9001613499442714,0.6291548327339805,0.8886977619795139,0.5133028142280379,0.6754043694130528,0
Kepler-138 b,0.64,9.9,452.0,0.0753,3841.0,0.535,0.535,0.07,2014,0.0794180532716768,0.7453937773189812,0.0122712413618027,0.0045930045268224,0.1583239235207169,synthetic_turbet2020_based,2.388762789235098,0.494696241836107,0.8370830719524607,0.8682577916517171,0.113479223669586,0.3138936446341436,0
Kepler-1542 e,0.76,369.999,1065.0,0.05649,5564.0,0.99,0.94,0.363,2016,0.1784922713575926,0.5572706749616786,0.0147150188302783,0.0033935455031121,0.2461284893473382,synthetic_turbet2020_based,5.916199367186013,0.5653138090500605,0.7504779651495495,0.9198322336560598,0.5096729894615604,0.6846996745512506,0
Kepler-1579 b,0.84,396.64,1139.0,0.014,4584.0,0.7,0.75,0.52,2016,0.1400044162614422,0.4608143630778283,0.0361974130736942,0.0049434573807932,0.3580403502062419,synthetic_turbet2020_based,5.985547073343945,0.6097655716208943,0.6370161924129647,0.9494675610314688,0.6662742574566916,0.7953651954954138,0
Kepler-1073 d,1.48770949,828.59,1369.0,0.0352,5509.0,1.116,0.924,2.82,2021,0.1607718898409341,0.5761420770549538,0.0136746874754711,0.0049645537765053,0.2444467918521354,synthetic_turbet2020_based,6.720931602840739,0.9113624035899784,0.750588654371359,0.883041856296697,0.5003734952078943,0.664718541978517,0
Kepler-1605 b,1.08,16.734,528.0,0.36567,5280.0,0.82,0.86,1.28,2016,0.0680658490717262,0.4111946236835602,0.0239146730237621,0.0060889212894461,0.4907359329315053,synthetic_turbet2020_based,2.875483700957816,0.7323678937132266,0.5031751457790485,0.9778922327340038,0.8691841718600158,0.9219373354394792,0
Kepler-32 e,1.5,56.649,652.0,0.033,3900.0,0.53,0.58,4.08181,2012,0.1981806082617085,0.4827409446806061,0.0416110106829694,0.0023192865191868,0.2751481498555289,synthetic_turbet2020_based,4.054372900510851,0.9162907318741552,0.722532563625284,0.8805647427246953,0.3686908691777908,0.5697860829842071,0
Kepler-42 b,0.78,22.388,519.0,0.0116,3068.0,0.17,0.13,0.705944,2011,0.0910047725352917,0.4117638410492691,0.0231764886444707,0.0073763210684138,0.4666785767025544,synthetic_turbet2020_based,3.152223070313424,0.5766133643039938,0.5259451022290316,0.9275591624430553,0.816740251809273,0.8703877893799633,0
Kepler-32 f,0.82,349.645,1026.0,0.013,3900.0,0.53,0.58,1862.11,2012,0.1559196132095473,0.6636388020097497,0.0314197637613737,0.0091969717571343,0.1398248492621948,synthetic_turbet2020_based,5.859774315648402,0.598836501088704,0.8509781789806706,0.9423675050163746,0.000665191825737,0.0250370757313453,0
Kepler-42 c,0.73,82.125,720.0,0.006,3068.0,0.17,0.13,60.337,2011,0.1932159994321556,0.4750364475281916,0.0347523971589174,0.0084599100268865,0.2885352458538488,synthetic_turbet2020_based,4.420345498976018,0.5481214085096876,0.7030048441192646,0.9078097629601728,0.0256589563199125,0.1526219219332047,0
KOI-55 b,0.759,636352.1258,7777.78,0.006,27730.0,0.203,0.496,0.44,2011,0.1469474339193397,0.4932156882394332,0.0317643645888674,0.0078034367525627,0.3202690764997968,synthetic_turbet2020_based,13.363508917484817,0.5647454657554212,0.6719274867476404,0.9194399737554164,0.5904030503928649,0.7367768761018043,0
Kepler-65 b,1.42,2316.095,1740.0,0.035,6211.0,1.41,1.25,2.4,2012,0.1919832332027382,0.691102111541285,0.0150746447120735,0.0094393624792938,0.0924006480646093,synthetic_turbet2020_based,7.748069524886624,0.883767540168595,0.8981599894560968,0.8970410942572271,0.5667867044614283,0.7130434527997065,0
Kepler-186 e,1.27,3.608,319.0,0.11,3788.0,0.472,0.478,2.15,2014,0.1900751150613589,0.1741243240420869,0.0259104623432909,0.0234018692529903,0.5864882293002729,synthetic_turbet2020_based,1.5277939233935902,0.8197798314933114,0.3901099014467367,0.9303628468419938,0.6150491219123869,0.7564514868847022,0
Kepler-186 c,1.25,13.98,464.0,0.0451,3788.0,0.472,0.478,2.1,2014,0.1456099639009903,0.7843745081954425,0.0271453860002493,0.0097599405164883,0.0331102013868294,synthetic_turbet2020_based,2.7067159780890733,0.8109302162163288,0.957129858096682,0.9350677145621996,0.6256696416983442,0.7648813515401072,0
Kepler-186 d,1.4,7.204,379.0,0.0781,3788.0,0.472,0.478,2.54,2014,0.1885812558680632,0.6431431651399564,0.0457494402668966,0.0019920268436124,0.1205341118814712,synthetic_turbet2020_based,2.104621840210134,0.8754687373538999,0.8774738612749162,0.901294435433536,0.542835954186339,0.6994676724920182,0
KOI-351 c,1.19,236.315,987.0,0.089,6080.0,1.2,1.2,1.81,2013,0.1510468304924322,0.5110866063316815,0.0100963257526784,0.0041004659687104,0.3236697714544974,synthetic_turbet2020_based,5.469388372569137,0.7839015438284094,0.672229762576792,0.9495852325278497,0.6950024460127664,0.8123817201934427,0
Kepler-415 b,1.21,69.834,694.0,0.0426,4362.0,0.643,0.67,119.9,2014,0.0745554592278287,0.6266094680142853,0.0368735592750289,0.0041931424651544,0.2577683710177025,synthetic_turbet2020_based,4.260339111416777,0.7929925155296614,0.7380384865171429,0.94467734756943,0.0124138345663735,0.108291589291724,0
Kepler-54 c,1.23,3.07,395.0,0.0809,3705.0,0.5,0.51,0.7,2012,0.0665623187423783,0.7169014388069667,0.0476761039158941,0.0018184133896928,0.1670417251450681,synthetic_turbet2020_based,1.4036429994545037,0.8020015854720274,0.831139861465239,0.9398387031833424,0.8124126035284491,0.8738059325445099,0
Kepler-59 b,1.1,187.51,864.0,0.09943,6074.0,0.94,1.04,4.1,2012,0.1479868515938631,0.6014707548150711,0.0255888599159379,0.0055282050351211,0.2194253286400066,synthetic_turbet2020_based,5.239151055878821,0.7419373447293773,0.7750464663248722,0.9725727553617304,0.3672839977649921,0.5976708205246178,0
Kepler-62 b,1.31,80.326,750.0,0.0553,4925.0,0.64,0.69,9.0,2013,0.0528825206834918,0.469700337092487,0.043078192775832,0.0059558655489436,0.4283830838992455,synthetic_turbet2020_based,4.398465768625654,0.8372475245337022,0.5656610505518108,0.9211455724788268,0.1786907597534483,0.4057095046825582,0
Kepler-207 b,1.57,4097.318,1930.0,0.029,5920.0,1.588,1.313,3.09,2014,0.0795335215835051,0.7729117790212348,0.0395694118833063,0.0030760528689033,0.1049092346430504,synthetic_turbet2020_based,8.318331924616908,0.9439058989071284,0.8920147124880462,0.8668126032440396,0.4651126546095512,0.6349531564956985,0
Kepler-120 c,1.53,16.625,455.0,0.088,4096.0,0.534,0.654,2.96,2014,0.0773950989499185,0.4029855281647072,0.0225653909639217,0.0097676098443888,0.4872863720770636,synthetic_turbet2020_based,2.869318348698332,0.9282193027394288,0.5029460180785474,0.8745978400564075,0.4814689076156548,0.6489157623721046,0
Kepler-280 b,1.45,821.894,1425.0,0.032,5744.0,0.886,0.962,2.7,2014,0.1698746543117376,0.6840765579204418,0.0416709968282076,0.0023103787445517,0.1020674121950612,synthetic_turbet2020_based,6.712827395298174,0.8960880245566356,0.8956222090603869,0.890763533639964,0.5177573235633603,0.6791165902150154,0
Kepler-111 b,1.58,677.503,1356.0,0.046,5952.0,1.157,1.171,3.12,2014,0.1304507954581014,0.4202377651596413,0.0219583105687168,0.0098910475620613,0.417462081251479,synthetic_turbet2020_based,6.519888900783204,0.947789398933526,0.5726468711864595,0.8648959533125186,0.461489765631797,0.6317757757227511,0
Kepler-226 b,1.55,270.402,1018.0,0.047,5571.0,0.802,0.904,24.0,2014,0.1904144700995825,0.6404201258141765,0.0178452007857113,0.0071158946975569,0.1442043086029726,synthetic_turbet2020_based,5.603601116570374,0.9360933591703348,0.8486797966994704,0.870681255197205,0.0670357212011858,0.2415921064076771,0
Kepler-333 b,1.32,16.819,480.0,0.087,4259.0,0.534,0.601,28.2,2014,0.1014622525319096,0.4197150985542885,0.0220935478140999,0.0091502659175511,0.4475788351821507,synthetic_turbet2020_based,2.880265303745277,0.8415671856782186,0.543270898900298,0.9188803114532664,0.0567730784977564,0.2284024169140492,0
Kepler-197 d,1.22,109.091,810.0,0.119,6004.0,1.12,0.857,1.98,2014,0.0507824481597341,0.6548416293155889,0.0143125538012168,0.0053087357321384,0.2747546329913216,synthetic_turbet2020_based,4.7013072965182126,0.7975071958841881,0.7199366312765397,0.9422494705499432,0.6526655546576766,0.784202635370719,0
Kepler-286 c,1.37,353.0,1098.0,0.042,5580.0,0.863,0.83,2.45,2014,0.1306212086959588,0.5340644997314754,0.0413984345648264,0.0067558296916692,0.28716002731607,synthetic_turbet2020_based,5.869296913133774,0.8628899551470398,0.7060841429922606,0.9077798538222356,0.5580018819048614,0.7117182495820431,0
Kepler-345 c,1.2,25.83,575.0,0.077,4504.0,0.623,0.61,2.2,2014,0.1683539182344693,0.7316207566491273,0.0154917534750559,0.0031422822363455,0.0813912894050019,synthetic_turbet2020_based,3.2895206644375325,0.7884573603642702,0.9154664283586526,0.947122533919042,0.6047719202861447,0.7568309676436993,0
Kepler-273 b,1.5,285.636,1209.0,0.037,5626.0,0.815,0.756,2.86,2014,0.1795150634083806,0.7169890662235109,0.0410319510960434,0.0090665269416272,0.0533973923304377,synthetic_turbet2020_based,5.658213118112838,0.9162907318741552,0.9375360807279348,0.8805647427246953,0.4948273312024517,0.6600965850490628,0
Kepler-306 b,1.52,127.255,830.0,0.05,4954.0,0.719,0.75,2.92,2014,0.1076285014880461,0.5600219863549528,0.0356020923681454,0.007640240840329,0.2891071789485264,synthetic_turbet2020_based,4.8540204696457065,0.924258901523332,0.7032525802111443,0.8765744124617892,0.4867276335533318,0.6531867951902648,0
Kepler-207 c,1.5,1742.715,1556.0,0.044,5920.0,1.588,1.313,2.86,2014,0.0767942928419363,0.7801359388720346,0.0125676592813448,0.0060005969307272,0.1245015120739569,synthetic_turbet2020_based,7.463773173683649,0.9162907318741552,0.8694978909953157,0.8805647427246953,0.4948273312024517,0.6600965850490628,0
Kepler-224 b,1.39,201.489,937.0,0.038,5018.0,0.676,0.777,2.51,2014,0.0635295435512183,0.6272003900792547,0.0256043884982287,0.0017344848835214,0.2819311929877768,synthetic_turbet2020_based,5.310685564083501,0.8712933659434193,0.7163343221287016,0.9034420362640322,0.5478018325316079,0.7034964129627984,0
Kepler-119 c,0.92,367.322,1016.0,0.049,5595.0,0.839,0.918,0.721,2014,0.1668186212189905,0.6387574805895255,0.0423740581207298,0.0063232960696333,0.1457265440011208,synthetic_turbet2020_based,5.908957555579592,0.6523251860396903,0.8479501599292458,0.9760329038085522,0.8275748754868603,0.8987437392496491,0
Kepler-130 b,1.02,221.731,982.0,0.079,5884.0,1.127,0.927,1.04,2014,0.169598187102273,0.7906090004533203,0.0256383923187289,0.002349479592342,0.0118049405333355,synthetic_turbet2020_based,5.405964765294256,0.7030975114131134,0.9858455798743222,0.9943443650746095,0.9790340945082466,0.986659533522176,0
Kepler-228 b,1.53,863.776,1360.0,0.038,6043.0,1.014,1.006,2.96,2014,0.182315744400151,0.7826993473816755,0.020128625724132,0.0028619463781096,0.0119943361159318,synthetic_turbet2020_based,6.762470513858497,0.9282193027394288,0.9851437175059584,0.8745978400564075,0.4814689076156548,0.6489157623721046,0
Kepler-301 b,1.35,665.437,1278.0,0.036,5815.0,0.9,1.022,2.39,2014,0.1105280213454975,0.6593410662838584,0.031978158678524,0.0088727930410517,0.1892799606510682,synthetic_turbet2020_based,6.501945611520216,0.8544153281560676,0.80184724630788,0.9121755265265906,0.5685758617789647,0.7201673320059284,0
Kepler-138 e,0.797,1.73,292.0,0.1803,3841.0,0.535,0.535,0.43,2022,0.3330765707531273,0.1072121110992808,0.0413435708386207,0.0382555151924603,0.4801122321165106,synthetic_turbet2020_based,1.0043016091968684,0.586118607801422,0.4816322526910288,0.93395496838419,0.5803684332421395,0.7362322878819186,0
Kepler-157 b,1.32,1572.309,1546.0,0.028,5774.0,1.044,0.95,2.3,2014,0.0783067697106715,0.7605881599168641,0.0413557445926242,0.0041002993314229,0.1156490264484171,synthetic_turbet2020_based,7.360936323690195,0.8415671856782186,0.8802506742201599,0.9188803114532664,0.5851836449242382,0.7332896630291073,0
Kepler-162 b,1.26,305.946,961.0,0.069,5816.0,0.958,1.053,2.13,2014,0.1921465309221441,0.4955690851169296,0.026272818138002,0.0083217278029111,0.2776898380200131,synthetic_turbet2020_based,5.726671836350251,0.8153648132841945,0.7139884341770757,0.93270710962285,0.6192551886810161,0.7599892875255697,0
Kepler-249 d,1.57,4.474,332.0,0.097,3568.0,0.482,0.510238,3.09,2014,0.232865911061088,0.1469250645816291,0.0247414187048595,0.0300288428949872,0.565438762757436,synthetic_turbet2020_based,1.7000096106184874,0.9439058989071284,0.4045323943475766,0.8668126032440396,0.4651126546095512,0.6349531564956985,0
Kepler-295 b,1.22,287.5,741.0,0.099,5603.0,0.898,0.89,1.98,2014,0.1160451722220183,0.5879194030182789,0.0399492591084135,0.0096652668480554,0.2464208988032338,synthetic_turbet2020_based,5.664695085948154,0.7975071958841881,0.7439138343487107,0.9422494705499432,0.6526655546576766,0.784202635370719,0
Kepler-286 d,1.33,173.9,919.0,0.061,5580.0,0.863,0.83,2.33,2014,0.0712025500722784,0.7846163481968795,0.0423811982723608,0.0096264959772171,0.0921734074812641,synthetic_turbet2020_based,5.164214382024556,0.8458682675776092,0.8982000965415187,0.916630328327376,0.5795444691342634,0.7288539202219158,0
Kepler-285 b,1.34,428.407,1131.0,0.036,5411.0,0.808,0.915,2.36,2014,0.1678889800750308,0.6781504222653856,0.0121316738048934,0.0075095950223368,0.1343193288323533,synthetic_turbet2020_based,6.062405187128295,0.8501509293696101,0.8581710761453099,0.9143954551507116,0.5740094846869488,0.7244802716507523,0
Kepler-316 c,1.16,37.377,577.0,0.058,4204.0,0.52,0.587,1.65,2014,0.086565346215355,0.5500934566351687,0.0382539556293937,0.0060164759890962,0.3190707655309861,synthetic_turbet2020_based,3.647458321813148,0.7701082216960736,0.6749127584799175,0.9570804814200394,0.7399953832913482,0.8415670726027071,0
Kepler-85 d,1.2,38.39,626.0,0.13,5436.0,0.893,0.947,8.69679,2014,0.1741155745681941,0.4226147608688315,0.0219247610227205,0.0017035833974022,0.3796413201428515,synthetic_turbet2020_based,3.673511976982815,0.7884573603642702,0.618655096459746,0.947122533919042,0.1846758666185571,0.4182232355399001,0
Kepler-353 b,0.89,27.189,534.0,0.051,3903.0,0.504,0.553,0.64,2014,0.054747527107231,0.7675448981292476,0.0386747497759871,0.0066259905802162,0.1324068344073178,synthetic_turbet2020_based,3.3389318309246305,0.636576829071551,0.8609671750124657,0.9663983347822086,0.7670642636678022,0.860981780921934,0
Kepler-374 c,1.1,966.591,1467.0,0.042,5977.0,0.911,1.033,1.37,2014,0.1395332833693292,0.699432305244353,0.0212391220731893,0.0097908556403482,0.1300044336727802,synthetic_turbet2020_based,6.874809477328414,0.7419373447293773,0.8602047106868715,0.9725727553617304,0.8339141923324209,0.9005788270728968,0
Kepler-386 c,1.58,16.657,513.0,0.155,5178.0,0.767,0.825,3.12,2014,0.0712007139400487,0.5461723067599654,0.0271277880206731,0.0094005465459555,0.3460986447333573,synthetic_turbet2020_based,2.871132305320661,0.947789398933526,0.6445008087206872,0.8648959533125186,0.461489765631797,0.6317757757227511,0
Kepler-211 b,1.26,158.188,954.0,0.048,5123.0,0.816,0.867,2.13,2014,0.1810488097972837,0.4984227921947302,0.0295585629719993,0.0012674549202078,0.2897023801157788,synthetic_turbet2020_based,5.0700858936848805,0.8153648132841945,0.7090301649640132,0.93270710962285,0.6192551886810161,0.7599892875255697,0
Kepler-355 b,1.46,154.803,840.0,0.102,6184.0,1.066,0.933,2.73,2014,0.0513320289899673,0.6821812883757858,0.014731744898624,0.0059302741339973,0.2458246636016253,synthetic_turbet2020_based,5.048592388706976,0.9001613499442714,0.748245062264377,0.8886977619795139,0.5133028142280379,0.6754043694130528,0
Kepler-356 b,1.57,844.979,1294.0,0.057,6133.0,1.335,1.163,3.09,2014,0.154401122331503,0.4128938344918557,0.0279496559658272,0.0071573674328725,0.3975980197779414,synthetic_turbet2020_based,6.7404945366031,0.9439058989071284,0.595244612789186,0.8668126032440396,0.4651126546095512,0.6349531564956985,0
Kepler-387 b,1.03,304.081,994.0,0.068,5774.0,1.046,0.85,1.08,2014,0.0954949812329836,0.7971320259628117,0.0463447747901855,0.0053695129630863,0.0556587050509328,synthetic_turbet2020_based,5.720577315119432,0.708035793053696,0.9389717819859807,0.9915493996452732,0.958902226327212,0.97508918916849,0
Kepler-388 b,0.81,112.21,830.0,0.036,4498.0,0.586,0.635,0.457,2014,0.1584244873663093,0.6096035578475127,0.040437222087881,0.0084428398349018,0.1830918928633951,synthetic_turbet2020_based,4.729244501090018,0.5933268452777344,0.8084652673017031,0.9387431275910468,0.6071705647066049,0.75496834032554,0
Kepler-404 b,1.27,44.534,730.0,0.102,5654.0,0.884,0.86,2.15,2014,0.0534833832735563,0.4316528118802597,0.023458696635069,0.0092585226936911,0.4821465855174237,synthetic_turbet2020_based,3.818459299649831,0.8197798314933114,0.508594891788885,0.9303628468419938,0.6150491219123869,0.7564514868847022,0
Kepler-378 b,0.75,17.819,503.0,0.112,4661.0,0.671,0.78,0.347,2014,0.1988404893008494,0.5571947619003755,0.0135678167498977,0.0062300333302654,0.2241668987186119,synthetic_turbet2020_based,2.934866997782716,0.5596157879354227,0.7696030679511227,0.9158836999383776,0.4918484487107736,0.6711750718062871,0
Kepler-389 b,1.51,167.058,1047.0,0.041,5376.0,0.792,0.765,2.89,2014,0.1879460108939434,0.7146782795447001,0.0434487323674894,0.0093540861649209,0.044572891028946,synthetic_turbet2020_based,5.124309157917539,0.9202827531436926,0.9460730228061328,0.8785633377250446,0.4907451564981838,0.65662066877722,0
Kepler-163 b,1.05,115.612,906.0,0.078,5776.0,0.917,0.882,1.16,2014,0.1727776085381692,0.6752591206163823,0.0112202030676255,0.0040203806449154,0.1367226871329073,synthetic_turbet2020_based,4.7588521845728815,0.7178397931503169,0.8592569322221769,0.9860237975973268,0.920951122639994,0.9529321714303742,0
Kepler-390 b,0.82,99.972,786.0,0.065,5166.0,0.776,0.787,0.477,2014,0.1200066883859715,0.5442469961547259,0.0146966755283365,0.002866116560545,0.3181835233704209,synthetic_turbet2020_based,4.614843250683778,0.598836501088704,0.678950360069034,0.9423675050163746,0.6264402164507146,0.7683338491948519,0
Kepler-237 b,1.41,124.961,823.0,0.05,4861.0,0.725,0.696,2.57,2014,0.1716762036543706,0.5526120682162575,0.0493702046915971,0.0042830806761297,0.2220584427616448,synthetic_turbet2020_based,4.835972335229573,0.8796267475025635,0.7736584765622253,0.8991608377123578,0.5379564315773541,0.6954921679428492,0
Kepler-235 c,1.28,14.2,555.0,0.065,4255.0,0.554,0.581,2.18,2014,0.1246500241012952,0.5898102379210188,0.0273465520987697,0.0086106823148765,0.2495825035640396,synthetic_turbet2020_based,2.7212954278522306,0.8241754429663494,0.7418068141210837,0.928034741837642,0.6088426631951414,0.7516828744610625,0
Kepler-363 b,1.16,1000.243,1347.0,0.048,5593.0,1.485,1.226,1.65,2014,0.073291285632202,0.6270658825655933,0.0347440630942169,0.0086609917726243,0.2562377769353634,synthetic_turbet2020_based,6.908997507097206,0.7701082216960736,0.7351012312920121,0.9570804814200394,0.7399953832913482,0.8415670726027071,0
Kepler-272 b,1.43,801.741,1200.0,0.038,5297.0,0.929,0.91,78.0,2014,0.1413800239889162,0.7840081391151124,0.0448867084904371,0.0041386595351745,0.0255864688703596,synthetic_turbet2020_based,6.68803212144617,0.8878912573524571,0.9702748715944656,0.894935058413526,0.0195722659190291,0.1323476744923439,0
Kepler-353 c,1.38,16.561,472.0,0.065,3903.0,0.504,0.553,2.48,2014,0.1789859667936252,0.7833911256373823,0.0202878872369834,0.0064918792599796,0.0108431410720293,synthetic_turbet2020_based,2.865680534193717,0.8671004876833833,0.9826649796679908,0.905603791277757,0.5528563527481881,0.7075795425821412,0
Kepler-173 b,1.29,599.495,1179.0,0.048,6031.0,0.949,1.067,2.21,2014,0.1129729742893014,0.6349228714705748,0.0110344961009399,0.0072589730968929,0.2338106850422909,synthetic_turbet2020_based,6.397754315090703,0.8285518175661483,0.7589303418608161,0.9257226131049422,0.6027562339006599,0.7469839863824476,0
Kepler-141 c,1.41,77.412,738.0,0.067,4910.0,0.787,0.878,2.57,2014,0.1153143412994213,0.7775916485145453,0.0191117610661522,0.0070825511083172,0.0808996980115639,synthetic_turbet2020_based,4.361976976868178,0.8796267475025635,0.9120177508801188,0.8991608377123578,0.5379564315773541,0.6954921679428492,0
Kepler-367 c,1.2,3.761,357.0,0.253,4710.0,0.695,0.768,1.87,2014,0.1051629650892161,0.4451361373269422,0.023823278100471,0.0041511246246386,0.421726494858732,synthetic_turbet2020_based,1.5604577302123817,0.7884573603642702,0.5741223805166293,0.947122533919042,0.6794671515451294,0.8022086077113463,0
Kepler-49 e,1.56,6.063,371.0,0.116,4252.0,0.559,0.549,1.03815,2014,0.0988053159455277,0.7463317150129967,0.037145824087862,0.006204776067268,0.1115123688863454,synthetic_turbet2020_based,1.9548698904267847,0.9400072584914712,0.8822828550463864,0.8687409977830233,0.979984986023117,0.92268799416168,0
Kepler-392 b,1.0,450.654,1125.0,0.059,5938.0,1.129,0.874,0.972,2014,0.0743799782325358,0.52124654135868,0.0168473846584429,0.0070938884712233,0.3804322072791178,synthetic_turbet2020_based,6.112916399972001,0.6931471805599453,0.6124739042496588,1.0,0.9848148858172576,0.9923783985039464,0
Kepler-374 d,1.31,548.099,1272.0,0.056,5977.0,0.911,1.033,2.27,2014,0.1140532222851467,0.4399311527259839,0.0260370553062594,0.0098543965701598,0.4101241731124501,synthetic_turbet2020_based,6.308278753121267,0.8372475245337022,0.5800214303173901,0.9211455724788268,0.5909299475571828,0.7377889297335953,0
Kepler-375 b,1.45,64.444,851.0,0.101,5826.0,0.837,0.891,2.7,2014,0.1630449921205042,0.7940183502740872,0.039841945026824,0.0064729906462592,-0.0033782780676747,synthetic_turbet2020_based,4.18119481512083,0.8960880245566356,0.9969052874214154,0.890763533639964,0.5177573235633603,0.6791165902150154,0
Kepler-246 c,1.5,43.208,667.0,0.095,5206.0,0.831,0.853,2.86,2014,0.0543794907638871,0.7373017452448932,0.0350333566122553,0.0047476463935716,0.1685377609853925,synthetic_turbet2020_based,3.7889057681810607,0.9162907318741552,0.8267145926210356,0.8805647427246953,0.4948273312024517,0.6600965850490628,0
Kepler-326 c,1.4,303.62,889.0,0.051,5105.0,0.801,0.91,17.4,2014,0.0702314102568847,0.443677898909095,0.0102544788933554,0.0076955989669454,0.4681406129737194,synthetic_turbet2020_based,5.719065098187358,0.8754687373538999,0.5241637880593351,0.901294435433536,0.0930565665799081,0.289605534544873,0
Kepler-393 b,1.29,429.813,1052.0,0.091,6189.0,1.382,1.256,2.21,2014,0.1672514736811,0.5561254682266205,0.0126368555606262,0.0081340069081098,0.2558521956235433,synthetic_turbet2020_based,6.065674121242905,0.8285518175661483,0.7360137974683467,0.9257226131049422,0.6027562339006599,0.7469839863824476,0
Kepler-255 b,1.55,174.395,971.0,0.063,5573.0,0.933,0.867,3.02,2014,0.0943110737486231,0.5974545634256989,0.0111584372032519,0.0032768909029799,0.293799034719446,synthetic_turbet2020_based,5.167040573260391,0.9360933591703348,0.702924074377574,0.870681255197205,0.4737838127296655,0.642273060901345,0
Kepler-189 b,1.21,45.389,678.0,0.088,5235.0,0.75,0.803,1.92,2014,0.1977234415851029,0.4452210584130022,0.0382240795784654,0.008651657143368,0.3101797632800614,synthetic_turbet2020_based,3.837062362161403,0.7929925155296614,0.6811685795765705,0.94467734756943,0.6670255111340399,0.7938034332372518,0
Kepler-137 b,1.47,86.33,742.0,0.077,5187.0,0.802,0.85,2.76,2014,0.1231916730243626,0.4409251700332197,0.0449014443587987,0.0060448350993985,0.3849368774842202,synthetic_turbet2020_based,4.469694046425642,0.904218150639886,0.609018287416381,0.8866451323918264,0.5089218547556272,0.6717388520004608,0
Kepler-339 b,1.42,159.945,1023.0,0.055,5631.0,0.802,0.87,2.6,2014,0.0652062624028878,0.7736164767973084,0.036091681785235,0.0018534070117355,0.1232321720028332,synthetic_turbet2020_based,5.081062691713966,0.883767540168595,0.8749144209854312,0.8970410942572271,0.533161056084935,0.6915687797795451,0
Kepler-126 b,1.52,298.088,1009.0,0.099,6239.0,1.358,1.108,4.11726105,2014,0.0520058199680812,0.586159064041702,0.0437521997238067,0.0093525183638701,0.30873039790254,synthetic_turbet2020_based,5.700737844469976,0.924258901523332,0.68191708373359,0.8765744124617892,0.3659585454933637,0.5663831715377994,0
Kepler-380 b,1.19,808.093,1317.0,0.05,6045.0,1.224,0.99,1.81,2014,0.1013832056624659,0.6569746352660177,0.0190729375347533,0.0060419176388623,0.2165273038979005,synthetic_turbet2020_based,6.695913867188184,0.7839015438284094,0.7774307784632369,0.9495852325278497,0.6950024460127664,0.8123817201934427,0
TOI-2095 c,1.33,1.84,297.0,0.137,3759.0,0.44,0.44,7.4,2023,0.3221082726116272,0.1564918259225408,0.0154256707470344,0.0371276487161445,0.4688465820026528,synthetic_turbet2020_based,1.043804052173115,0.8458682675776092,0.4940257692812024,0.916630328327376,0.2153392813114842,0.4442820231905934,0
Kepler-362 c,1.45,36.667,543.0,0.207,5788.0,0.722,0.904,2.7,2014,0.0580738103662417,0.4016903704820418,0.043445016644741,0.0028020864027014,0.4939887161042738,synthetic_turbet2020_based,3.628784379562596,0.8960880245566356,0.5032091974930245,0.890763533639964,0.5177573235633603,0.6791165902150154,0
Kepler-381 c,1.12,225.331,1180.0,0.117,6152.0,1.568,1.144,1.46,2014,0.1547602393540068,0.4090965853756692,0.0410677629342673,0.0055629893620158,0.3895124229740407,synthetic_turbet2020_based,5.421998529559095,0.7514160886839212,0.6049245876639433,0.9673322272612818,0.8013117863738329,0.8804173527615844,0
Kepler-398 b,0.93,81.287,755.0,0.044,4493.0,0.613,0.649,0.749,2014,0.102052893362427,0.6907538626046712,0.0374426251858507,0.0037952941408205,0.1659553247062304,synthetic_turbet2020_based,4.410213136518509,0.6575200029167941,0.8302493811529489,0.9791623637659732,0.8472518858006755,0.910822243473318,0
Kepler-206 d,1.19,44.17,681.0,0.163,5764.0,1.185,0.957,1.81,2014,0.1644549400207087,0.5050270849871608,0.0380862798112993,0.0083493734220204,0.2840823217588106,synthetic_turbet2020_based,3.8104331496665127,0.7839015438284094,0.7075683048191688,0.9495852325278497,0.6950024460127664,0.8123817201934427,0
Kepler-141 b,0.69,228.663,968.0,0.039,4910.0,0.787,0.878,0.257,2014,0.164757496337443,0.7083386338352134,0.0455402822904866,0.0017576068823244,0.0796059806545325,synthetic_turbet2020_based,5.436613017051196,0.5247285289349821,0.918636412463143,0.8909137416050414,0.3840977739455823,0.5849769097392017,0
Kepler-366 b,1.46,1873.311,1326.0,0.045,6209.0,1.048,1.088,2.73,2014,0.1196769303125102,0.5675504038443834,0.0296496358604229,0.0093518506004988,0.2737711793821846,synthetic_turbet2020_based,7.535996404205425,0.9001613499442714,0.7168769700173164,0.8886977619795139,0.5133028142280379,0.6754043694130528,0
Kepler-367 b,1.3,5.985,401.0,0.201,4710.0,0.695,0.768,2.24,2014,0.1217486578751337,0.6058505304854577,0.0454672842367387,0.0083598219461334,0.2185737054565363,synthetic_turbet2020_based,1.943764992708925,0.832909122935104,0.7730664725973301,0.9234262819589574,0.5967864231938658,0.7423531961899917,0
Kepler-383 b,1.32,20.91,545.0,0.095,4710.0,0.672,0.669,2.3,2014,0.13292751689156,0.4844707680051381,0.0396542036270122,0.0070258535435014,0.3359216579327883,synthetic_turbet2020_based,3.086943153607375,0.8415671856782186,0.6570524885237103,0.9188803114532664,0.5851836449242382,0.7332896630291073,0
Kepler-402 c,1.56,353.973,1140.0,0.068,6090.0,1.264,1.072,3.05,2014,0.1497138003534827,0.66488105371931,0.0310065897966625,0.0051752948017946,0.14922326132875,synthetic_turbet2020_based,5.872041730244958,0.9400072584914712,0.8456014438694551,0.8687409977830233,0.4700296131326776,0.6390101682293098,0
Kepler-369 c,1.41,4.21,391.0,0.094,3591.0,0.471,0.5,2.57,2014,0.0870083576202878,0.7847661025460075,0.0444080545147489,0.0060494412647099,0.0777680440542457,synthetic_turbet2020_based,1.6505798557652755,0.8796267475025635,0.9161825146810444,0.8991608377123578,0.5379564315773541,0.6954921679428492,0
Kepler-147 b,1.53,224.61,953.0,0.113,6012.0,1.468,1.145,2.96,2014,0.0582683920883231,0.41371429362139,0.0327444407189349,0.0028295130042001,0.4924433605671516,synthetic_turbet2020_based,5.41880784488266,0.9282193027394288,0.504727126428648,0.8745978400564075,0.4814689076156548,0.6489157623721046,0
Kepler-132 d,1.55,68.6,758.0,0.136,6003.0,1.178,0.929,3.02,2014,0.1406456245325288,0.712569211418871,0.0155243904473949,0.0049654740177057,0.1262952995834995,synthetic_turbet2020_based,4.242764567340374,0.9360933591703348,0.8687392263987948,0.870681255197205,0.4737838127296655,0.642273060901345,0
Kepler-200 c,1.59,126.361,806.0,0.09,5678.0,0.944,0.972,3.15,2014,0.1533000625174033,0.7335454282691886,0.0298537636014542,0.0028553822821541,0.0804453633297995,synthetic_turbet2020_based,4.847025573824042,0.9516578757114464,0.916699254388046,0.8629909313522593,0.4579210752769188,0.628634818665858,0
Kepler-310 b,1.19,45.97,665.0,0.111,5797.0,0.876,0.854,1.81,2014,0.0871086318367705,0.5391524799519273,0.0476872581914418,0.0032553868277389,0.3227962431921215,synthetic_turbet2020_based,3.849509100038904,0.7839015438284094,0.6739483699801396,0.9495852325278497,0.6950024460127664,0.8123817201934427,0
Kepler-220 e,1.33,4.274,341.0,0.226,4632.0,0.666,0.729,2.33,2014,0.3927033525693706,0.147122046919563,0.0180525274015517,0.0348350117432903,0.4072870613662243,synthetic_turbet2020_based,1.662789087931095,0.8458682675776092,0.5578779268904853,0.916630328327376,0.5795444691342634,0.7288539202219158,0
Kepler-311 c,1.43,72.456,744.0,0.145,5905.0,1.188,0.994,2.63,2014,0.0529053599046338,0.4329659162825388,0.0245947290390309,0.0097751469508733,0.4797588478229231,synthetic_turbet2020_based,4.2966865875068665,0.8878912573524571,0.5104660052262034,0.894935058413526,0.5284476933576645,0.6876964209035369,0
Kepler-282 c,1.2,116.117,717.0,0.106,5602.0,0.904,0.86,1.87,2014,0.1320870498214046,0.7018904412061869,0.0228598300892623,0.0074740515893499,0.135688627293796,synthetic_turbet2020_based,4.76317343513084,0.7884573603642702,0.8568373211168538,0.947122533919042,0.6794671515451294,0.8022086077113463,0
Kepler-314 b,0.83,488.674,1195.0,0.035,5378.0,0.95,0.99,0.498,2014,0.1827218829125014,0.6361535401476557,0.0132847163515816,0.0024471121659358,0.1653927484223254,synthetic_turbet2020_based,6.193739863567894,0.6043159668533294,0.8321601394117387,0.9459419572771948,0.6461596755638238,0.7818117089276936,0
Kepler-316 b,1.06,164.776,837.0,0.027,4204.0,0.52,0.587,1.2,2014,0.06153113670107,0.4431972458596244,0.0490780949757231,0.0029095056929453,0.443284016770637,synthetic_turbet2020_based,5.110637479509396,0.7227059828014898,0.5538064775364175,0.9832926251973656,0.9030459035232964,0.9423154339971032,0
Kepler-372 b,1.36,384.627,1081.0,0.075,6509.0,1.137,1.202,2.42,2014,0.1584590895612063,0.4292972647666044,0.0336480004727848,0.0049263339916118,0.3736693112077925,synthetic_turbet2020_based,5.9548705810319404,0.8586616190375187,0.6214043548005955,0.9099703795625944,0.5632408716046826,0.7159137585766036,0
Kepler-205 b,1.51,102.562,757.0,0.032,4321.0,0.546,0.592,2.89,2014,0.087542988969961,0.7229555956104555,0.0170357026668873,0.0093968358390815,0.1630688769136145,synthetic_turbet2020_based,4.640170467172712,0.9202827531436926,0.8275342872473038,0.8785633377250446,0.4907451564981838,0.65662066877722,0
Kepler-361 b,1.45,411.905,1060.0,0.086,6169.0,1.343,1.191,2.7,2014,0.1826847542481781,0.5442350188648333,0.0222061172343437,0.0022373801507701,0.2486367295018747,synthetic_turbet2020_based,6.0232175422883305,0.8960880245566356,0.7491258903473551,0.890763533639964,0.5177573235633603,0.6791165902150154,0
Kepler-295 d,1.36,104.962,533.0,0.192,5603.0,0.898,0.89,2.42,2014,0.1723790889675159,0.5049268708665111,0.0316593745666679,0.0067513498896748,0.28428331570963,synthetic_turbet2020_based,4.663080539272925,0.8586616190375187,0.7089653344006949,0.9099703795625944,0.5632408716046826,0.7159137585766036,0
Kepler-378 c,0.7,8.166,414.0,0.166,4661.0,0.671,0.78,0.271,2014,0.1979075535025489,0.7815745599449473,0.0276885455406951,0.0057154169619122,-0.0128860759501037,synthetic_turbet2020_based,2.215500986086932,0.5306282510621704,1.0071706589881912,0.8952350869353433,0.4017385405388567,0.5997086269719499,0
Kepler-322 b,1.01,735.179,1373.0,0.027,5388.0,0.89,0.908,1.01,2014,0.1287614738487913,0.4590962769940871,0.046767437755664,0.0020354057411105,0.3633394056603469,synthetic_turbet2020_based,6.601473295680703,0.6981347220709844,0.6346251885985423,0.997161138548408,0.994677545305754,0.9959185677381568,0
Kepler-386 b,1.39,43.262,651.0,0.096,5178.0,0.767,0.825,2.51,2014,0.1512528291306429,0.4560694975976955,0.0122934961368686,0.006628223263912,0.373755953870881,synthetic_turbet2020_based,3.79012652113022,0.8712933659434193,0.619615822865207,0.9034420362640322,0.5478018325316079,0.7034964129627984,0
Kepler-250 b,1.13,148.103,938.0,0.048,5160.0,0.805,0.806,1.51,2014,0.1126588681735244,0.6872412221750686,0.0120876880990773,0.0059957468963233,0.1820164746560063,synthetic_turbet2020_based,5.00463734229262,0.7561219797213337,0.8119877784476703,0.9647409729174052,0.7842440156045886,0.8698231628434734,0
Kepler-392 c,1.1,185.098,901.0,0.093,5938.0,1.129,0.874,1.37,2014,0.1714532461712339,0.7416503031123105,0.0230439955835485,0.0057524322587518,0.0581000228741551,synthetic_turbet2020_based,5.226273416680193,0.7419373447293773,0.936147544867093,0.9725727553617304,0.8339141923324209,0.9005788270728968,0
Kepler-402 e,1.46,157.481,931.0,0.102,6090.0,1.264,1.072,2.73,2014,0.0772043071767365,0.5383669489818615,0.0390849466126859,0.0058684925876894,0.3394753046410264,synthetic_turbet2020_based,5.065634712314861,0.9001613499442714,0.654656202771284,0.8886977619795139,0.5133028142280379,0.6754043694130528,0
Kepler-402 d,1.38,214.277,1006.0,0.087,6090.0,1.264,1.072,2.48,2014,0.1293959306150394,0.4780983578182318,0.0376144924781473,0.0045283051095521,0.3503629139790292,synthetic_turbet2020_based,5.371925570981531,0.8671004876833833,0.6451087809114185,0.905603791277757,0.5528563527481881,0.7075795425821412,0
Kepler-127 b,1.4,159.163,884.0,0.125,6106.0,1.359,1.248,2.54,2014,0.0751922497886415,0.6930001650695096,0.04798903306379,0.0076885847265357,0.1761299673515229,synthetic_turbet2020_based,5.076192046660214,0.8754687373538999,0.816181447921941,0.901294435433536,0.542835954186339,0.6994676724920182,0
Kepler-376 b,1.07,689.912,1242.0,0.057,5900.0,1.175,0.968,1.24,2014,0.1923900444154726,0.6644842315880475,0.0415609893573628,0.009718251569602,0.0918464830695149,synthetic_turbet2020_based,6.538012463993503,0.7275486072772778,0.8984352653608829,0.9805821890690783,0.8858021207977835,0.9319880807681624,0
Kepler-383 c,1.24,6.44,406.0,0.172,4710.0,0.672,0.669,2.07,2014,0.0744572801736994,0.6693683912516247,0.044273490598617,0.0083779082975692,0.2035229296784895,synthetic_turbet2020_based,2.0068708488450007,0.8064758658669484,0.7880991620239411,0.9374448489778124,0.6322138905277648,0.769847812965313,0
Kepler-333 c,1.11,7.049,386.0,0.135,4259.0,0.534,0.601,1.41,2014,0.1138448664945772,0.4192371361384464,0.0472467769189499,0.0045629660426325,0.4151082544053939,synthetic_turbet2020_based,2.0855478601115967,0.7466879474879752,0.5803287795519735,0.9699427429156094,0.8191130777173722,0.8913432477778888,0
Kepler-334 d,1.41,39.475,656.0,0.168,5828.0,1.068,1.022,2.57,2014,0.1041464955884515,0.7038059777915252,0.0205588886196809,0.0085127313085056,0.1629759066918367,synthetic_turbet2020_based,3.7006844995636974,0.8796267475025635,0.8285113619996576,0.8991608377123578,0.5379564315773541,0.6954921679428492,0
Kepler-387 c,0.89,144.963,826.0,0.098,5774.0,1.046,0.85,0.64,2014,0.1359967086071455,0.4111136383628647,0.0483146358554699,0.0036091513638703,0.4009658658106494,synthetic_turbet2020_based,4.983353164933347,0.636576829071551,0.5954249828254801,0.9663983347822086,0.7670642636678022,0.860981780921934,0
Kepler-388 c,0.86,16.64,515.0,0.093,4498.0,0.586,0.635,0.566,2014,0.071133629265332,0.4021953584538362,0.0442756616554285,0.008768866382197,0.4736264842432063,synthetic_turbet2020_based,2.870169050578645,0.6205764877251099,0.5176046493745967,0.9563763687622634,0.7066241824027928,0.8220697474338696,0
Kepler-337 b,1.54,1589.012,1458.0,0.045,5684.0,1.761,1.081,2.99,2014,0.0642959906776565,0.4608965211555204,0.0279160892503107,0.0026713375575968,0.4442200613589154,synthetic_turbet2020_based,7.371496842355609,0.9321640810304452,0.5531086010834876,0.8726334954151859,0.4775964576720807,0.645574679069973,0
Kepler-134 c,1.26,128.086,892.0,0.092,5983.0,1.176,0.956,2.13,2014,0.1603731705255135,0.4232158982822889,0.0319883732954346,0.0044451240860251,0.3799774338107377,synthetic_turbet2020_based,4.860478848904833,0.8153648132841945,0.615577442103237,0.93270710962285,0.6192551886810161,0.7599892875255697,0
Kepler-320 c,1.37,101.619,1002.0,0.142,6435.0,1.108,1.072,2.45,2014,0.0960538309009346,0.4508425321728484,0.04020656817987,0.0093172852916855,0.4035797834546614,synthetic_turbet2020_based,4.6310231007771945,0.8628899551470398,0.587102931253653,0.9077798538222356,0.5580018819048614,0.7117182495820431,0
Kepler-292 c,1.47,242.416,1001.0,0.045,5299.0,0.826,0.865,2.76,2014,0.1684625805599977,0.6450463317736688,0.042529316624423,0.0046380720963957,0.1393236989455146,synthetic_turbet2020_based,5.494771913807904,0.904218150639886,0.8560382289580895,0.8866451323918264,0.5089218547556272,0.6717388520004608,0
Kepler-164 b,1.41,370.922,1141.0,0.058,5888.0,1.148,1.036,2.57,2014,0.140874943171207,0.7218791310590689,0.0196100797510111,0.0032563128623818,0.114379533156331,synthetic_turbet2020_based,5.918684154868409,0.8796267475025635,0.882364153981287,0.8991608377123578,0.5379564315773541,0.6954921679428492,0
Kepler-320 b,1.14,280.559,1292.0,0.085,6435.0,1.108,1.072,1.55,2014,0.141076702113027,0.7759519283417222,0.0219375990303505,0.0043907919690611,0.0566429785458391,synthetic_turbet2020_based,5.640342017092766,0.76080582903376,0.9389662294850998,0.96216874833496,0.7710882801633792,0.8613460659807738,0
Kepler-338 e,1.56,428.524,1143.0,0.08979,5999.0,1.735,1.14,8.5,2014,0.1989999952190434,0.4704888660826063,0.0130787267350121,0.0063077971499254,0.3111246148134126,synthetic_turbet2020_based,6.062677618792128,0.9400072584914712,0.6825675880366618,0.8687409977830233,0.1887721132715325,0.4049618179990813,0
Kepler-395 b,1.03,17.8,576.0,0.061,4262.0,0.556,0.622827,1.08,2014,0.0536400482632449,0.4721732925099291,0.0348883672276187,0.0069356116062219,0.4323626803929852,synthetic_turbet2020_based,2.933856869835904,0.708035793053696,0.5607017080007927,0.9915493996452732,0.958902226327212,0.97508918916849,0
Kepler-169 b,1.13,195.221,962.0,0.04,4997.0,0.763,0.825,1.51,2014,0.1757037880393128,0.4532984032871761,0.0482671776529393,0.0090256807208612,0.3137049502997104,synthetic_turbet2020_based,5.279241575042716,0.7561219797213337,0.6772693689794282,0.9647409729174052,0.7842440156045886,0.8698231628434734,0
Kepler-332 c,1.09,19.986,550.0,0.114,4955.0,0.72,0.743,1.32,2014,0.1624349993879198,0.609839905803449,0.0130596174100378,0.0032021867822929,0.2114632906163002,synthetic_turbet2020_based,3.04385554873572,0.7371640659767197,0.7853345226014067,0.9752225040992044,0.8531589508977451,0.9121511982610936,0
Kepler-299 b,1.32,622.067,1258.0,0.04,5617.0,1.032,1.004,2.3,2014,0.1178959704563745,0.6124021727646435,0.020003254292288,0.0068676439869789,0.242830958499715,synthetic_turbet2020_based,6.434654057146249,0.8415671856782186,0.7503013975133059,0.9188803114532664,0.5851836449242382,0.7332896630291073,0
Kepler-301 c,1.35,238.481,989.0,0.06,5815.0,0.9,1.022,2.39,2014,0.1540163327146814,0.4340237918683101,0.0249570830340568,0.0076993957108566,0.3793033966720949,synthetic_turbet2020_based,5.47847408176248,0.8544153281560676,0.6129972076170482,0.9121755265265906,0.5685758617789647,0.7201673320059284,0
Kepler-332 d,1.18,7.253,427.0,0.189,4955.0,0.72,0.743,1.76,2014,0.0552732967290715,0.41798138896454,0.0176634493986726,0.0064738766017625,0.5026079883059531,synthetic_turbet2020_based,2.1105767706105474,0.7793248768009976,0.4909181350922841,0.9520656496448564,0.708482908168274,0.821293029452646,0
Kepler-262 b,1.36,50.169,734.0,0.108,5841.0,0.881,0.816,2.42,2014,0.0526474811766684,0.5146975699028589,0.0123266756529319,0.0046329289326925,0.4156953443348482,synthetic_turbet2020_based,3.935133879925238,0.8586616190375187,0.5796717267324591,0.9099703795625944,0.5632408716046826,0.7159137585766036,0
Kepler-191 b,1.34,50.2,722.0,0.087,5282.0,0.789,0.857,2.36,2014,0.0836515097969382,0.7474000647846973,0.037611526693237,0.0015098519736983,0.1298270467514289,synthetic_turbet2020_based,3.9357395320454622,0.8501509293696101,0.8686631012748726,0.9143954551507116,0.5740094846869488,0.7244802716507523,0
Kepler-197 e,0.91,57.941,691.0,0.164,6004.0,1.12,0.857,0.693,2014,0.116115006305214,0.7071025973489925,0.0224357570688091,0.0044340289651653,0.1499126103118188,synthetic_turbet2020_based,4.076536943572136,0.6471032420585384,0.8456533607230156,0.972862966923833,0.807279104142302,0.8862121328392507,0
Kepler-446 b,1.5,16.213,648.0,0.0182,3359.0,0.24,0.22,2.86,2015,0.0643568491481506,0.7886758841718207,0.0365804936059752,0.0013020865934178,0.1090846864806357,synthetic_turbet2020_based,2.8456649122893687,0.9162907318741552,0.8896132269259464,0.8805647427246953,0.4948273312024517,0.6600965850490628,0
Kepler-445 b,1.58,17.657,401.0,0.0217,3157.0,0.21,0.18,3.12,2015,0.0771607056357831,0.5275495773691876,0.0390045726527828,0.0055826450457572,0.350702499296489,synthetic_turbet2020_based,2.926221410789862,0.947789398933526,0.6437148556577535,0.8648959533125186,0.461489765631797,0.6317757757227511,0
Kepler-446 d,1.35,3.307,436.0,0.0403,3359.0,0.24,0.22,2.39,2015,0.0565892215360077,0.4646760072645287,0.0474099821909278,0.0019284849346512,0.4293963040738845,synthetic_turbet2020_based,1.4602416060719736,0.8544153281560676,0.5686752109914642,0.9121755265265906,0.5685758617789647,0.7201673320059284,0
Kepler-406 b,1.43,826.933,1302.0,0.03599,5538.0,1.07,1.07,6.35,2014,0.0554307220184113,0.7881731668361293,0.0155802760362498,0.0030930601019724,0.1377227750072371,synthetic_turbet2020_based,6.718932233236836,0.8878912573524571,0.8591841648907903,0.894935058413526,0.2484131846696129,0.4715015036381009,0
Kepler-249 c,1.51,12.529,429.0,0.058,3568.0,0.482,0.510238,2.89,2014,0.1962450922857087,0.70841319866135,0.0474630672151402,0.0082595772352722,0.0396190646025288,synthetic_turbet2020_based,2.604835529621224,0.9202827531436926,0.9521213581621988,0.8785633377250446,0.4907451564981838,0.65662066877722,0
Kepler-55 d,1.59,195.005,931.0,0.029,4503.0,0.619,0.631,3.15,2014,0.1125567398877608,0.6703863627020255,0.029044018350682,0.0090779359461886,0.178934943113343,synthetic_turbet2020_based,5.278140169109219,0.9516578757114464,0.8119871209404683,0.8629909313522593,0.4579210752769188,0.628634818665858,0
Kepler-186 f,1.17,0.3,177.0,0.432,3755.0,0.523,0.544,1.71,2014,0.6914443232317964,0.0524329535817273,0.0100179810429702,0.0092885786872815,0.2368161634562244,synthetic_turbet2020_based,0.262364264467491,0.7747271675523681,0.7538952578564939,0.9545639949088476,0.7224785441354239,0.8304528916957532,3
Kepler-773 b,1.43,490.707,1160.0,0.04682,5850.0,1.01,1.04,2.63,2016,0.105638176579915,0.7554387615237153,0.025514122943947,0.0086066886474189,0.1048022503050037,synthetic_turbet2020_based,6.19788301063952,0.8878912573524571,0.8865910610475772,0.894935058413526,0.5284476933576645,0.6876964209035369,0
Kepler-450 d,0.837,557.205,1199.0,0.0827,6197.21,1.64162,1.19,17.6,2015,0.0694919078900642,0.6073003451043165,0.0223868910252765,0.0096910278120686,0.2911298281682741,synthetic_turbet2020_based,6.324726278425057,0.6081338062329886,0.6991791440196572,0.9484149462534778,0.0919863200433449,0.2953662146894328,0
Kepler-444 b,0.403,225.735,938.0,0.04178,5046.0,0.752,0.758,0.0374,2015,0.1651019406276319,0.7339817496639502,0.0259067948188156,0.0016012338723724,0.0734082810172297,synthetic_turbet2020_based,5.423781934657152,0.3386128011203239,0.9249904851103978,0.7291016840334721,0.059980796560012,0.2091222125494416,0
Kepler-444 e,0.546,81.344,727.0,0.0696,5046.0,0.752,0.758,0.1,2015,0.0892154387248862,0.6540624473131251,0.0151457276673389,0.0016246585746774,0.239951727719972,synthetic_turbet2020_based,4.410905594224258,0.4356709501652302,0.7584236137053503,0.820233484941633,0.1613659585928171,0.3638100638623588,0
Kepler-296 e,1.53,1.41,337.0,0.169,3740.0,0.48,0.498,2.96,2014,0.288692726917381,0.1861261319031638,0.0169766300901705,0.0432576082900383,0.4649469027992462,synthetic_turbet2020_based,0.8796267475025635,0.9282193027394288,0.4917954889107153,0.8745978400564075,0.4814689076156548,0.6489157623721046,1
Kepler-908 b,1.22,3304.101,1783.0,0.02526,5973.0,1.12,1.11,1.98,2016,0.1664983984976067,0.5661105722070817,0.0303689436838673,0.0052240891167734,0.2317979964946708,synthetic_turbet2020_based,8.10322231157679,0.7975071958841881,0.7629779143885558,0.9422494705499432,0.6526655546576766,0.784202635370719,0
Kepler-907 b,1.2,137.66,879.0,0.1225,6106.0,1.38,1.08,1.87,2016,0.1147778885380159,0.4474545606101798,0.0249345911992381,0.0094067624294175,0.4034261972231485,synthetic_turbet2020_based,4.9320248935143445,0.7884573603642702,0.5871670403474338,0.947122533919042,0.6794671515451294,0.8022086077113463,0
Kepler-910 b,0.82,2108.073,1752.0,0.03752,6230.0,1.5,1.26,0.477,2016,0.1984900268884296,0.6537694529854621,0.0354444856386849,0.0016494729688784,0.1106465615185449,synthetic_turbet2020_based,7.654003793440668,0.598836501088704,0.8877039655125765,0.9423675050163746,0.6264402164507146,0.7683338491948519,0
Kepler-847 b,1.18,292.31,1054.0,0.0315,4940.0,0.77,0.83,1.76,2016,0.1953487601365898,0.7571131558234883,0.0319112976905288,0.0037845002480578,0.0118422861013353,synthetic_turbet2020_based,5.6812300701856895,0.7793248768009976,0.9843732136506068,0.9520656496448564,0.708482908168274,0.821293029452646,0
Kepler-909 b,1.47,127.24,852.0,0.11873,6154.0,1.23,1.17,2.76,2016,0.154680222209941,0.7037316853306599,0.0282401078354622,0.0053022643875904,0.1080457202363464,synthetic_turbet2020_based,4.853903508301298,0.904218150639886,0.8866520153760631,0.8866451323918264,0.5089218547556272,0.6717388520004608,0
Kepler-923 b,1.38,390.636,1104.0,0.07592,5988.0,1.26,1.11,2.48,2016,0.1261437123333049,0.7066228774039591,0.0107027961872794,0.0060752397392593,0.1504553743361971,synthetic_turbet2020_based,5.9703328369723705,0.8671004876833833,0.8434693859245435,0.905603791277757,0.5528563527481881,0.7075795425821412,0
Kepler-787 b,1.28,493.553,1115.0,0.0159,4248.0,0.62,0.65,2.18,2016,0.1665510429648897,0.7586217088740648,0.0307722023826163,0.0013175559947593,0.0427374897836697,synthetic_turbet2020_based,6.203654324288166,0.8241754429663494,0.9559449542215708,0.928034741837642,0.6088426631951414,0.7516828744610625,0
Kepler-826 b,1.25,827.221,1305.0,0.05202,6079.0,1.15,1.05,2.1,2016,0.0777931368656034,0.6744665409407535,0.018584989964831,0.0084097387560741,0.2207455934727379,synthetic_turbet2020_based,6.71928002698416,0.8109302162163288,0.770844667771188,0.9350677145621996,0.6256696416983442,0.7648813515401072,0
Kepler-895 b,1.54,106.585,771.0,0.0328,4315.0,0.61,0.65,2.99,2016,0.1134276445204576,0.6342328053776973,0.0159810803525879,0.0040175471847603,0.2323409225644968,synthetic_turbet2020_based,4.678281232805414,0.9321640810304452,0.7636415302507429,0.8726334954151859,0.4775964576720807,0.645574679069973,0
Kepler-743 b,1.21,397.252,1101.0,0.04166,5486.0,0.85,0.94,1.92,2016,0.1828395530851938,0.5906190053654599,0.0397657290417375,0.005363006558467,0.1814127059491416,synthetic_turbet2020_based,5.987084970748672,0.7929925155296614,0.8132242874923912,0.94467734756943,0.6670255111340399,0.7938034332372518,0
Kepler-823 b,1.57,803.353,1277.0,0.0507,5643.0,0.96,0.98,3.09,2016,0.1197473864600695,0.6487702100334016,0.0203745804875847,0.0032482188937562,0.2078596041251879,synthetic_turbet2020_based,6.690038227549011,0.9439058989071284,0.7888921769810558,0.8668126032440396,0.4651126546095512,0.6349531564956985,0
Kepler-898 b,1.49,37.11,616.0,0.0545,4223.0,0.62,0.65,2.83,2016,0.054533706677715,0.4701650016788372,0.0475092385803008,0.0083466079322408,0.4194454451309062,synthetic_turbet2020_based,3.640476714885769,0.9122827104766162,0.572207946936853,0.8825787561567998,0.4989757127709202,0.6636153734881459,0
Kepler-821 b,1.31,496.82,1215.0,0.029,5191.0,0.8,0.84,2.27,2016,0.0652698178445879,0.4998175222243754,0.033780298783282,0.0015521750860674,0.3995801860616872,synthetic_turbet2020_based,6.210238565904249,0.8372475245337022,0.5988676388522454,0.9211455724788268,0.5909299475571828,0.7377889297335953,0
Kepler-901 b,1.37,68.723,704.0,0.0378,4184.0,0.57,0.59,2.45,2016,0.0952361861380271,0.6810656017659618,0.0140576508423457,0.0016447738878519,0.2079957873658133,synthetic_turbet2020_based,4.244530248985985,0.8628899551470398,0.7903594387463345,0.9077798538222356,0.5580018819048614,0.7117182495820431,0
Kepler-886 b,1.52,231.432,1111.0,0.06428,6098.0,1.16,1.1,2.92,2016,0.1017520142700163,0.6845979087154653,0.0148793946101327,0.0075216822779048,0.1912490001264808,synthetic_turbet2020_based,5.448597709130528,0.924258901523332,0.8012293175956143,0.8765744124617892,0.4867276335533318,0.6531867951902648,0
Kepler-905 b,1.41,185.771,928.0,0.05689,5461.0,0.86,0.95,2.57,2016,0.1698930677992494,0.602573416143963,0.028105955852522,0.0047846007342863,0.194642959469979,synthetic_turbet2020_based,5.229883267490119,0.8796267475025635,0.8005724397957343,0.8991608377123578,0.5379564315773541,0.6954921679428492,0
Kepler-756 b,1.12,2174.33,1741.0,0.0219,5282.0,0.79,0.82,1.46,2016,0.1409945099661375,0.6898314003131845,0.0458390646289824,0.003456503316525,0.1198785217751704,synthetic_turbet2020_based,7.684935656151772,0.7514160886839212,0.8766649749083043,0.9673322272612818,0.8013117863738329,0.8804173527615844,0
Kepler-757 b,1.36,3345.453,1734.0,0.019,6014.0,1.13,1.08,2.42,2016,0.1446164409365635,0.674537044587252,0.0369918855914757,0.0054370058300467,0.138417623054662,synthetic_turbet2020_based,8.115656257917943,0.8586616190375187,0.8561453711152913,0.9099703795625944,0.5632408716046826,0.7159137585766036,0
Kepler-466 c,1.25,410.4,1206.0,0.04658,5927.0,1.05,1.04,2.1,2016,0.0848948822840151,0.5984019078097376,0.0234152508731859,0.0080152478616425,0.2852727111714188,synthetic_turbet2020_based,6.019565977218857,0.8109302162163288,0.7067120409669385,0.9350677145621996,0.6256696416983442,0.7648813515401072,0
Kepler-882 b,1.23,259.029,903.0,0.04741,5476.0,0.87,0.9,2.04,2016,0.0948781778577805,0.7044798230109584,0.0109105648607488,0.0019370455778037,0.1877943886927086,synthetic_turbet2020_based,5.560793163257115,0.8020015854720274,0.8102685657294877,0.9398387031833424,0.6388918688197316,0.7748905119214706,0
Kepler-255 d,1.32,1686.09,1710.0,0.0192,5431.0,0.86,0.9,2.3,2016,0.1843967226086072,0.543986370863077,0.0203142055975281,0.0080991444040369,0.2432035565267507,synthetic_turbet2020_based,7.430760430263439,0.8415671856782186,0.7486972990692122,0.9188803114532664,0.5851836449242382,0.7332896630291073,0
Kepler-775 b,1.19,1496.75,1612.0,0.01834,5468.0,0.84,0.92,1.81,2016,0.1587470027366282,0.602135932454997,0.0255612103815543,0.0021141811337065,0.2114416732931139,synthetic_turbet2020_based,7.311719260964034,0.7839015438284094,0.7864441455731795,0.9495852325278497,0.6950024460127664,0.8123817201934427,0
Kepler-808 b,1.46,1428.3,1322.0,0.01314,4653.0,0.71,0.76,2.73,2016,0.1489509059617793,0.7716955467374985,0.0289764984135857,0.0050915604165753,0.045285488470561,synthetic_turbet2020_based,7.26494009291507,0.9001613499442714,0.9496229511128635,0.8886977619795139,0.5133028142280379,0.6754043694130528,0
Kepler-732 c,1.27,199.846,893.0,0.0143,3631.0,0.46,0.49,2.15,2016,0.1193609217236508,0.4841197177076235,0.0253376352511131,0.00944467742366,0.3617370478939525,synthetic_turbet2020_based,5.302538445247257,0.8197798314933114,0.6288182746823874,0.9303628468419938,0.6150491219123869,0.7564514868847022,0
Kepler-777 b,1.47,33.953,569.0,0.0519,4043.0,0.56,0.58,2.76,2016,0.1045331442620449,0.702686970729415,0.0469201740436443,0.0097335294659328,0.1361261814989628,synthetic_turbet2020_based,3.554004301905914,0.904218150639886,0.8541402890351042,0.8866451323918264,0.5089218547556272,0.6717388520004608,0
Kepler-779 b,0.92,15.028,425.0,0.0533,3804.0,0.44,0.46,0.721,2016,0.1921511220313034,0.6220230390889104,0.0296752029860348,0.0098887645789118,0.1462618713148394,synthetic_turbet2020_based,2.7743371927738982,0.6523251860396903,0.8438493641062486,0.9760329038085522,0.8275748754868603,0.8987437392496491,0
Kepler-1049 b,0.95,50.427,625.0,0.0349,3864.0,0.49,0.51,0.809,2016,0.1404336985023007,0.561851448975814,0.0320441200586051,0.00897530578316,0.2566954266801201,synthetic_turbet2020_based,3.940163326372456,0.6678293725756554,0.7343292675367198,0.985303043009012,0.8874578737811202,0.9351015685896616,0
Kepler-975 b,1.48,328.698,1599.0,0.02898,4897.0,0.75,0.8,2.79,2016,0.1006755104196159,0.5088473202554593,0.016041024265258,0.0022558929958554,0.3721802520638111,synthetic_turbet2020_based,5.798177083938571,0.9082585601768908,0.6255638549403332,0.8846055085684176,0.5046126583239607,0.6681191040875335,0
Kepler-1139 b,1.19,1717.276,1693.0,0.01664,5550.0,0.91,0.94,1.81,2016,0.1613234303937655,0.4479654123388272,0.0422950355934848,0.0068274013836122,0.34158872029031,synthetic_turbet2020_based,7.449076741561901,0.7839015438284094,0.6515838783260774,0.9495852325278497,0.6950024460127664,0.8123817201934427,0
Kepler-1055 b,1.23,647.256,1304.0,0.0335,5723.0,0.94,0.98,2.04,2016,0.1275132862739688,0.561403851301302,0.0154537681231074,0.0071759159203254,0.2884531783812962,synthetic_turbet2020_based,6.474285680064332,0.8020015854720274,0.7043709056983781,0.9398387031833424,0.6388918688197316,0.7748905119214706,0
Kepler-974 b,1.57,28.511,577.0,0.0419,3687.0,0.5,0.52,3.09,2016,0.1240427850635793,0.7746958599540746,0.0251104016530386,0.0033685624403545,0.0727823908889528,synthetic_turbet2020_based,3.3847630751987308,0.9439058989071284,0.9238490466706926,0.8668126032440396,0.4651126546095512,0.6349531564956985,0
Kepler-1072 b,1.58,2944.0,1849.0,0.02742,6199.0,1.32,1.2,3.12,2016,0.1416429561997258,0.7219158352873083,0.0454594529864517,0.0050384456585132,0.0859433098680009,synthetic_turbet2020_based,7.987864096085687,0.947789398933526,0.9090182444734858,0.8648959533125186,0.461489765631797,0.6317757757227511,0
Kepler-997 b,1.36,1900.131,1709.0,0.04022,6150.0,1.56,1.22,2.42,2016,0.1121946770365135,0.6307004769579218,0.0192104286245842,0.0035291123581124,0.234365305022868,synthetic_turbet2020_based,7.550204251213589,0.8586616190375187,0.7621055826190195,0.9099703795625944,0.5632408716046826,0.7159137585766036,0
Kepler-1064 b,1.55,24.87,570.0,0.1183,5153.0,0.79,0.85,3.02,2016,0.1126743524785147,0.5546323520697558,0.0485646290775029,0.0020556949259783,0.282072971448248,synthetic_turbet2020_based,3.2530839961979376,0.9360933591703348,0.7158713336257735,0.870681255197205,0.4737838127296655,0.642273060901345,0
Kepler-1007 b,1.44,42.62,652.0,0.048,4587.0,0.7,0.73,2.67,2016,0.1485958427491931,0.6745876631689507,0.0177395795444254,0.0073776723839662,0.1516992421534644,synthetic_turbet2020_based,3.775515760773483,0.8919980393051105,0.8409230854625692,0.8928425856742602,0.5222872290477948,0.6828764749555205,0
Kepler-1145 b,1.4,198.43,958.0,0.0443,5064.0,0.75,0.79,2.54,2016,0.1800676668823322,0.6357246798877709,0.0321099946710213,0.0031358404252484,0.148961818133627,synthetic_turbet2020_based,5.295463297565131,0.8754687373538999,0.8479023414411244,0.901294435433536,0.542835954186339,0.6994676724920182,0
Kepler-1029 b,1.26,92.16,790.0,0.047,5030.0,0.77,0.82,2.13,2016,0.0577809749973112,0.6689200491362104,0.0162688356593966,0.0048931256491377,0.2521370145579439,synthetic_turbet2020_based,4.53431844501614,0.8153648132841945,0.7429698597929182,0.93270710962285,0.6192551886810161,0.7599892875255697,0
Kepler-1149 b,1.44,653.831,1128.0,0.0473,5833.0,1.01,1.02,2.67,2016,0.0660199734385198,0.5700263479491832,0.0360792486023809,0.0054837311809448,0.3223906988289713,synthetic_turbet2020_based,6.484377187076411,0.8919980393051105,0.6721255699900839,0.8928425856742602,0.5222872290477948,0.6828764749555205,0
Kepler-936 b,1.45,133.56,867.0,0.0954,5482.0,0.89,0.92,2.7,2016,0.1591642469798831,0.7151629586164026,0.0128730081828796,0.0073770415319668,0.1054227446888679,synthetic_turbet2020_based,4.902010196224638,0.8960880245566356,0.8872002137791652,0.890763533639964,0.5177573235633603,0.6791165902150154,0
Kepler-1006 b,1.54,153.493,791.0,0.1464,5328.0,0.74,0.78,2.99,2016,0.1138095184972867,0.6805150723858575,0.0468328521885845,0.0063977954384443,0.1524447614898267,synthetic_turbet2020_based,5.040148787868021,0.9321640810304452,0.8411574430717287,0.8726334954151859,0.4775964576720807,0.645574679069973,0
Kepler-1120 b,1.38,206.874,1027.0,0.0369,4904.0,0.74,0.78,2.48,2016,0.1491188365772617,0.6368657316369906,0.035908915114623,0.0064971241181216,0.171609392553003,synthetic_turbet2020_based,5.336932126918238,0.8671004876833833,0.8218934833288752,0.905603791277757,0.5528563527481881,0.7075795425821412,0
Kepler-1035 b,1.17,1180.064,1301.0,0.03883,5763.0,0.97,0.98,1.71,2016,0.0677465267371889,0.4650120194464318,0.0303361382615208,0.0068093425887198,0.4300959729661386,synthetic_turbet2020_based,7.074171006092315,0.7747271675523681,0.5630946844451414,0.9545639949088476,0.7224785441354239,0.8304528916957532,0
Kepler-1027 b,0.89,1162.51,1268.0,0.02911,5436.0,0.82,0.91,0.64,2016,0.1717887290086455,0.4514248821858522,0.0346474698954332,0.0079645563947012,0.3341743625153678,synthetic_turbet2020_based,7.05919657746261,0.636576829071551,0.6578610810899309,0.9663983347822086,0.7670642636678022,0.860981780921934,0
Kepler-1005 b,1.5,301.329,1026.0,0.06717,5782.0,1.06,1.0,2.86,2016,0.0592971458003472,0.4546665218993295,0.0324486947418876,0.0071533795429394,0.4464342580154963,synthetic_turbet2020_based,5.711515828378488,0.9162907318741552,0.5464123624415643,0.8805647427246953,0.4948273312024517,0.6600965850490628,0
Kepler-1130 b,0.8,162.65,904.0,0.05963,5403.0,0.81,0.9,0.437,2016,0.1937610521266942,0.481508239176969,0.0125008139791643,0.0041771334638108,0.3080527612533614,synthetic_turbet2020_based,5.097730000947189,0.5877866649021191,0.6877701052828274,0.9350677145621996,0.5874061524976986,0.7411238280717992,0
Kepler-1131 b,1.59,453.142,1159.0,0.0459,5851.0,1.04,1.03,3.15,2016,0.0701662956544519,0.4506327860543156,0.0262980264446851,0.0037575202532495,0.4491453715932978,synthetic_turbet2020_based,6.118409924467738,0.9516578757114464,0.5470971081534527,0.8629909313522593,0.4579210752769188,0.628634818665858,0
HD 50554 c,1.31,334.6171,1090.83,0.0652,5968.0,1.146,1.04,5.3,2026,0.1023063183344725,0.4056214751680345,0.0376982328219942,0.0032295469216374,0.4511444267538612,synthetic_turbet2020_based,5.815970926811056,0.8372475245337022,0.5456260263245012,0.9211455724788268,0.2929595820986489,0.5194789908797254,0
Kepler-1181 b,1.57,831.143,1374.0,0.0621,6176.0,1.3,1.17,3.09,2016,0.1441298007780634,0.7693254217206658,0.0168678319779162,0.0082065570337486,0.0614703884896059,synthetic_turbet2020_based,6.724004301052393,0.9439058989071284,0.9303230544766452,0.8668126032440396,0.4651126546095512,0.6349531564956985,0
Kepler-1235 b,0.79,265.325,985.0,0.04836,5541.0,0.9,0.93,0.418,2016,0.1847234288272553,0.5203048592550701,0.033880801313886,0.0035872797601657,0.2575036308436228,synthetic_turbet2020_based,5.584717367497261,0.5822156198526637,0.7389090893962114,0.9313401202909188,0.5681554145124763,0.7274241761833232,0
Kepler-1276 b,1.19,139.77,886.0,0.10863,6188.0,1.21,1.14,1.81,2016,0.1000464335430695,0.5006802445075809,0.0156082667068486,0.0073552990267712,0.3763097562157297,synthetic_turbet2020_based,4.947127352839874,0.7839015438284094,0.616334944757499,0.9495852325278497,0.6950024460127664,0.8123817201934427,0
Kepler-1076 b,0.8,83.18,770.0,0.0611,4868.0,0.74,0.79,0.437,2016,0.1729458957347828,0.6221545006318645,0.0478856415962664,0.0077453765322339,0.1492685855048521,synthetic_turbet2020_based,4.432957363342425,0.5877866649021191,0.8429860379629137,0.9350677145621996,0.5874061524976986,0.7411238280717992,0
Kepler-1193 b,1.32,1286.386,1453.0,0.04004,5908.0,1.21,1.08,2.3,2016,0.1582610378503156,0.4422355763548005,0.0360407943701402,0.0020838989101698,0.3613786925145736,synthetic_turbet2020_based,7.160369084928347,0.8415671856782186,0.6365374085752562,0.9188803114532664,0.5851836449242382,0.7332896630291073,0
Kepler-1194 b,1.51,49.35,676.0,0.1212,5590.0,0.92,0.94,2.89,2016,0.0615833633628001,0.6771601620463752,0.0433914172769615,0.0024295734165642,0.2154354838972988,synthetic_turbet2020_based,3.9189986191645714,0.9202827531436926,0.7821349426861368,0.8785633377250446,0.4907451564981838,0.65662066877722,0
Kepler-1282 b,1.55,672.532,1418.0,0.0335,5504.0,0.89,0.92,3.02,2016,0.1581581553149733,0.7390862216381372,0.030578933658569,0.005859327196844,0.0663173621914763,synthetic_turbet2020_based,6.512535507713546,0.9360933591703348,0.9278233106116794,0.870681255197205,0.4737838127296655,0.642273060901345,0
Kepler-1081 b,1.01,225.216,972.0,0.04662,5345.0,0.84,0.88,1.01,2016,0.1050937421193747,0.4353363279558548,0.0399858305754369,0.0011917209357926,0.4183923784135408,synthetic_turbet2020_based,5.421490295044336,0.6981347220709844,0.5804159006506664,0.997161138548408,0.994677545305754,0.9959185677381568,0
Kepler-1199 b,1.15,131.7,931.0,0.11309,5889.0,1.17,0.94,1.6,2016,0.0834445001729369,0.4213002673892554,0.0459259348647926,0.0010476737353141,0.448281623837701,synthetic_turbet2020_based,4.888090941338162,0.7654678421395714,0.5506707024269849,0.9596153258135792,0.7552323996590469,0.8513122724733783,0
Kepler-1284 b,1.21,2190.082,1703.0,0.0143,5123.0,0.79,0.84,1.92,2016,0.1723832371246377,0.7028241194143083,0.0259600023209619,0.0040723467634911,0.094760294376601,synthetic_turbet2020_based,7.69215076472809,0.7929925155296614,0.9011673588599078,0.94467734756943,0.6670255111340399,0.7938034332372518,0
Kepler-1203 b,1.06,723.806,1188.0,0.0114,4105.0,0.61,0.64,1.2,2016,0.0729308573211171,0.7428567270722299,0.0419263724302346,0.0086101646304537,0.1336758785459646,synthetic_turbet2020_based,6.585904032840201,0.7227059828014898,0.8577139568235816,0.9832926251973656,0.9030459035232964,0.9423154339971032,0
Kepler-1246 b,1.36,26.451,554.0,0.0848,4611.0,0.69,0.73,2.42,2016,0.0920039616305709,0.6077013319144805,0.0481889041520343,0.0088355385488658,0.2432702637540484,synthetic_turbet2020_based,3.312402597164484,0.8586616190375187,0.7478941976970856,0.9099703795625944,0.5632408716046826,0.7159137585766036,0
Kepler-1289 b,1.52,223.442,1113.0,0.0785,6080.0,1.17,1.1,2.92,2016,0.0849790260943688,0.6946602462801175,0.0141636299983684,0.0012406823716962,0.204956415255449,synthetic_turbet2020_based,5.413617321910614,0.924258901523332,0.7938029023728547,0.8765744124617892,0.4867276335533318,0.6531867951902648,0
Kepler-1087 b,0.61,3496.493,2161.0,0.01554,5589.0,0.94,0.96,0.165,2016,0.054226141217279,0.4680985936872049,0.0377979360837517,0.0042697530411221,0.4356075759706421,synthetic_turbet2020_based,8.159801705108041,0.4762341789963716,0.5601226709882356,0.8537571506591297,0.2593230826403015,0.4705304837469363,0
Kepler-1088 b,1.42,44.887,667.0,0.16163,5975.0,1.08,1.08,2.6,2016,0.1278274842573247,0.60798836394342,0.0288094630837197,0.0065165401401847,0.2288581485753507,synthetic_turbet2020_based,3.826181852550023,0.883767540168595,0.7646253112844644,0.8970410942572271,0.533161056084935,0.6915687797795451,0
Kepler-1205 b,1.41,1038.493,1667.0,0.0196,5226.0,0.81,0.84,2.57,2016,0.1789721421977304,0.5223615555652465,0.0208518759331347,0.0099778345228993,0.2678365917809889,synthetic_turbet2020_based,6.94648837326866,0.8796267475025635,0.7221855736961116,0.8991608377123578,0.5379564315773541,0.6954921679428492,0
Kepler-1293 b,0.97,929.122,1183.0,0.06763,6241.0,1.28,1.18,0.871,2016,0.1107139487085515,0.4219841552567482,0.044436784498173,0.0011411877455497,0.4217239237909774,synthetic_turbet2020_based,6.83531576033929,0.6780335427498971,0.5771348884634727,0.9912911687743766,0.9264085798761462,0.9583009151138464,0
Kepler-1209 b,1.51,63.246,755.0,0.17515,6210.0,1.38,1.23,2.89,2016,0.0589244557734173,0.6909154599342788,0.0142226071567563,0.0031765969063582,0.232760880229189,synthetic_turbet2020_based,4.162719465027955,0.9202827531436926,0.7640625228644524,0.8785633377250446,0.4907451564981838,0.65662066877722,0
Kepler-1253 b,1.33,21.624,501.0,0.31444,5850.0,1.1,0.97,2.33,2016,0.1763214816891338,0.419827248309882,0.0271149264493449,0.008622259054429,0.3681140844972101,synthetic_turbet2020_based,3.1190112897141624,0.8458682675776092,0.6232636564483607,0.916630328327376,0.5795444691342634,0.7288539202219158,0
Kepler-1156 b,1.32,83.014,787.0,0.09704,5778.0,1.0,1.0,2.3,2016,0.1044829085460048,0.678328151329209,0.0335698361676003,0.0041248775503646,0.1794942264068212,synthetic_turbet2020_based,4.430983451622635,0.8415671856782186,0.8163808960428142,0.9188803114532664,0.5851836449242382,0.7332896630291073,0
Kepler-1213 b,1.19,595.424,1156.0,0.06026,6050.0,1.21,1.14,1.81,2016,0.1773300771589042,0.6175479159528611,0.0276588244933161,0.0027050217387463,0.1747581606561721,synthetic_turbet2020_based,6.39095182352961,0.7839015438284094,0.8225368176050815,0.9495852325278497,0.6950024460127664,0.8123817201934427,0
Kepler-1256 b,1.49,211.549,933.0,0.10733,6129.0,1.36,1.17,2.83,2016,0.1163127515055314,0.6372636802261672,0.0433007409630498,0.0099400122595948,0.1931828150456567,synthetic_turbet2020_based,5.359172550018385,0.9122827104766162,0.7968771726947484,0.8825787561567998,0.4989757127709202,0.6636153734881459,0
Kepler-1095 b,1.21,356.54,1108.0,0.0514,5658.0,0.92,0.94,1.92,2016,0.1798450922338174,0.7888834037040027,0.0410542936307132,0.002953638772995,-0.0127364283415283,synthetic_turbet2020_based,5.879247243986943,0.7929925155296614,1.0097827895685332,0.94467734756943,0.6670255111340399,0.7938034332372518,0
Kepler-1216 b,1.39,415.553,1191.0,0.0519,5743.0,0.98,0.99,2.51,2016,0.1851561722108017,0.6682891607069761,0.0266691697913205,0.003464305595754,0.1164211916951475,synthetic_turbet2020_based,6.032013704411549,0.8712933659434193,0.8801145027090983,0.9034420362640322,0.5478018325316079,0.7034964129627984,0
Kepler-1257 b,1.52,546.908,1252.0,0.0376,5502.0,0.87,0.9,2.92,2016,0.1070991507711446,0.5904202381466921,0.0385528940870291,0.0018040740240599,0.2621236429710742,synthetic_turbet2020_based,6.3061073896423725,0.924258901523332,0.7360722830048658,0.8765744124617892,0.4867276335533318,0.6531867951902648,0
Kepler-1163 b,1.03,511.757,1211.0,0.06868,6302.0,1.35,1.22,1.08,2016,0.0785312951066376,0.4404568751145383,0.0355362120767519,0.004538161718661,0.440937455983411,synthetic_turbet2020_based,6.239802048736437,0.708035793053696,0.5545243822979279,0.9915493996452732,0.958902226327212,0.97508918916849,0
Kepler-1098 b,1.3,995.67,1319.0,0.0358,5794.0,0.99,0.99,2.24,2016,0.0846339417696413,0.71102085372758,0.0443003453228697,0.0023034971594376,0.1577413620204713,synthetic_turbet2020_based,6.904419722192635,0.832909122935104,0.839955140820091,0.9234262819589574,0.5967864231938658,0.7423531961899917,0
Kepler-1264 b,1.18,2367.804,1677.0,0.01839,5791.0,0.98,0.99,1.76,2016,0.1591776989299311,0.4306044995321014,0.0262047323686841,0.0064792213285661,0.3775338478407172,synthetic_turbet2020_based,7.7701404654046655,0.7793248768009976,0.6159869308307167,0.9520656496448564,0.708482908168274,0.821293029452646,0
Kepler-1169 b,0.94,348.046,1125.0,0.06931,6191.0,1.23,1.24,0.779,2016,0.1385292607174936,0.4725775143322392,0.0333177891780348,0.0041471245709329,0.3514283112012991,synthetic_turbet2020_based,5.855203718674484,0.6626879730752367,0.6444245642277676,0.9822521498436376,0.8676786484747323,0.9231896976449248,0
Kepler-1226 b,1.45,140.376,809.0,0.13945,5923.0,1.02,1.02,2.7,2016,0.1001935413416179,0.6620081178384678,0.015827903958629,0.009947040351703,0.2120233965095821,synthetic_turbet2020_based,4.951423007797652,0.8960880245566356,0.7780295631387147,0.890763533639964,0.5177573235633603,0.6791165902150154,0
Kepler-1229 b,1.4,0.524,212.0,0.3006,3784.0,0.51,0.54,2.54,2016,0.8532493919220692,0.0857491087077053,0.0179606044382184,0.0034181026458602,0.0396227922861467,synthetic_turbet2020_based,0.4213384572644545,0.8754687373538999,0.956959105067993,0.901294435433536,0.542835954186339,0.6994676724920182,2
Kepler-804 c,1.14,141.839,890.0,0.08654,5817.0,1.05,1.01,1.55,2016,0.1598125845306325,0.6122741742896726,0.0427899719253958,0.0083163542260233,0.1768069150282758,synthetic_turbet2020_based,4.961718121861641,0.76080582903376,0.8148767307457009,0.96216874833496,0.7710882801633792,0.8613460659807738,0
Kepler-1271 b,1.48,975.181,1484.0,0.04233,6143.0,1.23,1.13,2.79,2016,0.0677362595583005,0.5707177942365033,0.0308146307906876,0.0017192652212446,0.3290120501932639,synthetic_turbet2020_based,6.883648020038887,0.9082585601768908,0.6692686845854914,0.8846055085684176,0.5046126583239607,0.6681191040875335,0
Kepler-1179 b,1.32,288.57,1137.0,0.03497,5212.0,0.81,0.84,2.3,2016,0.0964419304561889,0.6875568340965825,0.0330956236940657,0.0098508003288348,0.173054811424328,synthetic_turbet2020_based,5.668397063985405,0.8415671856782186,0.8170943882468371,0.9188803114532664,0.5851836449242382,0.7332896630291073,0
Kepler-1152 b,0.87,139.601,806.0,0.0223,3964.0,0.53,0.55,0.59,2016,0.0641965868434537,0.619152296896102,0.0337015059548501,0.00376901713856,0.2791805931670341,synthetic_turbet2020_based,4.945926091726805,0.6259384308664953,0.7170503896944057,0.9597615689407556,0.7268065370595533,0.8352011627893453,0
Kepler-1317 b,1.56,2413.261,1796.0,0.0128,5144.0,0.79,0.83,3.05,2016,0.136901984901695,0.5697916525724874,0.0497244678421471,0.003614092463306,0.239967802220364,synthetic_turbet2020_based,7.789148515117065,0.9400072584914712,0.7564181053163296,0.8687409977830233,0.4700296131326776,0.6390101682293098,0
Kepler-1415 b,1.29,2138.079,1846.0,0.01416,5267.0,0.84,0.89,2.21,2016,0.1939201205399792,0.5386116833706958,0.0219906768694311,0.0062310275723964,0.2392464916474974,synthetic_turbet2020_based,7.668130641546724,0.8285518175661483,0.7545224807801061,0.9257226131049422,0.6027562339006599,0.7469839863824476,0
Kepler-1366 b,1.43,134.981,783.0,0.0273,4070.0,0.6,0.62,2.63,2016,0.0517795292661241,0.4890992591733539,0.0250828812339754,0.005561357023618,0.4284769733029283,synthetic_turbet2020_based,4.912515170093923,0.8878912573524571,0.5659616696734534,0.894935058413526,0.5284476933576645,0.6876964209035369,0
Kepler-758 e,1.53,588.402,1144.0,0.0829,6228.0,1.42,1.16,2.96,2016,0.0502356576227381,0.5382048047798538,0.0244665119677698,0.0095374370564788,0.3775555885731594,synthetic_turbet2020_based,6.37910846357914,0.9282193027394288,0.6129069743703617,0.8745978400564075,0.4814689076156548,0.6489157623721046,0
Kepler-1417 b,1.0,114.332,695.0,0.14062,5839.0,1.02,1.02,0.972,2016,0.0567171068780354,0.6120260240540725,0.0331125325705538,0.0072934751070794,0.2908508613902587,synthetic_turbet2020_based,4.747814925629148,0.6931471805599453,0.7018556635026617,1.0,0.9848148858172576,0.9923783985039464,0
Kepler-770 c,1.2,833.588,2740.0,0.0309,5598.0,0.92,0.94,1.87,2016,0.1899858133826983,0.7991978150893134,0.0294478365034328,0.0075191983637497,-0.0261506633391943,synthetic_turbet2020_based,6.726938189908866,0.7884573603642702,1.0186314649754444,0.947122533919042,0.6794671515451294,0.8022086077113463,0
Kepler-1430 b,1.18,208.54,969.0,0.0304,4796.0,0.72,0.77,1.76,2016,0.1465685507375784,0.4949059264002989,0.0118835777501727,0.0050801978005701,0.3415617473113798,synthetic_turbet2020_based,5.344914651924819,0.7793248768009976,0.65335805488805,0.9520656496448564,0.708482908168274,0.821293029452646,0
Kepler-1431 b,1.47,469.819,1064.0,0.0648,5806.0,1.03,1.03,2.76,2016,0.1680807496094408,0.5300538650758788,0.0413775488477273,0.0068932151376666,0.2535946213292863,synthetic_turbet2020_based,6.154473731411229,0.904218150639886,0.7395121635330468,0.8866451323918264,0.5089218547556272,0.6717388520004608,0
Kepler-1328 b,0.98,545.672,1214.0,0.052,5780.0,0.99,1.0,0.904,2016,0.1543312027726381,0.5142963553509561,0.0288018953137218,0.0026353342002269,0.2999352123624569,synthetic_turbet2020_based,6.303848988200105,0.6830968447064438,0.697429453437316,0.9942298598406664,0.9461471506971676,0.9698905861107688,0
Kepler-1371 b,0.73,414.765,1015.0,0.04214,5361.0,0.83,0.87,0.315,2016,0.1287721537012979,0.7692437894543175,0.0353985984911027,0.0011420883687584,0.0654433699845234,synthetic_turbet2020_based,6.030120196796816,0.5481214085096876,0.933414541646718,0.9078097629601728,0.4550339834167999,0.6427163391609305,0
Kepler-770 d,1.4,209.752,1941.0,0.0616,5598.0,0.92,0.94,2.54,2016,0.1870213536523542,0.7429853342723306,0.0354108489112359,0.0058129620015773,0.0287695011625018,synthetic_turbet2020_based,5.350682086753899,0.8754687373538999,0.9654175368359208,0.901294435433536,0.542835954186339,0.6994676724920182,0
Kepler-1427 b,1.1,2730.51,1844.0,0.0197,5793.0,1.01,1.01,1.37,2016,0.0764037048053661,0.4232710268691971,0.0150474510514604,0.0032629699795364,0.4820148472944398,synthetic_turbet2020_based,7.9126098488212,0.7419373447293773,0.5147221827260237,0.9725727553617304,0.8339141923324209,0.9005788270728968,0
Kepler-1332 b,1.37,77.559,728.0,0.09915,5581.0,0.9,0.95,2.45,2016,0.105160118215956,0.7569664048700835,0.0195634892879867,0.0038763870220228,0.1144336006039509,synthetic_turbet2020_based,4.363849934840959,0.8628899551470398,0.8816900123740262,0.9077798538222356,0.5580018819048614,0.7117182495820431,0
Kepler-1373 b,1.16,8385.9,1887.0,0.02598,6299.0,1.33,1.22,1.65,2016,0.192778497682541,0.7981512070616498,0.0434958395922225,0.0082476653040127,-0.042673209640426,synthetic_turbet2020_based,9.034426243698832,0.7701082216960736,1.0344255443364132,0.9570804814200394,0.7399953832913482,0.8415670726027071,0
Kepler-1311 c,1.22,2144.553,1671.0,0.03753,5748.0,1.4,1.05,1.98,2016,0.0757746708637754,0.4866686857178572,0.0115477628348123,0.0064804570600419,0.4195284235235129,synthetic_turbet2020_based,7.671152606992933,0.7975071958841881,0.5739911194164449,0.9422494705499432,0.6526655546576766,0.784202635370719,0
Kepler-1429 b,1.29,551.156,1199.0,0.055,5902.0,1.07,1.05,2.21,2016,0.1688571172728151,0.4155562983994574,0.0119426275527231,0.0065818818885329,0.3970620748864714,synthetic_turbet2020_based,6.313830615046432,0.8285518175661483,0.5963560432249956,0.9257226131049422,0.6027562339006599,0.7469839863824476,0
Kepler-1335 b,1.45,80.741,809.0,0.0615,4903.0,0.74,0.77,2.7,2016,0.1387458281869646,0.7324360091992042,0.0336906755662944,0.0095443374573235,0.0855831495902131,synthetic_turbet2020_based,4.403555711973703,0.8960880245566356,0.9048725129524632,0.890763533639964,0.5177573235633603,0.6791165902150154,0
Kepler-1433 b,1.56,535.42,1226.0,0.0516,6097.0,1.19,1.14,3.05,2016,0.1398292555592097,0.7192679878831313,0.0113216920940274,0.0024739545393257,0.1271071099243057,synthetic_turbet2020_based,6.284917436320188,0.9400072584914712,0.8704189355363684,0.8687409977830233,0.4700296131326776,0.6390101682293098,0
Kepler-1339 b,0.71,3094.817,1642.0,0.02356,5586.0,0.93,0.94,0.285,2016,0.065180919116036,0.5693128434663088,0.0282836548643033,0.0035230784664624,0.3336995040868893,synthetic_turbet2020_based,8.037807124435508,0.5364933705145685,0.6627774174466481,0.8994904844356993,0.4190441179962769,0.613943154287432,0
Kepler-1377 b,1.25,2909.21,1873.0,0.0153,5218.0,0.82,0.86,2.1,2016,0.0917759836531354,0.6859008646997282,0.0347137537060393,0.0083154881775983,0.1792939097634985,synthetic_turbet2020_based,7.975980522510227,0.8109302162163288,0.812390602058903,0.9350677145621996,0.6256696416983442,0.7648813515401072,0
Kepler-1370 c,1.27,503.722,1075.0,0.08084,6202.0,1.29,1.19,2.15,2016,0.1880035088749938,0.50759000901129,0.0494168473812848,0.0083475092392427,0.2466421254931885,synthetic_turbet2020_based,6.224007782647824,0.8197798314933114,0.7450103652675687,0.9303628468419938,0.6150491219123869,0.7564514868847022,0
Kepler-1295 b,1.55,279.941,1029.0,0.0464,5486.0,0.89,0.92,3.02,2016,0.1692211709061955,0.6670314403834637,0.0493307189348826,0.0049740690524183,0.1094426007230398,synthetic_turbet2020_based,5.638144682875321,0.9360933591703348,0.8855833302245418,0.870681255197205,0.4737838127296655,0.642273060901345,0
Kepler-1296 b,0.91,399.015,1285.0,0.0896,5359.0,0.83,0.87,0.693,2016,0.1612308957143616,0.6795245151954086,0.0392835562578826,0.0077631833275233,0.1121978495048239,synthetic_turbet2020_based,5.991502046404874,0.6471032420585384,0.8800389671676527,0.972862966923833,0.807279104142302,0.8862121328392507,0
Kepler-1380 b,1.43,90.1,786.0,0.0917,5570.0,0.94,0.96,2.63,2016,0.0709922729731163,0.654182103692946,0.0454823713454991,0.0067885692705075,0.2225546827179308,synthetic_turbet2020_based,4.511957804265912,0.8878912573524571,0.7706567480115615,0.894935058413526,0.5284476933576645,0.6876964209035369,0
Kepler-1297 b,0.97,2760.593,1790.0,0.0283,5818.0,0.99,0.99,0.871,2016,0.0777458430139956,0.6525934025995765,0.0156821238657241,0.0048824782283534,0.2490961522923502,synthetic_turbet2020_based,7.923562966123439,0.6780335427498971,0.7460213694792962,0.9912911687743766,0.9264085798761462,0.9583009151138464,0
Kepler-1383 b,1.41,231.396,928.0,0.11397,6370.0,1.44,1.26,2.57,2016,0.1634485431212911,0.4512762799019376,0.0406365917641269,0.0028697404754088,0.3417688447372353,synthetic_turbet2020_based,5.448442813125674,0.8796267475025635,0.6553614147873557,0.8991608377123578,0.5379564315773541,0.6954921679428492,0
Kepler-1393 b,0.8,574.37,1249.0,0.0337,5697.0,0.92,0.95,0.437,2016,0.0879812627737539,0.4436889397361196,0.0388242582785548,0.0036626016770279,0.4258429375345436,synthetic_turbet2020_based,6.355013312114854,0.5877866649021191,0.5704944607884284,0.9350677145621996,0.5874061524976986,0.7411238280717992,0
Kepler-1300 b,1.37,149.409,954.0,0.16005,6130.0,1.79,1.29,2.45,2016,0.1277420019802951,0.5328974229468157,0.0409880503528893,0.003038352908446,0.2953341718115538,synthetic_turbet2020_based,5.013358250150905,0.8628899551470398,0.7016274752800001,0.9077798538222356,0.5580018819048614,0.7117182495820431,0
Kepler-1347 b,1.03,34.32,617.0,0.104,5193.0,0.79,0.82,1.08,2016,0.0610911393600762,0.58749549239697,0.0200100488289387,0.0089744144000038,0.3224289050140111,synthetic_turbet2020_based,3.564449375735759,0.708035793053696,0.6685966805859849,0.9915493996452732,0.958902226327212,0.97508918916849,0
Kepler-1385 b,0.85,1591.477,1423.0,0.04262,5732.0,1.29,1.15,0.543,2016,0.0768094063887377,0.5202625880533777,0.0143320585907578,0.002697827832198,0.3858981191349286,synthetic_turbet2020_based,7.373045944641865,0.6151856390902334,0.6114040530328732,0.9529453605032138,0.68673055667042,0.8089602573024623,0
Kepler-1398 b,0.9,1249.488,1510.0,0.03909,6126.0,1.18,1.13,0.666,2016,0.0589475197794125,0.5619411355739865,0.0427725867404657,0.0065546643290185,0.3297840935771167,synthetic_turbet2020_based,7.131289154110095,0.6418538861723948,0.6636612420938647,0.969651727157468,0.7870952177471747,0.8736179012165051,0
Kepler-1302 b,1.43,58.344,778.0,0.0795,5236.0,0.82,0.86,2.63,2016,0.0762160590087572,0.5021233899904176,0.0194366304997847,0.0091714726601713,0.393052447840869,synthetic_turbet2020_based,4.083351020747235,0.8878912573524571,0.5977760794989595,0.894935058413526,0.5284476933576645,0.6876964209035369,0
Kepler-1387 b,0.93,300.312,1123.0,0.031,5046.0,0.77,0.82,0.749,2016,0.0915166587796204,0.5798173464228482,0.0229112072996938,0.0011918251489144,0.3045629623489231,synthetic_turbet2020_based,5.708146272757702,0.6575200029167941,0.6942452125021623,0.9791623637659732,0.8472518858006755,0.910822243473318,0
Kepler-1398 c,1.03,738.183,1324.0,0.05087,6126.0,1.18,1.13,1.08,2016,0.1484384012175702,0.6453711616373206,0.0461724281287536,0.005291686360949,0.1547263226554065,synthetic_turbet2020_based,6.605545522227522,0.708035793053696,0.8399819909836443,0.9915493996452732,0.958902226327212,0.97508918916849,0
Kepler-1351 b,0.65,421.965,1212.0,0.0156,4439.0,0.67,0.7,0.208,2016,0.1258297622950733,0.6127346586710187,0.038896327882134,0.0062010353369919,0.216338215814782,synthetic_turbet2020_based,6.047289433306159,0.5007752879124893,0.777460748848226,0.8729349113535094,0.3196084434897561,0.5282020146549646,0
Kepler-1390 b,1.18,171.133,934.0,0.0662,5753.0,0.98,0.98,1.76,2016,0.0681874634686326,0.6807900808829922,0.034178957300581,0.0044426529907457,0.2124008453570482,synthetic_turbet2020_based,5.148267433819156,0.7793248768009976,0.7831565016522057,0.9520656496448564,0.708482908168274,0.821293029452646,0
Kepler-1402 b,0.76,2491.119,1789.0,0.0322,5416.0,0.87,0.9,0.363,2016,0.0674748995943081,0.6949603782077525,0.0380121182857486,0.0081481959357339,0.1914044079764567,synthetic_turbet2020_based,7.820888631576204,0.5653138090500605,0.8004473960878091,0.9198322336560598,0.5096729894615604,0.6846996745512506,0
Kepler-1308 b,0.52,58.108,662.0,0.025,3468.0,0.34,0.35,0.0933,2016,0.0987786970141645,0.5744212876264768,0.0167336684610879,0.0096805438848684,0.3003858030134022,synthetic_turbet2020_based,4.079366279041388,0.418710334858185,0.6899336531017293,0.8054863001671173,0.1508079900268299,0.3485308737003807,0
Kepler-1352 b,0.89,1892.586,1701.0,0.02883,6118.0,1.16,1.11,0.64,2016,0.1047984808745734,0.4172506267049933,0.0322643303034656,0.0099544432854126,0.4357321188315549,synthetic_turbet2020_based,7.546227664847559,0.636576829071551,0.5543134378830323,0.9663983347822086,0.7670642636678022,0.860981780921934,0
Kepler-1310 b,1.44,2830.91,1883.0,0.01452,5549.0,0.88,0.91,2.67,2016,0.0939154692438537,0.556834870880564,0.0298208340849002,0.0045123307217957,0.3149164950688863,synthetic_turbet2020_based,7.948706674647609,0.8919980393051105,0.680571174209318,0.8928425856742602,0.5222872290477948,0.6828764749555205,0
Kepler-1356 b,1.53,1966.057,1714.0,0.0136,5106.0,0.78,0.82,2.96,2016,0.1413304426773997,0.658088854791905,0.0379161222937523,0.0019301864151611,0.1607343938217816,synthetic_turbet2020_based,7.5842937961085,0.9282193027394288,0.837335419763057,0.8745978400564075,0.4814689076156548,0.6489157623721046,0
Kepler-1050 c,1.48,40.644,935.0,0.15264,6010.0,1.13,1.09,2.79,2016,0.1601490395269218,0.4668467786431445,0.0352597782850204,0.0037602477813713,0.3339841557635418,synthetic_turbet2020_based,3.7291573006125054,0.9082585601768908,0.6622555964550867,0.8846055085684176,0.5046126583239607,0.6681191040875335,0
Kepler-1611 b,0.81,146.22,1243.0,0.0586,5605.0,0.93,0.94,0.457,2016,0.0991124839342554,0.7202970977951899,0.0448090706970818,0.0056774204824098,0.130103927091063,synthetic_turbet2020_based,4.991928066630559,0.5933268452777344,0.8642186524265272,0.9387431275910468,0.6071705647066049,0.75496834032554,0
Kepler-1578 b,1.04,1486.438,1700.0,0.0252,5545.0,0.86,0.9,1.12,2016,0.1082205027672444,0.4226475535501059,0.0263550914274959,0.0079505387552678,0.4348263134998856,synthetic_turbet2020_based,7.304810455878853,0.712949807856125,0.5572231477448463,0.9887759672310884,0.939556116541447,0.9638519118107068,0
Kepler-1466 b,1.55,21.875,585.0,0.17981,5884.0,1.02,1.01,3.02,2016,0.1767814244596056,0.6861046124287086,0.0147986958690032,0.009826203566069,0.1124890636766136,synthetic_turbet2020_based,3.130044611161585,0.9360933591703348,0.8776847327573174,0.870681255197205,0.4737838127296655,0.642273060901345,0
Kepler-1468 c,1.15,1479.567,1448.0,0.0466,5893.0,1.05,1.04,1.6,2016,0.093288441155774,0.6219777522845945,0.0480249406042072,0.0039932722750245,0.2327155936803996,synthetic_turbet2020_based,7.300180401499095,0.7654678421395714,0.7632911340445758,0.9596153258135792,0.7552323996590469,0.8513122724733783,0
Kepler-1582 b,1.49,2.5,354.0,0.0316,3208.0,0.3,0.28,2.83,2016,0.1159108371965271,0.7555253258014686,0.0232999542893783,0.0044260638817043,0.1008378188309215,synthetic_turbet2020_based,1.252762968495368,0.9122827104766162,0.8947361172873739,0.8825787561567998,0.4989757127709202,0.6636153734881459,0
Kepler-629 b,1.38,103.147,816.0,0.07107,5444.0,0.84,0.93,2.48,2016,0.1279605204101376,0.6533427363414765,0.0264648220132747,0.0039464578079267,0.1882854634271844,synthetic_turbet2020_based,4.645803362683383,0.8671004876833833,0.8077680787648889,0.905603791277757,0.5528563527481881,0.7075795425821412,0
Kepler-1470 b,1.07,23.918,574.0,0.116,4961.0,0.76,0.8,1.24,2016,0.151202786564678,0.7457840771348143,0.0298971338794146,0.0016318070365739,0.071484195384519,synthetic_turbet2020_based,3.215590433876672,0.7275486072772778,0.9268839975789068,0.9805821890690783,0.8858021207977835,0.9319880807681624,0
Kepler-154 f,1.5,139.884,838.0,0.08832,5769.0,0.98,0.98,2.86,2016,0.0599538321119157,0.4890426097909082,0.0105187022171554,0.0055882666533571,0.4348965892266635,synthetic_turbet2020_based,4.947936856743424,0.9162907318741552,0.5595151441199794,0.8805647427246953,0.4948273312024517,0.6600965850490628,0
Kepler-1165 b,1.55,464.773,946.0,0.0914,6080.0,1.18,1.13,3.02,2016,0.181369978225404,0.6438218138781314,0.0300083011123083,0.0093336926284957,0.1354662141556604,synthetic_turbet2020_based,6.143698390978461,0.9360933591703348,0.8552000932158438,0.870681255197205,0.4737838127296655,0.642273060901345,0
Kepler-1587 b,1.33,254.701,981.0,0.08747,5933.0,1.22,1.08,2.33,2016,0.075832776653263,0.4298417232630743,0.0466922294563887,0.0091250357942693,0.4385082348330045,synthetic_turbet2020_based,5.544008793122501,0.8458682675776092,0.552366729372726,0.916630328327376,0.5795444691342634,0.7288539202219158,0
Kepler-1619 b,0.76,74.635,797.0,0.15413,5852.0,1.0,1.0,0.363,2016,0.1510841875377004,0.4891645296061791,0.0305235668653246,0.0084031861716729,0.3208245298191228,synthetic_turbet2020_based,4.325919139014163,0.5653138090500605,0.6707722840092042,0.9198322336560598,0.5096729894615604,0.6846996745512506,0
Kepler-132 e,1.18,6.1,414.0,0.43927,6023.0,1.1,1.03,1.76,2016,0.1790390337098429,0.6245720463205072,0.0309117537487705,0.0072791544547687,0.1581980117661104,synthetic_turbet2020_based,1.9600947840472696,0.7793248768009976,0.8345228337791206,0.9520656496448564,0.708482908168274,0.821293029452646,0
Kepler-1471 b,1.41,314.233,1238.0,0.0453,5660.0,0.93,0.95,2.57,2016,0.1292373266468709,0.5670724152262644,0.0134167604569755,0.0021344470814402,0.2881390505884489,synthetic_turbet2020_based,5.753312047935012,0.8796267475025635,0.7097265023301108,0.8991608377123578,0.5379564315773541,0.6954921679428492,0
Kepler-1589 b,1.09,5228.785,2102.0,0.0205,6166.0,1.25,1.18,1.32,2016,0.1126401199965883,0.5875191291432447,0.0283519624418422,0.0028192096293313,0.2686695787889934,synthetic_turbet2020_based,8.562125447227356,0.7371640659767197,0.7285112115816752,0.9752225040992044,0.8531589508977451,0.9121511982610936,0
Kepler-1473 b,1.19,111.011,783.0,0.11606,6046.0,1.09,1.09,1.81,2016,0.0569799214365734,0.4572975537788673,0.0447733974524696,0.0025853289830241,0.4383637983490654,synthetic_turbet2020_based,4.7185970807581015,0.7839015438284094,0.5590508726679103,0.9495852325278497,0.6950024460127664,0.8123817201934427,0
Kepler-542 b,1.57,61.573,698.0,0.10703,5526.0,0.9,0.93,3.09,2016,0.14424432241147,0.4807660976559498,0.0318988717840183,0.0079371031521195,0.3351536049964421,synthetic_turbet2020_based,4.136333875161029,0.9439058989071284,0.6569092918514381,0.8668126032440396,0.4651126546095512,0.6349531564956985,0
Kepler-1592 b,1.54,1918.34,1202.0,0.04,6213.0,1.28,1.18,2.99,2016,0.1909732587208088,0.5356867693062688,0.0377402105217104,0.0074478440291246,0.2281519174220873,synthetic_turbet2020_based,7.559736655926253,0.9321640810304452,0.764400238548788,0.8726334954151859,0.4775964576720807,0.645574679069973,0
Kepler-1623 b,1.31,243.08,1000.0,0.0518,5772.0,1.0,1.0,2.27,2016,0.0831723201747111,0.6516128525973569,0.036216851567511,0.0078766849571143,0.2211212907033064,synthetic_turbet2020_based,5.497496040408414,0.8372475245337022,0.771002024339579,0.9211455724788268,0.5909299475571828,0.7377889297335953,0
Kepler-1622 b,1.47,236.005,922.0,0.10136,6436.0,1.5,1.31,2.76,2016,0.19999208861818,0.4160929477705922,0.0180922017471023,0.0023057058872776,0.3635170559768477,synthetic_turbet2020_based,5.468081237959005,0.904218150639886,0.6341772381358746,0.8866451323918264,0.5089218547556272,0.6717388520004608,0
Kepler-1477 b,1.18,78.163,674.0,0.0911,5100.0,0.78,0.81,1.76,2016,0.150272059675162,0.5505996570120877,0.0227865326124446,0.0085081166634613,0.2678336340368443,synthetic_turbet2020_based,4.371509017944503,0.7793248768009976,0.7236582492996942,0.9520656496448564,0.708482908168274,0.821293029452646,0
Kepler-1558 b,0.68,189.886,1019.0,0.04278,5101.0,0.79,0.83,0.244,2016,0.0782412120948932,0.5932887449870725,0.036987977517339,0.0043040133033054,0.2871780520973896,synthetic_turbet2020_based,5.251676391216862,0.5187937934151675,0.7085179345993047,0.8865247958205317,0.3674103637778308,0.5707174412355809,0
Kepler-1557 b,1.53,645.543,1287.0,0.049,6099.0,1.17,1.11,2.96,2016,0.176567710441309,0.6132575922424404,0.0287105911973786,0.0087284028093734,0.1727357033094985,synthetic_turbet2020_based,6.4716397079877135,0.9282193027394288,0.818535893881128,0.8745978400564075,0.4814689076156548,0.6489157623721046,0
Kepler-1435 b,0.86,893.886,1331.0,0.05456,6356.0,1.32,1.21,0.566,2016,0.0835534682905836,0.6244367942900563,0.0207593425889894,0.0067570147911551,0.2644933800392154,synthetic_turbet2020_based,6.796696335860384,0.6205764877251099,0.7287496051696293,0.9563763687622634,0.7066241824027928,0.8220697474338696,0
Kepler-1559 b,0.72,1620.063,1609.0,0.01835,5316.0,0.82,0.86,0.299,2016,0.1535769699381057,0.5205161642426601,0.0134955072598687,0.0054050665044602,0.307006292054905,synthetic_turbet2020_based,7.390837385878666,0.5423242908253617,0.6875886414406346,0.9036815295086312,0.4360220728506223,0.6277141815294396,0
Kepler-403 d,1.42,285.295,958.0,0.12178,6209.0,1.45,1.25,2.6,2016,0.1172401461818026,0.7783434191590191,0.0140698893232868,0.0089200135622073,0.081426531773684,synthetic_turbet2020_based,5.657022747753175,0.883767540168595,0.9096534546641084,0.8970410942572271,0.533161056084935,0.6915687797795451,0
Kepler-1443 b,0.97,2809.165,1602.0,0.03783,6289.0,1.27,1.19,0.871,2016,0.1700193308961805,0.5678954321458338,0.0161146868760285,0.0024028010719987,0.2435677490099583,synthetic_turbet2020_based,7.940998479465117,0.6780335427498971,0.7540294499180428,0.9912911687743766,0.9264085798761462,0.9583009151138464,0
Kepler-1438 b,0.94,561.12,1490.0,0.0346,5530.0,0.96,0.97,0.779,2016,0.1882708641114196,0.493481865711304,0.0449646283195131,0.0055296569793726,0.2677529848783905,synthetic_turbet2020_based,6.331715350232544,0.6626879730752367,0.7267173581422367,0.9822521498436376,0.8676786484747323,0.9231896976449248,0
Kepler-1561 b,1.09,2364.807,1682.0,0.0194,5957.0,1.11,1.07,1.32,2016,0.1907726658207394,0.4953027715914999,0.04686334235519,0.0099478872694826,0.2571133329630879,synthetic_turbet2020_based,7.768874468937253,0.7371640659767197,0.7329387797674293,0.9752225040992044,0.8531589508977451,0.9121511982610936,0
Kepler-1598 b,0.95,308.46,1236.0,0.05207,5940.0,1.09,1.07,0.809,2016,0.0577860782113245,0.6125516490365487,0.0168727719877475,0.00659542830361,0.3061940724607691,synthetic_turbet2020_based,5.734828843061527,0.6678293725756554,0.6872104992356207,0.985303043009012,0.8874578737811202,0.9351015685896616,0
Kepler-1445 b,0.96,248.548,987.0,0.09587,6150.0,1.26,1.13,0.84,2016,0.1984313964822313,0.7587523581672824,0.0469939384642541,0.0029201483198088,-0.0070978414335767,synthetic_turbet2020_based,5.519651281457536,0.6729444732424258,1.0041776931137678,0.988315802939018,0.9072476685599564,0.946914572713603,0
Kepler-1564 b,1.47,41.514,635.0,0.1327,5528.0,0.9,0.93,2.76,2016,0.0730938368613799,0.4048650526856075,0.0172779144034648,0.0027078656216907,0.5020553304278568,synthetic_turbet2020_based,3.749833433450934,0.904218150639886,0.4952368039504522,0.8866451323918264,0.5089218547556272,0.6717388520004608,0
Kepler-1563 b,0.75,390.57,1134.0,0.0442,5765.0,0.99,1.0,0.347,2016,0.0616235281288417,0.7470964413652637,0.0411999123478449,0.0032903334761253,0.1467897846819243,synthetic_turbet2020_based,5.970164298937279,0.5596157879354227,0.8499198818419503,0.9158836999383776,0.4918484487107736,0.6711750718062871,0
Kepler-1565 b,1.19,510.566,1234.0,0.0241,4940.0,0.73,0.76,1.81,2016,0.1674886554966804,0.5688658187187193,0.0410208123739273,0.0039070688665165,0.2187176445441562,synthetic_turbet2020_based,6.2374766093258,0.7839015438284094,0.7773752865893271,0.9495852325278497,0.6950024460127664,0.8123817201934427,0
Kepler-1602 b,1.34,124.507,1159.0,0.09744,6296.0,1.36,1.22,2.36,2016,0.1346981339731816,0.5526442167816674,0.0175070326809387,0.006270695956018,0.2888799206081941,synthetic_turbet2020_based,4.832361533908796,0.8501509293696101,0.7048493834357877,0.9143954551507116,0.5740094846869488,0.7244802716507523,0
Kepler-1566 b,0.79,2340.984,1871.0,0.01198,5254.0,0.81,0.84,0.418,2016,0.083520740154345,0.5498584078200882,0.0137501231943849,0.0063280722760775,0.3465426565551042,synthetic_turbet2020_based,7.758753712366606,0.5822156198526637,0.6471292711688181,0.9313401202909188,0.5681554145124763,0.7274241761833232,0
Kepler-1603 b,1.29,1269.46,1522.0,0.0351,6241.0,1.31,1.21,2.21,2016,0.1473462480104323,0.6366882100343825,0.0373331999575018,0.0080301228877747,0.1706022191099085,synthetic_turbet2020_based,7.14713431859675,0.8285518175661483,0.8213676580023166,0.9257226131049422,0.6027562339006599,0.7469839863824476,0
Kepler-603 d,1.32,497.4,1098.0,0.07117,5808.0,1.01,1.01,2.3,2016,0.0942788981687747,0.5190000798942356,0.0293251855854842,0.0010977956019402,0.356298040749565,synthetic_turbet2020_based,6.211402967473243,0.8415671856782186,0.6426041636484945,0.9188803114532664,0.5851836449242382,0.7332896630291073,0
Kepler-605 c,0.86,513.03,1278.0,0.03336,5462.0,0.88,0.91,0.566,2016,0.0853694612036984,0.4116483827839347,0.0360223426287695,0.0090035882082354,0.4579562251753618,synthetic_turbet2020_based,6.242281629510705,0.6205764877251099,0.5330401866164025,0.9563763687622634,0.7066241824027928,0.8220697474338696,0
Kepler-1568 b,1.3,72.568,729.0,0.15157,5956.0,1.19,1.09,2.24,2016,0.1996682989747898,0.579422756712839,0.0204056444117661,0.0086779323705762,0.1918253675300287,synthetic_turbet2020_based,4.298210148580771,0.832909122935104,0.7994967000993949,0.9234262819589574,0.5967864231938658,0.7423531961899917,0
Kepler-1571 b,1.52,757.132,1476.0,0.04287,6297.0,1.39,1.23,2.92,2016,0.1763996741543055,0.6569221918773748,0.0272758538598278,0.0030340635409107,0.1363682165675811,synthetic_turbet2020_based,6.6308575129615415,0.924258901523332,0.860597719891508,0.8765744124617892,0.4867276335533318,0.6531867951902648,0
Kepler-1570 b,1.07,76.457,836.0,0.16699,5550.0,0.89,0.92,1.24,2016,0.1220633313218009,0.4651977115144626,0.0366805064989274,0.0064515616521918,0.3696068890126172,synthetic_turbet2020_based,4.3497229436696685,0.7275486072772778,0.6239415493351909,0.9805821890690783,0.8858021207977835,0.9319880807681624,0
Kepler-1572 b,0.94,583.523,1293.0,0.05838,5618.0,0.95,0.97,0.779,2016,0.1715107052189304,0.5798117088969106,0.0211459413211011,0.0085275582331218,0.219004086329936,synthetic_turbet2020_based,6.370796130009622,0.6626879730752367,0.7724683554369421,0.9822521498436376,0.8676786484747323,0.9231896976449248,0
Kepler-1607 b,0.92,449.632,913.0,0.11978,6116.0,1.21,1.14,0.721,2016,0.1536495622189827,0.68268366562374,0.0311233828562538,0.0088838075339818,0.1236595817670415,synthetic_turbet2020_based,6.110651041899145,0.6523251860396903,0.8674566106989766,0.9760329038085522,0.8275748754868603,0.8987437392496491,0
Kepler-217 d,1.32,2099.752,1574.0,0.0534,6341.0,1.76,1.37,2.3,2016,0.0870851639056577,0.4851950542774703,0.0393222260676879,0.0029400677592122,0.3854574879899718,synthetic_turbet2020_based,7.650050654848812,0.8415671856782186,0.6116024442508159,0.9188803114532664,0.5851836449242382,0.7332896630291073,0
Kepler-625 c,1.05,932.132,1048.0,0.05379,5789.0,0.96,1.04,1.16,2016,0.0824147782651437,0.4129072529995422,0.0338743875323807,0.0072008159343049,0.4636027652686283,synthetic_turbet2020_based,6.838546669939798,0.7178397931503169,0.5291964187970666,0.9860237975973268,0.920951122639994,0.9529321714303742,0
Kepler-653 c,0.78,3743.275,2078.0,0.01855,5665.0,1.19,1.02,0.399,2016,0.1480235703422126,0.6274396624624314,0.0486429979536334,0.0052546466095937,0.1706391226321288,synthetic_turbet2020_based,8.227983285754801,0.5766133643039938,0.8241062307582774,0.9275591624430553,0.5484261306065138,0.7132304552998726,0
Kepler-1575 b,1.31,803.679,1312.0,0.0366,5667.0,0.92,0.95,2.27,2016,0.1790204762181852,0.6584039641509356,0.0133664776275134,0.0082907961487848,0.1409182858545808,synthetic_turbet2020_based,6.690443440129569,0.8372475245337022,0.8507909179966342,0.9211455724788268,0.5909299475571828,0.7377889297335953,0
Kepler-1541 b,1.16,75.56,1048.0,0.07555,5282.0,0.81,0.86,1.65,2016,0.1231313673764618,0.7285112173207686,0.035731636022934,0.0092715712206145,0.1033542080592209,synthetic_turbet2020_based,4.338074747144699,0.7701082216960736,0.8873742207201645,0.9570804814200394,0.7399953832913482,0.8415670726027071,0
Kepler-1576 b,1.04,156.608,1059.0,0.07211,5876.0,1.06,1.05,1.12,2016,0.118334664744184,0.556326089182815,0.0192567286638285,0.0029625623608519,0.3031199550483204,synthetic_turbet2020_based,5.060110937556781,0.712949807856125,0.6939174825908275,0.9887759672310884,0.939556116541447,0.9638519118107068,0
Kepler-1501 b,1.56,100.001,787.0,0.11592,6229.0,1.3,1.2,3.05,2016,0.1483879924894423,0.4652870626858097,0.0172129778552329,0.0060301686998311,0.3630817982696838,synthetic_turbet2020_based,4.6151304177823445,0.9400072584914712,0.6308880330304849,0.8687409977830233,0.4700296131326776,0.6390101682293098,0
Kepler-1500 b,1.2,131.818,928.0,0.1236,5845.0,1.0,1.0,1.87,2016,0.1063117318863068,0.5885220602203345,0.0223555553022503,0.0095812034457549,0.2732294491453534,synthetic_turbet2020_based,4.888979770025999,0.7884573603642702,0.7171893474088916,0.947122533919042,0.6794671515451294,0.8022086077113463,0
Kepler-1505 b,0.93,36.121,525.0,0.18298,5686.0,0.86,0.93,0.749,2016,0.102556495077167,0.4781952159041968,0.0268254780866841,0.0041665572368166,0.3882562536951355,synthetic_turbet2020_based,3.6141828472103055,0.6575200029167941,0.6075771890680479,0.9791623637659732,0.8472518858006755,0.910822243473318,0
Kepler-1507 b,0.84,30.476,630.0,0.11946,5410.0,0.85,0.89,0.52,2016,0.1256404479640946,0.7082606431839275,0.0356115824916781,0.0088413276484088,0.1216459987118909,synthetic_turbet2020_based,3.449225350672737,0.6097655716208943,0.8695126736397001,0.9494675610314688,0.6662742574566916,0.7953651954954138,0
Kepler-1506 b,1.32,235.807,783.0,0.1168,5676.0,0.93,0.95,2.3,2016,0.1674474318042637,0.5463511135243788,0.0352888569409879,0.0077255787650961,0.2431870189652732,synthetic_turbet2020_based,5.467245463383749,0.8415671856782186,0.7490874022696304,0.9188803114532664,0.5851836449242382,0.7332896630291073,0
Kepler-1512 b,1.18,1.6,322.0,0.13693,4372.0,0.67,0.73,1.76,2016,0.2708326481733062,0.2032817087869431,0.0229510908718409,0.0212603563871696,0.48167419578074,synthetic_turbet2020_based,0.9555114450274363,0.7793248768009976,0.4970654478320901,0.9520656496448564,0.708482908168274,0.821293029452646,0
Kepler-1528 b,1.46,1106.851,1549.0,0.0296,5857.0,1.03,1.03,2.73,2016,0.1122946190935842,0.7579637127662268,0.0154148183915137,0.0039228813701792,0.1104039683784959,synthetic_turbet2020_based,7.010177381730153,0.9001613499442714,0.8856731502513246,0.8886977619795139,0.5133028142280379,0.6754043694130528,0
Kepler-1631 b,1.35,446.918,1122.0,0.0511,5679.0,0.95,0.97,2.39,2016,0.0711559767024267,0.6427865864055533,0.0223123271948871,0.0026360344985795,0.2611090751985531,synthetic_turbet2020_based,6.104610179947619,0.8544153281560676,0.7362548903028671,0.9121755265265906,0.5685758617789647,0.7201673320059284,0
Kepler-1531 b,1.11,4457.2,2537.0,0.02204,6260.0,1.27,1.16,1.41,2016,0.1969128084252916,0.5263847281118127,0.0113977711086691,0.0022854035295677,0.2630192888246587,synthetic_turbet2020_based,8.402500376106833,0.7466879474879752,0.7346953076457734,0.9699427429156094,0.8191130777173722,0.8913432477778888,0
Kepler-1633 b,1.58,26.258,925.0,0.3875,6256.0,1.32,1.2,3.12,2016,0.1900679839509128,0.5165387819706105,0.0304996645794507,0.0082613072226809,0.2546322622763449,synthetic_turbet2020_based,3.305347056005321,0.947789398933526,0.7371064305009741,0.8648959533125186,0.461489765631797,0.6317757757227511,0
Kepler-1481 b,1.23,71.94,797.0,0.059,4908.0,0.75,0.8,2.04,2016,0.1017743328673552,0.5015324961619825,0.0365273004881262,0.0030791606603496,0.3570867098221864,synthetic_turbet2020_based,4.289637185380534,0.8020015854720274,0.6398341295174639,0.9398387031833424,0.6388918688197316,0.7748905119214706,0
Kepler-990 c,1.53,5272.4,2386.0,0.01232,5948.0,1.08,1.05,2.96,2016,0.1484734757526303,0.6052891179363155,0.0160980027230103,0.0033255663770892,0.2268138372109545,synthetic_turbet2020_based,8.570430594798655,0.9282193027394288,0.7698605964119561,0.8745978400564075,0.4814689076156548,0.6489157623721046,0
Kepler-969 c,0.99,564.581,1270.0,0.0265,5214.0,0.82,0.92,0.937,2016,0.1282590176454834,0.6932421215694793,0.025930065766987,0.0030954937796023,0.1494733012384478,synthetic_turbet2020_based,6.337853521373138,0.688134638736401,0.8474312049819497,0.9971325763378588,0.9652387830750012,0.9810560812455094,0
Kepler-1532 b,1.35,1705.762,1681.0,0.0206,5559.0,0.88,0.91,2.39,2016,0.0644614901548873,0.44995493804426,0.0448385634031857,0.0069715471214733,0.4337734612761936,synthetic_turbet2020_based,7.442353287180367,0.8544153281560676,0.559254991602333,0.9121755265265906,0.5685758617789647,0.7201673320059284,0
Kepler-605 b,1.44,316.718,1133.0,0.04244,5462.0,0.88,0.91,2.67,2016,0.1154108796867989,0.6596093622903398,0.0473993929412164,0.0018943958029213,0.1756859692787233,synthetic_turbet2020_based,5.761164196894307,0.8919980393051105,0.8224196349183551,0.8928425856742602,0.5222872290477948,0.6828764749555205,0
Kepler-1483 b,1.52,265.018,1131.0,0.0958,6337.0,1.4,1.25,2.92,2016,0.0970863222608288,0.7779545588554181,0.0237475532518001,0.0074358387206694,0.0937757269112833,synthetic_turbet2020_based,5.583563975665176,0.924258901523332,0.898788434368047,0.8765744124617892,0.4867276335533318,0.6531867951902648,0
Kepler-1485 b,1.47,85.176,728.0,0.14732,6087.0,1.12,1.11,2.76,2016,0.118679731451571,0.4512960067539162,0.0142995673707811,0.0039336101181565,0.4117910843055752,synthetic_turbet2020_based,4.456391716629188,0.904218150639886,0.5842753055762683,0.8866451323918264,0.5089218547556272,0.6717388520004608,0
Kepler-342 e,0.88,3111.322,1897.0,0.02909,6366.0,1.34,1.26,0.615,2016,0.099576166291298,0.4062300577147517,0.0287639504231172,0.0079031428163021,0.4575266827545308,synthetic_turbet2020_based,8.043124350382604,0.6312717768418579,0.5345701744291669,0.9631019153901382,0.747229253203723,0.8483265438473844,0
Kepler-1047 c,0.99,1323.065,1309.0,0.04413,5754.0,1.13,1.08,0.937,2016,0.192298379023582,0.5171810431248773,0.0386779963184126,0.0069671251624136,0.2448754563707144,synthetic_turbet2020_based,7.188461828947489,0.688134638736401,0.7481574184668719,0.9971325763378588,0.9652387830750012,0.9810560812455094,0
Kepler-1409 b,1.04,1552.133,1733.0,0.01553,5160.0,0.79,0.83,1.12,2016,0.0553405672006658,0.5062260305385119,0.0182706691871787,0.004337277415645,0.4158254556579984,synthetic_turbet2020_based,7.348029460177161,0.712949807856125,0.5798372669263564,0.9887759672310884,0.939556116541447,0.9638519118107068,0
Kepler-1425 b,0.94,216.405,676.0,0.11435,5718.0,0.95,0.97,0.779,2016,0.1614561419244481,0.4538830531309329,0.0249486004698324,0.0056398291440329,0.3540723753307535,synthetic_turbet2020_based,5.381761973502671,0.6626879730752367,0.6402877955252134,0.9822521498436376,0.8676786484747323,0.9231896976449248,0
Kepler-1491 b,1.51,138.108,821.0,0.127,5728.0,0.99,1.0,2.89,2016,0.1349964015396866,0.5645983099968339,0.0471916962369714,0.0030024797982994,0.2502111124282086,synthetic_turbet2020_based,4.93525060985649,0.9202827531436926,0.7467864077734919,0.8785633377250446,0.4907451564981838,0.65662066877722,0
Kepler-1492 b,1.49,11.523,801.0,0.1262,4712.0,0.72,0.77,2.83,2016,0.0769251111258061,0.6141457476163135,0.0270920695132556,0.0081728746958391,0.2736641970487855,synthetic_turbet2020_based,2.5275669535818954,0.9122827104766162,0.7181629282553752,0.8825787561567998,0.4989757127709202,0.6636153734881459,0
Kepler-707 b,1.33,336.673,1160.0,0.0325,5099.0,0.76,0.8,2.33,2016,0.0656402690970266,0.6749984195880352,0.0227465653820374,0.0087994369385206,0.2278153089943801,synthetic_turbet2020_based,5.822077971574472,0.8458682675776092,0.7633852540670992,0.916630328327376,0.5795444691342634,0.7288539202219158,0
K2-88 b,1.23,7.8,464.6,0.0345,3537.0,0.256,0.258,2.04,2016,0.125571006501611,0.7353117104243747,0.0213435028576764,0.0067052859767626,0.1110684942395753,synthetic_turbet2020_based,2.174751721484161,0.8020015854720274,0.8822262197836621,0.9398387031833424,0.6388918688197316,0.7748905119214706,0
K2-89 b,0.615,78.0,830.07,0.01462,3691.0,0.318,0.347,0.17,2016,0.1271088031331309,0.5900692803386822,0.0206789833442121,0.005643141236378,0.2564997919475966,synthetic_turbet2020_based,4.3694478524670215,0.4793349566746198,0.7378570668160253,0.8562243476910285,0.2665161734381842,0.477700362938127,0
K2-91 b,1.1,46.0,726.81,0.0164,3622.0,0.284,0.292,1.37,2016,0.0893618409364405,0.7374280822871835,0.0255545610744633,0.0021619686865145,0.1454935470153979,synthetic_turbet2020_based,3.8501476017100575,0.7419373447293773,0.8523444842980873,0.9725727553617304,0.8339141923324209,0.9005788270728968,0
Kepler-80 f,1.21,750.964,1054.0,0.0175,4540.0,0.678,0.73,4459.73,2016,0.1966877171308443,0.4292477347279078,0.015982240783625,0.0084773030026571,0.3496050043549656,synthetic_turbet2020_based,6.622688450463498,0.7929925155296614,0.6419176926423771,0.94467734756943,0.0002613591703159,0.0157130546927395,0
Kepler-617 b,1.32,100.295,750.0,0.0219,3712.0,0.48,0.51,2.3,2016,0.058672415609712,0.4699639926352326,0.0412706243110041,0.0044340893395558,0.4256588781044953,synthetic_turbet2020_based,4.618037051694915,0.8415671856782186,0.5699070325559488,0.9188803114532664,0.5851836449242382,0.7332896630291073,0
Kepler-1629 b,0.77,315.457,1081.0,0.0485,5776.0,1.01,1.01,0.381,2016,0.1394041536413677,0.5079502570467291,0.0173975142244504,0.0018521684687197,0.3333959066187328,synthetic_turbet2020_based,5.757187371374829,0.5709795465857378,0.6647519249125472,0.9237236204122892,0.5292789028162064,0.6992191532825958,0
K2-68 b,1.58,41.0,706.64,0.0708,4746.0,0.675,0.73,3.12,2016,0.1331744715567376,0.6670701665691309,0.0362014102040343,0.0029273237998296,0.1606266278702673,synthetic_turbet2020_based,3.737669618283368,0.947789398933526,0.8364460483299028,0.8648959533125186,0.461489765631797,0.6317757757227511,0
K2-83 c,1.483,7.42,459.75,0.07131,3910.0,0.424,0.484,2.8,2016,0.0966553626801429,0.4014877700269603,0.0498923240178263,0.0031605406123354,0.448804002662735,synthetic_turbet2020_based,2.130609828254235,0.9094675065260296,0.5480354567249295,0.8839961374091806,0.5031919062900668,0.6669480501028408,0
Kepler-1650 b,0.96,54.562,602.0,0.0167,3410.0,0.334,0.326,0.84,2017,0.1430262439020389,0.4823056618364516,0.047738046366797,0.0025737435529057,0.3243563043418066,synthetic_turbet2020_based,4.017499514358493,0.6729444732424258,0.6730699521052875,0.988315802939018,0.9072476685599564,0.946914572713603,0
K2-72 c,1.16,2.2,333.81,0.078,3360.47,0.330989,0.271365,1.65,2016,0.1039878032036908,0.25560445434395,0.0170007819634896,0.0218593940605208,0.6015475664283487,synthetic_turbet2020_based,1.1631508098056809,0.7701082216960736,0.3765930395111304,0.9570804814200394,0.7399953832913482,0.8415670726027071,0
K2-72 e,1.29,1.2,286.34,0.106,3360.47,0.330989,0.271365,2.21,2016,0.2368899551745428,0.1637663648136139,0.0294529832633221,0.025206075221996,0.5446846215265251,synthetic_turbet2020_based,0.7884573603642702,0.8285518175661483,0.4301093032514788,0.9257226131049422,0.6027562339006599,0.7469839863824476,1
K2-72 d,1.01,5.4,416.92,0.05,3360.47,0.330989,0.271365,1.01,2016,0.0669589005172815,0.746690282962312,0.038050948577209,0.0013717797849985,0.1469280881581989,synthetic_turbet2020_based,1.8562979903656265,0.6981347220709844,0.8517001320568025,0.997161138548408,0.994677545305754,0.9959185677381568,0
Ross 128 b,1.11,1.38,301.0,0.0496,3192.0,0.1967,0.168,1.4,2017,0.2487041919937609,0.2989315354425181,0.0417343130775586,0.0447684479894368,0.3658615114967255,synthetic_turbet2020_based,0.8671004876833833,0.7466879474879752,0.5893700405138376,0.9699427429156094,0.8227654887347187,0.8933282794805362,1
HD 219134 f,1.31,12.38,522.6,0.1463,4699.0,0.778,0.81,7.3,2015,0.0837927565561665,0.5864965369165507,0.024435803658397,0.0070891810031782,0.2981857218657076,synthetic_turbet2020_based,2.5937610547000824,0.8372475245337022,0.6947250971311142,0.9211455724788268,0.2181165082069656,0.4482377224413269,0
Kepler-80 g,1.13,8.242999999999999,418.0,,4540.0,0.678,0.83,0.065,2017,0.1078462117677703,0.7160790079086653,0.0496178247325211,0.0057391699839925,0.1207177856070508,synthetic_turbet2020_based,2.2238665082826405,0.7561219797213337,0.8735430444089567,0.9647409729174052,0.1053550376525421,0.3188107926759434,0
Wolf 1061 b,1.21,7.34,461.1,0.0375,3342.0,0.307,0.294,1.91,2015,0.1022279019549435,0.6721749786754542,0.0431569652314244,0.0054867891905517,0.176953364947626,synthetic_turbet2020_based,2.1210632163706555,0.7929925155296614,0.8175598458618221,0.94467734756943,0.6694784425701367,0.795261667240456,0
GJ 3138 b,1.18,118.1,902.98,0.0197,3717.0,0.5,0.681,1.78,2017,0.1516385511362333,0.4307060594854082,0.0183475632579398,0.0076379366559181,0.3916698894645004,synthetic_turbet2020_based,4.779963476361254,0.7793248768009976,0.6006921738795813,0.9520656496448564,0.703030495204811,0.8181266314803066,0
GJ 625 b,1.49,2.0787,335.59,0.078361,3499.0,0.31,0.3,2.82,2017,0.2567898646068908,0.298388763332028,0.0175272487467503,0.0411149980702688,0.3861791252440619,synthetic_turbet2020_based,1.1245074299634468,0.9122827104766162,0.5727058766856691,0.8825787561567998,0.5003734952078943,0.664544217501299,0
GJ 3323 c,1.32,0.17,147.8,0.1264,3159.0,0.119,0.164,2.31,2017,0.8470076830722908,0.0461204509150901,0.0347820575465809,0.0048913610567606,0.0671984474092772,synthetic_turbet2020_based,0.1570037488096647,0.8415671856782186,0.9279101915339618,0.9188803114532664,0.5832921638694778,0.7321036027808056,3
K2-128 b,1.42,68.8,803.1,0.056,4469.51,0.777569,0.711248,2.6,2017,0.1294285776815723,0.7971405434577348,0.044104769961937,0.007436203533627,0.0218899053651288,synthetic_turbet2020_based,4.245634009768327,0.883767540168595,0.970673891101244,0.8970410942572271,0.533161056084935,0.6915687797795451,0
K2-116 b,0.69,78.6,783.03,0.048,4348.35,0.6694,0.694512,0.257,2017,0.1116741017145644,0.7940463176042382,0.0443029227759129,0.0035249026749039,0.0464517552303805,synthetic_turbet2020_based,4.377014092850337,0.5247285289349821,0.9500233420947154,0.8909137416050414,0.3840977739455823,0.5849769097392017,0
K2-266 c,0.705,32.4,664.5,0.0679,4285.0,0.703,0.686,0.29013072,2018,0.1757395459158313,0.4885958753194196,0.0390251146359861,0.001006211575583,0.2956332525531798,synthetic_turbet2020_based,3.5085558999826545,0.5335651107354801,0.703360535871237,0.8973709281420071,0.4253038307881386,0.617782561567339,0
K2-228 b,1.21,123.9803,914.0,0.0338,4715.0,0.65,0.71,1.92,2018,0.132786412855299,0.7312399389699198,0.0389259842107876,0.0087658270198959,0.0882818369440975,synthetic_turbet2020_based,4.828156124882116,0.7929925155296614,0.9029523360360064,0.94467734756943,0.6670255111340399,0.7938034332372518,0
K2-151 b,1.49,20.8,566.0,0.0373,3695.0,0.45,0.47,2.83,2018,0.1145261931857434,0.4188837902755505,0.0221398669275652,0.0085253727753678,0.435924776835773,synthetic_turbet2020_based,3.0819099697950434,0.9122827104766162,0.5555498503888591,0.8825787561567998,0.4989757127709202,0.6636153734881459,0
K2-188 b,1.35,1945.6975,1692.0,0.0289,5977.0,1.19,1.06,2.39,2018,0.1468568920821801,0.6975328534431272,0.0387717008447435,0.0072122433489484,0.1096263102810006,synthetic_turbet2020_based,7.573889626069823,0.8544153281560676,0.8831614463700508,0.9121755265265906,0.5685758617789647,0.7201673320059284,0
K2-192 b,1.52,181.7191,939.0,0.049,5222.0,0.81,0.9,2.92,2018,0.1308141101583931,0.7662837760175994,0.0449679429639865,0.0075474653798474,0.0503867054801734,synthetic_turbet2020_based,5.2079500008863375,0.924258901523332,0.942065829139979,0.8765744124617892,0.4867276335533318,0.6531867951902648,0
K2-239 c,1.0,4.8225,427.0,0.0576,3420.0,0.36,0.4,0.972,2018,0.1823378456239315,0.4455339908781936,0.0403017586639963,0.0096907618197718,0.3221356430141067,synthetic_turbet2020_based,1.7617297227763589,0.6931471805599453,0.6681735951661214,1.0,0.9848148858172576,0.9923783985039464,0
HD 20781 b,1.21,175.0994,1006.1,0.0529,5256.0,0.833609,0.7,1.93,2019,0.1899477456450308,0.7622327319021182,0.0355572958370628,0.0040821998482635,0.0081800267675247,synthetic_turbet2020_based,5.171048608341331,0.7929925155296614,0.9877377733842118,0.94467734756943,0.6645899072083427,0.7923528448633165,0
HD 21749 c,0.892,305.9425,701.0,0.0695,4640.0,0.695,0.73,3.7,2019,0.1786667768538788,0.6964404947368451,0.0265375517927816,0.0028774379376383,0.095477738678856,synthetic_turbet2020_based,5.726660433628095,0.6376344706296866,0.9016448233835056,0.9670524270746088,0.4008273868318976,0.622592239972327,0
Kepler-1988 b,1.53,351.79,1105.0,0.1038,6033.0,1.788,1.127,2.96,2023,0.0547260030664453,0.7358105441023469,0.0158476151753196,0.0037238578842923,0.1898919797715956,synthetic_turbet2020_based,5.865872979059716,0.9282193027394288,0.8063841623441118,0.8745978400564075,0.4814689076156548,0.6489157623721046,0
Kepler-1991 b,1.47,78.79,760.0,0.1065,5478.0,1.053,0.914,2.76,2023,0.1472744948826041,0.4299279245415741,0.014147088896769,0.0034924084744222,0.4051580832046304,synthetic_turbet2020_based,4.379398183320189,0.904218150639886,0.5913495083209471,0.8866451323918264,0.5089218547556272,0.6717388520004608,0
Kepler-1998 b,0.6,468.31,1187.0,0.0405,5640.0,0.921,0.962,0.156,2023,0.1661184661535438,0.7661857342573728,0.0154601696809676,0.0068901756179312,0.0453454542901844,synthetic_turbet2020_based,6.15126353090491,0.4700036292457356,0.9477643700918842,0.8487600312757227,0.246252434736883,0.4571752664011907,0
Kepler-1994 b,0.51,268.27,1032.0,0.053,5495.0,0.961,0.932,0.087,2023,0.1582241111293217,0.7477837367828173,0.0323709940850634,0.0093370838805061,0.0522840741222914,synthetic_turbet2020_based,5.595714593686387,0.412109650826833,0.9383788419972025,0.7996229272142522,0.1408062989975805,0.3355472321069725,0
Kepler-1126 c,1.45,2.06,305.0,0.6193,5678.0,0.921,0.794,2.7,2023,0.3958527963537053,0.1372705282232003,0.0404638003711161,0.0320655287879966,0.3943473462639817,synthetic_turbet2020_based,1.118414915964289,0.8960880245566356,0.5735871249480217,0.890763533639964,0.5177573235633603,0.6791165902150154,0
Kepler-1987 c,1.33,129.44,860.0,0.0427,4769.0,0.714,0.799,2.33,2023,0.1606600550798242,0.6230499981524763,0.0226891561238442,0.0089285131196721,0.1846722775241831,synthetic_turbet2020_based,4.870913350921119,0.8458682675776092,0.8063992093561447,0.916630328327376,0.5795444691342634,0.7288539202219158,0
Kepler-1987 b,1.23,233.38,997.0,0.0318,4769.0,0.714,0.799,2.04,2023,0.0717600717401666,0.7690377593245254,0.02143243191834,0.0085289610072696,0.1292407760096982,synthetic_turbet2020_based,5.456943729830456,0.8020015854720274,0.8622302629830321,0.9398387031833424,0.6388918688197316,0.7748905119214706,0
Kepler-1834 c,1.22,1334.22,1541.0,0.015,4821.0,0.788,0.765,1.98,2023,0.1090980244508476,0.7681805538363244,0.019014270704592,0.0062533205067251,0.0974538305015108,synthetic_turbet2020_based,7.1968513512648,0.7975071958841881,0.8962928489917641,0.9422494705499432,0.6526655546576766,0.784202635370719,0
Kepler-763 c,1.42,182.9,938.0,0.0466,4999.0,0.843,0.8,2.6,2023,0.0772028537900465,0.7331320689678114,0.0284715521607424,0.0058947053671093,0.1552988197142902,synthetic_turbet2020_based,5.214392131610276,0.883767540168595,0.8388064749186003,0.8970410942572271,0.533161056084935,0.6915687797795451,0
Kepler-290 d,0.86,1503.79,1589.0,0.0154,5142.0,0.755,0.84,0.566,2023,0.1296721451436686,0.6966157028423119,0.0113616712476057,0.0040029885202828,0.1583474922461309,synthetic_turbet2020_based,7.316408632563357,0.6205764877251099,0.8376495192335862,0.9563763687622634,0.7066241824027928,0.8220697474338696,0
Kepler-865 c,0.89,164.98,914.0,0.061,5440.0,0.885,0.782,0.64,2023,0.0745531498939242,0.6966830055927326,0.0312832397212879,0.0020082322065365,0.1954723725855187,synthetic_turbet2020_based,5.111867299170302,0.636576829071551,0.8025193952079446,0.9663983347822086,0.7670642636678022,0.860981780921934,0
Kepler-2000 c,1.57,3.92,359.0,0.1228,3757.0,0.576,0.581,3.09,2023,0.1619425153273573,0.6019969044074011,0.0239438902658962,0.0080820263573169,0.2040346636420283,synthetic_turbet2020_based,1.5933085305042167,0.9439058989071284,0.7878833100006545,0.8668126032440396,0.4651126546095512,0.6349531564956985,0
HD 50554 d,1.41,42.4756,651.11,0.1831,5968.0,1.146,1.04,10.4,2026,0.1935999603043082,0.7580817579175667,0.0176474215053724,0.0034687344954101,0.0272021257773423,synthetic_turbet2020_based,3.772199861180191,0.8796267475025635,0.9693291397272472,0.8991608377123578,0.1553151800353381,0.3737021907749809,0
EPIC 205950854 c,1.31,163.00382,960.6,,5502.7,0.83,0.877,2.27,2019,0.0787469609896518,0.5278268900483911,0.0210917767668803,0.0073767000335248,0.3649576721615518,synthetic_turbet2020_based,5.099889720235855,0.8372475245337022,0.6276656278049233,0.9211455724788268,0.5909299475571828,0.7377889297335953,0
Kepler-1990 c,0.98,442.08,1170.0,0.0504,5751.0,1.071,1.028,0.904,2023,0.164954096821046,0.4993251031601191,0.0467207689050713,0.0010500317683259,0.2879499993454375,synthetic_turbet2020_based,6.093750340648732,0.6830968447064438,0.7109999688862363,0.9942298598406664,0.9461471506971676,0.9698905861107688,0
Kepler-1982 b,0.77,638.38,1282.0,0.0511,6202.0,1.122,1.213,0.381,2023,0.1409883372025467,0.6928834616516975,0.0306913717728596,0.0010508344621308,0.1343859949107654,synthetic_turbet2020_based,6.460498956812166,0.5709795465857378,0.8645631706271037,0.9237236204122892,0.5292789028162064,0.6992191532825958,0
Kepler-1686 b,1.42553017,167.2,913.0,0.08827,5714.96,1.19951,1.02,2.62,2020,0.1313558432453796,0.5193211691678202,0.0320991532384085,0.0094188287209742,0.3078050056274173,synthetic_turbet2020_based,5.125153747538848,0.8860501272982132,0.6827761656516084,0.8958747357413185,0.5300098305252285,0.6890735932119951,0
Kepler-1689 b,0.94678642,149.3,879.0,0.0784,5731.43,0.996208,1.023,0.799,2020,0.1672560305017289,0.6758086819581621,0.0324761251734655,0.0083852667343917,0.1160738956322515,synthetic_turbet2020_based,5.012633296758929,0.666180023403213,0.8755408376333566,0.98432680833062,0.8809348770263209,0.9311969801553514,0
Kepler-1692 b,1.11177184,153.48,897.0,0.0646,5146.0,0.866139,0.87,1.42,2020,0.1130265166288291,0.6570058107275062,0.0203544483676013,0.0046637225787562,0.204949501697307,synthetic_turbet2020_based,5.040064638120259,0.7475273297052912,0.7903867757239366,0.9694787868804224,0.8154919038702064,0.8891580858738753,0
EPIC 201170410.02,1.047,10.3359,500.03,0.0349,3648.0,0.282,0.287,1.15,2020,0.1420542397467528,0.5611482804979608,0.0112344388626227,0.0030035439588655,0.282559496933798,synthetic_turbet2020_based,2.4279746808956943,0.7163753066791524,0.7144369591073363,0.986847231785098,0.9255352058366398,0.9556996682010196,0
Kepler-1694 b,1.17986031,197.66,956.0,0.0449,4954.0,0.756284,0.82,1.76,2020,0.0657548565076149,0.6687639504675073,0.0287977015917153,0.0082846619263011,0.2283988295068612,synthetic_turbet2020_based,5.29159482078721,0.7792607967662647,0.7633165085668375,0.9521004250678908,0.708482908168274,0.821308028708078,0
Kepler-716 c,1.39281536,151.8,992.0,0.04548,5012.0,0.742183,0.83,2.52,2020,0.1186512062861459,0.5659242700459364,0.0219540833629894,0.0027948508564632,0.2906755894484648,synthetic_turbet2020_based,5.02912987673242,0.8724706475707712,0.7065295596950717,0.9028359843774114,0.5461368051803204,0.7021908288419246,0
EPIC 201757695.02,0.90819,494.202,1025.29,0.0296,4520.0,0.655,0.727,0.688,2020,0.1745655416972697,0.4380845483787066,0.0460851089340658,0.0012421823611361,0.3400226186288216,synthetic_turbet2020_based,6.204965760134444,0.6461551487810531,0.6587351990100421,0.9722848183481414,0.8035875711462898,0.8839208084657779,0
Kepler-1001 c,1.57799279,72.4,804.0,0.08296,5376.0,0.836475,0.93,3.11,2020,0.1695016653132351,0.5765918427233397,0.0105270695337102,0.0053808847309705,0.2379985376987442,synthetic_turbet2020_based,4.29592393562047,0.9470111077714244,0.756620577570285,0.8652797287322567,0.4626913132428294,0.6327380295268549,0
TOI-237 b,1.44,3.7,388.0,0.0341,3212.0,0.211,0.179,2.67,2020,0.1723257364193449,0.6830232752888518,0.0201688381786071,0.0051961321062537,0.1192860180069423,synthetic_turbet2020_based,1.547562508716013,0.8919980393051105,0.8755178498868038,0.8928425856742602,0.5222872290477948,0.6828764749555205,0
Kepler-36 b,1.498,247.0,978.0,0.11419,5979.0,1.634,1.034,3.83,2012,0.105015192651116,0.6186373743738608,0.023007897035927,0.0078429779632619,0.2454965579758341,synthetic_turbet2020_based,5.513428746164983,0.915490411703386,0.7466604640609038,0.880966532585883,0.3892948562768775,0.5856242307894718,0
Kepler-1514 c,1.1758241,193.0,1066.0,0.0997,6145.0,1.289,1.196,1.74,2020,0.1567655493373692,0.6429582158013004,0.0431663476178536,0.0029771431098559,0.1541327441336206,synthetic_turbet2020_based,5.267858159063328,0.7774074893291998,0.8428901127565233,0.9531067413383428,0.714017725279808,0.824945517836938,0
K2-344 b,1.59,37.2966,722.0,,4374.0,0.49,0.51,3.15,2021,0.1985503282250191,0.7651268675561798,0.0113587336850662,0.0057729877084181,0.0191910828253166,synthetic_turbet2020_based,3.6453611194001048,0.9516578757114464,0.9750359294662652,0.8629909313522593,0.4579210752769188,0.628634818665858,0
G 264-012 b,1.39,20.5,587.0,0.02279,3326.0,0.305,0.297,2.5,2021,0.058425108343658,0.4999083190872579,0.0402118980605879,0.0047104130754035,0.3967442614330926,synthetic_turbet2020_based,3.068052935133617,0.8712933659434193,0.5985453254915039,0.9034420362640322,0.5494767083137804,0.7045710441386727,0
K2-156 b,1.1,654.0363,1347.0,0.0149,4460.0,0.62,0.66,1.37,2018,0.1753898024612997,0.4857320883244855,0.0339818861573835,0.0081846942613237,0.2967115287955075,synthetic_turbet2020_based,6.4846906539469575,0.7419373447293773,0.6951037769431687,0.9725727553617304,0.8339141923324209,0.9005788270728968,0
K2-268 d,1.49,146.62882000000002,888.0,,5106.0,0.78,0.84,2.83,2021,0.066256287780268,0.6671362908865626,0.0260280740939562,0.0070414382225586,0.2335379090166545,synthetic_turbet2020_based,4.994701150558692,0.9122827104766162,0.7594206527607869,0.8825787561567998,0.4989757127709202,0.6636153734881459,0
K2-187 b,1.2,2367.252,1815.0,0.0164,5438.0,0.83,0.966999,1.87,2018,0.1188804684776179,0.7209256824248415,0.041661870429926,0.0064034705465507,0.1121285081210636,synthetic_turbet2020_based,7.769907409260724,0.7884573603642702,0.8814680213323853,0.947122533919042,0.6794671515451294,0.8022086077113463,0
K2-32 e,1.212,210.7222,1066.0,0.04899,5271.0,0.86,0.83,2.1,2019,0.0831940805085291,0.4704955235988098,0.0128003968786596,0.0039510994927477,0.4295588995212537,synthetic_turbet2020_based,5.355275038018362,0.7938970836600884,0.5664900009859986,0.9441903938551952,0.6256696416983442,0.7686034513443186,0
EPIC 228836835 b,1.1,97.634,932.0,,3782.0,0.32,0.418179,1.37,2021,0.0826398931187047,0.6671942256388048,0.0358347866338885,0.0087365451363248,0.205594549472277,synthetic_turbet2020_based,4.591416029755428,0.7419373447293773,0.785668905391398,0.9725727553617304,0.8339141923324209,0.9005788270728968,0
K2-223 c,1.5,305.7945,1091.0,0.0549,5859.0,1.0,1.06,2.86,2018,0.0970621243645985,0.7000367459552707,0.0400799945776597,0.0031527508779213,0.1596683842245496,synthetic_turbet2020_based,5.7261781423441445,0.9162907318741552,0.8371788648975288,0.8805647427246953,0.4948273312024517,0.6600965850490628,0
K2-350 b,1.54,422.88136,1158.0,,5789.0,1.04,0.98,2.99,2021,0.0776511220345717,0.6587367872221737,0.0372147545188379,0.0055101385782422,0.2208871976461744,synthetic_turbet2020_based,6.049453604756711,0.9321640810304452,0.7736026637755833,0.8726334954151859,0.4775964576720807,0.645574679069973,0
K2-137 b,0.64,975.5731,1471.0,0.0058,3697.0,0.29,0.463,158.915,2017,0.0697597051139479,0.7086013258773173,0.036200527264077,0.0089602721618994,0.1764781695827582,synthetic_turbet2020_based,6.884049606705912,0.494696241836107,0.8145615582553422,0.8682577916517171,0.0092032379058621,0.089391179767297,0
K2-354 b,1.56,22.2844,543.0,,3669.0,0.41,0.43,3.05,2021,0.1513087191018737,0.6491500996285767,0.0393075680394641,0.0035589597108342,0.1566746535192511,synthetic_turbet2020_based,3.147783608440764,0.9400072584914712,0.8397663867699146,0.8687409977830233,0.4700296131326776,0.6390101682293098,0
K2-336 b,1.22,23.339,569.0,,5424.0,0.8,0.86,1.98,2021,0.0958692683702741,0.7764845736513575,0.0294648671169728,0.0033479014537519,0.0948333894076436,synthetic_turbet2020_based,3.192080002081038,0.7975071958841881,0.9018187091386044,0.9422494705499432,0.6526655546576766,0.784202635370719,0
KOI-1831 d,1.13,11.8,475.0,0.19924,5233.0,0.835,0.901,2.23,2018,0.0818487776682015,0.4660789602185181,0.0474565660160152,0.0024012876349529,0.4022144084623121,synthetic_turbet2020_based,2.5494451709255714,0.7561219797213337,0.5953843039027348,0.9647409729174052,0.5987636077154604,0.7600340686146569,0
K2-349 b,1.38,16.717419999999997,518.0,,4385.0,0.49,0.54,2.48,2021,0.1600550041697355,0.4242109485239376,0.0281979808936676,0.0018569216439335,0.3856791447687256,synthetic_turbet2020_based,2.874548336382358,0.8671004876833833,0.6124639335873407,0.905603791277757,0.5528563527481881,0.7075795425821412,0
GJ 740 b,1.53,79.0,829.0,0.029,3913.0,0.56,0.58,2.96,2021,0.136602981364487,0.5062613821558455,0.0437141232884711,0.0071449010526413,0.3062766121385549,synthetic_turbet2020_based,4.382026634673881,0.9282193027394288,0.6865784868088036,0.8745978400564075,0.4814689076156548,0.6489157623721046,0
TOI-1749 b,1.39,83.8379,831.0,0.0291,3985.0,0.55,0.58,57.0,2021,0.1429050744481169,0.4819657440821707,0.0459854323981291,0.00616042666858,0.3229833224030032,synthetic_turbet2020_based,4.440742376914887,0.8712933659434193,0.6708562509284167,0.9034420362640322,0.0272416960047164,0.1568798690392963,0
K2-185 b,1.15,90.3896,809.0,,5788.0,0.94,0.96,1.6,2018,0.1275863255253611,0.7837396232892397,0.0269684092336887,0.0048281096070526,0.0568775323446578,synthetic_turbet2020_based,4.51513168642805,0.7654678421395714,0.9382943580482896,0.9596153258135792,0.7552323996590469,0.8513122724733783,0
Kepler-1834 b,1.4593834,105.2,848.0,0.04911,4821.0,0.788,0.765,2.73,2021,0.091108480870546,0.5102477906373104,0.0459500726427446,0.0084752402785532,0.3442184155708456,synthetic_turbet2020_based,4.665324108807838,0.8999106681197042,0.6473063441506011,0.8888247558668729,0.5133028142280379,0.6754526249427228,0
Kepler-1841 b,1.48912557,20.35,542.0,0.1606,5190.0,0.899,0.823,2.82,2021,0.1694287481973745,0.6992174493488352,0.0197127669909074,0.0022659097421821,0.1093751257207006,synthetic_turbet2020_based,3.061051739674633,0.9119314720928092,0.8883589645371172,0.8827554713013751,0.5003734952078943,0.6646107436604987,0
Kepler-1743 b,1.59887007,515.0,1144.0,0.084,5855.0,1.613,1.266,3.18,2021,0.0554042232354343,0.7158089586555307,0.0416490981750264,0.006970685934998,0.1801670339990104,synthetic_turbet2020_based,6.246106765481563,0.9550767621049636,0.8128622800659914,0.8613108022394171,0.4544053896613231,0.6256071216914887,0
Kepler-1741 b,1.273,33.79,615.0,0.0296,3683.0,0.424,0.454,2.16,2021,0.1893945103855493,0.7213014110664545,0.0187559465840781,0.0044339129652189,0.066114218998699,synthetic_turbet2020_based,3.5493299891638506,0.8211005448704062,0.929451868036082,0.929662727087748,0.6129667497676927,0.7548856471036831,0
Kepler-1813 b,1.413,298.2,1059.0,0.0364,5167.0,0.787,0.812,2.58,2021,0.0691748647068204,0.4720737487268192,0.0189220312855859,0.0046158586533122,0.4352134966274621,synthetic_turbet2020_based,5.7011122461003225,0.8808707866428946,0.5601706447192255,0.898523466692623,0.5363487302981895,0.6942059640364061,0
Kepler-1859 b,1.58313575,1056.15,1455.0,0.0394,5887.0,1.235,1.09,3.13,2021,0.1398918954455717,0.660434073474589,0.0372325588947891,0.0061773071863381,0.1562641649987119,synthetic_turbet2020_based,6.963331886870878,0.9490040679011378,0.8375585278149498,0.8642973400681768,0.4602942397944474,0.6307385251457568,0
Kepler-1860 b,1.13863767,56.3,697.0,0.10625,5420.0,0.868,0.874,1.55,2021,0.1800207120234837,0.499519431708001,0.012232271574455,0.0096625310848642,0.2985650536091959,synthetic_turbet2020_based,4.048300623720694,0.7601690235124187,0.6917724153059397,0.962518058919053,0.7710882801633792,0.8615024054975625,0
K2-184 b,1.47,14.0501,533.0,0.1685,5245.0,0.75,0.84,2.76,2018,0.0591100589935802,0.7611822623167819,0.0344913974781689,0.0092686634678313,0.1359476177436375,synthetic_turbet2020_based,2.7113846356910827,0.904218150639886,0.854783718788531,0.8866451323918264,0.5089218547556272,0.6717388520004608,0
Kepler-1763 b,1.14651332,2597.27,1822.0,0.0257,5897.0,1.259,1.026,1.59,2021,0.1044985384930429,0.4011436082753369,0.020036210982775,0.0095659012762654,0.4647557409725796,synthetic_turbet2020_based,7.8626011179276,0.7638448141139582,0.5256783577511548,0.9605035016510356,0.7583528928625028,0.8534638885633221,0
Kepler-1833 b,1.30027362,439.2,1177.0,0.07545,6164.0,1.446,1.286,2.24,2021,0.0962141073508584,0.4004563104584009,0.0490716670881271,0.0047258507570545,0.4495320643455588,synthetic_turbet2020_based,6.087229169092361,0.833028081076695,0.5457420848973864,0.9233636701093084,0.5967864231938658,0.7423280285639865,0
Kepler-1130 d,0.64472273,221.4,981.0,0.05068,5450.0,0.842,0.944,0.202,2021,0.1018764567134155,0.7853056062855759,0.0148138634815212,0.0054457301358654,0.0925583433836219,synthetic_turbet2020_based,5.404477562376427,0.4975718168191603,0.9019959264805126,0.8704761196193537,0.3114083692517985,0.5206472403492565,0
Kepler-1943 b,1.54869189,724.2,1098.0,0.05975,6032.0,0.973,1.055,3.02,2021,0.1271261798315867,0.542203113376186,0.0120453824698345,0.008072928094016,0.3105523962283766,synthetic_turbet2020_based,6.586447478880696,0.9355802432351412,0.6813746756776072,0.8709359458839708,0.4737838127296655,0.6423669925239196,0
Kepler-394 d,1.50066814,302.0,1165.0,0.05904,6398.0,1.101,1.141,2.86,2021,0.1209730513160092,0.6879561214837668,0.0483462676651828,0.0010254820595836,0.1416990774754575,synthetic_turbet2020_based,5.713732805509369,0.916557952167632,0.8572754404649588,0.8804306292204254,0.4948273312024517,0.6600463154703906,0
Kepler-1945 b,1.289,100.72,808.0,0.0597,4991.0,0.804,0.767,2.21,2021,0.0607243773476702,0.7958453939514538,0.0332334331247345,0.0045549411302543,0.105641854445887,synthetic_turbet2020_based,4.622223940553919,0.8281150409704297,0.8898032044238585,0.9259531121603536,0.6027562339006599,0.7470769777301199,0
Kepler-1932 b,1.51482218,2799.9,1891.0,0.0123,5278.0,0.815,0.911,2.91,2021,0.0582026577593389,0.4793459942880467,0.0362087038434826,0.0066155427657947,0.419627101343337,synthetic_turbet2020_based,7.937696073087627,0.9222020972747366,0.5737573558908682,0.8776026920365874,0.4880597183353881,0.6544635380873064,0
YZ Cet b,0.913,8.21,471.2,0.01634,3151.0,0.157,0.142,0.7,2017,0.0987745332205365,0.789199505269784,0.0137242656851249,0.0079904811049441,0.0903112147196103,synthetic_turbet2020_based,2.2202898502672155,0.6486726904581158,0.9016983041754454,0.9738182467590568,0.8124126035284491,0.889461757026706,0
YZ Cet c,1.05,4.72,410.3,0.02156,3151.0,0.157,0.142,1.14,2017,0.1221315679527865,0.5675336799890113,0.0110225997277959,0.0075501967745819,0.2917619555558242,synthetic_turbet2020_based,1.7439688053917064,0.7178397931503169,0.7006878476695936,0.9860237975973268,0.9301636376348,0.957686526149141,0
Kepler-495 c,1.21936414,108.13,1000.0,0.0614,5392.0,1.087,0.888,1.98,2021,0.1051467864295429,0.6462328024637447,0.0273650823766699,0.0089026286994586,0.2123527000305838,synthetic_turbet2020_based,4.692539832124998,0.7972207314337416,0.7787446712699575,0.942403338068466,0.6526655546576766,0.7842666621447715,0
Kepler-1950 b,1.52696349,75.83,752.0,0.0871,5455.0,0.852,0.759,2.95,2021,0.0696101553456569,0.7509069931829115,0.047933212302296,0.007257302677264,0.1242923364918713,synthetic_turbet2020_based,4.341595188879544,0.927018380339674,0.8684503608308645,0.8751967297687757,0.4827732553207066,0.650016595385463,0
Kepler-1899 b,1.55098292,124.3,851.0,0.0457,4791.0,0.742,0.759,3.02,2021,0.1299309165073915,0.640825203133192,0.0271542068478372,0.0017522450381313,0.2003374284734477,synthetic_turbet2020_based,4.830710861902023,0.9364787437236968,0.7979103264884208,0.8704900143520422,0.4737838127296655,0.6422025209720154,0
Kepler-1869 b,1.11955354,138.5,865.0,0.07976,5808.0,0.902,0.987,1.46,2021,0.1893265248251475,0.531674613901777,0.0225139109480161,0.0027219229824954,0.253763027342564,synthetic_turbet2020_based,4.93806460126142,0.7512054721661967,0.7435150496749405,0.9674483638350796,0.8013117863738329,0.8804702020222658,0
Kepler-1312 c,1.02732734,1770.2,1659.0,0.02103,5721.0,0.905,0.983,1.07,2021,0.1988612373251693,0.7770257749121167,0.0239772947941503,0.0033400484285041,-0.0032043554599405,synthetic_turbet2020_based,7.479412561954373,0.7067183443183067,0.9998643070314364,0.992294279128825,0.9638597075133074,0.977973656929591,0
Kepler-1952 b,1.23923346,65.27,725.0,0.1724,5973.0,1.305,0.922,2.07,2021,0.170805429452354,0.5690440200784559,0.0487115220035257,0.009110950566484,0.2023280778991804,synthetic_turbet2020_based,4.193737306100135,0.806133601944191,0.7885609715343356,0.9376277533429648,0.6322138905277648,0.7699229116007416,0
Kepler-1972 b,0.802,341.3,1084.0,0.08006,5818.0,1.384,1.12,2.02,2022,0.1092613585529162,0.7661524856564326,0.0192880877792545,0.0095551100027355,0.0957429580086611,synthetic_turbet2020_based,5.83568754553614,0.5888971591861462,0.8947019319886033,0.9358069344882156,0.6434201630516255,0.7759620160634473,0
Kepler-1890 b,0.86867375,493.0,1328.0,0.05712,6046.0,1.396,1.024,0.587,2021,0.0901482577970263,0.6571179362533759,0.0480746191021569,0.0015324321168287,0.203126754730612,synthetic_turbet2020_based,6.202535517187923,0.6252289546488223,0.7953408131525591,0.9593152070939498,0.724315121537567,0.8335745382502339,0
Kepler-1959 b,1.14315727,102.25,811.0,0.0617,5071.0,0.811,0.768,1.57,2021,0.0502774185496845,0.696434296149157,0.0134891363955755,0.0065619576553655,0.2332371912502173,synthetic_turbet2020_based,4.637153231841142,0.7622801015728373,0.7602008510944169,0.9613605435547746,0.76466929814111,0.8573930791070018,0
Kepler-1960 b,1.30749704,1352.14,1547.0,0.0354,6371.0,1.072,1.117,2.26,2021,0.1431345352085852,0.7451104197965847,0.0429042598891819,0.0071664790877743,0.0616843060178738,synthetic_turbet2020_based,7.210183096579758,0.836163404620483,0.9311492148943518,0.9217149687765748,0.5928697109432751,0.73922722292314,0
Kepler-1911 b,1.011,223.93,987.0,0.0636,5721.0,0.972,0.954,1.01,2021,0.0870105188044727,0.7057426226721393,0.0327883962467168,0.0026004203535885,0.1718580419230826,synthetic_turbet2020_based,5.415789242688208,0.6986321107905149,0.8255415377233288,0.9968784718998692,0.994677545305754,0.9957774005255958,0
Kepler-1865 b,1.57686072,495.14,1203.0,0.0344,5420.0,0.871,0.849,3.11,2021,0.1352191206423256,0.4901774362299084,0.0270200912021678,0.0089938725554759,0.3385894793701223,synthetic_turbet2020_based,6.206858144962131,0.9465718828677474,0.6524166480744017,0.8654963857231902,0.4626913132428294,0.6328172400600235,0
Kepler-1967 b,0.73022577,57.1,1086.0,0.06686,4970.0,1.806,0.996,0.315,2021,0.0579332497979887,0.6464043567955843,0.0219046454551029,0.0072593051183278,0.2664984428329962,synthetic_turbet2020_based,4.062165663857866,0.5482519028850995,0.726242252048676,0.9079022527116026,0.4550339834167999,0.6427490790381941,0
Kepler-1867 b,1.15985997,82.32,768.0,0.0872,5693.0,0.816,0.911,1.65,2021,0.1551090742607603,0.5821841871277311,0.0314558846735839,0.0066389217190111,0.2246119322189134,synthetic_turbet2020_based,4.422688616392771,0.7700433908908987,0.7687491460620752,0.9571158496035151,0.7399953832913482,0.8415826221955737,0
Kepler-1968 b,1.50004034,72.16,744.0,0.0696,5008.0,0.788,0.844,2.86,2021,0.0596717917688094,0.5840536941606429,0.0183401171206418,0.0097092873818416,0.3282251095680641,synthetic_turbet2020_based,4.292648823522665,0.9163068677439712,0.6620656030500941,0.8805566438154496,0.4948273312024517,0.6600935494547624,0
Kepler-1907 b,0.86973029,75.0,856.0,0.05444,5159.0,0.8,0.752,0.589,2021,0.0652626876981316,0.7837721275054067,0.0415382647869917,0.003204633249739,0.1062222867597306,synthetic_turbet2020_based,4.330733340286331,0.6257941905178322,0.89057307999053,0.9596708594921776,0.7259770483587824,0.834684981277408,0
Kepler-1913 b,1.51852059,105.7,818.0,0.1209,6214.0,1.076,1.169,2.92,2021,0.1293720855256194,0.6856930897400269,0.0241015160800997,0.004959892523438,0.1558734161308158,synthetic_turbet2020_based,4.670021158307708,0.9236716616714394,0.839166691345746,0.8768678744478763,0.4867276335533318,0.6532961238741241,0
Kepler-1909 b,1.09217411,266.01,1031.0,0.0306,4935.0,0.685,0.663,1.33,2021,0.0665168110015603,0.5210890587195061,0.0204258048171994,0.0086973549343993,0.3832709705273347,synthetic_turbet2020_based,5.587286110882417,0.7382037693169748,0.6080316745382657,0.9746447283258516,0.8492415999675806,0.909785056199218,0
Kepler-534 c,1.227,178.68,933.0,0.0761,5936.0,0.965,1.075,2.02,2021,0.1261025755445259,0.4766189356147372,0.0338158498213539,0.0043292489352316,0.3591333900841512,synthetic_turbet2020_based,5.191177490990133,0.8006553882752306,0.636537360980617,0.940560148631948,0.6434201630516255,0.7779301795101082,0
Kepler-1934 b,0.91307734,1835.6,1700.0,0.02466,5925.0,1.035,0.968,0.702,2021,0.1470706221931692,0.5158852750459388,0.0200040040691167,0.0097734298669678,0.3072666688248073,synthetic_turbet2020_based,7.515671315179421,0.6487131182870056,0.6829599013082248,0.9738428249261052,0.8138719497317999,0.8902715083922057,0
GJ 411 b,1.45,3.13,349.83,0.07879,3719.0,0.3685,0.3899,2.69,2019,0.2905809589719784,0.1000101254054857,0.0394769458910907,0.0301017571606704,0.5398302125707747,synthetic_turbet2020_based,1.4182774069729414,0.8960880245566356,0.4300680302685548,0.890763533639964,0.5192588217736103,0.6801005976741862,0
K2-316 b,1.33,68.5057,841.0,0.0147,3436.0,0.379,0.408,2.33,2020,0.149811067471935,0.5749819292481845,0.0355718930307979,0.0061420131109545,0.2334930971381279,synthetic_turbet2020_based,4.241408763596239,0.8458682675776092,0.7603648897509173,0.916630328327376,0.5795444691342634,0.7288539202219158,0
TOI-206 b,1.3,117.7582,910.0,0.0112,3383.0,0.35,0.35,2.24,2022,0.0897261055348754,0.534768631845261,0.0313945618216602,0.0016467940885697,0.3424639067096336,synthetic_turbet2020_based,4.777089493162307,0.832909122935104,0.6558892992017966,0.9234262819589574,0.5967864231938658,0.7423531961899917,0
TOI-1693 b,1.41,57.0208,764.0,0.0226,3499.0,0.46,0.49,2.57,2022,0.1429576769478129,0.4349297595531287,0.0429218712310997,0.008259932178432,0.3709307600895265,synthetic_turbet2020_based,4.0608015669470445,0.8796267475025635,0.6208093077320412,0.8991608377123578,0.5379564315773541,0.6954921679428492,0
TOI-2096 b,1.243,9.4,445.0,0.025,3300.0,0.235,0.231,2.08,2023,0.0831102121498153,0.6625579153309313,0.0257563067857005,0.0024185122345875,0.2261570534989651,synthetic_turbet2020_based,2.341805806147327,0.8078142555380713,0.7714244342664471,0.9367299617930286,0.6300178128851966,0.7682164810734522,0
K2-38 b,1.54,426.0,1266.0,0.04994,5731.0,1.06,1.03,7.3,2016,0.1588448435450014,0.6584316968581068,0.0454744836444944,0.0065206879539675,0.1307282879984298,synthetic_turbet2020_based,6.056784013228625,0.9321640810304452,0.8627510240476025,0.8726334954151859,0.2181165082069656,0.4362748800520143,0
K2-414 b,1.219,72.113,811.92,0.0487,4343.0,0.732,0.814,1.98,2022,0.1470003464151929,0.6222585133653428,0.0179128453093235,0.005641903448873,0.2071863914612678,synthetic_turbet2020_based,4.292006189521619,0.7970566439504569,0.7871717050898591,0.9424914850480194,0.6526655546576766,0.7843033391800668,0
HD 23472 f,1.137,26.3,630.0,0.0906,4684.0,0.71,0.67,0.77,2022,0.1768892572779269,0.6271395607895809,0.0467671076522084,0.0068482737016557,0.1423558005786278,synthetic_turbet2020_based,3.3068867021909143,0.7594029763370106,0.8507959257197162,0.9629384312064788,0.8616200099174907,0.9108715719826036,0
HD 23472 d,0.75,117.0,909.0,0.04298,4684.0,0.71,0.67,0.55,2022,0.0508378281465526,0.6209353638196744,0.0385013049429081,0.0011236320020684,0.2886018710887964,synthetic_turbet2020_based,4.770684624465665,0.5596157879354227,0.710274496909135,0.9158836999383776,0.6928436741224899,0.7965953977611253,0
HD 23472 e,0.818,46.7,723.0,0.068,4684.0,0.71,0.67,0.72,2022,0.1643838837684274,0.6605792772670588,0.0209903861437078,0.0072005045171297,0.1468459483036761,synthetic_turbet2020_based,3.864931397894296,0.597736995755287,0.845953547179194,0.9416466585832994,0.8268608477162867,0.882389230649035,0
K2-3 d,1.458,1.44,305.2,0.2014,3844.0,0.546,0.549,2.2,2015,0.164684804856059,0.1076378369188598,0.0347181475511954,0.0214342913153204,0.6715249193585653,synthetic_turbet2020_based,0.8919980393051105,0.899348011143843,0.3070407893261141,0.8891098605490764,0.6047719202861447,0.733286218136964,1
K2-3 c,1.582,3.17,371.8,0.1357,3844.0,0.546,0.549,2.68,2015,0.1299446336508797,0.5044582315618484,0.0374571538771524,0.0090613125204373,0.319078668389682,synthetic_turbet2020_based,1.42791603581071,0.9485642924244508,0.6718600190898806,0.8645140223867345,0.5207687667135363,0.6709783165236402,0
Kepler-409 b,1.199,6.15,438.0,0.3192,5421.0,0.897,0.913,6.0,2014,0.070008202181266,0.4042800032078101,0.031260701539886,0.0087450976974956,0.4857059953735422,synthetic_turbet2020_based,1.9671123567059163,0.7880027115726241,0.5055489069289621,0.9473680123513976,0.2617261956899061,0.4979468102026955,0
Kepler-20 f,0.952,35.9,681.0,0.1387,5495.0,0.9164,0.929,1.4,2011,0.090185560937078,0.4795765471952277,0.0275581348708328,0.0090417952085701,0.3936379617882912,synthetic_turbet2020_based,3.6082115510464816,0.6688544879909007,0.5973202430031385,0.9859086217102828,0.8227654887347187,0.9006506475816435,0
Kepler-102 c,0.567,61.0,777.0,0.06702,4909.0,0.724,0.803,1.7,2014,0.0901426138142998,0.4556508156334981,0.0100547877750092,0.0020193182476596,0.4421324645295332,synthetic_turbet2020_based,4.127134385045092,0.4491629633738837,0.5558482172228071,0.8316490832283407,0.7253420705718073,0.7766788705880893,0
TOI-411 b,1.362,495.139,1241.0,0.05727,6169.0,1.117,1.098,13.71,2022,0.1584849150803533,0.7977282458896476,0.0485039095728396,0.0034196247561631,-0.0081366952990036,synthetic_turbet2020_based,6.206856129399975,0.8595087177751706,1.0047170705428403,0.9095311098079102,0.1182378531293198,0.327934453478153,0
Kepler-68 c,0.979,204.0,1052.0,0.09008,5847.0,1.2564,1.057,1.3,2013,0.1679611583209887,0.6286773054171069,0.044041861573257,0.0017616720166496,0.1575580026719976,synthetic_turbet2020_based,5.3230099791384085,0.6825916666204286,0.8406803253113525,0.9939376209960942,0.8610994479822034,0.9251373610272592,0
Kepler-323 b,1.381,1900.0,1838.0,0.02778,6004.0,1.12,1.015,3.9,2014,0.1971407575002406,0.7393008405816388,0.0352946365570596,0.0022805357578439,0.0259832296032169,synthetic_turbet2020_based,7.550135342488429,0.8675205675047257,0.971736234638939,0.9053869744857526,0.383347194923934,0.589132885680116,0
GJ 1252 b,1.193,233.0,1090.0,0.00915,3458.0,0.391,0.381,1.32,2020,0.1737464161649318,0.4819624862845522,0.0161601165797764,0.001530716298143,0.3266002646725965,synthetic_turbet2020_based,5.455321115357702,0.7852704694357512,0.6718690190292604,0.9488445719510976,0.8531589508977451,0.8997306483447246,0
K2-36 b,1.43,519.0,1328.0,0.02288,4916.0,0.718,0.79,4.3,2016,0.1498518797231194,0.6736894572182182,0.0208171422667927,0.0011784077401341,0.1544631130517355,synthetic_turbet2020_based,6.253828811575473,0.8878912573524571,0.8443584792081302,0.894935058413526,0.352473860250213,0.5616415357790637,0
TOI-244 b,1.52,7.3,458.0,0.0559,3433.0,0.426,0.428,2.68,2023,0.1373573244944657,0.735566788215402,0.0398362831770171,0.0014196503872984,0.0858199537258167,synthetic_turbet2020_based,2.1162555148025524,0.924258901523332,0.9127603958868848,0.8765744124617892,0.5207687667135363,0.675642343041323,0
Kepler-78 b,1.201,4070.0,2223.0,0.00901,5058.0,0.7475,0.779,1.68,2013,0.154010471228027,0.5151322489740369,0.0292680049373218,0.0028050872620977,0.2987841875985165,synthetic_turbet2020_based,8.31164394850298,0.7889118025443247,0.6984107251393857,0.9468772306065398,0.731135490460546,0.8320429967287964,0
Kepler-107 d,0.86,315.0,1173.0,0.08377,5854.0,1.447,1.238,7.7,2014,0.0969690225249123,0.6085732353191512,0.0444052263675866,0.0097131306078125,0.2403393851805373,synthetic_turbet2020_based,5.755742213586912,0.6205764877251099,0.7499474842116501,0.9563763687622634,0.2074036977528536,0.4453717495808868,0
Kepler-323 c,1.57,700.0,1431.0,0.0458,6004.0,1.12,1.015,6.8,2014,0.1487811294361359,0.4757933743366782,0.0336837324582112,0.0026235208723199,0.3391182428966546,synthetic_turbet2020_based,6.55250788703459,0.9439058989071284,0.6582582362310253,0.8668126032440396,0.2331099818087054,0.4495138153313807,0
TOI-1680 b,1.466,4.41,404.0,0.03144,3225.0,0.2106,0.1798,2.75,2023,0.1542534126601438,0.774318894077467,0.0432426579868661,0.0043455504263737,0.0238394848491493,synthetic_turbet2020_based,1.6882490928583902,0.9025974047421526,0.9718149647244768,0.8874646159461169,0.5103741138675124,0.6730074048272215,0
Kepler-107 c,1.597,602.0,1378.0,0.06064,5854.0,1.447,1.238,10.0,2014,0.1323186424555116,0.7671555140059405,0.0487854761300329,0.0062527281498508,0.045487639258664,synthetic_turbet2020_based,6.401917196727186,0.9543569326806114,0.948259632591485,0.8616642729590761,0.161365958592817,0.3728850779948482,0
Kepler-107 b,1.536,1073.0,1592.0,0.04544,5854.0,1.447,1.238,3.8,2014,0.1576615810312675,0.6801051089442597,0.014668092267549,0.0030706198746072,0.1444945978823164,synthetic_turbet2020_based,6.97914527506881,0.9305880365749796,0.8524347822430761,0.8734177738726888,0.391898834023942,0.585056755534447,0
Teegarden's Star d,0.954,0.12,159.0,0.0791,3034.0,0.12,0.097,0.82,2024,0.8660523484959189,0.0162196022001887,0.0361640055311881,0.0023767405387275,0.0791873032339767,synthetic_turbet2020_based,0.1133286853070031,0.669878553620591,0.9184359562272958,0.9865126811252712,0.8945539387534942,0.9394087526369344,3
HD 134606 e,1.33,418.0334,1260.39,0.0527,5576.0,1.158,1.046,2.34,2024,0.1143691551296214,0.5594478875705915,0.0210268527386529,0.0012324873411205,0.3039236172200136,synthetic_turbet2020_based,6.037950630348996,0.8458682675776092,0.6948438954388658,0.916630328327376,0.5776880393746332,0.7276856307518846,0
LHS 1678 c,0.941,13.5,510.9,0.0327,3490.0,0.329,0.345,1.4,2021,0.050649510277721,0.7381215248712467,0.0420771557639645,0.0019549281681647,0.1671968809189029,synthetic_turbet2020_based,2.6741486494265287,0.6632033041868732,0.8308481909129323,0.9825589766422318,0.8227654887347187,0.8991193561634244,0
TOI-4559 b,1.415,15.77,554.16,0.0359,3558.0,0.374,0.392,2.59,2024,0.1343696497313775,0.6543845278442615,0.0226250521088725,0.0012124084710863,0.1874083618444021,synthetic_turbet2020_based,2.8195915758351173,0.881699287104536,0.8113792296845115,0.8980992434182612,0.5347502981465034,0.6930070982198265,0
GJ 238 b,0.566,229.4579,758.0,0.02123,3485.0,0.4314,0.4193,0.126,2024,0.1438046624347738,0.6181297968048678,0.0157241237587467,0.0042663445103513,0.2180750724912602,synthetic_turbet2020_based,5.44006819933399,0.4485245975686113,0.7776585829983882,0.8311150781891853,0.2015359378931018,0.4092670971137994,0
Kepler-128 c,1.521,130.979,843.0,0.16517,6072.0,1.659,1.184,3.38,2013,0.1668385198909155,0.4290442747283831,0.030383113356718,0.0033560063683493,0.370378085655634,synthetic_turbet2020_based,4.882642819020979,0.9246556482057828,0.6262659079760166,0.876376201420575,0.4322398433346094,0.6154711301143292,0
TOI-1444 b,1.41792246,5028.6263,2130.02,0.0116,5460.0,0.9105,0.9513,3.58,2021,0.1353445507925766,0.4032793040854256,0.024978178304688,0.0084375044115597,0.42796046240575,synthetic_turbet2020_based,8.52310096609924,0.8829086838537687,0.5636020331826902,0.897480346528835,0.4120747785381549,0.6081356880156075,0
TOI-2095 b,1.25,3.43,347.0,0.101,3759.0,0.44,0.44,4.1,2023,0.2874932077399628,0.1272837700417974,0.0177371627700557,0.0412174734956794,0.5262683859525046,synthetic_turbet2020_based,1.4883995840570443,0.8109302162163288,0.4325141405518158,0.9350677145621996,0.3672839977649921,0.5860336239375512,0
TOI-1776 b,1.21612741,560.3349,1269.21,0.0378,5785.0,0.9356,0.9196,1.4,2024,0.1044035001855263,0.5600797180846543,0.0144844164650158,0.0015385008356743,0.3194938644291292,synthetic_turbet2020_based,6.330317697104139,0.7957612627195998,0.6789676347351963,0.9431876469225589,0.8227654887347187,0.8809212480629516,0
SPECULOOS-3 b,0.977,15.54,553.0,0.00733,2800.0,0.123,0.1009,0.894,2024,0.0576208422142968,0.7780828445058577,0.015671967520378,0.0052754680079311,0.1433488777515362,synthetic_turbet2020_based,2.805781689595545,0.6815805441884799,0.8513756542405325,0.9933520613467964,0.9402355497456332,0.9664289531524618,0
HD 93963 A b,1.46954368,2898.0,1842.23,0.02061,5908.0,1.0311,1.0844,2.8,2022,0.1956251229892147,0.6839309241699723,0.0265052506014653,0.0090318787671958,0.0849068234721517,synthetic_turbet2020_based,7.972121128921655,0.904033388633166,0.9060612977606524,0.886738513759267,0.5031919062900668,0.6679817685531142,0
TOI-1450 A c,1.13,9.94186,533.0,,3437.0,0.483,0.48,1.527,2024,0.1090910321956205,0.5063144847716938,0.0383977045473215,0.0038575118835437,0.3423392666018202,synthetic_turbet2020_based,2.392595800823901,0.7561219797213337,0.6538032215146358,0.9647409729174052,0.7786001561953058,0.8666876439649426,0
Kepler-105 c,1.44,236.167,997.0,0.07229,5933.0,1.026,0.991,5.6,2014,0.1008920249173574,0.6415507726023136,0.0140607674343597,0.0018501629514741,0.2416462720944949,synthetic_turbet2020_based,5.468764534342187,0.8919980393051105,0.7565035649540307,0.8928425856742602,0.2787340879943403,0.4988643741944534,0
TOI-406 c,1.32,19.0,584.0,0.0322,3392.0,0.41,0.408,2.08,2024,0.1924884627215319,0.4596947417719663,0.0407781144620479,0.0048676825376719,0.3021709985067818,synthetic_turbet2020_based,2.995732273553991,0.8415671856782186,0.6929613189555461,0.9188803114532664,0.6300178128851966,0.7608619875674268,0
K2-203 b,1.26549392,49.6336,738.4,0.0824,5026.0,0.765,0.793,2.14,2018,0.1146579393511356,0.7026180095035313,0.046628555970699,0.0059557861776539,0.13013970899698,synthetic_turbet2020_based,3.924615387542527,0.8177928013871796,0.8639045048253658,0.9314171794237932,0.6171452233248625,0.758168624518392,0
HD 101581 c,0.99,52.0,747.0,0.0573,4675.0,0.63,0.653,0.937,2025,0.1471350013033128,0.5306689526625454,0.0110812009433733,0.0034906262719787,0.3076242188187896,synthetic_turbet2020_based,3.970291913552122,0.688134638736401,0.6888851549092315,0.9971325763378588,0.9652387830750012,0.9810560812455094,0
GJ 3998 b,1.39,48.0,733.5,0.03,3726.0,0.5,0.52,2.5,2016,0.1938658448778744,0.4646143466958519,0.0190182962761232,0.0089666421727455,0.3135348699774047,synthetic_turbet2020_based,3.8918202981106265,0.8712933659434193,0.6774984878498495,0.9034420362640322,0.5494767083137804,0.7045710441386727,0
Proxima Cen d,0.692,1.814,282.0,0.02881,2900.0,0.141,0.1221,0.26,2025,0.3039635221758836,0.1698379269800359,0.0192689553005768,0.0122632961463536,0.4946662993971499,synthetic_turbet2020_based,1.034606958692197,0.5259112611840315,0.4930704044564963,0.8917833649774823,0.3879065334470645,0.5881569464812717,0
Proxima Cen b,1.02,0.641,218.0,0.04848,2900.0,0.141,0.1221,1.055,2016,0.68327628501299,0.022316381996203,0.0247689911096672,0.0073232032532734,0.2623151386278662,synthetic_turbet2020_based,0.4953058121079539,0.7030975114131134,0.7303616581188602,0.9943443650746095,0.9713895817569296,0.9827999577290308,2
TOI-1238 b,1.21,442.0,1133.0,0.0139,4089.0,0.58,0.59,3.76,2022,0.0772761172453175,0.5426487847280091,0.0486392297007507,0.0025771756085835,0.3288586927173391,synthetic_turbet2020_based,6.093569770045136,0.7929925155296614,0.6685641316740774,0.94467734756943,0.3954236639843033,0.6111855512517268,0
KOI-1843.03,0.61,1769.292,1654.0,0.005,3584.0,0.45,0.46,8.0,2013,0.0954934566990301,0.7960627975139918,0.0292443456934358,0.003865669979232,0.0753337301143102,synthetic_turbet2020_based,7.478899783712944,0.4762341789963716,0.9208005999064576,0.8537571506591297,0.2000150201406807,0.4132363169959001,0
G 268-110 b,1.13,13.57,534.0,0.01283,4387.8,0.177,0.137,1.52,2025,0.0651809135405666,0.5325839994856307,0.0476496697344208,0.00442098084415,0.3501644363952317,synthetic_turbet2020_based,2.6789646202071133,0.7561219797213337,0.645414582760618,0.9647409729174052,0.780914553677305,0.8679748073993879,0
TOI-238 b,1.559,753.1,1378.0,0.0212,5059.0,0.756,0.781,3.37,2024,0.053270960090873,0.7883139271436275,0.0240114204098668,0.0010592323508726,0.1333444600047599,synthetic_turbet2020_based,6.625524985208601,0.9396165571776516,0.8655963076443672,0.8689344877293503,0.4332982727354891,0.6136023245176183,0
K2-233 c,1.272,66.2,794.0,0.0664,4796.0,0.71,0.79,4.6,2018,0.1600436690409379,0.5077078445516291,0.0362279736045607,0.0076170353057823,0.2884034774970898,synthetic_turbet2020_based,4.207673247529104,0.820660500858905,0.7039794871971277,0.9298959390682224,0.3323080840394348,0.5558884221386627,0
TOI-1203 b,1.52,572.2,1361.2,0.04869,5737.0,1.179,0.886,3.51,2025,0.1279101221264167,0.6038338136260579,0.0353923275125481,0.0062206205549278,0.2266431161800493,synthetic_turbet2020_based,6.351234695954017,0.924258901523332,0.7671362632650227,0.8765744124617892,0.4189220263275284,0.6059837696633099,0
K2-37 b,1.39,193.0,949.0,0.05105,5352.0,0.809,0.84,2.51,2016,0.1452330469178546,0.7372225202312829,0.0462377811672604,0.0093716679788963,0.0619349837047057,synthetic_turbet2020_based,5.267858159063328,0.8712933659434193,0.9286933483163978,0.9034420362640322,0.5478018325316079,0.7034964129627984,0
TOI-6000 b,0.94,258.7482,1120.0,,3419.0,0.38,0.37,0.779,2025,0.1578764714855363,0.6831284458042157,0.0397144545402777,0.0058659100089736,0.1134147181609965,synthetic_turbet2020_based,5.559712700215191,0.6626879730752367,0.8807193718300297,0.9822521498436376,0.8676786484747323,0.9231896976449248,0
HD 176986 b,1.31525487,81.7,767.0,0.062956,4931.0,0.782,0.789,1487.75477317,2017,0.0837039445380544,0.7087185430704712,0.0192488754837007,0.0099619266088095,0.1783667102989641,synthetic_turbet2020_based,4.415219602029645,0.8395197765105815,0.8116713630922263,0.9199532920931212,0.0008456318009974,0.0278916073259732,0
TOI-5489 b,1.4,25.1137,624.0,,3547.0,0.42,0.41,2.54,2025,0.111426023598024,0.7553868746116187,0.0321123530079739,0.0039299619370154,0.0971447868453678,synthetic_turbet2020_based,3.262460080829179,0.8754687373538999,0.8989252512176166,0.901294435433536,0.542835954186339,0.6994676724920182,0
TOI-5716 b,0.96,3.4093,400.0,,3436.0,0.22,0.19,0.84,2025,0.0775138479649962,0.7220427536005799,0.0191103320092258,0.0076327479504672,0.1737003184747306,synthetic_turbet2020_based,1.4837159467010597,0.6729444732424258,0.8186669335748019,0.988315802939018,0.9072476685599564,0.946914572713603,0
K2-19 d,1.044,404.0,1258.0,0.03478,5350.0,0.824,0.892,6.2,2016,0.1398809910035039,0.6205095584543583,0.0477742970351084,0.0069843837129409,0.1848507697940884,synthetic_turbet2020_based,6.003887067106539,0.714908672341458,0.8081648464929706,0.9876725628184302,0.2539547405518719,0.5008234513686004,0
TOI-2267 c,1.14,4.7,374.0,0.0263,3030.0,0.2075,0.171,1.55,2025,0.1439886510516491,0.4627339843545797,0.0426583804426555,0.0067661607667713,0.3438528233843442,synthetic_turbet2020_based,1.7404661748405046,0.76080582903376,0.6493810158488842,0.96216874833496,0.7710882801633792,0.8613460659807738,0
TOI-2267 b,1.0,8.4,424.0,0.0205,3030.0,0.2075,0.171,0.972,2025,0.1905484239454349,0.667831144838972,0.0106887557263057,0.0055931845996075,0.1253384908896797,synthetic_turbet2020_based,2.2407096892759584,0.6931471805599453,0.8690683245107126,1.0,0.9848148858172576,0.9923783985039464,0
DMPP-3 A b,1.44,142.7812,854.0,0.05958,5138.0,0.91,0.9,2.67,2019,0.125376285040868,0.4190381045578806,0.0211966092975769,0.0039407378287878,0.4304482632748865,synthetic_turbet2020_based,4.968292699605192,0.8919980393051105,0.5656109988963255,0.8928425856742602,0.5222872290477948,0.6828764749555205,0
TOI-5788 b,1.528,175.1,910.0,0.064,5615.0,0.87,0.87,3.72,2026,0.1235998655358856,0.6649723536473939,0.0458934574765052,0.0019938295983698,0.1635404937418454,synthetic_turbet2020_based,5.17105201550216,0.927428476284611,0.8344656766597848,0.8749921723387932,0.3990103460932643,0.5908730231731679,0
TOI-5388.01,0.99,3.3023,488.0,0.024335855,3440.0,0.3,0.292,2.2,2024,0.1288176303887205,0.406991974594864,0.0395553750587583,0.0037034920710165,0.4209315278866405,synthetic_turbet2020_based,1.4591497634211392,0.688134638736401,0.5753649800423428,0.9971325763378588,0.6047719202861447,0.7765550740106704,0
TOI-6716 b,0.982,4.4,369.0,0.0319,3110.0,0.231,0.223,0.911,2026,0.0718073840468958,0.5092417849182413,0.0105700603806946,0.0038722489103612,0.404508521743807,synthetic_turbet2020_based,1.6863989535702288,0.6841064359077962,0.5916192293458318,0.994813259028316,0.9502498803093528,0.9722762880590138,0
GJ 4274 b,1.53,14.7,548.53,0.0153,3228.0,0.19,0.18,2.97,2026,0.1854804018960928,0.4373520835337393,0.0328606115342561,0.0091812657555533,0.3351256372803582,synthetic_turbet2020_based,2.7536607123542622,0.9282193027394288,0.6556930969640882,0.8745978400564075,0.4801713603172221,0.6480407661485421,0
LHS 1903 b,1.382,66.66,796.0,0.02656,3664.0,0.539,0.538,3.28,2026,0.1578809471057329,0.4386339645986152,0.0345585724351902,0.0081989281828085,0.3607275876776531,synthetic_turbet2020_based,4.214495163352562,0.8679404709331083,0.6310734841395383,0.9051703006127644,0.443054612804841,0.6332770934278532,0
TOI-1080 b,1.2,4.35,368.0,0.0272,3065.0,0.2019,0.1667,10.7,2026,0.0791280801268138,0.6198728488466977,0.0335201573261979,0.0046256749501065,0.2628532387501839,synthetic_turbet2020_based,1.6770965609079151,0.7884573603642702,0.7325210862997094,0.947122533919042,0.151057823628699,0.3782463069000266,0
TIC 231949697 b,1.52831855,154.97,982.91,,3451.32,0.492584,0.490679,2.95,2026,0.1707157798773725,0.6104306821093142,0.0178539128236268,0.0075197963719749,0.1934798288177115,synthetic_turbet2020_based,5.049663681063734,0.927554477048713,0.7990003748103135,0.8749293322765107,0.4827732553207066,0.649917288521165,0
TOI-5159 b,1.54732112,133.1006,866.29,,5156.16,0.854084,0.9,3.01,2026,0.1556410892754731,0.500679869646968,0.0216018548874154,0.0086569248421233,0.31342026134802,synthetic_turbet2020_based,4.8985902645505535,0.9350422657887058,0.6779228138098564,0.8712030568571063,0.4750481341582108,0.6433221484084766,0
TOI-198 b,1.36,7.2,456.0,0.0675,3801.0,0.418,0.417,3.17,2023,0.1137712070963083,0.4043897903675304,0.037481406410779,0.0040830781828419,0.4402745179425402,synthetic_turbet2020_based,2.1041341542702074,0.8586616190375187,0.5556424038746177,0.9099703795625944,0.45557146770915,0.6438606537048086,0
TOI-237 c,1.206,16.0,515.0,0.016,3226.0,0.2056,0.1698,1.9,2026,0.153364475024347,0.7514907884755465,0.0377323212125649,0.008672090830601,0.0487403244569404,synthetic_turbet2020_based,2.833213344056216,0.7911809208313108,0.9425875847124584,0.9456533336991972,0.6719488849713332,0.7971390739065547,0
TOI-4311 b,1.376,1273.0,1664.0,0.01817,5063.0,0.8441,0.816,4.5,2026,0.1769406168782493,0.6031340007273677,0.0413079403929165,0.0074867066102779,0.1711307353911884,synthetic_turbet2020_based,7.149916836132109,0.8654184015003984,0.8213825579985335,0.9064724907270044,0.3387770778074183,0.5541589135990745,0
Kepler-929 b,1.11,8159.933,2362.0,0.01982,5869.0,1.02,1.01,1.41,2016,0.1391098059126974,0.6256973950948151,0.0181405701213406,0.0054226298901312,0.2116295989810156,synthetic_turbet2020_based,9.00711377965733,0.7466879474879752,0.7829477711288532,0.9699427429156094,0.8191130777173722,0.8913432477778888,0
Kepler-1367 b,0.92,225.233,998.0,0.0236,4106.0,0.6,0.62,0.721,2016,0.1083421348274577,0.7147302015821004,0.0101232011166743,0.0083636030435798,0.1584408594301878,synthetic_turbet2020_based,5.421565441635479,0.6523251860396903,0.8331955375262324,0.9760329038085522,0.8275748754868603,0.8987437392496491,0
Kepler-1646 b,1.23,4.2,365.0,0.0295,3299.0,0.26,0.24,2.04,2016,0.0848504876602899,0.4117026885788822,0.0238537975391115,0.0064237000898087,0.4731693261319075,synthetic_turbet2020_based,1.6486586255873816,0.8020015854720274,0.5204069737782836,0.9398387031833424,0.6388918688197316,0.7748905119214706,0
K2-187 c,1.4,414.343,1173.0,0.0392,5438.0,0.83,0.966999,2.54,2018,0.126838259894545,0.6265986137897406,0.0359691062743594,0.00395709715787,0.2066369228834849,synthetic_turbet2020_based,6.029104684886773,0.8754687373538999,0.789405979958645,0.901294435433536,0.542835954186339,0.6994676724920182,0
K2-189 b,1.403,497.0,1203.0,0.0361,5442.0,0.879,0.85,2.55,2018,0.0649222729234966,0.7685424960728969,0.0481102171541437,0.0049440802442222,0.1134809336052403,synthetic_turbet2020_based,6.210600077024653,0.8767179567543318,0.8815749861505372,0.9006528926058306,0.5411999621989178,0.6981642438800639,0
Kepler-197 b,1.02,431.256,1142.0,0.06,6004.0,1.12,0.857,1.04,2014,0.091310723830101,0.4546327278314474,0.011496847869999,0.0086712882219211,0.4338884122465313,synthetic_turbet2020_based,6.069018005323048,0.7030975114131134,0.5574402995315475,0.9943443650746095,0.9790340945082466,0.986659533522176,0
K2-223 b,0.89,5714.3505,2271.0,0.0127,5859.0,1.0,1.06,0.64,2018,0.0894607381570721,0.6193563956885076,0.0259777449274746,0.0089399494383577,0.2562651717885879,synthetic_turbet2020_based,8.650910904182084,0.636576829071551,0.7347948787730544,0.9663983347822086,0.7670642636678022,0.860981780921934,0
K2-226 b,1.53899305,332.7564,1187.0,0.04095,5288.0,0.889,0.856,2.98,2018,0.1690838581093397,0.775810671964438,0.0443074740202623,0.0076569485797305,0.0031410473262294,synthetic_turbet2020_based,5.810411385560564,0.931767565420646,0.98920200409404,0.8728307450023827,0.4788805609746307,0.6465150244214328,0
K2-229 b,1.0,2290.0,1818.0,0.0131,5315.0,0.79,0.87,2.55,2018,0.0844687971873486,0.4168249589089991,0.0413062294180087,0.006208259429565,0.4511917550560784,synthetic_turbet2020_based,7.736743682453495,0.6931471805599453,0.5425999855143564,1.0,0.5411999621989178,0.7356629406181324,0
K2-211 b,1.33162691,2056.0589,1873.0,0.01419,5117.0,0.818,0.851,2.33,2018,0.1388876672087963,0.4146567936303539,0.0444134043232059,0.0078599077772977,0.3941822270603461,synthetic_turbet2020_based,7.629032523175926,0.846566268553433,0.5979578651623562,0.916265709813572,0.5795444691342634,0.7287089435294696,0
GJ 581 e,1.38,15.783,554.37,0.02799,3500.0,0.302,0.295,2.48,2009,0.0709564653416345,0.7623578562820555,0.028013671876855,0.0082290498250583,0.1304429566743966,synthetic_turbet2020_based,2.8203664693260424,0.8671004876833833,0.861327993500545,0.905603791277757,0.5528563527481881,0.7075795425821412,0
HD 20794 b,1.45,43.4733,660.0,0.1257,5368.0,0.93,0.79,2.7,2011,0.091428840882689,0.7018607725278061,0.0112690626779931,0.0076486393967328,0.1877926845147787,synthetic_turbet2020_based,3.7948890091001615,0.8960880245566356,0.8045586760884882,0.890763533639964,0.5177573235633603,0.6791165902150154,0
Kepler-746 b,1.11,421.61,1156.0,0.0435,5418.0,0.93,0.91,1.41,2016,0.0933622333250706,0.457228846957172,0.0317918986010311,0.0077790454352783,0.4098379756814478,synthetic_turbet2020_based,6.0464497679403255,0.7466879474879752,0.5823829788832737,0.9699427429156094,0.8191130777173722,0.8913432477778888,0
K2-133 b,1.34,32.5438,665.21,0.03194,3655.0,0.455,0.461,2.36,2017,0.0607377821529775,0.4848604625434207,0.0112444414297952,0.0088112585322025,0.434346055341604,synthetic_turbet2020_based,3.512852047532537,0.8501509293696101,0.5568426861261934,0.9143954551507116,0.5740094846869488,0.7244802716507523,0
Kepler-286 b,1.24,850.1,1367.0,0.027,5580.0,0.863,0.83,2.07,2014,0.083689670738706,0.6588039012170842,0.0367241166694234,0.001036150795193,0.2197461605795932,synthetic_turbet2020_based,6.746529630482915,0.8064758658669484,0.7792176886252137,0.9374448489778124,0.6322138905277648,0.769847812965313,0
K2-138 b,1.51,486.0,1157.0,0.03385,5356.3,0.863,0.935,3.1,2017,0.1396611122575347,0.5660777813301056,0.0355022482618657,0.006277638998249,0.2524812191522448,synthetic_turbet2020_based,6.18826412308259,0.9202827531436926,0.741241141849506,0.8785633377250446,0.4638989277212543,0.6384078557676546,0
K2-239 b,1.1,8.227,502.0,0.0441,3420.0,0.36,0.4,1.37,2018,0.1060746592890804,0.4253859518513774,0.0266656665770771,0.0023453062933937,0.4395284159890712,synthetic_turbet2020_based,2.222133968596419,0.7419373447293773,0.558126277717535,0.9725727553617304,0.8339141923324209,0.9005788270728968,0
K2-239 d,1.1,3.4099,399.0,0.0685,3420.0,0.36,0.4,1.37,2018,0.0572512032464078,0.7694285665569183,0.0290976395570697,0.0045964626479308,0.1396261279916734,synthetic_turbet2020_based,1.4838520134646949,0.7419373447293773,0.8557774093603957,0.9725727553617304,0.8339141923324209,0.9005788270728968,0
K2-157 b,0.935,6660.0,2432.0,0.00962,5334.0,0.86,0.89,1.14,2018,0.1251398091469096,0.7054535647235873,0.0114109496346442,0.0025944778324092,0.1554011986624495,synthetic_turbet2020_based,8.804024902413179,0.6601073264817452,0.8420043235051411,0.9807121667212352,0.9301636376348,0.9551035527470992,0
K2-148 b,1.33,48.8,733.87,0.0454,4079.0,0.632,0.65,2.33,2018,0.09487398614241,0.4563004552543729,0.0464736477664847,0.0087737469827157,0.3935781638540165,synthetic_turbet2020_based,3.9080149840306073,0.8458682675776092,0.5976480891632676,0.916630328327376,0.5795444691342634,0.7288539202219158,0
K2-162 b,1.44,34.8621,631.0,0.0795,4842.0,0.69,0.75,2.67,2018,0.09895683589394,0.4735558027585292,0.0144581814164258,0.0085296317079071,0.4044995482231978,synthetic_turbet2020_based,3.5796810275331854,0.8919980393051105,0.5869708200688951,0.8928425856742602,0.5222872290477948,0.6828764749555205,0
tau Cet h,1.19,8.3829,473.22,0.243,5310.0,0.83,0.783,1.83,2017,0.1690857555824969,0.5594653936648234,0.0429019275900164,0.0066698380360992,0.2218770851265639,synthetic_turbet2020_based,2.238888883678915,0.7839015438284094,0.7714530768373367,0.9495852325278497,0.6897482532881932,0.8093051065478007,0
YZ Cet d,1.03,2.7,356.7,0.02851,3151.0,0.157,0.142,1.09,2017,0.1019680818652732,0.4220931325963604,0.0125849791528419,0.001816448056137,0.4615373583293873,synthetic_turbet2020_based,1.308332819650179,0.708035793053696,0.5366461936144754,0.9915493996452732,0.9539938373114636,0.9725903642600374,0
Kepler-90 i,1.32,128.579,709.0,0.1201380843,6015.0,1.29,1.12,2.3,2017,0.077546378083348,0.7881603696894224,0.021256165682486,0.0083534257040703,0.1046836608406731,synthetic_turbet2020_based,4.864290733751719,0.8415671856782186,0.8869629134552564,0.9188803114532664,0.5851836449242382,0.7332896630291073,0
Kepler-504 b,1.59,5.991,374.0,0.0646,3519.0,0.33,0.33,3.15,2016,0.1429313814113763,0.6926652665788181,0.0153980118116287,0.0086737722630479,0.1403315679351288,synthetic_turbet2020_based,1.944623607529848,0.9516578757114464,0.8509946598018231,0.8629909313522593,0.4579210752769188,0.628634818665858,0
K2-130 b,1.25,136.4,1013.11,0.032,4356.47,0.744261,0.69563,2.1,2017,0.1820509344736558,0.7145427385931278,0.0279664332286585,0.0059161643842616,0.0695237293202961,synthetic_turbet2020_based,4.922896379788249,0.8109302162163288,0.9245601062954422,0.9350677145621996,0.6256696416983442,0.7648813515401072,0
K2-129 b,1.04,4.5,419.19,0.057,3459.09,0.36001,0.360031,1.12,2017,0.0806468025701082,0.5648404359343475,0.0165278170804581,0.0028951261623175,0.3350898182527686,synthetic_turbet2020_based,1.7047480922384253,0.712949807856125,0.6620150555849138,0.9887759672310884,0.939556116541447,0.9638519118107068,0
K2-233 b,1.315,269.0,1127.0,0.03293,4796.0,0.71,0.79,2.4,2018,0.1930687351711793,0.6616228299233609,0.0297952260946293,0.0070811291962185,0.1084320796146118,synthetic_turbet2020_based,5.598421958998375,0.8394096875381973,0.8844867911891694,0.9200110216305508,0.5667867044614283,0.7221149596969805,0
HD 101581 b,0.956,80.0,834.0,0.046,4675.0,0.63,0.653,0.827,2025,0.1892578553894406,0.4647334324995131,0.0284136343988117,0.0028374300186785,0.3147576476935559,synthetic_turbet2020_based,4.394449154672439,0.6709015716126255,0.6824049222877654,0.9871152271987924,0.8990270208044935,0.9420420701323698,0
Kepler-922 b,1.42,2142.634,1876.0,0.01795,5671.0,0.93,0.95,2.6,2016,0.1218174887292543,0.7164711994987223,0.0437971138800025,0.0010374795484093,0.1168767183436115,synthetic_turbet2020_based,7.6702577986630365,0.883767540168595,0.882085802107979,0.8970410942572271,0.533161056084935,0.6915687797795451,0
Barnard c,0.743,4.7285,400.0,0.0274,3195.0,0.185,0.162,0.335,2025,0.1084255095049793,0.7976274748449903,0.0335725984726014,0.0036657633672815,0.0567086538101474,synthetic_turbet2020_based,1.7454537163515436,0.5556077665378839,0.939625582822571,0.91308500503214,0.478228092883623,0.6608047371176705,0
Barnard b,0.72,6.76,438.0,0.0229,3195.0,0.185,0.162,0.299,2024,0.0566511383883164,0.6964493947727287,0.0365263810256044,0.0039738130157139,0.2063992727976363,synthetic_turbet2020_based,2.048982334195127,0.5423242908253617,0.7896269141866494,0.9036815295086312,0.4360220728506223,0.6277141815294396,0
Barnard e,0.637,2.4456,340.0,0.0381,3195.0,0.185,0.162,0.193,2025,0.3966968083300148,0.2657556765342356,0.0315814254017609,0.0496204163974242,0.2563456733365643,synthetic_turbet2020_based,1.237098054757764,0.4928652983889978,0.6940339102660112,0.866839766934288,0.2989806909864426,0.5090858007178557,0
Kepler-1012 b,1.29,191.811,934.0,0.06066,5556.0,0.91,0.95,2.21,2016,0.1479417757579249,0.7763026366309715,0.0296812765322337,0.0016964331731543,0.0443778779057153,synthetic_turbet2020_based,5.26171043449084,0.8285518175661483,0.9539256889211302,0.9257226131049422,0.6027562339006599,0.7469839863824476,0
LHS 1678 d,0.981,9.1,462.95,0.04,3490.0,0.329,0.345,0.907,2024,0.0954864832859964,0.6728599778811848,0.0134403771234352,0.0043836832782032,0.2138294784311802,synthetic_turbet2020_based,2.312535423847214,0.6836017677164139,0.7817868382906163,0.9945217389547788,0.9479090092190507,0.9709356910833136,0
Kepler-935 b,1.35,94.607,879.0,0.0527,4830.0,0.73,0.78,2.39,2016,0.1546698187892754,0.4632006354548043,0.0161918317833531,0.0063326725791949,0.359605041393372,synthetic_turbet2020_based,4.560246039134095,0.8544153281560676,0.6340622860274329,0.9121755265265906,0.5685758617789647,0.7201673320059284,0
Wolf 1069 b,1.08,0.652,250.1,0.0672,3158.0,0.1813,0.167,1.26,2023,0.2493912140153895,0.2872483094322402,0.0450425068651992,0.0298040181584795,0.3885139515286914,synthetic_turbet2020_based,0.5019866750987863,0.7323678937132266,0.581682030312829,0.9778922327340038,0.8774170421119624,0.926293317664406,2
G 261-6 b,1.1,1.8,322.3,0.02971,2907.0,0.153162,0.118,1.37,2025,0.3981666656166358,0.1021686164132233,0.0312594370040924,0.0367480124852148,0.4316572684808335,synthetic_turbet2020_based,1.029619417181158,0.7419373447293773,0.5315947190339515,0.9725727553617304,0.8339141923324209,0.9005788270728968,0
TOI-5789 b,1.26,360.2797,1201.0,0.03608,5185.0,0.833,0.821,2.12,2026,0.1386382092443054,0.6998806051969098,0.030623667158207,0.0080167176845841,0.1228408007159935,synthetic_turbet2020_based,5.889652450580084,0.8153648132841945,0.8691424815994221,0.93270710962285,0.62137915441377,0.7612915046768602,0
Kepler-80 d,1.53,164.625,722.0,0.0372,4540.0,0.678,0.73,6.75,2014,0.1092350587986782,0.5645261732082041,0.04739690731058,0.0070396804408043,0.2718021802417332,synthetic_turbet2020_based,5.109726196740486,0.9282193027394288,0.7211581393174623,0.8745978400564075,0.2347195552965723,0.4530841159005496,0
K2-411 b,0.9898,619.038,1428.52,0.0511,5711.0,1.375,1.018,0.937,2022,0.1893647579622705,0.7888744435151973,0.0318803202441278,0.0064890005070818,-0.0166085222286775,synthetic_turbet2020_based,6.429780766483543,0.6880341311731223,1.0101195217215957,0.9970748701194097,0.9652387830750012,0.9810276929163232,0
Kepler-348 b,1.52,438.942,1196.0,0.076,6177.0,1.359,1.189,2.92,2014,0.0897212341162602,0.5859394327615228,0.0189176680707311,0.0012422997870188,0.304179365264467,synthetic_turbet2020_based,6.086642900041708,0.924258901523332,0.6945783349485142,0.8765744124617892,0.4867276335533318,0.6531867951902648,0
Kepler-332 b,1.17,53.712,703.0,0.07,4955.0,0.72,0.743,1.71,2014,0.1978415840269227,0.5910114092880678,0.0419227781296675,0.0035845675497622,0.1656396610055797,synthetic_turbet2020_based,4.002083063795795,0.7747271675523681,0.8307757714446581,0.9545639949088476,0.7224785441354239,0.8304528916957532,0
Kepler-914 b,1.38,568.378,1192.0,0.05454,5877.0,1.15,1.1,2.48,2016,0.1523022465031026,0.5770462115774871,0.0409512025150975,0.0037619673507729,0.2259383720535397,synthetic_turbet2020_based,6.344544536935578,0.8671004876833833,0.7702996605956873,0.905603791277757,0.5528563527481881,0.7075795425821412,0
K2-413 c,1.2327,69.529,804.55,0.0426,4116.0,0.7,0.808,2.05,2022,0.1226407758676423,0.7960606823319162,0.0171470268661199,0.0023300444981552,0.0618214704361662,synthetic_turbet2020_based,4.256023972755757,0.8032116154222543,0.9358484850656784,0.9391907038789584,0.6366507679271592,0.7732635274307124,0
TOI-6086 b,1.18,26.8,634.0,0.01541,3200.0,0.259,0.254,1.76,2024,0.0713298031095345,0.7992437087338288,0.0163965310637438,0.0027121531314874,0.1103178039614054,synthetic_turbet2020_based,3.3250360206965914,0.7793248768009976,0.8869700429071071,0.9520656496448564,0.708482908168274,0.821293029452646,0
HIP 29442 c,1.551,451.0,1123.0,0.04518,5289.0,0.98,0.901,4.5,2023,0.0558363320481865,0.6483283476195132,0.0342587727760646,0.0038912030855776,0.2576853444706578,synthetic_turbet2020_based,6.113682179832232,0.9364854391596744,0.7384234524437643,0.87048669222159,0.3387770778074183,0.5430478228122048,0
HD 63433 d,1.073,296.4321,1040.0,0.0503,5688.0,0.912,0.99,1.25,2023,0.1849160705116772,0.6211526824420348,0.0198536107263285,0.0017952266458066,0.1722824096741526,synthetic_turbet2020_based,5.695185963641928,0.7289968334536425,0.8259223636800406,0.9797730633444424,0.8815902957807177,0.9293860471901904,0
Kepler-1053 b,0.98,139.818,953.0,0.0315,4529.0,0.69,0.74,0.904,2016,0.0563868360937804,0.4693882869340684,0.0370898754084631,0.009164617400311,0.4279703841633769,synthetic_turbet2020_based,4.9474682764620805,0.6830968447064438,0.5628649984363119,0.9942298598406664,0.9461471506971676,0.9698905861107688,0
Kepler-102 d,1.154,36.9,686.0,0.08618,4909.0,0.724,0.803,3.0,2014,0.0763673319189215,0.52683929585005,0.0335270932603436,0.009996949181406,0.3532693297892788,synthetic_turbet2020_based,3.634951112088381,0.7673265787341967,0.6367337210293151,0.9585991710963336,0.4763189990219686,0.675721094564832,0
GJ 1002 c,1.1,0.257,181.7,0.0738,3024.0,0.137,0.12,1.36,2022,0.7094370081775092,0.0706926374913562,0.03381977333719,0.0031968032112535,0.182853777782691,synthetic_turbet2020_based,0.2287279296081104,0.7419373447293773,0.8139494190060554,0.9725727553617304,0.8376956344646276,0.9026183863437282,3
Kepler-932 b,1.37,562.217,1276.0,0.02876,5331.0,0.84,0.87,2.45,2016,0.056545644222144,0.7424087239412283,0.0296922672649412,0.0065685720182426,0.1647847925534437,synthetic_turbet2020_based,6.333664989047376,0.8628899551470398,0.8286466354283135,0.9077798538222356,0.5580018819048614,0.7117182495820431,0
Kepler-138 d,1.51,3.4,345.0,0.1288,3841.0,0.535,0.535,2.1,2014,0.2394461330321931,0.2584966212936599,0.025721358906637,0.0240430291008312,0.4522928576666787,synthetic_turbet2020_based,1.4816045409242156,0.9202827531436926,0.52366411323249,0.8785633377250446,0.6256696416983442,0.7414110929327468,0
Kepler-408 b,0.82,1503.581,1561.0,0.03592,6104.0,1.23,1.08,5.0,2014,0.193349141186736,0.4249456253985583,0.0207720564764019,0.0091138814127461,0.3518192955255576,synthetic_turbet2020_based,7.316269733105407,0.598836501088704,0.6390668230616962,0.9423675050163746,0.308659932907995,0.5393246618438924,0
Kepler-20 e,0.821,169.8,1004.0,0.0637,5495.0,0.9164,0.929,0.76,2011,0.0717097973946089,0.7245393007208849,0.0249038297301216,0.0069716923798941,0.1718753797744904,synthetic_turbet2020_based,5.14049328135447,0.5993858007454709,0.8211529278456154,0.9427271788497894,0.8548188384197722,0.8976975838059975,0
Kepler-507 b,1.3,877.327,1407.0,0.04781,6113.0,1.32,1.16,5.69692195,2016,0.1330790572617991,0.7017801605109493,0.0339678271823768,0.0093205167872213,0.1218524382576533,synthetic_turbet2020_based,6.77801896165517,0.832909122935104,0.8688270449551252,0.9234262819589574,0.2744198934079526,0.5033950157334487,0
Kepler-399 b,0.96,35.63,773.0,0.103,5502.0,0.68,0.902,0.84,2014,0.0600199696142895,0.7118317182176502,0.035988128808318,0.0018081131520425,0.1903520702076996,synthetic_turbet2020_based,3.6008675767907232,0.6729444732424258,0.8078398166402577,0.988315802939018,0.9072476685599564,0.946914572713603,0
Kepler-1248 b,1.18,271.25,1035.0,0.0806,6149.0,1.21,1.21,1.76,2016,0.1313729432365862,0.5652610874383359,0.0450401921180509,0.002520128848812,0.2558056483582148,synthetic_turbet2020_based,5.60672076181307,0.7793248768009976,0.741674222792973,0.9520656496448564,0.708482908168274,0.821293029452646,0
Kepler-236 b,1.57,15.632,469.0,0.065,3750.0,0.51,0.596005,3.09,2014,0.1787638897052366,0.5109776192134483,0.0387887155499669,0.0018442012419643,0.2696255742893838,synthetic_turbet2020_based,2.811328550555712,0.9439058989071284,0.7285302244686518,0.8668126032440396,0.4651126546095512,0.6349531564956985,0
Kepler-125 c,0.74,16.81,529.0,0.051,3810.0,0.512,0.542101,0.33,2014,0.1895800480924062,0.5797382725335175,0.0296626254236699,0.0061284711810625,0.1948905827693438,synthetic_turbet2020_based,2.87976009730157,0.5538851132264376,0.7989809460495937,0.911876673473032,0.4724879697452903,0.6563922288596673,0
Kepler-326 d,1.21,180.644,781.0,0.066,5105.0,0.801,0.91,6.9,2014,0.078323137641519,0.6541360735731188,0.0456240325830184,0.0015727576733319,0.2203439985290117,synthetic_turbet2020_based,5.202048727568428,0.7929925155296614,0.7780832437976561,0.94467734756943,0.2299540737289362,0.466081971795774,0
Kepler-126 c,1.58,112.128,790.0,0.162,6239.0,1.358,1.108,1.27942148,2014,0.1778687899958678,0.7278054383010121,0.0130650264864792,0.0022890558140102,0.0789716894026305,synthetic_turbet2020_based,4.728519921005476,0.947789398933526,0.9187392547833592,0.8648959533125186,0.8694202159794437,0.867155134061211,0
Kepler-400 c,1.49,76.86,755.0,0.134,5886.0,1.145,1.08,2.83,2014,0.1025067986345728,0.4458678457420381,0.0403314454040193,0.0055366238238803,0.4057572863954892,synthetic_turbet2020_based,4.35491234218231,0.9122827104766162,0.5887060897806302,0.8825787561567998,0.4989757127709202,0.6636153734881459,0
Kepler-102 f,0.861,10.0,495.0,0.1656,4909.0,0.724,0.803,4.3,2014,0.1480950108021212,0.5386021248180901,0.0315949076128612,0.0033350362848495,0.2783729204820778,synthetic_turbet2020_based,2.3978952727983707,0.6211139776601137,0.7182920432330725,0.9567169341750812,0.352473860250213,0.5807044953807744,0
Kepler-1223 b,1.22,20.51,557.0,0.1186,4870.0,0.75,0.8,1.98,2016,0.1977471111142502,0.5742417306569514,0.045870966107415,0.009802184115472,0.1723380080059112,synthetic_turbet2020_based,3.068517943279639,0.7975071958841881,0.8178598078786166,0.9422494705499432,0.6526655546576766,0.784202635370719,0
Kepler-1853 b,1.51862272,5.23,386.0,0.2395,4821.0,0.788,0.765,2.92,2021,0.1303688689960849,0.6919982280388062,0.0328898714776483,0.0018241086950264,0.1429189227924341,synthetic_turbet2020_based,1.8293763327993613,0.9237122124335396,0.8552569685125394,0.8768476068155847,0.4867276335533318,0.6532885737958777,0
Kepler-369 b,1.13,40.295,687.0,0.03,3591.0,0.471,0.5,1.51,2014,0.0657786336551178,0.5668211883865253,0.0178339261878327,0.002528738780388,0.3470375129901361,synthetic_turbet2020_based,3.72074142726268,0.7561219797213337,0.6504337482294759,0.9647409729174052,0.7842440156045886,0.8698231628434734,0
Kepler-373 c,1.24,103.756,729.0,0.126,5787.0,0.845,0.981,2.07,2014,0.1163715652895996,0.7786492776905098,0.046585990389517,0.0046564053894123,0.053736761240961,synthetic_turbet2020_based,4.651633836398132,0.8064758658669484,0.9416068333696264,0.9374448489778124,0.6322138905277648,0.769847812965313,0
Kepler-54 d,1.53,3.425,328.0,0.126,4252.0,0.554,0.518,12.0946,2014,0.3400075871576202,0.1179545063653531,0.013309370770872,0.0242382641488542,0.5044902715573003,synthetic_turbet2020_based,1.4872702784598928,0.9282193027394288,0.4712714642938453,0.8745978400564075,0.1339101209190129,0.3422243453021147,0
Kepler-329 b,1.4,40.689,547.0,0.061,4257.0,0.523,0.602,2.54,2014,0.1414677650214753,0.403728427927794,0.03060700500039,0.0097808221337368,0.4144159799166038,synthetic_turbet2020_based,3.730237305037501,0.8754687373538999,0.5758031979496593,0.901294435433536,0.542835954186339,0.6994676724920182,0
HD 219134 c,1.511,62.1,782.0,0.0653,4699.0,0.778,0.81,4.36,2015,0.0894890221044498,0.7692003353909099,0.0499111253904405,0.0031830488930606,0.088216468221139,synthetic_turbet2020_based,4.144720769547168,0.920681080175448,0.9086004828858002,0.878363885718213,0.3482537249656034,0.5530763917187473,0
Kepler-1198 b,1.47,108.069,830.0,0.0732,5517.0,0.9,0.93,2.76,2016,0.0818101809511801,0.5535437297366297,0.0278342568940818,0.0018032380086779,0.3350085944094303,synthetic_turbet2020_based,4.691980709474674,0.904218150639886,0.6631881675818916,0.8866451323918264,0.5089218547556272,0.6717388520004608,0
Kepler-1319 b,1.34,38.452,557.0,0.0296,3655.0,0.54,0.56,2.36,2016,0.0748993015360934,0.754955143546973,0.0119630953347425,0.0093105501560994,0.1488719094260914,synthetic_turbet2020_based,3.6750847430917473,0.8501509293696101,0.8418175404178089,0.9143954551507116,0.5740094846869488,0.7244802716507523,0
Kepler-374 b,1.03,2014.661,1761.0,0.029,5977.0,0.911,1.033,1.08,2014,0.1376106159709827,0.4076137003701985,0.0409683903809698,0.0019140157094273,0.4118932775684214,synthetic_turbet2020_based,7.608702460289757,0.708035793053696,0.586192706722151,0.9915493996452732,0.958902226327212,0.97508918916849,0
Kepler-190 c,1.46,181.699,948.0,0.045,5106.0,0.795,0.834,2.73,2014,0.0845737494725754,0.7170155728612305,0.0404812514456263,0.004687895873525,0.1532415303470427,synthetic_turbet2020_based,5.207839989915232,0.9001613499442714,0.8420705737794323,0.8886977619795139,0.5133028142280379,0.6754043694130528,0
Kepler-123 c,1.48,77.399,706.0,0.181,6089.0,1.264,1.079,2.79,2014,0.0602337743308421,0.5120741309890712,0.0166171659571639,0.0096293641341446,0.4014455645887782,synthetic_turbet2020_based,4.361811172172974,0.9082585601768908,0.5889250712770772,0.8846055085684176,0.5046126583239607,0.6681191040875335,0
Kepler-380 c,1.27,333.565,1056.0,0.078,6045.0,1.224,0.99,2.15,2014,0.1726616396269419,0.4313505885696842,0.0305384011697102,0.0034019769661815,0.3620473936674819,synthetic_turbet2020_based,5.812831180571039,0.8197798314933114,0.6345506293663363,0.9303628468419938,0.6150491219123869,0.7564514868847022,0
Kepler-381 b,0.99,716.085,1576.0,0.066,6152.0,1.568,1.144,0.937,2014,0.0885468673956542,0.7166300872534705,0.0188628979938949,0.0055705660499599,0.1703895813070204,synthetic_turbet2020_based,6.575194383085037,0.688134638736401,0.8240398526430197,0.9971325763378588,0.9652387830750012,0.9810560812455094,0
Kepler-84 d,1.38,584.24,1254.0,0.052,6031.0,1.169,1.06,2.48,2014,0.1770066946474344,0.5615194035843076,0.0322791106653389,0.0020759501716637,0.2271188409312552,synthetic_turbet2020_based,6.372022019509962,0.8671004876833833,0.770805208897081,0.905603791277757,0.5528563527481881,0.7075795425821412,0
Kepler-334 b,1.12,300.982,1090.0,0.061,5828.0,1.068,1.022,1.46,2014,0.0583951660209391,0.7945129882932881,0.0171558276843177,0.0040199413325972,0.1259160766688577,synthetic_turbet2020_based,5.710367412949554,0.7514160886839212,0.8700639819985448,0.9673322272612818,0.8013117863738329,0.8804173527615844,0
Kepler-285 c,1.12,137.068,851.0,0.064,5411.0,0.808,0.915,1.46,2014,0.1257027330761275,0.5497886432789635,0.0138935624009667,0.0027722271150847,0.3078428341288575,synthetic_turbet2020_based,4.927746317417193,0.7514160886839212,0.6893849387560577,0.9673322272612818,0.8013117863738329,0.8804173527615844,0
Kepler-515 b,1.46,47.97,564.0,0.1333,5293.0,0.83,0.9,2.73,2016,0.0629134151320762,0.5178705244228403,0.0312622439145016,0.0084601375920306,0.3794936789385511,synthetic_turbet2020_based,3.891207865714226,0.9001613499442714,0.6120461834694181,0.8886977619795139,0.5133028142280379,0.6754043694130528,0
Kepler-1877 b,0.624086,691.1,1278.0,0.03472,5615.0,0.936,1.022,0.179,2021,0.1670098888522958,0.4508139430101308,0.0393130975881572,0.0058878065670644,0.3369752639823516,synthetic_turbet2020_based,6.539730453847818,0.4849451960024091,0.6571369294505838,0.8606553753720777,0.2793412466911331,0.4903228992489147,0
Kepler-1278 b,1.01,1314.67,1213.0,0.04417,6074.0,1.16,1.11,1.01,2016,0.1938917275362163,0.5301249066697591,0.0463807182183054,0.0089105857135832,0.2206920618621358,synthetic_turbet2020_based,7.182101320561328,0.6981347220709844,0.7703973524242808,0.997161138548408,0.994677545305754,0.9959185677381568,0
Kepler-1864 b,0.75408365,427.6,1156.0,0.049,5854.0,0.979,1.03,0.353,2021,0.1795989121324559,0.4157541121436988,0.0439947987379116,0.0074917010705654,0.3531604759153682,synthetic_turbet2020_based,6.060524083039477,0.5619465838048303,0.6393478230140662,0.9175031315965356,0.4985771695627461,0.6763476283808176,0
Kepler-1324 b,1.51,98.414,895.0,0.0466,4776.0,0.73,0.78,2.89,2016,0.1001447414599274,0.5960393706222911,0.0355966016070883,0.0094918328043027,0.2587274535063903,synthetic_turbet2020_based,4.599292948815215,0.9202827531436926,0.7317807136893067,0.8785633377250446,0.4907451564981838,0.65662066877722,0
Kepler-226 d,1.22,103.645,800.0,0.076,5571.0,0.802,0.904,1.98,2014,0.1135913593599348,0.7165205333209933,0.0342635885798316,0.0080492423290407,0.1275752764101995,synthetic_turbet2020_based,4.6505736694419415,0.7975071958841881,0.8643754812607597,0.9422494705499432,0.6526655546576766,0.784202635370719,0
Kepler-352 b,0.86,50.389,694.0,0.085,5212.0,0.781,0.798,0.566,2014,0.1266584180752138,0.5991782881815487,0.0428032868593301,0.0035493086098072,0.2278106982741,synthetic_turbet2020_based,3.939424141776085,0.6205764877251099,0.7686399931160927,0.9563763687622634,0.7066241824027928,0.8220697474338696,0
Kepler-382 c,1.59,124.743,882.0,0.097,5600.0,0.945,1.002,3.15,2014,0.1774870669108978,0.4803520847615135,0.0451642908431172,0.0058697669780708,0.2911267905064005,synthetic_turbet2020_based,4.834240141426463,0.9516578757114464,0.7030034425155285,0.8629909313522593,0.4579210752769188,0.628634818665858,0
Kepler-336 b,1.02,1652.5,1625.0,0.033,5867.0,1.304,1.09,1.04,2014,0.1764816541487606,0.5972571134275968,0.0343372874424603,0.0093410751715666,0.1825828698096155,synthetic_turbet2020_based,7.410649532421847,0.7030975114131134,0.8080760550188177,0.9943443650746095,0.9790340945082466,0.986659533522176,0
Kepler-384 c,1.13,40.099,531.0,0.236,5577.0,0.882,0.882,1.51,2014,0.0742785521137147,0.7227675920243627,0.0389234411097444,0.0067478787009229,0.1572825360512552,synthetic_turbet2020_based,3.715983790305944,0.7561219797213337,0.8359695852478218,0.9647409729174052,0.7842440156045886,0.8698231628434734,0
Kepler-1104 b,1.23,813.524,1321.0,0.06321,6417.0,1.41,1.3,2.04,2016,0.1714390679601407,0.4712257997654376,0.0262160403273409,0.0067722616557301,0.3243468302913505,synthetic_turbet2020_based,6.702603893538006,0.8020015854720274,0.6688809080529192,0.9398387031833424,0.6388918688197316,0.7748905119214706,0
Kepler-1688 b,1.26174569,84.01,772.0,0.0577,4632.11,0.746,0.814,2.13,2020,0.1752797181326506,0.4684329242817999,0.0223987743347884,0.0079169631667721,0.3259716200839888,synthetic_turbet2020_based,4.442768896629268,0.8161369443178306,0.6661114167492389,0.93229670184308,0.6192551886810161,0.759822064701023,0
Kepler-55 f,1.59,25.438,559.0,0.081,4503.0,0.619,0.631,3.15,2014,0.0618353987058806,0.5251098098219971,0.0450239806015932,0.0015087963577564,0.3665220145127726,synthetic_turbet2020_based,3.274802369157208,0.9516578757114464,0.6319691891294709,0.8629909313522593,0.4579210752769188,0.628634818665858,0
Kepler-339 d,1.17,58.651,796.0,0.091,5631.0,0.802,0.87,14.7,2014,0.1349157681084736,0.625201553565696,0.0312336224316816,0.0055495785071353,0.2030994773870134,synthetic_turbet2020_based,4.088510912862749,0.7747271675523681,0.7913509441058512,0.9545639949088476,0.1102781488341312,0.3244496113455228,0
Kepler-1669 d,1.22,47.3,669.0,0.0468,4224.0,0.603,0.609,1.98,2023,0.0525854704639894,0.4189804757385438,0.0304482805062262,0.0097147834544175,0.4882709898368228,synthetic_turbet2020_based,3.877431560658527,0.7975071958841881,0.5020142267087594,0.9422494705499432,0.6526655546576766,0.784202635370719,0
Kepler-208 c,1.39,300.165,1141.0,0.079,6092.0,1.314,1.082,2.51,2014,0.0983207905219921,0.6308414006355482,0.0134681408183327,0.0082665163452713,0.2491031516788556,synthetic_turbet2020_based,5.707658287314549,0.8712933659434193,0.7426303319758729,0.9034420362640322,0.5478018325316079,0.7034964129627984,0
Kepler-354 d,1.24,8.949,451.0,0.146,4648.0,0.674,0.652,2.07,2014,0.0664259329123254,0.4987185878253957,0.0256748499222021,0.008530842985361,0.4006497863547156,synthetic_turbet2020_based,2.2974720436072227,0.8064758658669484,0.5908193706599232,0.9374448489778124,0.6322138905277648,0.769847812965313,0
Kepler-339 c,1.15,101.841,914.0,0.069,5631.0,0.802,0.87,7.3,2014,0.1240146898254571,0.4547853210166548,0.0202548423614835,0.0052064005678306,0.3957387462285738,synthetic_turbet2020_based,4.633184106193276,0.7654678421395714,0.5990548532035953,0.9596153258135792,0.2181165082069656,0.4575018514589285,0
Kepler-1114 b,1.35,39.321,631.0,0.11056,5374.0,0.83,0.87,2.39,2016,0.055889636923283,0.6523988275876882,0.011012875856589,0.0080278420984541,0.2726708175339856,synthetic_turbet2020_based,3.696872425042861,0.8544153281560676,0.7193013403675601,0.9121755265265906,0.5685758617789647,0.7201673320059284,0
Kepler-303 c,1.14,25.851,521.0,0.057,3944.0,0.485,0.575,1.55,2014,0.1671541375380136,0.6062995122361492,0.0152321730805133,0.0018903305500941,0.2094238465952296,synthetic_turbet2020_based,3.2903030642091937,0.76080582903376,0.788685822854676,0.96216874833496,0.7710882801633792,0.8613460659807738,0
Kepler-393 c,1.33,231.213,901.0,0.124,6189.0,1.382,1.256,2.33,2014,0.0616344466261089,0.7263476773639752,0.0244281433441228,0.0093185540790611,0.1782711785867319,synthetic_turbet2020_based,5.447655053915399,0.8458682675776092,0.812410267334207,0.916630328327376,0.5795444691342634,0.7288539202219158,0
Kepler-185 b,1.17,475.507,1237.0,0.026,5208.0,0.806,0.763,1.71,2014,0.1878193425022345,0.4956060124167063,0.0340137153392153,0.0022916736590365,0.2802692560828071,synthetic_turbet2020_based,6.16648241343756,0.7747271675523681,0.7174390702581561,0.9545639949088476,0.7224785441354239,0.8304528916957532,0
Kepler-1331 b,1.05,547.294,1244.0,0.0142,4508.0,0.69,0.72,1.16,2016,0.139422057740003,0.6521898339519896,0.0388210390466319,0.0062226458891373,0.1633444233722381,synthetic_turbet2020_based,6.306811639435666,0.7178397931503169,0.8304329307386245,0.9860237975973268,0.920951122639994,0.9529321714303742,0
Kepler-1084 b,1.11,1766.593,1737.0,0.0324,6113.0,1.28,1.12,1.41,2016,0.0899135083916283,0.5644151670449371,0.0376444428431295,0.0080662722327166,0.2999606094875884,synthetic_turbet2020_based,7.4773740130767585,0.7466879474879752,0.6919731182796949,0.9699427429156094,0.8191130777173722,0.8913432477778888,0
Kepler-1108 b,1.46,206.414,1063.0,0.0511,5406.0,0.84,0.88,2.73,2016,0.105434148521685,0.4419941533458265,0.0241310802894378,0.0066742364762965,0.421766381366754,synthetic_turbet2020_based,5.334716795928042,0.9001613499442714,0.5715593821569492,0.8886977619795139,0.5133028142280379,0.6754043694130528,0
Kepler-252 b,1.23,39.264,587.0,0.058,4208.0,0.549,0.61,2.04,2014,0.1646206332462298,0.6342233060961942,0.0498858354802695,0.0032451522903465,0.1480250728869597,synthetic_turbet2020_based,3.695457769474059,0.8020015854720274,0.8487297748226934,0.9398387031833424,0.6388918688197316,0.7748905119214706,0
Kepler-324 b,1.14,194.34,935.0,0.05,5194.0,0.84,0.901,2414.4,2014,0.0793773861854059,0.4192849025000214,0.0478458881759897,0.0061152479214339,0.447376575217149,synthetic_turbet2020_based,5.274741630019331,0.76080582903376,0.546508176861417,0.96216874833496,0.0005038529423549,0.0220179825345232,0
Kepler-520 c,1.07,351.69,1107.0,0.06035,6112.0,1.09,1.1,1.24,2016,0.1954385741348927,0.4522628542316604,0.0161040049036315,0.0066579704635189,0.3295365962662964,synthetic_turbet2020_based,5.865589484132377,0.7275486072772778,0.6638054332701846,0.9805821890690783,0.8858021207977835,0.9319880807681624,0
Kepler-1244 b,1.35,4756.325,1839.0,0.0502,6680.0,1.77,1.46,2.39,2016,0.0727894891029232,0.4504211152999063,0.0368193527028056,0.0065679172064609,0.4334021256879038,synthetic_turbet2020_based,8.467440814468532,0.8544153281560676,0.5600299571056351,0.9121755265265906,0.5685758617789647,0.7201673320059284,0
Kepler-169 c,1.21,82.853,776.0,0.062,4997.0,0.763,0.825,1.92,2014,0.0826605516209969,0.7292715795307705,0.0142100338128238,0.0039931740932728,0.1698646609421359,synthetic_turbet2020_based,4.429065265804507,0.7929925155296614,0.8261421649645913,0.94467734756943,0.6670255111340399,0.7938034332372518,0
Kepler-97 b,1.48,767.964,1328.0,0.03563,5779.0,0.98,0.94,3.51,2014,0.1608301465705442,0.6455604840849651,0.0340028381261412,0.0071764671605242,0.1524300640578251,synthetic_turbet2020_based,6.645044154365619,0.9082585601768908,0.8403934687816506,0.8846055085684176,0.4189220263275284,0.6087534247542065,0
Kepler-212 b,1.09,133.866,830.0,0.133,5852.0,1.455,1.166,1.32,2014,0.1488015937858755,0.5644128980672196,0.0328705601535485,0.0089653818231133,0.2449495661702428,synthetic_turbet2020_based,4.904281692899586,0.7371640659767197,0.7460850520066437,0.9752225040992044,0.8531589508977451,0.9121511982610936,0
Kepler-1372 b,1.27,2176.358,1655.0,0.024,5677.0,0.97,0.98,2.15,2016,0.1045830051377095,0.5591695358754195,0.0446361588506737,0.0042228453721406,0.2873884547640565,synthetic_turbet2020_based,7.685867494200696,0.8197798314933114,0.7083886998638027,0.9303628468419938,0.6150491219123869,0.7564514868847022,0
Kepler-364 b,1.55,68.71,753.0,0.178,6108.0,1.284,1.076,3.02,2014,0.1159044348603026,0.7203248889433046,0.0336746760956571,0.0094049726389323,0.1206910274618031,synthetic_turbet2020_based,4.244343779498307,0.9360933591703348,0.8699039998992643,0.870681255197205,0.4737838127296655,0.642273060901345,0
Kepler-1408 b,0.89,1982.268,1616.0,0.04218,6170.0,1.35,1.21,0.64,2016,0.0757016958895531,0.7394104785165998,0.0161253832941848,0.0034913864187739,0.1652710558808883,synthetic_turbet2020_based,7.592501268152523,0.636576829071551,0.8312375577003377,0.9663983347822086,0.7670642636678022,0.860981780921934,0
Teegarden's Star b,1.05,1.08,277.0,0.0259,3034.0,0.12,0.097,1.16,2019,0.2384012825145569,0.2941440543170379,0.0338342794982087,0.034176401411003,0.3994439822591933,synthetic_turbet2020_based,0.7323678937132266,0.7178397931503169,0.5663796163298035,0.9860237975973268,0.920951122639994,0.9529321714303742,2
K2-315 b,0.95,7.45,460.0,,3300.0,0.196,0.174,0.809,2020,0.0870429050358781,0.4922188167639508,0.0334503820953227,0.0047957605188183,0.38249213558603,synthetic_turbet2020_based,2.134166441369082,0.6678293725756554,0.6127121038951516,0.985303043009012,0.8874578737811202,0.9351015685896616,0
Kepler-876 b,1.43,152.746,923.0,0.0549,5060.0,0.77,0.81,2.63,2016,0.1828010494919893,0.4410103546843679,0.0447198686896401,0.0065561483459468,0.3249125787880557,synthetic_turbet2020_based,5.035301890088036,0.8878912573524571,0.6685312728659972,0.894935058413526,0.5284476933576645,0.6876964209035369,0
Kepler-1894 c,1.21,243.06,1007.0,0.0576,5772.0,0.901,0.999,1.92,2023,0.0548417828203995,0.4433942810281588,0.0118213685485475,0.0095370271532689,0.4804055404496251,synthetic_turbet2020_based,5.497414096703693,0.7929925155296614,0.5100574323971058,0.94467734756943,0.6670255111340399,0.7938034332372518,0
Kepler-303 b,0.89,145.436,802.0,0.024,3944.0,0.485,0.575,0.64,2014,0.1657885928919284,0.5618897022048999,0.0242310947425336,0.0038881895930162,0.2442024205676217,synthetic_turbet2020_based,4.986588472937703,0.636576829071551,0.7519093898393618,0.9663983347822086,0.7670642636678022,0.860981780921934,0
Kepler-271 c,0.95,119.631,850.0,0.06993,5555.0,0.87,0.9,0.809,2014,0.1970663351279059,0.6286706612292864,0.0496765777039516,0.0040922288950912,0.1204941970437648,synthetic_turbet2020_based,4.792736299354753,0.6678293725756554,0.875413574061144,0.985303043009012,0.8874578737811202,0.9351015685896616,0
Kepler-402 b,1.22,619.844,1311.0,0.051,6090.0,1.264,1.072,1.98,2014,0.132983508834502,0.6925862241307505,0.0412258633422025,0.0024015823284692,0.1308028213640756,synthetic_turbet2020_based,6.431079842646064,0.7975071958841881,0.866795596307455,0.9422494705499432,0.6526655546576766,0.784202635370719,0
EPIC 201841433 b,1.04,189.3706,1032.49,0.035,5053.0,0.628461,0.802,1.12,2019,0.0825126005850719,0.6976490057700182,0.0146444949109634,0.005483442150321,0.1997104565836254,synthetic_turbet2020_based,5.248972698669835,0.712949807856125,0.7948061012660536,0.9887759672310884,0.939556116541447,0.9638519118107068,0
Kepler-1371 c,0.64,853.269,1216.0,0.02937,5361.0,0.83,0.87,0.196,2016,0.1613446185375632,0.5379509669698723,0.0395920099970734,0.0084391305112905,0.2526732739842003,synthetic_turbet2020_based,6.750246132480571,0.494696241836107,0.7388875955045089,0.8682577916517171,0.3031403372822708,0.5130340727566359,0
EPIC 212587672 b,1.26,72.03549999999998,756.0,,6004.0,0.98,0.99,2.13,2019,0.1020693364311623,0.4831830666324175,0.0455151968597167,0.0065862465848305,0.3626461534918729,synthetic_turbet2020_based,4.290945624312064,0.8153648132841945,0.6307675999232966,0.93270710962285,0.6192551886810161,0.7599892875255697,0
Kepler-1423 b,1.06,71.16,741.0,0.1586,4939.0,0.75,0.79,1.2,2016,0.0690755649713112,0.4745525332933492,0.0401613173961699,0.0092242519341669,0.4069863324050027,synthetic_turbet2020_based,4.278885875754368,0.7227059828014898,0.5837894156608303,0.9832926251973656,0.9030459035232964,0.9423154339971032,0
Kepler-1888 b,1.32578716,145.67,886.0,0.0956,5557.0,1.249,0.897,2.32,2021,0.1266527071001983,0.6730287157075119,0.0256974514163204,0.0058362398265333,0.1687848859494358,synthetic_turbet2020_based,4.988185165258664,0.8440585451805108,0.8253788742240306,0.9175763586463508,0.5814124748400925,0.7304042315973636,0
Kepler-1901 b,1.47418907,389.41,1132.0,0.0453,5696.0,0.921,1.022,2.77,2021,0.1639790471618347,0.4984588033892665,0.0178387159305504,0.0082507145214446,0.3114727189969036,synthetic_turbet2020_based,5.967197468964984,0.9059126938473128,0.6802765664816517,0.8857891445159802,0.5074775688451209,0.6704611260679989,0
TOI-1860 b,1.31,876.703,1885.0,0.0204,5752.0,0.94,0.99,2.27,2022,0.1400128597711052,0.6124122777478016,0.0265707611724112,0.0057612621107661,0.2152428391979157,synthetic_turbet2020_based,6.777308267616612,0.8372475245337022,0.778995898691318,0.9211455724788268,0.5909299475571828,0.7377889297335953,0
Kepler-1395 b,0.8,730.531,1311.0,0.04974,6138.0,1.23,1.17,0.437,2016,0.1381126005024137,0.638860041604368,0.0165791291616365,0.0074903025455971,0.1989579261859846,synthetic_turbet2020_based,6.595139598236186,0.5877866649021191,0.7935517712684182,0.9350677145621996,0.5874061524976986,0.7411238280717992,0
Kepler-1905 b,1.4460734,508.75,1212.0,0.0451,5788.0,1.015,1.038,2.69,2021,0.0863421691899105,0.7792410203787596,0.0191182870939484,0.0011558033119082,0.1141427200254731,synthetic_turbet2020_based,6.233920409454565,0.8944840449913591,0.8847014766626184,0.8915783029502143,0.5192588217736103,0.6804115659722748,0
Kepler-1963 b,0.74437023,612.3,1448.0,0.02915,5726.0,0.979,0.915,0.337,2021,0.180426719521506,0.571664949891791,0.0266949627352497,0.0054018859422023,0.2158114819092509,synthetic_turbet2020_based,6.418854212631938,0.5563935908009487,0.7787866321485467,0.913635119897072,0.4805133781465711,0.6625812386832951,0
Kepler-348 c,1.33,133.259,888.0,0.138,6177.0,1.359,1.189,2.33,2014,0.1183636015296393,0.4988147585738436,0.0469592076528547,0.0020687011713089,0.3337937310723533,synthetic_turbet2020_based,4.899770770248098,0.8458682675776092,0.6641375677563376,0.916630328327376,0.5795444691342634,0.7288539202219158,0
Kepler-174 c,1.49,5.296,377.0,0.214,4880.0,0.622,0.602,2.83,2014,0.0733780817873817,0.4875273074695145,0.026425609026445,0.0020693301365587,0.4105996715800999,synthetic_turbet2020_based,1.839914511115102,0.9122827104766162,0.5873309982833412,0.8825787561567998,0.4989757127709202,0.6636153734881459,0
Kepler-195 c,1.55,11.281,469.0,0.197,5329.0,0.775,0.867,3.02,2014,0.1128371443317291,0.585104113848114,0.0232524211591483,0.0019759492011651,0.2768303714598433,synthetic_turbet2020_based,2.508053352628247,0.9360933591703348,0.7211936793389914,0.870681255197205,0.4737838127296655,0.642273060901345,0
Kepler-1254 c,1.3,132.391,927.0,0.0422,4985.0,0.75,0.78,2.24,2016,0.0560222493519601,0.5272426387259065,0.0369288953024396,0.0030754515297223,0.3767307650899713,synthetic_turbet2020_based,4.893284664938705,0.832909122935104,0.6201937833803062,0.9234262819589574,0.5967864231938658,0.7423531961899917,0
Kepler-208 d,1.2,176.283,999.0,0.103,6092.0,1.314,1.082,1.87,2014,0.1365074496296759,0.7548024069211813,0.0445223640841083,0.0017946706094467,0.0623731087555876,synthetic_turbet2020_based,5.177747325798409,0.7884573603642702,0.9358322206349654,0.947122533919042,0.6794671515451294,0.8022086077113463,0
Kepler-1525 b,0.91,715.106,1343.0,0.03557,5748.0,1.04,1.07,0.693,2016,0.1415965708017961,0.7177481283426121,0.0464990547810295,0.0048066052130936,0.0893496408614685,synthetic_turbet2020_based,6.573828200695849,0.6471032420585384,0.9058437539254378,0.972862966923833,0.807279104142302,0.8862121328392507,0
Kepler-220 d,0.98,8.208,401.0,0.163,4632.0,0.666,0.729,0.904,2014,0.1305721699205468,0.7490840848417054,0.047446698058968,0.0031620728697925,0.0697349743089872,synthetic_turbet2020_based,2.2200726714195818,0.6830968447064438,0.92710295282122,0.9942298598406664,0.9461471506971676,0.9698905861107688,0
Kepler-220 b,0.81,105.001,759.0,0.046,4632.0,0.666,0.729,0.457,2014,0.0717181441641329,0.6341534070978264,0.0150587103890089,0.0073397667957566,0.2717299715532751,synthetic_turbet2020_based,4.663448528029832,0.5933268452777344,0.7209302616509682,0.9387431275910468,0.6071705647066049,0.75496834032554,0
Kepler-154 e,1.5,480.405,1140.0,0.04766,5769.0,0.98,0.98,2.86,2016,0.1987401574935462,0.5429054446266333,0.0478530629286758,0.0065108932147193,0.2039904417364253,synthetic_turbet2020_based,6.176708911668112,0.9162907318741552,0.7894986650488552,0.8805647427246953,0.4948273312024517,0.6600965850490628,0
Kepler-390 c,0.79,41.351,630.0,0.101,5166.0,0.776,0.787,0.418,2014,0.1706589502900709,0.455182591185819,0.0170634004655911,0.0062685991178762,0.3508264589406428,synthetic_turbet2020_based,3.745992033570172,0.5822156198526637,0.642904941941481,0.9313401202909188,0.5681554145124763,0.7274241761833232,0
Kepler-1588 b,0.76,359.79,925.0,0.07419,5817.0,0.99,0.96,0.363,2016,0.1432498542833064,0.4553741101480779,0.0137005168879376,0.0083583537803069,0.3793171649003711,synthetic_turbet2020_based,5.888296071618115,0.5653138090500605,0.6123244813193218,0.9198322336560598,0.5096729894615604,0.6846996745512506,0
KOI-3503 c,1.21,52.5,686.0,0.18688,6001.0,1.255,0.858,10.36,2021,0.0682214085053652,0.7182558259098387,0.0264993913522857,0.007262430009199,0.1797609442233112,synthetic_turbet2020_based,3.979681653901961,0.7929925155296614,0.8129766257674896,0.94467734756943,0.155900418419641,0.3837650241458057,0
Kepler-1616 b,1.02,724.861,1337.0,0.07318,6266.0,1.34,1.21,1.04,2016,0.1436012263272988,0.5059499477435533,0.0116447257140479,0.0019478822222805,0.3368562179928194,synthetic_turbet2020_based,6.587358536438884,0.7030975114131134,0.6611958997849,0.9943443650746095,0.9790340945082466,0.986659533522176,0
Kepler-362 b,0.88,207.336,838.0,0.087,5788.0,0.722,0.904,0.615,2014,0.1268668678426885,0.7887073522379915,0.0403784674489889,0.0079789840318586,0.0360683284384724,synthetic_turbet2020_based,5.339152160986372,0.6312717768418579,0.9559526875296688,0.9631019153901382,0.747229253203723,0.8483265438473844,0
TOI-201 d,1.39,389.669,1237.0,0.0698,6423.0,1.31,1.32,5.8,2026,0.0799314195946273,0.5464835545674106,0.0217419927776334,0.0054130194088335,0.346430013651495,synthetic_turbet2020_based,5.967860654147257,0.8712933659434193,0.6481569669396714,0.9034420362640322,0.2699712757280278,0.4938657703025468,0
Kepler-373 b,1.36,453.872,1054.0,0.06,5787.0,0.845,0.981,2.42,2014,0.1739992229880211,0.7502136363390901,0.0188817810077554,0.0040388364924354,0.0528665231726978,synthetic_turbet2020_based,6.120016060692109,0.8586616190375187,0.9430946403348666,0.9099703795625944,0.5632408716046826,0.7159137585766036,0
Kepler-444 d,0.53,109.638,783.0,0.06,5046.0,0.752,0.758,0.2,2015,0.1685216534167962,0.5343904724339538,0.01277727637961,0.0097108079248582,0.2745997898447815,synthetic_turbet2020_based,4.706263610548144,0.4252677354043441,0.71568940223036,0.8112416274678345,0.3086599329079948,0.5003976281982103,0
Kepler-1649 b,1.017,2.208,307.0,0.0514,3240.0,0.2317,0.1977,1.03,2017,0.3816733966771316,0.2303802832617201,0.0372750565244725,0.0473478140540852,0.3033234494825904,synthetic_turbet2020_based,1.165647690004268,0.7016112589720747,0.6493287364633242,0.995187094630934,0.9841954088967796,0.9896759921959762,0
Kepler-1542 b,0.76,518.437,1160.0,0.04765,5564.0,0.99,0.94,0.363,2016,0.152053572925741,0.5844748510383382,0.037088621278374,0.0038907310340091,0.2224922237235376,synthetic_turbet2020_based,6.252745532733068,0.5653138090500605,0.7736170452424532,0.9198322336560598,0.5096729894615604,0.6846996745512506,0
Kepler-730 c,1.56926,903.77,1607.0,0.03997,5620.0,1.411,1.047,3.09,2018,0.1507549368916992,0.5353139308228854,0.0371276198156527,0.0065248393995431,0.2702786730702194,synthetic_turbet2020_based,6.807680767753548,0.9436179197019068,0.7231964875302372,0.8669549006052425,0.4651126546095512,0.6350052718263558,0
Kepler-1446 b,0.82,1213.333,1539.0,0.01405,4865.0,0.75,0.81,0.477,2016,0.1115384566196434,0.7378590235557322,0.0271562448297433,0.0065374793347696,0.1169087956601113,synthetic_turbet2020_based,7.101950233841377,0.598836501088704,0.876553725005119,0.9423675050163746,0.6264402164507146,0.7683338491948519,0
Kepler-1590 b,1.14,171.478,1020.0,0.07116,6053.0,1.16,1.11,1.55,2016,0.1843719783225527,0.6745632242873638,0.0272418521859748,0.0035350652166496,0.1102878799874589,synthetic_turbet2020_based,5.150269692106094,0.76080582903376,0.8861770547958913,0.96216874833496,0.7710882801633792,0.8613460659807738,0
K2-83 b,1.244,41.5,707.17,0.03014,3910.0,0.424,0.484,2.08,2016,0.1166624991123818,0.4895811774701399,0.0216111531573984,0.0086925980856172,0.3634525721744625,synthetic_turbet2020_based,3.7495040759303713,0.8082599876604499,0.62785482973992,0.93649199956216,0.6300178128851966,0.7681188979244272,0
Kepler-1434 b,1.11,925.289,1320.0,0.0917,6291.0,2.04,1.47,1.41,2016,0.1431631475343227,0.4904257522692965,0.0148783873002972,0.006317894166834,0.3452148187292495,synthetic_turbet2020_based,6.831186280987053,0.7466879474879752,0.6484672871039164,0.9699427429156094,0.8191130777173722,0.8913432477778888,0
K2-122 b,1.16,79.9,769.0,0.0373,4009.0,0.59,0.63,1.65,2017,0.1300293716653077,0.4817523917928406,0.0135132068793125,0.0075972199908167,0.3671078096717224,synthetic_turbet2020_based,4.393213824064446,0.7701082216960736,0.6252949703374607,0.9570804814200394,0.7399953832913482,0.8415670726027071,0
Kepler-1907 c,1.15547044,20.6,620.0,0.10371,5159.0,0.8,0.752,1.63,2021,0.1609413232493705,0.7056523878886815,0.0271732595175104,0.0096506133377201,0.0965824160067174,synthetic_turbet2020_based,3.0726933146901194,0.7680090013555086,0.8937669706555623,0.9582263668451976,0.7460182373526266,0.845490594376227,0
Kepler-1594 b,1.06,672.414,1360.0,0.0396,5946.0,1.08,1.06,1.2,2016,0.1107881872217065,0.7172575033014885,0.0295835522160451,0.0031157709724041,0.1392549862883557,synthetic_turbet2020_based,6.512360296531655,0.7227059828014898,0.8576292427392401,0.9832926251973656,0.9030459035232964,0.9423154339971032,0
Kepler-438 b,1.12,1.4,288.0,0.166,3748.0,0.52,0.544,1.46,2015,0.1479812012987961,0.297409082948747,0.0357273488311945,0.0169417938831691,0.5019405730380931,synthetic_turbet2020_based,0.8754687373538999,0.7514160886839212,0.4811176330787376,0.9673322272612818,0.8013117863738329,0.8804173527615844,1
Kepler-1953 b,1.28574667,67.62,731.0,0.0607,4858.0,0.707,0.786,2.2,2021,0.0941535565745969,0.6926550687290629,0.0213738391438461,0.001430142104687,0.1903873934478069,synthetic_turbet2020_based,4.228584037430304,0.826692741209101,0.8081824644475059,0.9267040967824608,0.6047719202861447,0.7486284900724565,0
Kepler-251 b,1.33,203.169,990.0,0.053,5526.0,0.89,0.891,2.33,2014,0.1441203088315502,0.7775898779268758,0.0257460289247548,0.0097776181473674,0.0427661661694516,synthetic_turbet2020_based,5.318948082256895,0.8458682675776092,0.9474562156831808,0.916630328327376,0.5795444691342634,0.7288539202219158,0
Kepler-442 b,1.34,0.66,241.0,0.409,4402.0,0.598,0.609,2.36,2015,0.6178606747856838,0.088324471801993,0.0479028818744533,0.0083725254922534,0.2375394460456164,synthetic_turbet2020_based,0.5068176023684519,0.8501509293696101,0.7540880284621302,0.9143954551507116,0.5740094846869488,0.7244802716507523,2
Kepler-1185 b,1.33,9.31,355.0,0.4297,5622.0,0.87,0.96,2.33,2016,0.0529390655844352,0.6104831857996066,0.0431518513100579,0.0059051472588533,0.2875207500470468,synthetic_turbet2020_based,2.333114298028869,0.8458682675776092,0.7065741026940997,0.916630328327376,0.5795444691342634,0.7288539202219158,0
Kepler-1560 b,0.89,593.919,1269.0,0.04175,5815.0,1.02,1.02,0.64,2016,0.0878774869572536,0.6245406535414837,0.018223492052075,0.0092568052462484,0.2601015622029392,synthetic_turbet2020_based,6.388425261824713,0.636576829071551,0.7306416325508123,0.9663983347822086,0.7670642636678022,0.860981780921934,0
Kepler-1972 c,0.868,198.4,1215.0,0.10493,5818.0,1.384,1.12,2.11,2022,0.1365512496937061,0.402111608382276,0.0154817415652816,0.001111925402904,0.4447434749558322,synthetic_turbet2020_based,5.295312857527738,0.6248683398066509,0.5541445996412637,0.9590881473372294,0.6235172587417206,0.773309777850626,0
Kepler-42 d,0.57,12.538,450.0,0.0154,3068.0,0.17,0.13,0.357785,2011,0.1155622490989694,0.4797556822537077,0.0309423691945956,0.0083268515948545,0.3654128478578726,synthetic_turbet2020_based,2.605500546086416,0.4510756193602166,0.6262603005472727,0.8332454740737765,0.5039049172823311,0.6479787741037688,0
Kepler-1164 b,1.12,181.205,936.0,0.04635,5183.0,0.79,0.85,1.46,2016,0.1254631267881915,0.7972128205478579,0.0405121109075055,0.0033780899877843,0.0334338517686606,synthetic_turbet2020_based,5.205132426820344,0.7514160886839212,0.9631880582435548,0.9673322272612818,0.8013117863738329,0.8804173527615844,0
Kepler-1464 c,1.0,968.555,1023.0,0.06101,5828.0,1.01,1.02,0.972,2016,0.1513688765326216,0.6160544598168843,0.0430398921162675,0.0077573569027684,0.1817794146314579,synthetic_turbet2020_based,6.876837203346942,0.6931471805599453,0.8104632284657735,1.0,0.9848148858172576,0.9923783985039464,0
Kepler-150 b,1.25,367.262,1131.0,0.044,5560.0,0.939,0.956,2.1,2014,0.1088122576930509,0.6354209007517938,0.0232437202185152,0.0046861747700084,0.2278369465666316,synthetic_turbet2020_based,5.908794641369854,0.8109302162163288,0.7674768786633599,0.9350677145621996,0.6256696416983442,0.7648813515401072,0
Kepler-1499 b,1.19,7.371,409.0,0.23225,5097.0,0.78,0.82,1.81,2016,0.103128344383672,0.5728504465588806,0.0330465564808545,0.0071452596852591,0.2838293928913334,synthetic_turbet2020_based,2.1247733516779195,0.7839015438284094,0.7090253474234072,0.9495852325278497,0.6950024460127664,0.8123817201934427,0
Kepler-1498 b,1.33,9.86,564.0,0.2528,5256.0,0.81,0.86,2.33,2016,0.1513534262936304,0.5694723663713176,0.0292756267032463,0.0022628846616026,0.2476356959702029,synthetic_turbet2020_based,2.385086314505789,0.8458682675776092,0.7501014193681943,0.916630328327376,0.5795444691342634,0.7288539202219158,0
Kepler-1141 b,0.82,1146.953,1471.0,0.03496,5791.0,1.07,1.01,0.477,2016,0.1494285799040432,0.4089233094307468,0.0396848900820841,0.005497158473136,0.3964660621099896,synthetic_turbet2020_based,7.045735635274865,0.598836501088704,0.598036779416874,0.9423675050163746,0.6264402164507146,0.7683338491948519,0
Kepler-157 d,1.46,244.058,969.0,0.0706,5866.0,1.03,1.02,2.73,2016,0.1611051313710241,0.7685047365774915,0.0324825445516695,0.0034806761273407,0.034426911372474,synthetic_turbet2020_based,5.501494917221368,0.9001613499442714,0.9620924125001852,0.8886977619795139,0.5133028142280379,0.6754043694130528,0
Kepler-26 d,1.07,31.79,652.0,0.039,4486.0,0.571,0.593,1.24,2014,0.1034665005545347,0.6648517372563438,0.0426747217396457,0.0098077561960285,0.1791992842534471,synthetic_turbet2020_based,3.4901235908565567,0.7275486072772778,0.8109929595505242,0.9805821890690783,0.8858021207977835,0.9319880807681624,0
Kepler-780 b,0.89,4572.56,2099.0,0.015,5769.0,1.02,1.01,0.64,2016,0.1917698058594257,0.7797450162653868,0.0442687889807687,0.001264355549744,-0.0170479666553253,synthetic_turbet2020_based,8.428047174065794,0.636576829071551,1.0157836111055814,0.9663983347822086,0.7670642636678022,0.860981780921934,0
Kepler-168 b,1.46,725.064,1240.0,0.056,6282.0,1.107,1.113,2.73,2014,0.0616732606156022,0.6090479208817132,0.0179875657215868,0.0015832543124594,0.3097079984686381,synthetic_turbet2020_based,6.587638165209409,0.9001613499442714,0.6887087472189022,0.8886977619795139,0.5133028142280379,0.6754043694130528,0
HD 137496 b,1.31,3114.3366,2130.0,0.02732,5799.0,1.59,1.04,4.04,2021,0.1174575601507853,0.6210358125597096,0.0333183259226922,0.0045674638553508,0.2236208375114619,synthetic_turbet2020_based,8.044092483168644,0.8372475245337022,0.7718116986331872,0.9211455724788268,0.3719644385292614,0.5853489520540733,0
Kepler-176 b,1.43,123.802,841.0,0.058,5232.0,0.891,0.86,290.537,2014,0.1858549925209155,0.4681860760073757,0.0139092073396841,0.0025589520796202,0.3294907720524043,synthetic_turbet2020_based,4.826728481447944,0.8878912573524571,0.6679502758679754,0.894935058413526,0.0048403844522297,0.0658166372773643,0
K2-291 b,1.589,633.0,1278.0,0.03261,5520.0,0.899,0.934,6.49,2019,0.1873792220364686,0.6700736202893657,0.0411858440592369,0.0065995556305591,0.0947617579843695,synthetic_turbet2020_based,6.452048954437226,0.9512717007694006,0.8986386863850712,0.863180913580463,0.2434481902472406,0.4584101125271164,0
Kepler-181 b,1.27,255.584,1041.0,0.04,5333.0,0.749,0.81,2.15,2014,0.06470152405934,0.7782564367203648,0.0422227751706236,0.0042825264400422,0.1105367376096293,synthetic_turbet2020_based,5.5474560963793085,0.8197798314933114,0.8851807359503284,0.9303628468419938,0.6150491219123869,0.7564514868847022,0
GJ 273 b,1.51,1.06,292.47,0.091101,3382.0,0.293,0.29,2.89,2017,0.1481301655134805,0.2205227723658299,0.0359027978128749,0.0210673083005601,0.5743769560072544,synthetic_turbet2020_based,0.7227059828014898,0.9202827531436926,0.4045557356921853,0.8785633377250446,0.4907451564981838,0.65662066877722,2
Kepler-271 b,1.23,75.957,759.0,0.08784,5555.0,0.87,0.9,2.04,2014,0.0690203391375881,0.4650253653447799,0.0317619124349281,0.0019214159543459,0.4322709671283579,synthetic_turbet2020_based,4.34324682430868,0.8020015854720274,0.5658076169172961,0.9398387031833424,0.6388918688197316,0.7748905119214706,0
GJ 273 c,1.06,6.66,462.26,0.036467,3382.0,0.293,0.29,1.18,2017,0.1085813650508134,0.632729757585833,0.0442828738449849,0.0079612952771511,0.2064447082412173,synthetic_turbet2020_based,2.0360119837525,0.7227059828014898,0.7855939964816313,0.9832926251973656,0.911913504485995,0.9469307386387684,0
Kepler-309 b,1.56,99.493,531.0,0.059,4713.0,0.721,0.816,3.05,2014,0.1547407185922953,0.5142600918644011,0.0152898200722097,0.008026933006938,0.3076824364641558,synthetic_turbet2020_based,4.610088073332042,0.9400072584914712,0.6842906305289062,0.8687409977830233,0.4700296131326776,0.6390101682293098,0
LHS 1678 b,0.685,94.3,830.44,0.01239,3490.0,0.329,0.345,0.35,2021,0.0684107081939257,0.7828697395421387,0.0168426063870423,0.0079431742804255,0.1239337715964676,synthetic_turbet2020_based,4.557029810660157,0.521765563804325,0.8681230541231066,0.8887278243688916,0.4952195378454979,0.6634119251674614,0
Kepler-1756 b,1.47199944,338.4,1093.0,0.0319,4915.0,0.812,0.781,2.77,2021,0.0815457397203831,0.4252833811426036,0.0306943747441025,0.0058603648336795,0.4566161395592311,synthetic_turbet2020_based,5.827179352800126,0.9050273130582018,0.5375234956070892,0.8862362859295607,0.5074775688451209,0.6706303272339112,0
Kepler-220 c,1.57,37.321,586.0,0.076,4632.0,0.666,0.729,3.09,2014,0.1951562595278282,0.601934948207586,0.0146808355577802,0.0074666371092399,0.1807613195975657,synthetic_turbet2020_based,3.645998048795567,0.9439058989071284,0.8117720432931944,0.8668126032440396,0.4651126546095512,0.6349531564956985,0
K2-35 b,1.32,211.0,979.0,0.031,4402.71,0.619575,0.701968,2.3,2016,0.1256214180290565,0.5016604654484957,0.0115703248608931,0.0062662688147967,0.3548815228467579,synthetic_turbet2020_based,5.356586274672012,0.8415671856782186,0.6388522083384454,0.9188803114532664,0.5851836449242382,0.7332896630291073,0
