pl_name,co2_frac,h2o_frac,ch4_frac,o2_frac,n2_frac,atm_source
HD 2039 b,0.832186814566789,0.04949905957768472,0.0443439167964553,0.007276312261534276,0.06669389679753668,synthetic_turbet2020_based
HAT-P-8 b,0.06412660218314743,0.7902489406547024,0.04044558807961412,0.008074578747492584,0.09710429033504342,synthetic_turbet2020_based
K2-43 b,0.06921704490133189,0.5801543751582269,0.02483192096930325,0.009340884899637417,0.3164557740715006,synthetic_turbet2020_based
Kepler-1753 b,0.1465797680120997,0.7291046453083321,0.027736567953093247,0.0030451484960629925,0.09353387023041204,synthetic_turbet2020_based
Kepler-1176 b,0.13318771805237523,0.42552690244167013,0.04310524687970328,0.006684979592098584,0.3914951530341527,synthetic_turbet2020_based
K2-126 b,0.16371316101280609,0.5418103872519474,0.048827920975796135,0.009038090091899782,0.23661044066755055,synthetic_turbet2020_based
Kepler-1263 b,0.1667575245610643,0.4778554831407871,0.028668840149081366,0.001394233892085059,0.32532391825698226,synthetic_turbet2020_based
Kepler-1416 b,0.07314342381013218,0.6732195812969819,0.039790486236312685,0.009707587591907891,0.20413892106466536,synthetic_turbet2020_based
Kepler-1542 c,0.0988738037207228,0.5481838824139476,0.02878223245103232,0.0027052422317585716,0.3214548391825387,synthetic_turbet2020_based
K2-85 b,0.06948822580032075,0.5902819704903736,0.019076373962035365,0.007028325952142594,0.3141251037951277,synthetic_turbet2020_based
Kepler-368 c,0.11557278783084962,0.733071278423135,0.038010604080089966,0.00381129977243837,0.10953402989348704,synthetic_turbet2020_based
K2-123 b,0.3496779404185604,0.26095287149936036,0.025499135161206977,0.021533124157209767,0.3423369287636626,synthetic_turbet2020_based
Kepler-770 b,0.15237432559624633,0.4559009934437239,0.01799632809900433,0.0010662604277590496,0.3726620924332664,synthetic_turbet2020_based
Kepler-1399 b,0.16803865662532078,0.6659403426368129,0.038206615145053406,0.008026561279197712,0.11978782431361512,synthetic_turbet2020_based
Kepler-723 b,0.11883736633075101,0.6274964783811575,0.015591879925106298,0.002030770661823761,0.23604350470116142,synthetic_turbet2020_based
K2-107 b,0.15026044426857077,0.588438482457253,0.032609444259247555,0.007884989716744232,0.22080663929818434,synthetic_turbet2020_based
K2-45 b,0.14520774800008862,0.6214317602631984,0.03236828642981654,0.00373555088256351,0.19725665442433293,synthetic_turbet2020_based
K2-127 b,0.054622675185190914,0.574686955692945,0.01858338691278117,0.004676757793521726,0.34743022441556115,synthetic_turbet2020_based
K2-195 b,0.17801046099022494,0.4935757943461363,0.012332109667562641,0.003532455028197969,0.31254917996787823,synthetic_turbet2020_based
K2-80 c,0.09403906366500256,0.664766605890758,0.032281286093651135,0.008055083881957723,0.20085796046863058,synthetic_turbet2020_based
K2-229 c,0.14964703104910815,0.5625547445760283,0.04256081538664139,0.0025027562791693353,0.24273465270905292,synthetic_turbet2020_based
HAT-P-3 b,0.05340681097007907,0.43601914431025673,0.038894374023858015,0.005156895072262487,0.4665227756235437,synthetic_turbet2020_based
WASP-32 b,0.07419076685504028,0.6004179100413455,0.016092484108526737,0.007266883375699625,0.302031955619388,synthetic_turbet2020_based
WASP-24 b,0.11692344133610462,0.5524084904385931,0.022060483565915064,0.006672543338069997,0.3019350413213172,synthetic_turbet2020_based
Kepler-65 c,0.10427189158300858,0.4350599677264404,0.014720236084820613,0.009657078980945633,0.43629082562478483,synthetic_turbet2020_based
TrES-2 b,0.1862871036061411,0.6798828535242998,0.020634798458380784,0.009722587396129516,0.10347265701504882,synthetic_turbet2020_based
Kepler-939 b,0.1668126355948692,0.6867560756635982,0.027974460085751544,0.0034501740566064316,0.1150066545991747,synthetic_turbet2020_based
Kepler-1028 b,0.0644586443230249,0.7610409586175367,0.028231051593344443,0.002821270283157073,0.14344807518293679,synthetic_turbet2020_based
HAT-P-67 b,0.09589349362259789,0.6316878275767585,0.01707091131756927,0.00870952855683138,0.24663823892624304,synthetic_turbet2020_based
Kepler-1101 b,0.16377792947528153,0.6877851823803747,0.027283721591004152,0.006645779566321989,0.11450738698701779,synthetic_turbet2020_based
Kepler-1388 b,0.13761469533691034,0.6599386406219281,0.013377772845595564,0.004742266619535487,0.18432662457603044,synthetic_turbet2020_based
Kepler-768 b,0.056242126079283875,0.5975963276978076,0.023194448493311412,0.0023007176997944224,0.32066638002980263,synthetic_turbet2020_based
Kepler-796 b,0.06551044515838275,0.6350578288710849,0.016823718741475445,0.009326081065391175,0.27328192616366576,synthetic_turbet2020_based
Kepler-110 b,0.13715917095505925,0.5387479218139348,0.03363661965925667,0.0012052348392672775,0.289251052732482,synthetic_turbet2020_based
Kepler-1042 b,0.19378388198621682,0.5929213747771601,0.04130940909001145,0.0017445699993019472,0.1702407641473096,synthetic_turbet2020_based
Kepler-334 c,0.12299874962572406,0.5962827977418084,0.047513058198999314,0.006145552471384679,0.2270598419620835,synthetic_turbet2020_based
Kepler-937 b,0.12102341015854308,0.5067902652367575,0.023262759893702085,0.005686051622243841,0.3432375130887534,synthetic_turbet2020_based
Kepler-1117 b,0.11583671904575701,0.4086448319521322,0.043051676967774316,0.009065446946557903,0.4234013250877786,synthetic_turbet2020_based
Kepler-1789 b,0.07103736334979162,0.6216144574156198,0.014343029645417742,0.007050160837358306,0.28595498875181247,synthetic_turbet2020_based
Kepler-1831 b,0.09218506757585126,0.6637690538767607,0.039079784571475304,0.007917827427258915,0.19704826654865382,synthetic_turbet2020_based
Kepler-1245 b,0.06616114189338448,0.7664047380550432,0.019208559635795232,0.0013367130055856181,0.14688884741019148,synthetic_turbet2020_based
Kepler-114 b,0.13322787040872253,0.5483689135449755,0.04319158972529653,0.008274263248578717,0.26693736307242666,synthetic_turbet2020_based
Kepler-1105 b,0.09757083392340732,0.781159758027898,0.021636713525604746,0.005635514163085432,0.0939971803600046,synthetic_turbet2020_based
Kepler-187 b,0.08839476358514042,0.7744174280195854,0.016584312703280726,0.001404195574530961,0.11919930011746249,synthetic_turbet2020_based
Kepler-1379 b,0.11526455900045571,0.7969502256223349,0.045667090650196564,0.007737472175112544,0.03438065255190026,synthetic_turbet2020_based
Kepler-304 c,0.18361887363177876,0.7573786558791453,0.03075433441545796,0.0038433614664771373,0.024404774607140856,synthetic_turbet2020_based
Kepler-1291 b,0.16580186481664821,0.6646645052671045,0.0249463091549484,0.0018502000125536376,0.14273712074874523,synthetic_turbet2020_based
Kepler-304 e,0.1620184417023539,0.5049842063691459,0.04747252602135117,0.003168735175051163,0.2823560907320979,synthetic_turbet2020_based
Kepler-461 b,0.06841368986172291,0.7324450688499625,0.016131372664979764,0.0026134147734196518,0.1803964538499151,synthetic_turbet2020_based
Kepler-1894 b,0.13990741872812654,0.7498248163349859,0.01785738662858293,0.0037929130561008533,0.08861746525220382,synthetic_turbet2020_based
Kepler-576 b,0.16661072573617663,0.788730570424387,0.030029647448093694,0.002295077522961257,0.012333978868381501,synthetic_turbet2020_based
Kepler-1893 b,0.05209044315623024,0.4918624119995421,0.015272888711460842,0.007098928062515718,0.4336753280702511,synthetic_turbet2020_based
Kepler-1601 b,0.06827487569427967,0.6025319726482532,0.03777049742571546,0.006230049482988122,0.2851926047487635,synthetic_turbet2020_based
Kepler-1922 b,0.07996634774900865,0.7216498104729051,0.03861628518463207,0.007650856035239876,0.15211670055821425,synthetic_turbet2020_based
HD 80653 b,0.069658662733597,0.4495015214601379,0.047102502040260306,0.004578203744424466,0.42915911002158036,synthetic_turbet2020_based
Kepler-1542 d,0.09514230376714097,0.5954336181406134,0.0365145685105433,0.009600609313422732,0.2633089002682797,synthetic_turbet2020_based
Kepler-666 b,0.09296693403230827,0.7699233717248108,0.010994379655450253,0.0059967823809414225,0.12011853220648927,synthetic_turbet2020_based
Kepler-211 c,0.14509626675216278,0.44235896150030135,0.015613583882556506,0.004772028873846735,0.39215915899113263,synthetic_turbet2020_based
Kepler-203 c,0.1949347868214773,0.6384170212937492,0.04732092886400845,0.008239248240516738,0.11108801478024843,synthetic_turbet2020_based
GJ 674 b,0.12010724023329374,0.713905379700875,0.01071347135907951,0.0019822959708916147,0.15329161273586012,synthetic_turbet2020_based
OGLE-TR-182 b,0.17441429223241048,0.7187268353300648,0.01930562967865735,0.005776926315391482,0.08177631644347594,synthetic_turbet2020_based
HD 69830 c,0.14090237310500164,0.7470955815104046,0.03412428629354903,0.004713144123463123,0.07316461496758164,synthetic_turbet2020_based
GJ 3021 b,0.10612760651107742,0.570352834549404,0.036077241023198967,0.008807415685770925,0.27863490223054865,synthetic_turbet2020_based
HD 221287 b,0.23616906462288995,0.14956791259027163,0.019466494519903246,0.03984057120973786,0.5549559570571974,synthetic_turbet2020_based
HD 47536 b,0.17248531451358656,0.44211123194165003,0.012662354278207126,0.0063499029738080665,0.3663911962927482,synthetic_turbet2020_based
HD 107148 b,0.07192598662890475,0.7298656761825366,0.022413386956962978,0.002294847396740284,0.1735001028348555,synthetic_turbet2020_based
HD 179949 b,0.18814557087311756,0.4662126890941113,0.021388803293517424,0.002382520556728528,0.3218704161825252,synthetic_turbet2020_based
HD 188015 b,0.1346470190996065,0.10422960326728802,0.012215816366570405,0.01698565883743411,0.7319219024291009,synthetic_turbet2020_based
HD 27442 b,0.05800728989407631,0.6364575264443886,0.03722858107198026,0.004542674111488254,0.2637639284780666,synthetic_turbet2020_based
HD 46375 b,0.09769866454280743,0.601810494808892,0.04500019768938435,0.008660184641399855,0.24683045831751638,synthetic_turbet2020_based
HAT-P-2 b,0.05652125930191879,0.4725993638386097,0.01946979484417584,0.0032444881824899067,0.4481650938328058,synthetic_turbet2020_based
HD 109749 b,0.13568489776141593,0.566504970281277,0.01197016479710376,0.004362527246136144,0.28147743991406715,synthetic_turbet2020_based
HD 149143 b,0.1285629423076456,0.4406687611614864,0.04333834215154239,0.0014676567981859383,0.38596229758113965,synthetic_turbet2020_based
HD 224693 b,0.18872628035270933,0.4396452566319502,0.04374299806391011,0.009123878295348553,0.3187615866560818,synthetic_turbet2020_based
HD 231701 b,0.19693560208798894,0.7208103521094374,0.04117910163085316,0.0067823494839599294,0.03429259468776047,synthetic_turbet2020_based
HIP 14810 b,0.16684945318671937,0.45382088336525883,0.03144272143790549,0.005628005831713731,0.34225893617840253,synthetic_turbet2020_based
HIP 14810 d,0.8572716432367673,0.05165194290341644,0.02540357984401414,0.006756069441133991,0.05891676457466821,synthetic_turbet2020_based
HD 207832 b,0.17993899525025384,0.12795368219079137,0.02911509096094983,0.0266755747437954,0.6363166568542096,synthetic_turbet2020_based
HD 37605 c,0.6697709821586622,0.04307606291036153,0.024655697993049897,0.00394746007971291,0.25854979685821355,synthetic_turbet2020_based
HD 1605 c,0.7138392239180786,0.0717169010910351,0.021875058982851414,0.009539721340438064,0.18302909466759676,synthetic_turbet2020_based
HD 55696 b,0.8749044058614535,0.05328193854700708,0.023134448200187552,0.005818913108470029,0.04286029428288185,synthetic_turbet2020_based
HD 148164 c,0.8545681466320874,0.06873286065040919,0.042175673117883096,0.005794500484591662,0.02872881911502878,synthetic_turbet2020_based
HD 211810 b,0.7898752887802862,0.03593400527642156,0.03939572649241163,0.0028216413381314653,0.13197333811274914,synthetic_turbet2020_based
HD 221416 b,0.15421971932277476,0.7442876273303577,0.015284113492061758,0.006529417664877279,0.07967912218992856,synthetic_turbet2020_based
Kepler-595 c,0.0642643622344902,0.6902862513085708,0.013379728752940809,0.009423458404305637,0.22264619929969265,synthetic_turbet2020_based
Kepler-595 b,0.07061118950567033,0.7835520983636322,0.04203536704340387,0.0063431380401971875,0.09745820704709651,synthetic_turbet2020_based
OGLE-TR-211 b,0.16739361569443206,0.7180459355932344,0.047841082512693214,0.003280450184552685,0.06343891601508755,synthetic_turbet2020_based
Lupus-TR-3 b,0.13851138430374638,0.4380196790257605,0.03464662800096485,0.0025416217368350994,0.38628068693269313,synthetic_turbet2020_based
2MASS J04414489+2301513 b,0.7694851834417326,0.06151874626304648,0.028639406119249096,0.005703685979618105,0.1346529781963538,synthetic_turbet2020_based
WASP-21 b,0.16458850850098822,0.7196978866048267,0.029686128623017165,0.006396340973703511,0.07963113529746446,synthetic_turbet2020_based
CoRoT-10 b,0.18968543535351529,0.4478934354004491,0.01468414263600442,0.0017893811071969159,0.3459476055028342,synthetic_turbet2020_based
CoRoT-12 b,0.1486794927560792,0.5674433203161519,0.04097285664567373,0.007041082719777334,0.2358632475623179,synthetic_turbet2020_based
CoRoT-13 b,0.10004566374923574,0.7593466189446143,0.040501285882826095,0.003434814468191582,0.09667161695513227,synthetic_turbet2020_based
HD 285968 b,0.10462880266580811,0.5257759920817052,0.016304465944999985,0.0023300503528797247,0.35096068895460697,synthetic_turbet2020_based
HD 205739 b,0.19041911950636164,0.5751616148795013,0.025332792911096393,0.007567171378096402,0.20151930132494433,synthetic_turbet2020_based
CoRoT-3 b,0.132948959787935,0.774455994735385,0.04121205975637569,0.005314326077120864,0.04606865964318352,synthetic_turbet2020_based
HD 16417 b,0.10645392102212395,0.7946526179697289,0.03871040944014574,0.00956075194003457,0.05062229962796694,synthetic_turbet2020_based
AB Pic b,0.6355435731651123,0.08654803112717044,0.0354829553596483,0.002097295105016013,0.2403281452430529,synthetic_turbet2020_based
CT Cha b,0.13823869999538313,0.6744385460421796,0.010492107435544113,0.005088861656575719,0.17174178487031755,synthetic_turbet2020_based
HD 9446 b,0.1738099266794482,0.518143610137636,0.028341923271942043,0.004980827143611039,0.27472371276736274,synthetic_turbet2020_based
Kepler-4 b,0.09528910871637375,0.7673767582062218,0.04125176141726064,0.0019952956989649946,0.09408707596117893,synthetic_turbet2020_based
GJ 876 c,0.899110397351272,0.08912800218769708,0.02135633751456156,0.008532069216948445,-0.018126806270478912,synthetic_turbet2020_based
HIP 79431 b,0.6319258595614149,0.09991942574268148,0.03662738944426148,0.006851125140029174,0.22467620011161293,synthetic_turbet2020_based
TOI-907.01,0.06356610904761992,0.7588133595586501,0.011159980128178777,0.0031674525223703235,0.16329309874318088,synthetic_turbet2020_based
WASP-31 b,0.07145328127499526,0.7107071762768875,0.017928169088515918,0.009195744044177969,0.1907156293154233,synthetic_turbet2020_based
24 Sex b,0.14844035589912352,0.41446508419787853,0.010217193365148019,0.0014649212531295903,0.42541244528472033,synthetic_turbet2020_based
WASP-37 b,0.14088877664715915,0.7205927243437662,0.01954211282509554,0.008644679586307658,0.11033170659767144,synthetic_turbet2020_based
Kepler-9 d,0.058584791022989066,0.7203855414566706,0.04711181720689122,0.007948975591939425,0.16596887472150978,synthetic_turbet2020_based
KOI-217 b,0.1547181175967956,0.7351920874621533,0.011606051981882658,0.002816038996471499,0.09566770396269686,synthetic_turbet2020_based
HD 90156 b,0.06873855189584646,0.6018123960771946,0.03980752513315378,0.006670106601187589,0.28297142029261757,synthetic_turbet2020_based
HD 177830 c,0.17766966496429026,0.46208519697643635,0.03938484367740646,0.0027373734178201374,0.3181229209640468,synthetic_turbet2020_based
ups And b,0.09061381269767005,0.6839618789125216,0.04920819139594727,0.006503892453793627,0.1697122245400675,synthetic_turbet2020_based
ups And d,0.6163500944973886,0.06546780729347795,0.011694022063206685,0.008957311402301354,0.2975307647436254,synthetic_turbet2020_based
Kepler-1737 b,0.15643674276509312,0.4692511385690013,0.013668840232967923,0.002651799059922871,0.3579914793730148,synthetic_turbet2020_based
K2-269 b,0.19700407693312888,0.583424256983396,0.04136323793365632,0.006727675078969993,0.17148075307084887,synthetic_turbet2020_based
TOI-1249 b,0.1358619724937956,0.4580521018660199,0.047840978142323805,0.003712083692632462,0.3545328638052283,synthetic_turbet2020_based
Kepler-106 d,0.13670258237113134,0.6799103778356265,0.03596932620981236,0.009465349687259667,0.13795236389617016,synthetic_turbet2020_based
Kepler-1031 b,0.07226584848800871,0.6033410953787769,0.02616137562963064,0.005267518565343563,0.29296416193824026,synthetic_turbet2020_based
CD-35 2722 B b,0.6357652578593234,0.02206851488854888,0.021123021831250297,0.003742341433847482,0.31730086398703006,synthetic_turbet2020_based
Kepler-948 b,0.11418548205220251,0.6443950188146513,0.035385164696730524,0.004706298069270132,0.20132803636714558,synthetic_turbet2020_based
WASP-61 b,0.11131746641430458,0.4870514106787848,0.03353224993636033,0.0038533682018551414,0.3642455047686952,synthetic_turbet2020_based
WASP-123 b,0.05540897514160456,0.5673600176627442,0.028965307003606812,0.0030303358138378993,0.34523536437820646,synthetic_turbet2020_based
Kepler-1882 b,0.13586868996831736,0.6263087601727684,0.038080087244414855,0.006831536339810891,0.19291092627468853,synthetic_turbet2020_based
KOI-984 b,0.14786495847815476,0.5264856607296173,0.041497288879438154,0.005942299452397115,0.2782097924603927,synthetic_turbet2020_based
Kepler-1573 b,0.11471272927698353,0.6504049923764228,0.024426293378010173,0.005614653201460824,0.20484133176712271,synthetic_turbet2020_based
Kepler-802 b,0.16050585327233308,0.7545611546894831,0.046842287891807666,0.005532696326647894,0.032558007819728285,synthetic_turbet2020_based
Kepler-1440 b,0.12804126721108539,0.7199481643055347,0.02257802766976805,0.008536441261105619,0.12089609955250624,synthetic_turbet2020_based
WASP-130 b,0.12412124697761352,0.4463426897341074,0.012882365882917749,0.008577938899355169,0.4080757585060061,synthetic_turbet2020_based
Kepler-949 b,0.05833518753603169,0.5122445744534624,0.023365201620061834,0.0025569500067243443,0.40349808638371976,synthetic_turbet2020_based
Kepler-1964 b,0.09708400547029838,0.6970770266900344,0.010587313742402831,0.008444560820686179,0.18680709327657818,synthetic_turbet2020_based
Wolf 327 b,0.17848220353618377,0.5489046292766193,0.016144515962425394,0.006407563671505728,0.25006108755326584,synthetic_turbet2020_based
Kepler-62 f,0.6359017667594683,0.04284274249704273,0.0483371672360389,0.009959180253252736,0.26295914325419745,synthetic_turbet2020_based
WASP-53 c,0.8316314674063757,0.03798653589286896,0.0375066019666437,0.007348657289356115,0.08552673744475559,synthetic_turbet2020_based
TOI-5789 c,0.10817625427454747,0.6563554538344638,0.01042910579902705,0.0028815189274201732,0.22215766716454155,synthetic_turbet2020_based
HATS-44 b,0.1287632454450892,0.46550052170331835,0.016636274715061346,0.008526738614952142,0.38057321952157896,synthetic_turbet2020_based
HD 160691 b,0.3967399008050817,0.2111938856056897,0.04356278923526854,0.049612866573050904,0.2988905577809091,synthetic_turbet2020_based
Kepler-132 b,0.0712393832853162,0.5792982453017405,0.025702908633676795,0.0017204435528156653,0.32203901922645095,synthetic_turbet2020_based
Kepler-49 b,0.1632995259192117,0.5735116109290372,0.02877307736761605,0.002356056764319162,0.23205972901981586,synthetic_turbet2020_based
Kepler-218 c,0.07713899783463023,0.7628414488624861,0.011785963558971156,0.0030956705644933566,0.14513791917941932,synthetic_turbet2020_based
GJ 328 c,0.6876177990943585,0.054117778816142784,0.03345780692059184,0.005439609782656,0.21936700538625087,synthetic_turbet2020_based
K2-212 b,0.06261730018353232,0.4974669816222854,0.04374353539050165,0.006738298304306133,0.38943388449937444,synthetic_turbet2020_based
Qatar-8 b,0.14737235752014116,0.6680813021405421,0.04051612076158116,0.0015229763354930263,0.14250724324224262,synthetic_turbet2020_based
Kepler-74 b,0.10499125773989187,0.6158109741046716,0.02353825933189304,0.00860030985958468,0.24705919896395878,synthetic_turbet2020_based
K2-140 b,0.12238587628809411,0.7074510357837517,0.04408062067524676,0.005543123346131483,0.1205393439067759,synthetic_turbet2020_based
HD 184010 c,0.18643283658070253,0.6348495762147923,0.044010971953348875,0.004065317160323718,0.13064129809083247,synthetic_turbet2020_based
EPIC 201595106 b,0.1248225437797228,0.6125644164018311,0.014199188635842824,0.004586972560313866,0.24382687862228947,synthetic_turbet2020_based
Kepler-1503 b,0.3752013017655029,0.22616644807294847,0.0171002632974787,0.0235542254243842,0.3579777614396856,synthetic_turbet2020_based
Kepler-1781 b,0.07874045144940497,0.40992925271942904,0.04709841834016107,0.005033865954311844,0.45919801153669304,synthetic_turbet2020_based
Kepler-57 c,0.09613026086311793,0.6393908766230947,0.010292578251720625,0.0035021989594073246,0.2506840853026595,synthetic_turbet2020_based
Kepler-1124 b,0.1554550198548339,0.6535079092277052,0.04927223790170142,0.006583219386922397,0.13518161362883707,synthetic_turbet2020_based
Kepler-1581 b,0.12162588104415993,0.7045730252736031,0.04613311487856213,0.007486263520465165,0.12018171528320964,synthetic_turbet2020_based
K2-136 c,0.19448168353240697,0.7128020682952709,0.04467205753047706,0.002026936640652735,0.046017254001192165,synthetic_turbet2020_based
HD 39091 b,0.8197240508981363,0.04960798295746318,0.03212415209645101,0.006886921685341212,0.09165689236260832,synthetic_turbet2020_based
LHS 1815 b,0.19547226750583546,0.7938312325726499,0.021529129819516213,0.0076037814769412465,-0.018436411374942674,synthetic_turbet2020_based
Kepler-464 b,0.16249753069029033,0.5385971445252196,0.014954790994568841,0.0013685226425714779,0.2825820111473498,synthetic_turbet2020_based
Kepler-1580 b,0.1666014691293768,0.5958798967267624,0.04942160677979705,0.0051847611057428775,0.1829122662583209,synthetic_turbet2020_based
Kepler-198 d,0.19668754686107603,0.564630400877624,0.041747286022398904,0.0017633734508064886,0.1951713927880947,synthetic_turbet2020_based
HD 50554 b,0.7666385130413291,0.08218538082871518,0.04698806668879555,0.008403247815556885,0.09578479162560327,synthetic_turbet2020_based
HD 73267 c,0.6110912181603523,0.043543210717606085,0.011947938892554051,0.001983540620031022,0.33143409160945647,synthetic_turbet2020_based
Kepler-580 b,0.15129584430012263,0.6853032785246793,0.04094882731006505,0.008789108932500966,0.11366294093263196,synthetic_turbet2020_based
KOI-12 b,0.16091472027147652,0.7203486368426528,0.01195854839293117,0.0031108163539716877,0.10366727813896781,synthetic_turbet2020_based
Kepler-637 b,0.14328466600628686,0.7432501218499293,0.010180004997586365,0.005631664079047149,0.09765354306715035,synthetic_turbet2020_based
HD 29985 b,0.8031862198093191,0.01266465602157519,0.02605422230213552,0.009060713932453272,0.14903418793451695,synthetic_turbet2020_based
HD 165155 b,0.8014838426567577,0.03138925270245376,0.04411124518527651,0.004132282810685629,0.1188833766448264,synthetic_turbet2020_based
HD 22946 d,0.17800170067160892,0.5195774604475623,0.03361281003532596,0.004572460609730507,0.2642355682357723,synthetic_turbet2020_based
Kepler-1697 b,0.09122375761326007,0.7546230248687478,0.017503747277579654,0.001763304321121868,0.1348861659192907,synthetic_turbet2020_based
Kepler-674 b,0.10128904078184905,0.687055659056627,0.04229726423905127,0.009988690330600885,0.15936934559187177,synthetic_turbet2020_based
Kepler-873 b,0.09445430855167475,0.563176780452513,0.01547285112118505,0.006173847366607303,0.32072221250802,synthetic_turbet2020_based
Kepler-783 b,0.1996370055894376,0.6803524040482634,0.03380851361653487,0.0045313218362961465,0.08167075490946796,synthetic_turbet2020_based
HD 31527 c,0.18729481404283327,0.5987666384521398,0.01537467653252246,0.004288406168792202,0.19427546480371216,synthetic_turbet2020_based
Kepler-1955 b,0.060075000327165035,0.48079161507551266,0.010706751239996488,0.005079519248501471,0.4433471141088243,synthetic_turbet2020_based
Kepler-1684 b,0.29036207948553916,0.16865849247578155,0.026815270860211085,0.048368370913783036,0.4657957862646852,synthetic_turbet2020_based
Kepler-322 c,0.16279446823623733,0.6163426547779806,0.02138163500447301,0.009072971188956957,0.19040827079235212,synthetic_turbet2020_based
Qatar-5 b,0.08526456753209893,0.5301370922066708,0.046362592576917945,0.005765878497565652,0.3324698691867467,synthetic_turbet2020_based
Kepler-399 c,0.16134769241269653,0.6362979176655065,0.036137568360379804,0.0036944496236334303,0.16252237193778374,synthetic_turbet2020_based
DMPP-2 c,0.08620580924399945,0.5289969388674661,0.0162176625633369,0.008868829287617268,0.3597107600375803,synthetic_turbet2020_based
TOI-1062 b,0.09248703998751712,0.6245957577657539,0.04167897700565496,0.008054416984381422,0.2331838082566926,synthetic_turbet2020_based
TOI-1759 b,0.11575793878762895,0.5905029234346904,0.049788069957400996,0.007071377292811217,0.23687969052746838,synthetic_turbet2020_based
TOI-2285 b,0.17219576646768242,0.7610215876876928,0.04150359344917357,0.0026666141045821085,0.02261243829086912,synthetic_turbet2020_based
Kepler-546 b,0.13432561006063584,0.440757662925818,0.03611688506255994,0.009598144853690298,0.379201697097296,synthetic_turbet2020_based
Kepler-682 b,0.1269098096450167,0.5731889971471069,0.011433710056726528,0.009637970700962985,0.27882951245018683,synthetic_turbet2020_based
TOI-220 b,0.06545040261952383,0.4164316373219388,0.01984266446019754,0.0015897739052654419,0.49668552169307434,synthetic_turbet2020_based
TOI-5624 f,0.11826767636176437,0.606435120502845,0.022502797961143357,0.0014586443431739745,0.25133576083107323,synthetic_turbet2020_based
Kepler-242 b,0.06674005523738401,0.5538017511959713,0.012421138033061446,0.0072837075304892215,0.359753348003094,synthetic_turbet2020_based
Kepler-258 b,0.0810530812287218,0.5208286275134555,0.0257650310871239,0.004749486697622332,0.3676037734730765,synthetic_turbet2020_based
TOI-4898 b,0.05024910615122008,0.44482814839947904,0.04451058254963512,0.0010110975626071732,0.4594010653370586,synthetic_turbet2020_based
Kepler-1292 b,0.12622510337193127,0.5958008026028833,0.02332376644042551,0.004881943181318047,0.24976838440344185,synthetic_turbet2020_based
HD 128717 b,0.8341743412579753,0.08570833355934608,0.02041394173661,0.0039024139687095687,0.05580096947735902,synthetic_turbet2020_based
TOI-3278 b,0.08637242795424992,0.5919453602204261,0.03733033430635252,0.003054275879170785,0.2812976016398008,synthetic_turbet2020_based
Kepler-103 b,0.09961036130823,0.7721538470356603,0.011942771593878323,0.0051469264471560965,0.11114609361507533,synthetic_turbet2020_based
TOI-4492 b,0.1567337062395167,0.4601816046229896,0.011894960800219274,0.002243848344746777,0.3689458799925277,synthetic_turbet2020_based
pi Men d,0.18782347902960245,0.4037039127284494,0.017532878992454072,0.001281551616114801,0.3896581776333793,synthetic_turbet2020_based
Kepler-1058 b,0.633188840268661,0.06581343579654667,0.01966555634956343,0.006122908453876092,0.27520925913135286,synthetic_turbet2020_based
Kepler-160 b,0.13852930741491892,0.7397741332359117,0.010189655716474956,0.0086803251340813,0.1028265784986131,synthetic_turbet2020_based
Kepler-1365 b,0.14286786296404613,0.46509739444198306,0.04091749552541136,0.008699423876115272,0.3424178231924442,synthetic_turbet2020_based
Kepler-346 c,0.0881395225631236,0.7675174723610724,0.028178297211946313,0.006430820088999894,0.10973388777485782,synthetic_turbet2020_based
Kepler-1489 b,0.19769743004264656,0.5446144314556798,0.04252637383280452,0.0038655920604561372,0.21129617260841294,synthetic_turbet2020_based
Kepler-1126 b,0.16988202833622368,0.6402935675450571,0.018654227809016058,0.004726234844103128,0.16644394146560004,synthetic_turbet2020_based
Kepler-1914 b,0.09764534515453427,0.4312433572321456,0.0111933908039879,0.004118307898664629,0.4557995989106677,synthetic_turbet2020_based
HATS-43 b,0.05285512217262299,0.46619510303271006,0.03900733283403475,0.007372821121152292,0.4345696208394798,synthetic_turbet2020_based
Kepler-685 b,0.16078705796860743,0.5268612684519915,0.04560077828470782,0.006344474932256029,0.2604064203624371,synthetic_turbet2020_based
Kepler-1303 b,0.06890395126199399,0.4574874645822137,0.03772381707718806,0.0025564954279787026,0.4333282716506255,synthetic_turbet2020_based
Kepler-1016 b,0.12609390523730651,0.7967097903714844,0.01016030418933358,0.0011492182170780123,0.06588678198479758,synthetic_turbet2020_based
HIP 54373 c,0.198962687289576,0.6338555336536662,0.015076399020740525,0.009075719797786843,0.14302966023823038,synthetic_turbet2020_based
L 363-38 b,0.36411409003830775,0.20724008262227506,0.034871681194430265,0.020927487660035056,0.3728466584849518,synthetic_turbet2020_based
HAT-P-46 b,0.05757795445580077,0.6378270435563458,0.021790207728110522,0.006972589419943168,0.27583220483979976,synthetic_turbet2020_based
TOI-1107 b,0.17543677652639023,0.40726421756574566,0.033828550987429096,0.0030815248571816707,0.38038893006325325,synthetic_turbet2020_based
Kepler-1992 b,0.18108327468557023,0.5014658026247314,0.03443080532941673,0.005981867560806504,0.2770382497994751,synthetic_turbet2020_based
Kepler-134 b,0.10942497500888734,0.6710483054399177,0.03903078538861736,0.006102440157874482,0.17439349400470305,synthetic_turbet2020_based
TOI-912 b,0.16376333557771314,0.793366830397175,0.026770895516032206,0.005631247466969779,0.010467691042109872,synthetic_turbet2020_based
TOI-913 b,0.05187048169118199,0.7184114225241514,0.030809202681839752,0.0046716528732450874,0.19423724022958178,synthetic_turbet2020_based
TOI-1105 b,0.06411079446340938,0.755862568670159,0.025800289601622256,0.0071432343838829845,0.14708311288092635,synthetic_turbet2020_based
Kepler-559 b,0.07240612345522263,0.784619851816413,0.017137670472873238,0.0027958779360954134,0.12304047631939574,synthetic_turbet2020_based
WASP-34 b,0.17884742908365708,0.7650330976567725,0.01848589630093206,0.005228207993573451,0.03240536896506496,synthetic_turbet2020_based
Kepler-1426 b,0.16002423568442448,0.7513462935243207,0.02516210780149221,0.005653175381644863,0.05781418760811774,synthetic_turbet2020_based
Kepler-156 b,0.16125746157796025,0.6924543906611182,0.0413184052010434,0.006129404367773738,0.09884033819210436,synthetic_turbet2020_based
HATS-64 b,0.06569226452071629,0.7615893163512161,0.04462290157284113,0.008182876922364999,0.11991264063286156,synthetic_turbet2020_based
Kepler-610 b,0.06497937157410943,0.4817589468325717,0.03974401460430608,0.001208260851237518,0.4123094061377752,synthetic_turbet2020_based
TOI-2322 c,0.196883695056092,0.5508578721422723,0.038772501347632944,0.008988139796392392,0.2044977916576104,synthetic_turbet2020_based
TOI-2322 b,0.10919448322251235,0.5276529954398664,0.03434964515592987,0.006228904363732457,0.3225739718179589,synthetic_turbet2020_based
Kepler-524 c,0.11137099664371958,0.6407099023470835,0.047415254782659795,0.005208762309639368,0.19529508391689776,synthetic_turbet2020_based
Kepler-398 c,0.0795113271125947,0.5508823931532016,0.025764279303724748,0.002179978237235979,0.34166202219324304,synthetic_turbet2020_based
Kepler-1916 b,0.07443072508318324,0.6738248293574709,0.023579110168356107,0.00959408552670227,0.21857124986428744,synthetic_turbet2020_based
HD 108236 f,0.08653951180379113,0.43956980204192897,0.040140182520010316,0.00892932446726083,0.4248211791670088,synthetic_turbet2020_based
Kepler-1617 b,0.09171700353072318,0.4808352406581912,0.017430645394843486,0.005698110712298612,0.40431899970394347,synthetic_turbet2020_based
HD 206893 c,0.12026249618701566,0.5037759359418137,0.011806924679577056,0.005333422062936527,0.3588212211286571,synthetic_turbet2020_based
TOI-4527.01,0.19389985214534128,0.6610076803010654,0.02982026226514474,0.0019962286662665455,0.11327597662218203,synthetic_turbet2020_based
K2-255 b,0.0878654435824381,0.5179095798298171,0.040592142104289373,0.008890397175381575,0.34474243730807386,synthetic_turbet2020_based
Kepler-1678 b,0.3704925560699316,0.29691372165015084,0.0492946673241813,0.04811996531071926,0.235179089645017,synthetic_turbet2020_based
HD 224018 b,0.060773321075432665,0.4551174143711221,0.022178661059041316,0.005976084286580154,0.4559545192078238,synthetic_turbet2020_based
Kepler-1334 b,0.0645466833058219,0.7383187831208571,0.03467024716309236,0.005881279620719845,0.15658300678950876,synthetic_turbet2020_based
Kepler-480 b,0.07479669850509368,0.501302189760079,0.016412480999290324,0.008667398420153188,0.3988212323153838,synthetic_turbet2020_based
Kepler-1382 b,0.13763417900918273,0.6940517710078533,0.02184131451640103,0.004341273733794495,0.14213146173276847,synthetic_turbet2020_based
TOI-2068 b,0.11072824466398008,0.704005988697614,0.040894119506982726,0.0028613217476262855,0.14151032538379682,synthetic_turbet2020_based
Kepler-1030 b,0.19123082851071488,0.4482621349774746,0.045844883296945214,0.0019035608108482838,0.31275859240401704,synthetic_turbet2020_based
HD 153950 b,0.17936194334539335,0.2692957072135914,0.017179682893843497,0.026542717252398797,0.5076199492947729,synthetic_turbet2020_based
CoRoT-11 b,0.11747889499161894,0.4981035892092839,0.038409808053439465,0.008662011844619837,0.337345695901038,synthetic_turbet2020_based
TOI-286 c,0.18118627097833578,0.5357288582946245,0.03123401577151258,0.003235657634790864,0.24861519732073634,synthetic_turbet2020_based
TOI-1806.01,0.17343895046504365,0.13225081257038482,0.04760076043230059,0.0455195531442232,0.6011899233880478,synthetic_turbet2020_based
TOI-4443.01,0.16660380699915384,0.6070646085150917,0.029624316620474878,0.005767710995642482,0.19093955686963726,synthetic_turbet2020_based
K2-141 c,0.13048520203656339,0.5738252338790761,0.0152701933156827,0.0021309746758168243,0.27828839609286093,synthetic_turbet2020_based
K2-232 b,0.19283745737685254,0.5928123038345403,0.04812822099620756,0.00247219189939099,0.16374982589300868,synthetic_turbet2020_based
GJ 1132 c,0.2663249656119801,0.14154345067030785,0.020127384245064064,0.011202183150447152,0.5608020163222008,synthetic_turbet2020_based
55 Cnc b,0.0678429966110317,0.7667393630516783,0.02286131965929327,0.006473162907231325,0.1360831577707654,synthetic_turbet2020_based
55 Cnc c,0.11975211979839097,0.5601804980981113,0.03127544365384272,0.002685150501538074,0.28610678794811695,synthetic_turbet2020_based
55 Cnc d,0.896581169555873,0.08364770818334767,0.03966458530926061,0.005218833673125573,-0.025112296721606864,synthetic_turbet2020_based
55 Cnc e,0.0729315683189504,0.7682663433094272,0.023655482695269105,0.001450960207272404,0.13369564546908086,synthetic_turbet2020_based
55 Cnc f,0.20272110304318863,0.2588914060991768,0.03490834979952833,0.04003354338979439,0.46344559766831184,synthetic_turbet2020_based
GJ 1214 b,0.16904530757935665,0.48478184443221706,0.04695133264372721,0.0049419064262833535,0.29427960891841576,synthetic_turbet2020_based
GJ 436 b,0.1458520473896247,0.4009235090346968,0.04973473993644712,0.0035280674736773965,0.3999616361655539,synthetic_turbet2020_based
HAT-P-12 b,0.05930946598102329,0.5833048166146056,0.01516120228728167,0.0023709403914181815,0.33985357472567124,synthetic_turbet2020_based
HAT-P-13 b,0.14484242195453154,0.5571709566280934,0.04687409800619981,0.003872408451472631,0.24724011495970266,synthetic_turbet2020_based
HAT-P-13 c,0.31785403851517036,0.1922198860309815,0.03639805204517115,0.033987814268639616,0.4195402091400374,synthetic_turbet2020_based
HAT-P-14 b,0.12091759591384975,0.7800244378497749,0.023708545710198235,0.0025951195112434533,0.07275430101493363,synthetic_turbet2020_based
HAT-P-17 b,0.15171410913197425,0.7384030245231635,0.011610149597596951,0.0050466941958041255,0.09322602255146106,synthetic_turbet2020_based
HAT-P-17 c,0.8677463069061979,0.07746567570305808,0.04967230865990513,0.005782724304375195,-0.0006670155735362115,synthetic_turbet2020_based
HAT-P-18 b,0.1489993578201727,0.5209921124551713,0.0479014239866397,0.004297019397008828,0.27781008634100757,synthetic_turbet2020_based
HAT-P-1 b,0.1607766069029943,0.5612560816476329,0.03247275720251997,0.0074780428151939166,0.23801651143165892,synthetic_turbet2020_based
HAT-P-26 b,0.12634012276270315,0.7628345307638035,0.026772039517112413,0.0068236461832899276,0.07722966077309112,synthetic_turbet2020_based
HAT-P-30 b,0.10135436499500813,0.5632626672924053,0.027602004329342095,0.0021322631648105677,0.30564870021843393,synthetic_turbet2020_based
HAT-P-32 b,0.06375855185885101,0.6669959692587032,0.03622070953372209,0.006966187427890858,0.22605858192083272,synthetic_turbet2020_based
HD 149026 b,0.05296496680140375,0.530618737068712,0.017912393890367875,0.008003362802896112,0.3905005394366202,synthetic_turbet2020_based
HD 189733 b,0.17909456020941955,0.49867215089045897,0.03671396635391946,0.00216426523112447,0.2833550573150776,synthetic_turbet2020_based
HD 209458 b,0.091272878840257,0.4554617984933678,0.02134083066396917,0.007072628926143502,0.42485186307626255,synthetic_turbet2020_based
HD 80606 b,0.18654903652778787,0.4810089631696744,0.03168316139802877,0.007312519911190892,0.2934463189933181,synthetic_turbet2020_based
HD 86226 b,0.8858767405456698,0.06490544345984565,0.020204277241095227,0.006629303412225427,0.02238423534116396,synthetic_turbet2020_based
TrES-4 b,0.09807367425170244,0.7904513562766832,0.025987045406545478,0.007168849486849128,0.07831907457821974,synthetic_turbet2020_based
WASP-12 b,0.05348413735201377,0.5600245784539022,0.04500430453290047,0.006492046999899213,0.33499493266128433,synthetic_turbet2020_based
WASP-15 b,0.11659143295939646,0.7743749997742904,0.04415937504588917,0.0038999410644064447,0.06097425115601751,synthetic_turbet2020_based
WASP-17 b,0.13168226030620095,0.5959297024369852,0.035288100004594494,0.004007001402628801,0.23309293584959068,synthetic_turbet2020_based
WASP-18 b,0.08663075011488325,0.7650687341022144,0.046954979979940255,0.008589905971857811,0.09275562983110419,synthetic_turbet2020_based
WASP-19 b,0.19673066461468425,0.6979966103118754,0.04058668914247999,0.007863310827663767,0.056822725103296556,synthetic_turbet2020_based
WASP-25 b,0.12209114464134599,0.5825808778057087,0.019609051045960127,0.006803372749233615,0.26891555375775167,synthetic_turbet2020_based
WASP-39 b,0.0933980204153502,0.5031233638809418,0.03343845496384219,0.0046898414940253885,0.3653503192458404,synthetic_turbet2020_based
WASP-43 b,0.08282849131919484,0.7264224067011325,0.04442279677177504,0.0025092956771000288,0.14381700953079768,synthetic_turbet2020_based
WASP-6 b,0.05112605491999998,0.5344519874117495,0.041900433427230106,0.00855256479610892,0.3639689594449115,synthetic_turbet2020_based
GJ 3470 b,0.07074936051740739,0.7097343604732205,0.014628166692377178,0.004510563311408764,0.20037754900558613,synthetic_turbet2020_based
WASP-47 b,0.1997914272517874,0.47703632929236395,0.01615854330310506,0.004805202992921143,0.30220849715982245,synthetic_turbet2020_based
WASP-63 b,0.14295027889547923,0.7731603129653013,0.04923284582132137,0.0016267657293225516,0.03302979658857552,synthetic_turbet2020_based
WASP-52 b,0.0706996276021858,0.7162951895583975,0.020825286090834418,0.008963641535557246,0.18321625521302487,synthetic_turbet2020_based
WASP-77 A b,0.14951798858436305,0.4447379209522709,0.04330117139696029,0.0025872074200726826,0.359855711646333,synthetic_turbet2020_based
WASP-80 b,0.11352430920194809,0.620873971423732,0.03003064596321113,0.007175466240536355,0.2283956071705724,synthetic_turbet2020_based
WASP-103 b,0.1479030102303883,0.796816802211222,0.04997687636896751,0.0056481346237207694,-0.0003448234342986467,synthetic_turbet2020_based
WASP-96 b,0.06427986304412961,0.6911373195874874,0.04906656312866357,0.0038649374886611833,0.1916513167510583,synthetic_turbet2020_based
WASP-94 A b,0.11918133287563608,0.5699107699261824,0.012056766182277174,0.0070503798810110044,0.29180075113489345,synthetic_turbet2020_based
WASP-94 B b,0.10300065426027018,0.714985549852601,0.043284803011279446,0.00839107707938061,0.1303379157964688,synthetic_turbet2020_based
WASP-69 b,0.11249989970598204,0.5286182728963599,0.03995283118668219,0.008212504904584507,0.31071649130639134,synthetic_turbet2020_based
WASP-84 b,0.12368861695870494,0.7572124078145213,0.01575634784314233,0.008911619016930643,0.09443100836670093,synthetic_turbet2020_based
WASP-20 b,0.06441428494578219,0.4614102088218456,0.03135360053095841,0.0016076663216867352,0.44121423937972715,synthetic_turbet2020_based
HATS-6 b,0.057921065210016554,0.4002074976662822,0.027452666387770525,0.00797161493163007,0.5064471558043007,synthetic_turbet2020_based
KELT-7 b,0.055225752541987354,0.6609030425863422,0.04292509269664746,0.00251200763720084,0.2384341045378221,synthetic_turbet2020_based
K2-18 b,0.14405912044642127,0.27216019472410724,0.04292498439800379,0.03155767065056748,0.5092980297809002,synthetic_turbet2020_based
KELT-8 b,0.17287998189409706,0.43710243096979795,0.025779260717550177,0.007640178004957357,0.3565981484135975,synthetic_turbet2020_based
K2-22 b,0.0886177938985945,0.7009315657734212,0.030167144175632557,0.007752393891534098,0.17253110226081758,synthetic_turbet2020_based
WASP-47 c,0.7394038913571989,0.043111390619963594,0.018767568659145292,0.0028754140729151355,0.19584173529077709,synthetic_turbet2020_based
WASP-47 d,0.1627236215857094,0.44756413921358423,0.013439294004437805,0.002586622285199172,0.3736863229110695,synthetic_turbet2020_based
WASP-47 e,0.07630197671808829,0.72924304912276,0.025940264938968498,0.009913496116244341,0.15860121310393893,synthetic_turbet2020_based
GJ 1132 b,0.07058168866859187,0.6614159302774574,0.027949180288050025,0.0045362635902736655,0.23551693717562705,synthetic_turbet2020_based
WASP-76 b,0.18126262985811237,0.7902382583313599,0.04491435835096715,0.002730706111316198,-0.01914595265175567,synthetic_turbet2020_based
KELT-4 A b,0.0831196881813401,0.6624295516380254,0.021563343265527668,0.00761252617702522,0.2252748907380816,synthetic_turbet2020_based
TRAPPIST-1 b,0.1349630976214467,0.6203635073961612,0.04314187699355143,0.007394794945684101,0.19413672304315654,synthetic_turbet2020_based
TRAPPIST-1 c,0.10797332949918752,0.10989182742920314,0.03406233809824063,0.029447683024891022,0.7186248219484777,synthetic_turbet2020_based
TRAPPIST-1 d,0.17805539660289743,0.18373121746296034,0.04031641274931442,0.0430644593863172,0.5548325137985106,synthetic_turbet2020_based
K2-34 b,0.13418346018350663,0.5541477923428413,0.020827870459804283,0.005697266236923282,0.2851436107769246,synthetic_turbet2020_based
WASP-121 b,0.09721244278465715,0.6256380548188892,0.03706609530038551,0.0015947128982745536,0.23848869419779362,synthetic_turbet2020_based
HIP 41378 b,0.050160119753412086,0.4849108555362972,0.04578045990875124,0.006816616869057033,0.4123319479324825,synthetic_turbet2020_based
HIP 41378 c,0.07579405279055343,0.7561055847294476,0.028798237611493603,0.005284825810107947,0.13401729905839754,synthetic_turbet2020_based
HIP 41378 d,0.19033129157639828,0.42379467687333605,0.01860713098514874,0.006271941926392502,0.36099495863872444,synthetic_turbet2020_based
HIP 41378 e,0.15864595287460123,0.23590540184179157,0.018563691573468807,0.013966278823952575,0.5729186748861859,synthetic_turbet2020_based
HIP 41378 f,0.16209554789225195,0.18454680685441244,0.017045531966923197,0.015387680996933894,0.6209244322894785,synthetic_turbet2020_based
HD 3167 b,0.17904228293284113,0.5281588814389232,0.024430347460730147,0.0014974336855110488,0.26687105448199444,synthetic_turbet2020_based
HD 3167 c,0.10360544352530814,0.5059228709286319,0.034419402693671546,0.0028485126790516605,0.35320377017333693,synthetic_turbet2020_based
HAT-P-65 b,0.1832548179594261,0.771866648367822,0.013993242287071609,0.001966626606597195,0.028918664779083003,synthetic_turbet2020_based
WASP-131 b,0.0672989657166482,0.6478277025241248,0.014878758568384916,0.008671440861372398,0.2613231323294697,synthetic_turbet2020_based
WASP-139 b,0.1631407272406839,0.7279235432952097,0.031042421075440835,0.009970094903672382,0.0679232134849932,synthetic_turbet2020_based
WASP-127 b,0.05662626544162419,0.5605059856744454,0.02295746675750545,0.009537809488413769,0.3503724726380112,synthetic_turbet2020_based
TRAPPIST-1 e,0.7730582875492779,0.08255718689002528,0.016813647746340754,0.00980770729510395,0.11776317051925211,synthetic_turbet2020_based
TRAPPIST-1 f,0.7495918640628946,0.05443048686435813,0.04883538914182951,0.004426591250954306,0.14271566867996344,synthetic_turbet2020_based
TRAPPIST-1 g,0.7192575073664979,0.0626277432524443,0.015122104421911479,0.0038897706377066946,0.19910287432143958,synthetic_turbet2020_based
TRAPPIST-1 h,0.6579624967335391,0.019295513119634466,0.044645784253240804,0.006303980495147285,0.2717922253984383,synthetic_turbet2020_based
HD 106315 b,0.10380091872918669,0.5634677509466852,0.027260760147494185,0.006698342639302385,0.29877222753733146,synthetic_turbet2020_based
HD 106315 c,0.18901540872334904,0.7731118478627931,0.02565967918122654,0.003963362136379926,0.008249702096251421,synthetic_turbet2020_based
LHS 1140 b,0.7353139500555765,0.061114080738564336,0.028472716457989933,0.006928780688350309,0.16817047205951885,synthetic_turbet2020_based
KELT-11 b,0.13315985350696458,0.5282862186776305,0.023829232230505305,0.004407335088037579,0.3103173604968621,synthetic_turbet2020_based
KELT-9 b,0.06419596523740831,0.4664250529655893,0.038924552085815446,0.00450187040369872,0.4259525593074882,synthetic_turbet2020_based
HD 3167 d,0.08218084588402155,0.625068964229943,0.04022158169893709,0.003316801261108343,0.2492118069259901,synthetic_turbet2020_based
WASP-107 b,0.1740184822885617,0.7710019438500199,0.03389578116295363,0.007020528930924217,0.014063263767540635,synthetic_turbet2020_based
GJ 9827 b,0.05788639854845831,0.7782079564087626,0.02569938937059775,0.009315103604908871,0.12889115206727242,synthetic_turbet2020_based
GJ 9827 c,0.1368466287125364,0.40184751953733105,0.01154167997293743,0.007123769251029298,0.44264040252616577,synthetic_turbet2020_based
GJ 9827 d,0.13440020207478998,0.41061297488242976,0.039738398448895415,0.008669308033622636,0.40657911656026224,synthetic_turbet2020_based
KELT-20 b,0.12446262236589625,0.586302976142902,0.0102189243533851,0.008079847412442394,0.2709356297253742,synthetic_turbet2020_based
K2-18 c,0.09960741001191582,0.7515054479130159,0.02492242350232212,0.006085701195676351,0.11787901737706985,synthetic_turbet2020_based
K2-141 b,0.09055126822989915,0.46423532503396747,0.04099631613525312,0.005469314309616535,0.3987477762912638,synthetic_turbet2020_based
HAT-P-11 c,0.7609463771256753,0.0968874358133562,0.04854319648888615,0.008700779095321631,0.08492221147676071,synthetic_turbet2020_based
NGTS-2 b,0.07814139391475504,0.637709077720632,0.0451258969862215,0.00437017542804044,0.23465345595035103,synthetic_turbet2020_based
WASP-164 b,0.06516592489033775,0.7243851608959688,0.029270542054486863,0.006079534123232607,0.17509883803597392,synthetic_turbet2020_based
LHS 1140 c,0.1973216444476767,0.6428845721976288,0.026999175426644054,0.00432985931062478,0.12846474861742563,synthetic_turbet2020_based
K2-287 b,0.11264289389810686,0.44735963327146755,0.04179002233670288,0.00853945172368337,0.3896679987700392,synthetic_turbet2020_based
LHS 3844 b,0.09265957018601134,0.5215186473639777,0.04497337025339253,0.001215733199751599,0.3396326789968669,synthetic_turbet2020_based
HD 15337 b,0.12806861656508417,0.5854702858726004,0.03760507078313839,0.0024705253013450907,0.246385501477832,synthetic_turbet2020_based
HD 15337 c,0.1502496111192731,0.5506936031499506,0.03474859112678568,0.0013608550888549835,0.2629473395151356,synthetic_turbet2020_based
L 98-59 b,0.11925907957767642,0.6089003575929489,0.018573056114199467,0.0022566128876120865,0.25101089382756303,synthetic_turbet2020_based
L 98-59 c,0.07827114545184521,0.5376564312253392,0.013872405972198859,0.009525878161566442,0.3606741391890502,synthetic_turbet2020_based
L 98-59 d,0.1107491092243726,0.7235878410026997,0.04897668492435387,0.001726617520024652,0.11495974732854908,synthetic_turbet2020_based
V1298 Tau b,0.14775042019024912,0.7485636346964857,0.03536937735866913,0.0048612350922167145,0.06345533266237935,synthetic_turbet2020_based
WASP-166 b,0.11466145364569075,0.4143595544029436,0.03138403005157101,0.009941886971081629,0.42965307492871296,synthetic_turbet2020_based
TOI-270 b,0.19380612889579013,0.4161596915368653,0.038231880145179524,0.0037158838002723776,0.3480864156218927,synthetic_turbet2020_based
TOI-270 c,0.18544837301092054,0.4180458982837114,0.047434964080443225,0.008537281694089993,0.34053348293083485,synthetic_turbet2020_based
TOI-270 d,0.06762565733789024,0.4239297349269197,0.04338830657307744,0.002401819038771215,0.46265448212334137,synthetic_turbet2020_based
GJ 357 b,0.1302347229463806,0.7662979431514838,0.032697924541972935,0.004575099713255417,0.0661943096469072,synthetic_turbet2020_based
GJ 357 c,0.11675240822809885,0.42524686828154845,0.04875009285446395,0.003795887665729745,0.40545474297015904,synthetic_turbet2020_based
GJ 357 d,0.6568090475018561,0.035744257165635576,0.04857492779565916,0.0018485744813920631,0.25702319305545707,synthetic_turbet2020_based
LTT 1445 A b,0.18009545607517724,0.6831375577605792,0.04320076716636113,0.00978307786331107,0.0837831411345713,synthetic_turbet2020_based
WASP-178 b,0.1763231983275308,0.7773529405111412,0.015077410271636792,0.008162097086502732,0.023084353803188407,synthetic_turbet2020_based
V1298 Tau c,0.13185135411215718,0.6173982380319443,0.04595686305282055,0.009746234367820402,0.19504731043525758,synthetic_turbet2020_based
V1298 Tau d,0.15572574845647716,0.5931753557887136,0.02825615431607381,0.004477073115008636,0.21836566832372684,synthetic_turbet2020_based
V1298 Tau e,0.1042398544358994,0.5566027366737726,0.013590129410047811,0.001696924767343944,0.32387035471293624,synthetic_turbet2020_based
LP 791-18 b,0.16698047658084678,0.5784291571680905,0.047227379541784825,0.0065099890773455725,0.20085299763193232,synthetic_turbet2020_based
LP 791-18 c,0.11055279465532593,0.13150466826349588,0.0182327917205203,0.049029440975586425,0.6906803043850716,synthetic_turbet2020_based
TOI-125 b,0.08280563392274523,0.6063022705152206,0.047447077265607845,0.009794734569229219,0.2536502837271972,synthetic_turbet2020_based
TOI-125 c,0.08545406530753169,0.4196470575000161,0.01614407330151034,0.0015699563083230229,0.4771848475826189,synthetic_turbet2020_based
L 168-9 b,0.07926863616385046,0.6274278858814942,0.046497951851825675,0.005834969953249061,0.24097055614958052,synthetic_turbet2020_based
TOI-125 d,0.14389843350486214,0.4807469006438165,0.04202334482695401,0.006560100176550249,0.32677122084781707,synthetic_turbet2020_based
HATS-48 A b,0.17962052437890874,0.7795372428023137,0.02391603103026369,0.0018152115268189543,0.015110990261694823,synthetic_turbet2020_based
HATS-72 b,0.08388934368751738,0.5751366262703349,0.04782774607297893,0.004404788401360738,0.28874149556780815,synthetic_turbet2020_based
NGTS-10 b,0.16561598204980552,0.6161906768683021,0.017312350817239062,0.0038866070705810647,0.19699438319407225,synthetic_turbet2020_based
TOI-1130 b,0.1479787827534228,0.6691413578739573,0.02739038987236185,0.003057810423959032,0.15243165907629896,synthetic_turbet2020_based
TOI-1130 c,0.15828601692690147,0.4675492166450859,0.04746678767460507,0.0026911322113282905,0.3240068465420791,synthetic_turbet2020_based
TOI-677 b,0.06609685442487807,0.5990590809461516,0.03078198392438776,0.005573736233004204,0.29848834447157835,synthetic_turbet2020_based
LTT 3780 b,0.11550012340082594,0.7979259571318433,0.029451224506823276,0.0053015192266584795,0.051821175733849034,synthetic_turbet2020_based
LTT 3780 c,0.1132649094071842,0.4267303018805852,0.03371826524598464,0.003051709950008642,0.42323481351623726,synthetic_turbet2020_based
TOI-1338 b,0.291282694068715,0.11016669238969544,0.04925548405012007,0.02876020316050689,0.5205349263309627,synthetic_turbet2020_based
AU Mic b,0.1845133057386048,0.590224469293174,0.01241323274296887,0.008399921914844264,0.20444907031040804,synthetic_turbet2020_based
WASP-148 b,0.14722755945007016,0.7127028190295781,0.02712679454035493,0.006741430698219805,0.10620139628177705,synthetic_turbet2020_based
WASP-148 c,0.17843435056949114,0.652426177148755,0.023906945393436133,0.006962766349295799,0.13826976053902185,synthetic_turbet2020_based
NGTS-11 b,0.15077812829211013,0.7842347850026501,0.024836492861666767,0.004825735907627181,0.035324857935945864,synthetic_turbet2020_based
TOI-849 b,0.17181844417805892,0.6023049258970965,0.039462923724629326,0.005137385180082329,0.1812763210201329,synthetic_turbet2020_based
TOI-700 b,0.08232427127190509,0.6980815371124043,0.015246206767388398,0.0027872529717817727,0.20156073187652046,synthetic_turbet2020_based
TOI-700 c,0.1440237474176313,0.698907920076828,0.0457875154747126,0.0034532784767430254,0.107827538554085,synthetic_turbet2020_based
TOI-700 d,0.13321727758016633,0.2912093319045258,0.0161769235208857,0.01790667929018558,0.5414897877042366,synthetic_turbet2020_based
HIP 67522 b,0.09369941803376987,0.6117565416105151,0.045313022641363124,0.007844914204568804,0.24138610350978307,synthetic_turbet2020_based
TOI-1899 b,0.1562236330763953,0.4700722271424015,0.02430730526103897,0.005305644334780102,0.34409119018538414,synthetic_turbet2020_based
HD 86226 c,0.07211389302283788,0.5093718808506691,0.02233332815811377,0.0021454857849613537,0.394035412183418,synthetic_turbet2020_based
WD 1856+534 b,0.7650719075724772,0.07345253768717737,0.012797265259074448,0.005330107915868349,0.14334818156540263,synthetic_turbet2020_based
LTT 9779 b,0.1673316792901693,0.6991960515809788,0.04260292384875017,0.005034165698535464,0.08583517958156628,synthetic_turbet2020_based
TOI-824 b,0.17308356239597913,0.4963012284857078,0.024432422456700614,0.002587200187760212,0.3035955864738522,synthetic_turbet2020_based
TOI-421 b,0.12012268091428578,0.5568240089661773,0.01963708465657249,0.007766026383077035,0.29565019907988743,synthetic_turbet2020_based
TOI-421 c,0.09707701581674699,0.5091217320583343,0.015235613234019802,0.004949395316217539,0.3736162435746814,synthetic_turbet2020_based
GJ 3473 b,0.09544469432559531,0.5477091365363875,0.019439890504822106,0.007868399408379105,0.3295378792248159,synthetic_turbet2020_based
GJ 3473 c,0.37900100420641525,0.1995863705577775,0.0357199369336333,0.04468689106426824,0.3410057972379057,synthetic_turbet2020_based
TOI-776 b,0.1998244456000488,0.6454065938919329,0.045591178661594754,0.009177474219000777,0.10000030762742274,synthetic_turbet2020_based
TOI-776 c,0.16871772317114336,0.5843725564292441,0.013246160016955973,0.0011422499989612047,0.23252131038369528,synthetic_turbet2020_based
TOI-561 b,0.1215800949924387,0.5977258134138471,0.026294495514518894,0.006113506161622281,0.24828608991757295,synthetic_turbet2020_based
TOI-561 c,0.13282440549566407,0.7346452164130772,0.014346284130490498,0.0030265989949499095,0.11515749496581817,synthetic_turbet2020_based
TOI-561 d,0.16895074684394457,0.7391347468894619,0.04979296854483471,0.008856208147483759,0.03326532957427508,synthetic_turbet2020_based
TOI-561 e,0.18348485106084966,0.5257391770519619,0.026066465360375053,0.0034127659433849595,0.26129674058342844,synthetic_turbet2020_based
TOI-451 b,0.14094490972890736,0.7755221416828154,0.023785635460464707,0.0060130160369330525,0.0537342970908794,synthetic_turbet2020_based
TOI-451 c,0.09444494456802277,0.46791998950908303,0.017807421192746226,0.0015215081008431695,0.4183061366293048,synthetic_turbet2020_based
TOI-451 d,0.19239402845138864,0.5611518434030519,0.04336483568008433,0.007131965254207221,0.1959573272112679,synthetic_turbet2020_based
TOI-178 b,0.07878817421166281,0.47018489863163515,0.042479528060421795,0.0033824053955758366,0.40516499370070436,synthetic_turbet2020_based
TOI-178 c,0.18699277755529636,0.45602216187579625,0.037108344578178784,0.008330264884278406,0.3115464511064501,synthetic_turbet2020_based
TOI-178 d,0.08528845826234677,0.5104829453826265,0.04858075544556807,0.003381378448115425,0.3522664624613432,synthetic_turbet2020_based
TOI-178 e,0.11449355748500718,0.5730062372969464,0.020121389997187343,0.007982119777933816,0.2843966954429251,synthetic_turbet2020_based
TOI-178 f,0.1657774014843733,0.5513272056895143,0.04340503164322935,0.0029176744095910216,0.23657268677329202,synthetic_turbet2020_based
TOI-178 g,0.0506458663501518,0.6284669448222965,0.04976311089809514,0.0013477987884419616,0.26977627914101465,synthetic_turbet2020_based
GJ 486 b,0.0811997110562691,0.6075658569948337,0.04239762945779483,0.0018013780456754792,0.26703542444542694,synthetic_turbet2020_based
LHS 1478 b,0.10928519806383416,0.6988303202519546,0.02486172833625446,0.0026995277842807508,0.16432322556367607,synthetic_turbet2020_based
TOI-1231 b,0.1586487482189762,0.18200975738299885,0.029176682992235643,0.044472576712640564,0.5856922346931488,synthetic_turbet2020_based
TOI-674 b,0.14633786278519906,0.6761607818062005,0.04931948686143628,0.004706590962708764,0.12347527758445542,synthetic_turbet2020_based
TOI-1685 b,0.11050316048736926,0.769338787090325,0.019835023480202343,0.007568337216725801,0.09275469172537754,synthetic_turbet2020_based
TOI-1807 b,0.16318597073272023,0.43911519897817725,0.02872925622774336,0.0028050622418939863,0.3661645118194651,synthetic_turbet2020_based
TOI-2076 b,0.07780629092037286,0.5855312441851506,0.021577188300322597,0.008164544028632838,0.3069207325655211,synthetic_turbet2020_based
TOI-2076 c,0.18614073370857237,0.7210882421153463,0.02064123490486661,0.0034672095431974755,0.06866257972801726,synthetic_turbet2020_based
TOI-2076 d,0.08820925251762013,0.45401523842249447,0.04775193472414845,0.004618430183413624,0.4054051441523234,synthetic_turbet2020_based
AU Mic c,0.08370342118188107,0.7386684202032975,0.02596781210631162,0.0013160512999869992,0.15034429520852277,synthetic_turbet2020_based
TOI-431 b,0.07429123553744468,0.655700136142468,0.04131621096686896,0.0028984094963984165,0.2257940078568199,synthetic_turbet2020_based
TOI-431 c,0.18760933838992133,0.7403988480208659,0.04393523016244324,0.003048950321192927,0.025007633105576632,synthetic_turbet2020_based
TOI-431 d,0.05758039829750866,0.7469694157930336,0.022232009149542695,0.006570247430561733,0.16664792932935324,synthetic_turbet2020_based
L 98-59 e,0.32799006511021905,0.12565865170222404,0.041233534180761915,0.04754045835844264,0.4575772906483523,synthetic_turbet2020_based
HD 63935 b,0.15925624486196138,0.5764890993922233,0.045067125550068116,0.005747118670653031,0.2134404115250943,synthetic_turbet2020_based
HD 63935 c,0.16171563917251314,0.7282023775434416,0.03997411446796024,0.003590693884433386,0.06651717493165155,synthetic_turbet2020_based
GJ 367 b,0.06767658513587467,0.4953354117448241,0.03011499747921413,0.005547492300637863,0.4013255133394492,synthetic_turbet2020_based
TOI-2109 b,0.13739665239718066,0.5580407350191564,0.04147565525800111,0.009218383753124872,0.2538685735725369,synthetic_turbet2020_based
HATS-75 b,0.0870087580219207,0.6946092870807552,0.037118874101801785,0.005707814493513835,0.17555526630200835,synthetic_turbet2020_based
LTT 1445 A c,0.07827953508112404,0.7180929034330839,0.04842505142515331,0.0074965269901025216,0.14770598307053628,synthetic_turbet2020_based
TOI-500 b,0.18767899949386013,0.7936741059792,0.024082026969569528,0.006744011976337033,-0.012179144418966725,synthetic_turbet2020_based
TOI-1075 b,0.12108991064571172,0.7946514987452921,0.013752312960308996,0.0047113742286750224,0.06579490342001215,synthetic_turbet2020_based
TOI-1442 b,0.18133085667908544,0.5136205242106062,0.04151171402555491,0.004445048465022302,0.2590918566197312,synthetic_turbet2020_based
TOI-2260 b,0.19699678098352374,0.7534119345694831,0.022052814306504614,0.007931738021840697,0.01960673211864794,synthetic_turbet2020_based
TOI-2445 b,0.10052848157499031,0.6425451360862141,0.03633923073573168,0.008466358681771344,0.2121207929212926,synthetic_turbet2020_based
GJ 3929 b,0.053667626132302235,0.4880631564609199,0.03847671242354315,0.006071709132725836,0.4137207958505089,synthetic_turbet2020_based
WASP-189 b,0.12434076173017147,0.4220839826831922,0.02393103533845825,0.008785902087195836,0.4208583181609822,synthetic_turbet2020_based
TOI-1670 b,0.05463392555540483,0.5585744941459249,0.047805931506830907,0.0014579266109051316,0.3375277221809343,synthetic_turbet2020_based
TOI-1670 c,0.16245586265669554,0.5030450464728147,0.0446643532861469,0.007714611810634286,0.2821201257737086,synthetic_turbet2020_based
HD 260655 b,0.18285577562875444,0.4863699161725064,0.0312517101927442,0.008013429492173207,0.2915091685138217,synthetic_turbet2020_based
HD 260655 c,0.08685496144924715,0.4922985221068868,0.011087285339903401,0.009626637645779073,0.4001325934581835,synthetic_turbet2020_based
TOI-3714 b,0.15650253200819353,0.6542241416040739,0.03975978890779964,0.005784516268258955,0.14372902121167397,synthetic_turbet2020_based
GJ 3929 c,0.24284014632712314,0.18990644822470415,0.03561756848414565,0.018061399015695326,0.5135744379483318,synthetic_turbet2020_based
GJ 3090 b,0.18320880425223046,0.724700948487706,0.023982544458081352,0.0062074836713127204,0.061900219130669454,synthetic_turbet2020_based
TOI-181 b,0.07115409499250219,0.7889384991734393,0.046115707505211344,0.009297077558492805,0.08449462077035441,synthetic_turbet2020_based
TOI-199 b,0.19964891431103549,0.13382694147657115,0.018470886538652413,0.013600055641803594,0.6344532020319373,synthetic_turbet2020_based
TOI-700 e,0.1360331890304153,0.11426090683696909,0.04959292276819494,0.012962307334762944,0.6871506740296578,synthetic_turbet2020_based
TOI-771 b,0.06988131214271205,0.7309018382362946,0.03320960866971773,0.007969754841123992,0.15803748611015167,synthetic_turbet2020_based
TOI-836.01,0.14463680116589828,0.7528700281315792,0.03553870111058963,0.005699125836128359,0.06125534375580455,synthetic_turbet2020_based
TOI-836 b,0.15691245406419496,0.5789571007168438,0.023842552916189388,0.005208872072051913,0.23507902023071992,synthetic_turbet2020_based
LHS 475 b,0.0754571157647841,0.7186286919210766,0.020428151253437783,0.0023817839170334277,0.18310425714366807,synthetic_turbet2020_based
TOI-1136 d,0.08695283626748403,0.736828060708896,0.023208051823909254,0.007174448825553102,0.14583660237415763,synthetic_turbet2020_based
TOI-1136 c,0.17846144459836089,0.4310978667700169,0.04060097620712172,0.0037689891974112704,0.3460707232270892,synthetic_turbet2020_based
TOI-1136 f,0.0824933546276064,0.6755605809811889,0.04639186490932935,0.0036551728784115587,0.1918990266034638,synthetic_turbet2020_based
TOI-1136 e,0.13532507080764788,0.5159336455397967,0.03217142342905712,0.006596758275889065,0.3099731019476093,synthetic_turbet2020_based
TOI-1173 b,0.141550308318527,0.6494185478570984,0.015403191688700964,0.007241864226280477,0.18638608790939315,synthetic_turbet2020_based
TOI-1416 b,0.1512125534570335,0.6730352488867533,0.012962822109548253,0.005021549581727374,0.15776782596493766,synthetic_turbet2020_based
TOI-1420 b,0.11135526980685947,0.43468459345727967,0.018894717115872428,0.004968663686182331,0.43009675593380614,synthetic_turbet2020_based
TOI-1468 c,0.3228718929574247,0.14741241539693264,0.04318999640499646,0.03183193142957854,0.45469376381106774,synthetic_turbet2020_based
TOI-1468 b,0.16406325277769263,0.5890223933347429,0.029967769016888933,0.0065774745044167625,0.21036911036625872,synthetic_turbet2020_based
HIP 9618 b,0.18919559122487367,0.5967250325651641,0.031146301524331642,0.006417972671747766,0.17651510201388276,synthetic_turbet2020_based
HIP 9618 c,0.16062727059465887,0.42874013419449375,0.030627497540878887,0.005334324302854392,0.3746707733671141,synthetic_turbet2020_based
TOI-1801 b,0.1882527476356356,0.5974026321745365,0.028732821387773243,0.009659799896812319,0.17595199890524238,synthetic_turbet2020_based
TOI-1823 b,0.11758646954013224,0.47235377212883617,0.018676644912231533,0.0018566878450327674,0.38952642557376727,synthetic_turbet2020_based
TOI-2031 A b,0.05008521938884167,0.5727782644001929,0.04076970325192886,0.007601197985198524,0.32876561497383805,synthetic_turbet2020_based
TOI-2134 b,0.05482236317042753,0.6279931614376132,0.01617132501653904,0.009469686562882277,0.29154346381253793,synthetic_turbet2020_based
TOI-2134 c,0.1502094998932538,0.2253278435394963,0.023049534486562273,0.03566245303857409,0.5657506690421135,synthetic_turbet2020_based
TOI-2374 b,0.11183878946961129,0.703857220922558,0.019227165013114313,0.00915212667622834,0.15592469791848806,synthetic_turbet2020_based
TOI-2431 b,0.12503144739700284,0.7024372590851412,0.043989207656049086,0.009989457498593247,0.11855262836321367,synthetic_turbet2020_based
TOI-3235 b,0.08359184983909373,0.514756965425382,0.02001732346927553,0.003365841989438044,0.37826801927681075,synthetic_turbet2020_based
TOI-3757 b,0.13736671123090663,0.7974090092583372,0.04961112348371018,0.00574095908226077,0.009872196944785139,synthetic_turbet2020_based
TOI-3884 b,0.14585408153970109,0.7439882174806425,0.04731733833814021,0.0028347456459658954,0.06000561699555029,synthetic_turbet2020_based
TOI-3984 A b,0.12928125934136794,0.733134821864605,0.022128083065383667,0.004958281382324201,0.11049755434631914,synthetic_turbet2020_based
TOI-4010 c,0.19784316522680123,0.7940186786883484,0.04624427243060727,0.008186035103452519,-0.04629215144920962,synthetic_turbet2020_based
TOI-4010 d,0.09036957510842086,0.528340029626875,0.03189131364819499,0.00604699637105811,0.34335208524545113,synthetic_turbet2020_based
TOI-4010 b,0.12582542290356008,0.6546681119665225,0.02633292090531955,0.007742567415839797,0.18543097680875809,synthetic_turbet2020_based
LP 890-9 b,0.10003248897175332,0.5322707987785411,0.015089038475673121,0.002698409890260273,0.3499092638837722,synthetic_turbet2020_based
TOI-4336 A b,0.3551562636764073,0.18925646771608828,0.019114711462113354,0.0403736440008955,0.39609891314449563,synthetic_turbet2020_based
HD 20329 b,0.13309716887252893,0.4084624045693174,0.022654458293468606,0.00259301270009207,0.43319295556459303,synthetic_turbet2020_based
Kepler-167 e,0.7967618582948521,0.03475279365672276,0.012597871168397745,0.0014944149027790233,0.15439306197724834,synthetic_turbet2020_based
TOI-5205 b,0.13725909469380726,0.40868938228163587,0.043951684525443555,0.002398574073315481,0.4077012644257979,synthetic_turbet2020_based
Kepler-167 c,0.14098495027931449,0.5778752112042983,0.0277140608492761,0.0016461742812404127,0.2517796033858708,synthetic_turbet2020_based
TOI-5293 A b,0.17041283753183237,0.757220993901301,0.010440666695369138,0.00260743758127406,0.05931806429022346,synthetic_turbet2020_based
KOI-94 d,0.18558562831932185,0.6197974451200233,0.016001583129928405,0.00282511407348243,0.17579022935724398,synthetic_turbet2020_based
LP 890-9 c,0.2979958732711343,0.2449633644493746,0.03397707234319741,0.04812593519650103,0.37493775473979263,synthetic_turbet2020_based
HD 3167 e,0.12410954054926657,0.5201087648570107,0.02908931639903186,0.004236996642999499,0.3224553815516913,synthetic_turbet2020_based
TOI-1136 b,0.08366238390120295,0.41838529973605604,0.02408849974260497,0.007402684129387682,0.4664611324907484,synthetic_turbet2020_based
TOI-1136 g,0.052765670431279076,0.5756714052823739,0.03576037605799474,0.006493636982568766,0.32930891124578343,synthetic_turbet2020_based
TOI-1338 c,0.1664972653833074,0.7242078862639191,0.038468232836775515,0.001925179265302745,0.06890143625069534,synthetic_turbet2020_based
WASP-84 c,0.12125336660065411,0.6413623829950434,0.019822641552378065,0.0013829663588209888,0.21617864249310337,synthetic_turbet2020_based
TOI-6109 c,0.08353854813140704,0.5819577606930556,0.026557212762184035,0.002590002831944455,0.3053564755814089,synthetic_turbet2020_based
TOI-6255 b,0.17366233140252396,0.7702746674946899,0.018053932762108607,0.009366156240104995,0.02864291210057257,synthetic_turbet2020_based
WASP-193 b,0.052679143876277125,0.7699849890827782,0.04807715160323632,0.001108466767143327,0.1281502486705649,synthetic_turbet2020_based
LP 791-18 d,0.16445289451651224,0.7880806290279374,0.04623608875271114,0.009736391450765918,-0.00850600374792676,synthetic_turbet2020_based
TOI-6324 b,0.1325485258546459,0.43126245595415535,0.04399156791220145,0.0065244543022811045,0.3856729959767161,synthetic_turbet2020_based
HD 207496 b,0.14221051162824339,0.5669014439434745,0.03287367906084437,0.002382218011775031,0.25563214735566264,synthetic_turbet2020_based
TOI-4010 e,0.8219310079698451,0.01675155766163881,0.03919123068175168,0.008640805803623686,0.11348539788314072,synthetic_turbet2020_based
TOI-6109 b,0.12087030163467324,0.6039321464228198,0.02248857091688313,0.00972512725353029,0.24298385377209353,synthetic_turbet2020_based
TOI-199 c,0.31993734236786364,0.173797710660069,0.016992295449320204,0.018783183688083654,0.4704894678346635,synthetic_turbet2020_based
GJ 806 b,0.11958834291650752,0.7770273601257351,0.039365853830436726,0.0029371937336123487,0.06108124939370818,synthetic_turbet2020_based
GJ 806 c,0.17893417001283474,0.5512802092038724,0.04406888731010075,0.0031752963818301788,0.22254143709136187,synthetic_turbet2020_based
HD 110067 b,0.14279909179044764,0.7706681952325128,0.02031576036591177,0.007236339315272695,0.05898061329585502,synthetic_turbet2020_based
HD 110067 c,0.19809689299357158,0.46023931489720143,0.013536091628026976,0.0070677567320033465,0.32105994374919666,synthetic_turbet2020_based
HD 110067 d,0.10096039216235456,0.4284977909466365,0.02901222471534417,0.007783936116795603,0.43374565605886917,synthetic_turbet2020_based
HD 110067 e,0.09276836006227832,0.534018751002054,0.04382797602587889,0.005680647210353393,0.32370426569943545,synthetic_turbet2020_based
HD 110067 f,0.17640979532097084,0.5785557968574838,0.04811900646240414,0.006857151307459631,0.19005825005168153,synthetic_turbet2020_based
HD 110067 g,0.06738482979788742,0.7540371952907203,0.02957060763323191,0.002274750711756145,0.14673261656640424,synthetic_turbet2020_based
GJ 341 b,0.07290352007621312,0.6750135740439487,0.011894900269179592,0.0035793438842243197,0.23660866172643424,synthetic_turbet2020_based
TOI-6894 b,0.07096813857048022,0.5764309718469137,0.026574150879774452,0.005696887912199704,0.3203298507906319,synthetic_turbet2020_based
IRAS 04125+2902 b,0.09194544936537954,0.4128174357512709,0.034575444261407434,0.004363462025941163,0.4562982085960009,synthetic_turbet2020_based
HIP 67522 c,0.147700249811007,0.4434667883217074,0.010551094211762013,0.003234648230967635,0.395047219424556,synthetic_turbet2020_based
BD+05 4868 A b,0.11848209844910784,0.5576287896673869,0.042412102210938656,0.004400538797735417,0.2770764708748312,synthetic_turbet2020_based
TOI-771 c,0.12956617694046185,0.6374062369768769,0.010873255665832464,0.005636200391615702,0.21651813002521303,synthetic_turbet2020_based
TOI-2076 e,0.1017246889098257,0.5685120510733019,0.01401149593981001,0.008045385090837808,0.30770637898622455,synthetic_turbet2020_based
L 98-59 f,0.38272127524255684,0.10445376412592,0.03405491051245391,0.04055376269153432,0.43821628742753493,synthetic_turbet2020_based
HIP 41378 g,0.09272113829748342,0.7150222339452867,0.035294202030652054,0.00936246369043963,0.14759996203613823,synthetic_turbet2020_based
55 Cnc B b,0.19715072170306597,0.41693844559948195,0.027797510441080246,0.005922890088203964,0.3521904321681678,synthetic_turbet2020_based
55 Cnc B c,0.6440229699622957,0.04026572473846256,0.04950589791025847,0.001146074107082243,0.265059333281901,synthetic_turbet2020_based
GJ 3090 c,0.11787618972865763,0.7370618486872785,0.022956050508771537,0.005318186524796381,0.1167877245504958,synthetic_turbet2020_based
TOI-4336 A c,0.19670686186819702,0.5899507345902816,0.015236852485859962,0.0014654934249975196,0.19664005763066406,synthetic_turbet2020_based
TOI-260 b,0.1918124858659923,0.5063237653100263,0.03016255626258204,0.0018163158948097174,0.26988487666658967,synthetic_turbet2020_based
HD 278555 b,0.11354826808259078,0.7720422077000497,0.030096519745237534,0.009740216366220952,0.07457278810590107,synthetic_turbet2020_based
Kepler-12 b,0.08882534558560995,0.6018180958815749,0.04438123167237301,0.005034271190983695,0.2599410556694586,synthetic_turbet2020_based
KOI-94 b,0.09192310603552845,0.7421901453671527,0.025595578754904362,0.005776509619542108,0.1345146602228724,synthetic_turbet2020_based
Kepler-167 d,0.19647905996227188,0.4745933179023456,0.02205602546880743,0.0012796264006285595,0.30559197026594653,synthetic_turbet2020_based
Kepler-51 d,0.10877565648650792,0.48007337223394386,0.03720139741631566,0.0026318931288926714,0.3713176807343399,synthetic_turbet2020_based
Kepler-51 c,0.15122191286088046,0.5053901712757272,0.024208713364847992,0.004139745868417578,0.3150394566301268,synthetic_turbet2020_based
Kepler-51 b,0.15751276252454144,0.5866037052553372,0.024451955954107325,0.00867360447135505,0.22275797179465906,synthetic_turbet2020_based
Kepler-167 b,0.13579259384618042,0.48553232851119915,0.04600365112574731,0.004083852664302766,0.3285875738525703,synthetic_turbet2020_based
KOI-94 c,0.05584690663059806,0.5978400895897812,0.014957522177635112,0.0031461979934416834,0.32820928360854384,synthetic_turbet2020_based
KOI-94 e,0.16206663090311169,0.45230072535052745,0.04227776897416143,0.009432165593178585,0.3339227091790208,synthetic_turbet2020_based
PH2 b,0.28195963012238345,0.24207183840456584,0.038543464396296696,0.0497123182908178,0.3877127487859362,synthetic_turbet2020_based
K2-33 b,0.10123073933024343,0.465142620497081,0.030766689396572858,0.005799248288485374,0.3970607024876174,synthetic_turbet2020_based
HAT-P-11 b,0.07668687324442168,0.6452437675976559,0.01056498933907296,0.009349015622087994,0.2581553541967615,synthetic_turbet2020_based
K2-136 b,0.08968614167318925,0.41582408335607673,0.014329977658994282,0.0031622405345167756,0.476997556777223,synthetic_turbet2020_based
HAT-P-52 b,0.09108592529090678,0.4131239997990915,0.02117419248774917,0.0027364756284413393,0.47187940679381113,synthetic_turbet2020_based
TOI-4747 b,0.1067931391151778,0.5540670949423877,0.023560309624115164,0.003951314951776337,0.31162814136654293,synthetic_turbet2020_based
Kepler-891 b,0.06345969166118769,0.4100819788504649,0.018084572006258664,0.007809844846749539,0.5005639126353392,synthetic_turbet2020_based
Kepler-1159 b,0.19862146483266835,0.7714104700229316,0.03016877422151075,0.0057864147020014085,-0.005987123779112036,synthetic_turbet2020_based
HATS-18 b,0.09718723535537639,0.7095757754550626,0.04059026751730595,0.008598451218242001,0.14404827045401303,synthetic_turbet2020_based
GJ 676 A e,0.1843256865795327,0.5737396992901184,0.040675022724287906,0.008257588559162908,0.19300200284689806,synthetic_turbet2020_based
Kepler-48 c,0.09626894337466253,0.7716968976024601,0.013773660105586219,0.009948422612469546,0.10831207630482165,synthetic_turbet2020_based
Kepler-889 b,0.16551360772383045,0.4373083621297309,0.036249185924200025,0.0013076146983543415,0.3596212295238843,synthetic_turbet2020_based
HR 2562 b,0.16552804241662744,0.7196891686636222,0.03409641012365791,0.008711743527249134,0.07197463526884329,synthetic_turbet2020_based
Kepler-1804 b,0.06468249203222896,0.5103695368163254,0.026567100863706825,0.0013821215754528846,0.3969987487122859,synthetic_turbet2020_based
Kepler-1188 b,0.11723241313567494,0.5060853824450264,0.025709400484070118,0.0048259236879307586,0.3461468802472978,synthetic_turbet2020_based
HD 21411 b,0.1819117600231528,0.5081363882110557,0.04574972514865088,0.004833738683315644,0.2593683879338251,synthetic_turbet2020_based
Kepler-1281 b,0.0991711581040979,0.6010048197340585,0.026709731454513587,0.003316350817496315,0.2697979398898337,synthetic_turbet2020_based
Kepler-128 b,0.12540189871941004,0.46072069323153253,0.024077197720918646,0.006092111974366815,0.38370809835377206,synthetic_turbet2020_based
Kepler-1693 b,0.1120112366584788,0.7295649444203186,0.02026887046140665,0.009727944209479093,0.12842700425031683,synthetic_turbet2020_based
Kepler-104 b,0.16770830312770274,0.7870372103989889,0.04352546219321217,0.002278935332664784,-0.0005499110525686302,synthetic_turbet2020_based
Kepler-1849 b,0.1289690135952521,0.46799140847831433,0.04272909410509029,0.006257459342649664,0.3540530244786936,synthetic_turbet2020_based
Kepler-1036 b,0.17903479430707175,0.2859197944014342,0.014607442132570429,0.032554496138852564,0.48788347302007107,synthetic_turbet2020_based
Kepler-419 c,0.3163121664000177,0.11176970746648636,0.03391424132824815,0.04263604861852377,0.495367836186724,synthetic_turbet2020_based
2MASS J22362452+4751425 b,0.620258194325416,0.056101867399596446,0.020342287125949602,0.006966320063832288,0.2963313310852057,synthetic_turbet2020_based
Kepler-1191 b,0.06780160506182674,0.7748205722682028,0.04578914326858927,0.002673769778881383,0.10891490962249983,synthetic_turbet2020_based
Kepler-511 c,0.0984898826547657,0.6350539898612173,0.03872249346537002,0.004983904136442324,0.22274972988220465,synthetic_turbet2020_based
XO-5 b,0.07344369829414626,0.44166059752114867,0.049990613476573756,0.005098169092991386,0.4298069216151399,synthetic_turbet2020_based
Kepler-1825 b,0.18087976237227477,0.5929504018516458,0.04689430554184013,0.0017898344449439555,0.1774856957892953,synthetic_turbet2020_based
Kepler-1074 b,0.06710287870018265,0.7718528750896898,0.0478997218017914,0.0038324570271882703,0.10931206738114796,synthetic_turbet2020_based
pi Men c,0.10327473304908079,0.5809800939339033,0.026646467202691634,0.0027104069436363703,0.28638829887068806,synthetic_turbet2020_based
TIC 183374187 b,0.18475630759090622,0.5013230402822575,0.03821089637910607,0.0016044010996147562,0.2741053546481155,synthetic_turbet2020_based
GJ 1061 d,0.6116253994585288,0.06883574253192286,0.023560634302930414,0.006899134534480013,0.289079089172138,synthetic_turbet2020_based
Kepler-1987 d,0.06410318032532455,0.7799405519663454,0.039940578675723815,0.008886405097232195,0.10712928393537413,synthetic_turbet2020_based
Kepler-245 b,0.07047058310667664,0.5280643875571478,0.024733766568253764,0.005834553834941368,0.37089670893298043,synthetic_turbet2020_based
Kepler-131 c,0.09453027282611215,0.42425229687576205,0.024755135229498827,0.0032909438316455395,0.4531713512369815,synthetic_turbet2020_based
Kepler-144 c,0.10788819371948224,0.47878381704801054,0.02047585498258942,0.00664257106389042,0.3862095631860274,synthetic_turbet2020_based
HD 93385 c,0.10822307518670977,0.5381533572677969,0.03135622530889492,0.007946744867595333,0.3143205973690031,synthetic_turbet2020_based
Kepler-431 c,0.10683019345219359,0.6350077970223362,0.04864810501472705,0.005697821027062457,0.20381608348368063,synthetic_turbet2020_based
HD 106270 b,0.8729392729552634,0.08143053618307843,0.012348747266005988,0.004861889843223312,0.028419553752428883,synthetic_turbet2020_based
TOI-5720 b,0.15474776118028824,0.79468476497928,0.028335051646460503,0.001835069087140655,0.02039735310683055,synthetic_turbet2020_based
Kepler-203 d,0.13430137620693017,0.45062551684958413,0.040060782411175735,0.005569092977156001,0.3694432315551539,synthetic_turbet2020_based
Kepler-230 c,0.158514705256593,0.7477447307514096,0.035157920686511086,0.006511953963278635,0.05207068934220771,synthetic_turbet2020_based
Kepler-1091 b,0.16318554431594473,0.736982000581067,0.04476215145108011,0.0013278717611459499,0.05374243189076233,synthetic_turbet2020_based
Kepler-1129 b,0.1334285445196684,0.4865077239190206,0.04441383563127134,0.0068355791668302515,0.3288143167632095,synthetic_turbet2020_based
Kepler-472 b,0.11303337185486573,0.47524169124854054,0.02356094503679306,0.007333999250862022,0.3808299926089387,synthetic_turbet2020_based
Kepler-1275 b,0.08065393178174582,0.4374331781353491,0.04552115032910204,0.007877893146221053,0.42851384660758196,synthetic_turbet2020_based
Kepler-1690 b,0.15993847919743978,0.15846230868599834,0.04888280708523543,0.03832737947036469,0.5943890255609617,synthetic_turbet2020_based
HD 75898 c,0.7831566012641474,0.037686563688171734,0.02196500576666089,0.0013557125682120742,0.15583611671280784,synthetic_turbet2020_based
TOI-7510 c,0.15927228003528973,0.41727009002275384,0.01019429351109116,0.007565455790748813,0.40569788064011647,synthetic_turbet2020_based
Kepler-718 b,0.19233106357236884,0.7026012190909242,0.02886560762497515,0.005374407246047858,0.07082770246568393,synthetic_turbet2020_based
Kepler-1342 b,0.11542046339736581,0.5298574668441335,0.030868568567433606,0.0048803586142700354,0.3189731425767971,synthetic_turbet2020_based
WASP-174 b,0.13972518200611622,0.7592480322004378,0.04980037669295242,0.0017086896089462543,0.04951771949154726,synthetic_turbet2020_based
Kepler-1713 b,0.10770252089920122,0.4722824783067238,0.02408481895702135,0.003587257166935807,0.3923429246701179,synthetic_turbet2020_based
Kepler-1121 b,0.07618056974401825,0.7056304213685163,0.02985154971316943,0.009273210239955032,0.17906424893434103,synthetic_turbet2020_based
Kepler-197 c,0.05488886648705218,0.426791205252796,0.026130943317213766,0.0017224958836363343,0.4904664890593017,synthetic_turbet2020_based
TOI-1294 b,0.08940943946222504,0.7944118972306495,0.018358384299384564,0.0027830596727088167,0.09503721933503206,synthetic_turbet2020_based
Kepler-1195 b,0.13604610031935638,0.5991993163172628,0.03321753188811379,0.0043906175038769205,0.22714643397139012,synthetic_turbet2020_based
GJ 328 b,0.8480287079684842,0.02247224962982166,0.027135705833658624,0.007207856635996784,0.09515547993203877,synthetic_turbet2020_based
EPIC 212737443 c,0.3604709320848699,0.17391432127135154,0.03270982396375011,0.01276559780029046,0.42013932487973804,synthetic_turbet2020_based
Kepler-1783 b,0.07554786321677434,0.4276552649864458,0.03911523567994088,0.0035925397184992667,0.4540890963983397,synthetic_turbet2020_based
HD 50499 c,0.8171235870575513,0.015975845113894712,0.04450191201633302,0.008519771782999825,0.1138788840292212,synthetic_turbet2020_based
Kepler-874 b,0.0633393114575424,0.40950260258287463,0.012251552519279648,0.008682671558320606,0.5062238618819828,synthetic_turbet2020_based
Kepler-235 b,0.08520552335778436,0.6193093271432755,0.02704976812720227,0.008159729736057419,0.26027565163568045,synthetic_turbet2020_based
HD 98219 b,0.1233347452206006,0.6002643362645079,0.0495636775799961,0.0023511660107433142,0.22448607492415196,synthetic_turbet2020_based
Kepler-625 b,0.17460559081188973,0.42069989824155396,0.029105950782918832,0.008977013415397212,0.36661154674824026,synthetic_turbet2020_based
Kepler-1178 b,0.14978209484061822,0.6740858477464532,0.020532691290259423,0.004767173122253089,0.15083219300041606,synthetic_turbet2020_based
KOI-351 b,0.10498715952485758,0.6085772840631978,0.028489117205746727,0.0039420851668929046,0.254004354039305,synthetic_turbet2020_based
WASP-151 b,0.09582209185567553,0.5003411566620489,0.02460188987539034,0.002349473301406546,0.3768853883054787,synthetic_turbet2020_based
K2-289 b,0.18081564530053607,0.640847756733371,0.015351457023754218,0.007244734007881013,0.15574040693445768,synthetic_turbet2020_based
GJ 1002 b,0.8542999403993919,0.0313782104847033,0.016024023773490558,0.0010775553142037685,0.09722027002821043,synthetic_turbet2020_based
Kepler-1143 c,0.6141751016569456,0.07860262134731605,0.04948745328166775,0.0014039229022864896,0.2563309008117842,synthetic_turbet2020_based
TOI-2587 A b,0.16221064386198392,0.42874486633638403,0.033685312996146674,0.007804677541854142,0.3675544992636314,synthetic_turbet2020_based
Kepler-1154 b,0.10388065959016066,0.40437388844426553,0.033807574085017035,0.009921201653260252,0.4480166762272966,synthetic_turbet2020_based
Kepler-60 b,0.08864261342577437,0.47579651087488634,0.0149570357101406,0.005997300579100506,0.4146065394100982,synthetic_turbet2020_based
Kepler-85 c,0.13946676490404103,0.716908334868161,0.04012293094482039,0.009032873453155784,0.09446909582982199,synthetic_turbet2020_based
TOI-2081 b,0.17086590475134522,0.4989068332317778,0.03223509619503044,0.00367670763184222,0.29431545819000426,synthetic_turbet2020_based
Kepler-1780 b,0.19893561386545075,0.28638887384599926,0.03727583620268294,0.04898361653004424,0.42841605955582285,synthetic_turbet2020_based
Kepler-1818 b,0.11253688050781169,0.6149750293415907,0.02948461679665687,0.0019655835177135425,0.2410378898362272,synthetic_turbet2020_based
TOI-871 b,0.08550529917899051,0.611054544241793,0.01269497220532025,0.009383157363780006,0.28136202701011626,synthetic_turbet2020_based
GJ 251 c,0.6371531045830112,0.027818267177521644,0.04061284895754546,0.0018724108761038235,0.29254336840581785,synthetic_turbet2020_based
Kepler-1518 c,0.18504171494231142,0.6902803882890143,0.012744834284354356,0.007226623551570876,0.10470643893274911,synthetic_turbet2020_based
Kepler-1718 b,0.2894885626513954,0.25146988654798375,0.043127914099573436,0.038734022526926204,0.37717961417412127,synthetic_turbet2020_based
TOI-4914 b,0.13792644429064582,0.5289853274327111,0.037890946473197164,0.009612744261677016,0.28558453754176893,synthetic_turbet2020_based
USco1556 b,0.13812826707933115,0.6657379473737015,0.027485121687992033,0.00780508728768767,0.16084357657128767,synthetic_turbet2020_based
Kepler-109 c,0.19965010885079543,0.46415572962709445,0.018096211180150493,0.005854939827979506,0.3122430105139802,synthetic_turbet2020_based
Kepler-101 c,0.12220630958924875,0.6286279138026876,0.011962961908970922,0.00463848810697404,0.23256432659211868,synthetic_turbet2020_based
Kepler-1200 b,0.13744673930983414,0.6340765405219851,0.03629335847073494,0.007481944261023975,0.18470141743642188,synthetic_turbet2020_based
NY Vir b,0.29246416100225703,0.258048631077887,0.034990425387383665,0.03150030650148818,0.3829964760309842,synthetic_turbet2020_based
TOI-4137 b,0.14092946433317166,0.440477346701333,0.0209262616290208,0.0057465980259231815,0.39192032931055143,synthetic_turbet2020_based
Kepler-1630 b,0.8618961646205121,0.07111464006591939,0.013616323138875903,0.0063304745539996396,0.047042397620692955,synthetic_turbet2020_based
Kepler-475 b,0.08326069814556486,0.6936066239154892,0.04309763410034989,0.006341106453309761,0.17369393738528627,synthetic_turbet2020_based
Kepler-1978 b,0.13870439146275648,0.5354365772843257,0.02785000084645238,0.00877697518433811,0.28923205522212736,synthetic_turbet2020_based
Kepler-1836 b,0.1584980496450735,0.6079014638783373,0.024729295449934838,0.0014534176445969893,0.20741777338205736,synthetic_turbet2020_based
Kepler-887 c,0.07145111019895778,0.47721007581574826,0.02493534173034699,0.009497292823686474,0.4169061794312605,synthetic_turbet2020_based
Kepler-350 c,0.1257730092288123,0.49393606530369244,0.014230005498460563,0.004044749721426677,0.3620161702476081,synthetic_turbet2020_based
Kepler-816 b,0.17235959533265854,0.5533371173642032,0.04090023224089654,0.008224344785141911,0.2251787102770998,synthetic_turbet2020_based
HD 51608 b,0.06662311545480562,0.6434639010507135,0.04836384253484443,0.0046192426741319854,0.2369298982855046,synthetic_turbet2020_based
HD 125390 b,0.1152832267009067,0.2846605380515757,0.04534665126289932,0.03088565788836007,0.5238239260962583,synthetic_turbet2020_based
Kepler-1947 b,0.13283796805160147,0.48469644111044996,0.042778030221785494,0.005487400345529138,0.33420016027063393,synthetic_turbet2020_based
Kepler-81 d,0.05508166927138348,0.6732059825795991,0.04801985079210824,0.008462354413111753,0.2152301429437975,synthetic_turbet2020_based
Kepler-1827 b,0.09157972103158098,0.4213300339733363,0.047614056501527224,0.009433564523917314,0.4300426239696381,synthetic_turbet2020_based
TOI-1768.01,0.12986229795693044,0.656926964668614,0.028504002428432332,0.004777888303888828,0.1799288466421345,synthetic_turbet2020_based
HIP 10090 c,0.13583453077861013,0.11935057967221921,0.0193092858670475,0.043465629856261775,0.6820399738258613,synthetic_turbet2020_based
Kepler-855 b,0.071874845110352,0.4906794607658843,0.0319445623728883,0.00293618096270447,0.4025649507881709,synthetic_turbet2020_based
TOI-205 b,0.07448100270766807,0.6253264966791849,0.02472373083986462,0.006635433572564224,0.26883333620071803,synthetic_turbet2020_based
Kepler-1886 b,0.18683080106130145,0.4603972525740271,0.046537346392522556,0.009122409706806268,0.29711219026534263,synthetic_turbet2020_based
Kepler-279 c,0.17436313750038546,0.652514366922434,0.034805866298621896,0.006752913939428515,0.13156371533913003,synthetic_turbet2020_based
TOI-3807 b,0.153574332682672,0.40659288023846285,0.048323703166425994,0.006270433853190219,0.38523865005924895,synthetic_turbet2020_based
Kepler-931 b,0.16721987591036325,0.5509127356245453,0.010495888556631838,0.005587611938887996,0.26578388796957153,synthetic_turbet2020_based
TOI-286 b,0.12607851789738936,0.5747957153245807,0.02358868216648307,0.0032484347902874988,0.27228864982125944,synthetic_turbet2020_based
Kepler-106 e,0.12913173117457744,0.5501112558773977,0.04879727532199235,0.002556345769902383,0.26940339185613016,synthetic_turbet2020_based
GSC 06214-00210 b,0.09794983514406305,0.5175841883698284,0.03173236704943828,0.005493522312767332,0.34724008712390286,synthetic_turbet2020_based
HD 89839 b,0.793122139627282,0.09550015935167872,0.021408843419754693,0.007234944123294969,0.08273391347798964,synthetic_turbet2020_based
Kepler-520 b,0.053756030450777544,0.5049553890934498,0.028548789119863714,0.00127895309633021,0.4114608382395787,synthetic_turbet2020_based
Kepler-19 b,0.14265041908304585,0.6713242433606833,0.03986926859352187,0.005649170543587111,0.14050689841916175,synthetic_turbet2020_based
Kepler-1102 b,0.14059169974679403,0.558426100511395,0.011650121300262502,0.0018995667019706176,0.28743251173957773,synthetic_turbet2020_based
Kepler-371 c,0.14824938863021964,0.7982221198343106,0.010632129566531848,0.006018251471437445,0.03687811049750056,synthetic_turbet2020_based
K2-338 b,0.16265131293238372,0.7307099312055515,0.031808196048905606,0.006579243821656947,0.06825131599150214,synthetic_turbet2020_based
KELT-16 b,0.154508741791183,0.7435864998773722,0.014891581488112746,0.009335639766473773,0.0776775370768582,synthetic_turbet2020_based
Kepler-1681 b,0.053902610532735505,0.7344799003831102,0.01306961706238789,0.0027516539044443004,0.19579621811732217,synthetic_turbet2020_based
Kepler-251 d,0.050584121957169895,0.5781026822144163,0.02337436906869569,0.0024939362033832464,0.34544489055633487,synthetic_turbet2020_based
HD 180902 b,0.11766352412058596,0.5609483532688736,0.04070644130794966,0.009038172754630293,0.2716435085479605,synthetic_turbet2020_based
TOI-5624 e,0.1478850877650623,0.44976415549060955,0.021815631788394026,0.00921986467149052,0.3713152602844436,synthetic_turbet2020_based
K2-414 c,0.06331017395118338,0.5627423357563306,0.04770018476933925,0.009555983573225374,0.31669132194992133,synthetic_turbet2020_based
Kepler-1154 c,0.11168047655733387,0.666958755239519,0.028269823934159957,0.0077811448549270764,0.18530979941406,synthetic_turbet2020_based
Kepler-863 b,0.05473719960394978,0.4576628595685434,0.03456795214174397,0.0030929703619875727,0.44993901832377525,synthetic_turbet2020_based
Kepler-278 c,0.1499078448903723,0.5404891709845194,0.045465822325112856,0.008373334470039878,0.2557638273299555,synthetic_turbet2020_based
GJ 180 d,0.7478513400206347,0.0795605578385372,0.020845515449403614,0.005448337991306764,0.14629424870011776,synthetic_turbet2020_based
K2-86 b,0.07962230777949172,0.7443544674083976,0.0429227046627366,0.009119347015681012,0.12398117313369306,synthetic_turbet2020_based
HD 196050 b,0.8632430943672779,0.09636366358535453,0.01913344926527704,0.00938641861715784,0.011873374164932726,synthetic_turbet2020_based
Kepler-564 b,0.13568197870279966,0.5689980335672609,0.03241495583871492,0.0040834212098525,0.2588216106813721,synthetic_turbet2020_based
Kepler-878 b,0.09328295104414283,0.4965257351910115,0.013297119578285072,0.005469084074324688,0.3914251101122359,synthetic_turbet2020_based
HD 120084 b,0.18316425135708314,0.652060787709754,0.030839025310230944,0.004857336264258249,0.12907859935867372,synthetic_turbet2020_based
TOI-2384 b,0.1196602439475788,0.4837109390287804,0.042917435087723894,0.0027854466695337527,0.35092593526638316,synthetic_turbet2020_based
Kepler-82 d,0.15749341350909696,0.7039940045984611,0.03299476168110937,0.008766337374593458,0.09675148283673918,synthetic_turbet2020_based
Kepler-338 b,0.09365755286759751,0.7526468884971453,0.03917641838397217,0.008188748449855846,0.10633039180142922,synthetic_turbet2020_based
K2-87 b,0.14968695642909713,0.7385372067959878,0.04972395450870544,0.004781465690721748,0.057270416575487815,synthetic_turbet2020_based
Kepler-983 b,0.1720873525564356,0.6978319038072134,0.028114806628480718,0.009342540997592609,0.09262339601027769,synthetic_turbet2020_based
Kepler-1948 b,0.10916388943588921,0.6261863665104951,0.014237694279638462,0.0030319767465963963,0.24738007302738085,synthetic_turbet2020_based
Kepler-444 c,0.17610442558006412,0.558621089131539,0.025763363576610326,0.0032138291637155824,0.23629729254807097,synthetic_turbet2020_based
Kepler-1173 b,0.12374155014461817,0.722326784540249,0.045806564710949585,0.001631029888397655,0.10649407071578554,synthetic_turbet2020_based
HD 219077 b,0.7724462193720346,0.05205460311031011,0.03457127401886313,0.005025481182174422,0.13590242231661775,synthetic_turbet2020_based
Kepler-458 c,0.10979672312801228,0.5887522849717958,0.033279965150256566,0.005508848899285991,0.2626621778506494,synthetic_turbet2020_based
Kepler-1608 b,0.12082166765309695,0.7271341239832323,0.03982591964951431,0.004072406447630735,0.10814588226652566,synthetic_turbet2020_based
TOI-2093 b,0.17008656762729807,0.7414602676018001,0.01613968821496762,0.0062441421555768295,0.06606933440035756,synthetic_turbet2020_based
Kepler-759 b,0.09279679903988208,0.695668928770689,0.019551413174347332,0.007042631717557288,0.18494022729752435,synthetic_turbet2020_based
Kepler-563 b,0.0882686984086451,0.6044575053719773,0.04794585871664769,0.004431767846107911,0.2548961696566221,synthetic_turbet2020_based
Kepler-296 f,0.3627215457889623,0.2973889162407789,0.04499403395220653,0.016634641188933715,0.27826086282911844,synthetic_turbet2020_based
Kepler-534 b,0.17294873293027446,0.4128597580402245,0.025732075347972318,0.008836600359860777,0.3796228333216679,synthetic_turbet2020_based
TOI-512 b,0.15331283191398798,0.6130961709351512,0.02551456100330482,0.008310672518232576,0.1997657636293233,synthetic_turbet2020_based
HD 75784 b,0.15643376059223316,0.5873621278462694,0.045699373488386395,0.0030695321603676916,0.20743520591274345,synthetic_turbet2020_based
Kepler-172 c,0.07555872637379374,0.6571215057334326,0.04887977370807082,0.003225309159760933,0.2152146850249419,synthetic_turbet2020_based
Kepler-1340 b,0.08745055684007398,0.455799539184876,0.04442254221094529,0.003037577863702007,0.4092897839004027,synthetic_turbet2020_based
Kepler-1115 b,0.1254767790087332,0.7963489912008819,0.010485636036881742,0.006008374814597148,0.06168021893890596,synthetic_turbet2020_based
KIC 5437945 b,0.2536867128114838,0.2614894752820309,0.02421126158211108,0.026413654355961665,0.43419889596841255,synthetic_turbet2020_based
Kepler-1859 c,0.07519069708982956,0.6963260926543147,0.041388356367525934,0.0022299698870094724,0.1848648840013204,synthetic_turbet2020_based
Kepler-1201 b,0.10901856109824827,0.7571619981450732,0.010108290947031487,0.003688831635603691,0.1200223181740433,synthetic_turbet2020_based
Kepler-232 c,0.13325634275788217,0.5336375438639813,0.020881807567106777,0.005140337364128914,0.3070839684469009,synthetic_turbet2020_based
tau Cet g,0.07722846621645407,0.6118500963837936,0.03826783685252904,0.00617765457365652,0.26647594597356683,synthetic_turbet2020_based
Kepler-151 b,0.06396639962877965,0.7377634456662293,0.01699911349949953,0.007883308005500158,0.17338773319999123,synthetic_turbet2020_based
TOI-201 b,0.10408476661637757,0.713104539222441,0.01825091613621383,0.0026799589332588683,0.16187981909170868,synthetic_turbet2020_based
Kepler-207 d,0.12455387693262235,0.41317440587934423,0.019011893551293336,0.007516110269659136,0.43574371336708095,synthetic_turbet2020_based
GJ 887 e,0.17560752174581384,0.4323141455751242,0.04528310837752418,0.008177654836478612,0.3386175694650593,synthetic_turbet2020_based
WASP-108 b,0.1804526443560448,0.679371421831536,0.03696612269175859,0.005725839100103775,0.09748397202055681,synthetic_turbet2020_based
Kepler-1521 b,0.14791808367369727,0.7676438658266421,0.014020880056668336,0.003841880300614821,0.0665752901423774,synthetic_turbet2020_based
Kepler-238 c,0.06086824603938078,0.7779220687776154,0.02781061863997552,0.0070781002360856965,0.12632096630694267,synthetic_turbet2020_based
GJ 676 A d,0.17616800967564822,0.7964000992305955,0.01647129831169063,0.008195613451464058,0.0027649793306017134,synthetic_turbet2020_based
Kepler-620 b,0.1831134347205105,0.4195501507403503,0.04016362240742294,0.004192527890768953,0.3529802642409473,synthetic_turbet2020_based
TOI-2989 b,0.14728951872056484,0.605619278415546,0.02038969008346548,0.002216992258035875,0.22448452052238788,synthetic_turbet2020_based
Kepler-349 c,0.06754208496338125,0.4413291430833967,0.03551160160538311,0.004162697662595843,0.4514544726852431,synthetic_turbet2020_based
Kepler-1231 b,0.08249501573088087,0.6767540370823613,0.037473982630658674,0.00585251463121298,0.19742444992488617,synthetic_turbet2020_based
Kepler-274 b,0.19024367252987767,0.5541656925765686,0.04343451885077172,0.001676254671389767,0.21047986137139219,synthetic_turbet2020_based
Kepler-832 b,0.16097466410577568,0.7953789655327721,0.043863928651512674,0.006216982473790535,-0.006434540763851082,synthetic_turbet2020_based
Kepler-1889 b,0.1440149096490741,0.5413158197747787,0.03717940873032416,0.007933558448631944,0.26955630339719105,synthetic_turbet2020_based
Kepler-988 b,0.19973427216767808,0.5969851668001732,0.01245216263093769,0.006362721556578868,0.184465676844632,synthetic_turbet2020_based
TOI-880 c,0.0678536224973253,0.49790601742244406,0.02315119645222949,0.007579268858335696,0.4035098947696655,synthetic_turbet2020_based
HD 12235 b,0.07757121858177508,0.46630117873694105,0.011798569699953099,0.008859159427184928,0.4354698735541458,synthetic_turbet2020_based
Kepler-444 f,0.15402581365340912,0.41597858624705064,0.011131692225524584,0.006028068668275505,0.4128358392057401,synthetic_turbet2020_based
GJ 887 c,0.1847603203860133,0.21934527008638577,0.027384167027238615,0.04693250249241019,0.5215777400079521,synthetic_turbet2020_based
Kepler-524 b,0.0931713522442052,0.6716581473755574,0.012162172464743968,0.00960274480770033,0.21340558310779312,synthetic_turbet2020_based
Kepler-1075 b,0.19711362018625284,0.695629851606565,0.02860849886254293,0.0029799409539453523,0.07566808839069394,synthetic_turbet2020_based
Kepler-368 b,0.17187745103719473,0.6945416388588089,0.018878161582437963,0.005060937647415392,0.10964181087414293,synthetic_turbet2020_based
Kepler-115 b,0.11941984067251778,0.7305642199890837,0.03735378737336306,0.006788507891860497,0.10587364407317501,synthetic_turbet2020_based
Kepler-1735 b,0.1474741133844918,0.5081880317529917,0.024868450393181363,0.0014109605689303552,0.31805844390040483,synthetic_turbet2020_based
TOI-1898 b,0.1680411703718186,0.5731992860679256,0.027529534283502945,0.0032082063844026407,0.2280218028923503,synthetic_turbet2020_based
Kepler-1130 c,0.08141409221891435,0.6351287718276117,0.01930212060814703,0.0015778796640891798,0.26257713568123764,synthetic_turbet2020_based
HD 20782 b,0.3302522247942695,0.17529388688127318,0.025209423355972177,0.02725273126063165,0.4419917337078535,synthetic_turbet2020_based
Kepler-1376 b,0.1722567235112141,0.5283347583759269,0.04032144845031344,0.00945590356701589,0.2496311660955296,synthetic_turbet2020_based
Kepler-1190 b,0.14913022938871992,0.5726724324708099,0.03991158892586659,0.00512107632776247,0.23316467288684117,synthetic_turbet2020_based
Kepler-450 b,0.11216409066622113,0.6101132654290733,0.022708893392371754,0.001938251946520011,0.2530754985658138,synthetic_turbet2020_based
Kepler-758 d,0.11222780082892479,0.4495427524517208,0.02641765894221787,0.006012403490921053,0.40579938428621554,synthetic_turbet2020_based
HAT-P-47 b,0.18960667718084706,0.41448893241812146,0.03485833626007777,0.005119616679850696,0.3559264374611031,synthetic_turbet2020_based
HD 135625 b,0.6060783384612417,0.032459335834484834,0.014739410094192062,0.0029511473115830028,0.3437717682984984,synthetic_turbet2020_based
TOI-2211.01,0.09118553651913774,0.5605225341528786,0.031161575739555615,0.0010089099453374749,0.3161214436430907,synthetic_turbet2020_based
Kepler-124 b,0.07428040409431112,0.4374265542435203,0.03198693597050975,0.003961673833611429,0.4523444318580474,synthetic_turbet2020_based
Kepler-1259 b,0.13225966040520773,0.48872932086987114,0.010969174163503395,0.009472302111432223,0.3585695424499855,synthetic_turbet2020_based
TOI-1859 b,0.06624621817834911,0.45074349918468676,0.01586187306040562,0.009831488715939456,0.45731692086061904,synthetic_turbet2020_based
TOI-1836 b,0.14264903602549944,0.6441159806815403,0.049467928060741184,0.001795948923471893,0.16197110630874723,synthetic_turbet2020_based
Kepler-616 b,0.1961751338813434,0.4816052586216164,0.034922860142481416,0.004780752087725125,0.2825159952668338,synthetic_turbet2020_based
HD 141399 e,0.7151855440431535,0.09381189956315164,0.01596910913761026,0.009973621099686192,0.16505982615639847,synthetic_turbet2020_based
Kepler-1008 b,0.10686875916373229,0.6595099615554219,0.04871626925933441,0.001518409453410773,0.18338660056810074,synthetic_turbet2020_based
TOI-2133 b,0.18842965443877863,0.6271245541417374,0.038175875159098094,0.0023426576549771356,0.14392725860540867,synthetic_turbet2020_based
Kepler-1979 b,0.13000811462465484,0.6694054858900975,0.02824989229550727,0.002394866602954511,0.16994164058678596,synthetic_turbet2020_based
TOI-2406 b,0.08661786126283649,0.7417571163973995,0.011378839713310511,0.0073797587059673125,0.1528664239204861,synthetic_turbet2020_based
WASP-157 b,0.19990850547717903,0.40299319844270665,0.016441827312797596,0.007067298708038211,0.3735891700592785,synthetic_turbet2020_based
Kepler-1183 b,0.058998625187802245,0.6359159935423436,0.03736000414244225,0.006293317133026632,0.26143205999438535,synthetic_turbet2020_based
Kepler-331 d,0.20955541090632018,0.23945645919732778,0.03377177712055282,0.01830548688375679,0.4989108658920425,synthetic_turbet2020_based
TOI-5322 b,0.1344703315377665,0.752762886855571,0.036673331427618,0.005246123566544625,0.07084732661249982,synthetic_turbet2020_based
HD 457 b,0.6964752308608353,0.017729758849381556,0.019785085310361147,0.001100680777781892,0.2649092442016401,synthetic_turbet2020_based
HD 112640 b,0.1979938876287447,0.488992900851496,0.04259503770741491,0.0025178039362448077,0.26790036987609955,synthetic_turbet2020_based
Kepler-1647 b,0.6850803448816721,0.047644958730553015,0.022976226565664205,0.00818515731483875,0.23611331250727197,synthetic_turbet2020_based
Kepler-1197 b,0.19365401120231351,0.7501177934603395,0.016143114677910263,0.007990198087143612,0.03209488257229309,synthetic_turbet2020_based
HD 153557 b,0.07219203699570673,0.7653524426248406,0.030715143026743136,0.004027429792510361,0.12771294756019913,synthetic_turbet2020_based
Kepler-1939 b,0.07355382460012892,0.4047236352716019,0.019917879666435392,0.009226180569531808,0.49257847989230197,synthetic_turbet2020_based
Kepler-621 b,0.16958932884083416,0.7879174831002879,0.014030460844854922,0.006329608691551026,0.022133118522471906,synthetic_turbet2020_based
Kepler-1113 b,0.0885725711046165,0.617176682308963,0.022818195422538205,0.003551189952190218,0.26788136121169215,synthetic_turbet2020_based
Kepler-142 b,0.13607679530368966,0.47332726474781617,0.028765337478884677,0.006857310385396314,0.35497329208421324,synthetic_turbet2020_based
Kepler-662 b,0.06922731097742062,0.7722377083507617,0.030228987978164992,0.008375751746959082,0.11993024094669369,synthetic_turbet2020_based
Kepler-1336 c,0.1480858145931595,0.6840003764890182,0.038645237639713524,0.008875899073553253,0.12039267220455552,synthetic_turbet2020_based
TOI-216.02,0.14204081525703863,0.5112868606885559,0.013980385714618286,0.006456255575051274,0.326235682764736,synthetic_turbet2020_based
Kepler-236 c,0.11990584113117433,0.14825869033790604,0.012428287384076468,0.03195550356026269,0.6874516775865804,synthetic_turbet2020_based
HD 196067 b,0.6481014374828604,0.0649366587490126,0.041634605234530705,0.008396926486946763,0.23693037204664957,synthetic_turbet2020_based
Kepler-1210 b,0.09643152622064413,0.6195818130777985,0.032520430403454356,0.0052559846393874995,0.24621024565871563,synthetic_turbet2020_based
Kepler-91 b,0.14826708371371475,0.48403484952941345,0.04916972958347177,0.001882718443818392,0.31664561872958163,synthetic_turbet2020_based
K2-290 b,0.1743831711804679,0.6376383947804751,0.019794189887748635,0.007711075005942699,0.1604731691453657,synthetic_turbet2020_based
Kepler-1766 b,0.0626721343515608,0.7097671337795133,0.033599408889720545,0.001996752865567614,0.19196457011363766,synthetic_turbet2020_based
HD 176986 c,0.061925834463855536,0.7003345333745851,0.02171743626015349,0.009003716656904921,0.207018479244501,synthetic_turbet2020_based
HD 72490 b,0.16431095315452643,0.6792760978870864,0.021144242105338037,0.0073805006711945625,0.1278882061818546,synthetic_turbet2020_based
HD 12661 c,0.8844443053544502,0.018240385093351203,0.023046505680142642,0.0031120503891543475,0.07115675348290162,synthetic_turbet2020_based
Kepler-1061 b,0.10898752016010002,0.6969330619415786,0.028969703257015464,0.006136575455082218,0.1589731391862238,synthetic_turbet2020_based
Kepler-1904 b,0.09712323321175137,0.4565157068348402,0.02067734595750914,0.008737122711177884,0.41694659128472145,synthetic_turbet2020_based
Kepler-473 b,0.1403625443230116,0.5511954692788935,0.041596239269423504,0.0015801168920941788,0.26526563023657734,synthetic_turbet2020_based
HD 14787 b,0.08808366318835786,0.4920412616229357,0.049414582486728885,0.0073548872415348425,0.36310560546044257,synthetic_turbet2020_based
WASP-106 b,0.14266789045828315,0.4019939861177892,0.017372400083594294,0.006719871636757705,0.43124585170357566,synthetic_turbet2020_based
TOI-6158 b,0.10695789897224987,0.7697121534716244,0.040588968765670315,0.00502645665523708,0.07771452213521846,synthetic_turbet2020_based
Kepler-1840 b,0.3248544932614812,0.2950808647652443,0.028439232988058824,0.03570103551554134,0.3159243734696743,synthetic_turbet2020_based
kap And b,0.1877996922591943,0.4994698648144693,0.04546231654665114,0.0018779023609568441,0.26539022401872847,synthetic_turbet2020_based
Kepler-1751 b,0.14726722558814698,0.7131352620223138,0.03458424877009705,0.005459813237372888,0.09955345038206931,synthetic_turbet2020_based
Kepler-1067 b,0.14260206498885292,0.46066548351177783,0.018622828413208732,0.003429094095607078,0.3746805289905535,synthetic_turbet2020_based
TOI-2578 b,0.13966690109450575,0.5767604294980282,0.019779033699433582,0.008945283989301223,0.2548483517187312,synthetic_turbet2020_based
Kepler-624 b,0.10608827604398352,0.5784126876919565,0.026388043061959784,0.002637486597490774,0.28647350660460946,synthetic_turbet2020_based
TOI-5349 b,0.15974405231453503,0.5793833049075432,0.010650284395708738,0.009676123321238173,0.24054623506097494,synthetic_turbet2020_based
TOI-1294 c,0.17236454173931207,0.6894237416367213,0.04476367482074116,0.009161265282449954,0.08428677652077554,synthetic_turbet2020_based
Kepler-1039 b,0.10062345595766581,0.6443834713666795,0.03435231236822377,0.003405697019295373,0.21723506328813547,synthetic_turbet2020_based
HAT-P-60 b,0.08329283771706009,0.44556290192760883,0.03637256783665811,0.00802827091927702,0.42674342159939593,synthetic_turbet2020_based
HD 88986 b,0.1641429469275506,0.5265101508739898,0.018210394018608092,0.005082527606091598,0.28605398057375986,synthetic_turbet2020_based
HD 215152 e,0.1320220190360766,0.7676348511874224,0.044992926170962164,0.009244524981716452,0.04610567862382242,synthetic_turbet2020_based
Kepler-704 b,0.17753935777039698,0.7858324817745246,0.028619999886762296,0.0014272614768978493,0.006580899091418235,synthetic_turbet2020_based
Kepler-1432 b,0.06253430482227174,0.5561104567089373,0.020307483650919892,0.002529465322249606,0.35851828949562137,synthetic_turbet2020_based
Kepler-135 c,0.19298056617629733,0.478167835364249,0.048375170892609246,0.007847549562890865,0.2726288780039535,synthetic_turbet2020_based
Kepler-950 b,0.14614185081878353,0.6704075840357513,0.02325897294636496,0.0068178433425245405,0.15337374885657573,synthetic_turbet2020_based
HD 73526 b,0.0780038177421898,0.7750821730143919,0.022071733598423744,0.00329667861064188,0.12154559703435275,synthetic_turbet2020_based
HD 207897 b,0.15667441972912366,0.6625794872264728,0.02805195673373221,0.006692016112217078,0.14600212019845438,synthetic_turbet2020_based
Kepler-1459 b,0.14784792152825685,0.234665661480391,0.020824427807807758,0.020913439067058295,0.5757485501164861,synthetic_turbet2020_based
Kepler-1358 b,0.07432699024156769,0.5329508540144658,0.023250042412453126,0.005087611105320424,0.3643845022261929,synthetic_turbet2020_based
HD 360 b,0.07856292569995244,0.47720301446350655,0.031669542866529135,0.0021598966420342766,0.41040462032797764,synthetic_turbet2020_based
TOI-4030 b,0.1533345511983253,0.7775788503450387,0.027071824866575132,0.009109947818356091,0.03290482577170484,synthetic_turbet2020_based
Kepler-741 b,0.06474748866887967,0.41718305095025787,0.0388547551005536,0.00784919415683347,0.47136551112347536,synthetic_turbet2020_based
Kepler-1299 b,0.17645873614486274,0.4227270713599926,0.041076282198273216,0.004388848595169237,0.35534906170170233,synthetic_turbet2020_based
Kepler-1806 b,0.09550064490232979,0.46920956853731877,0.04984063020410109,0.0015729723038697728,0.38387618405238055,synthetic_turbet2020_based
TOI-375 c,0.17405120219119993,0.6557977741962111,0.03940321777047469,0.007405454079296168,0.12334235176281805,synthetic_turbet2020_based
Kepler-1048 b,0.17876517276097742,0.4735168279424433,0.010032984673387415,0.006386756401389396,0.3312982582218025,synthetic_turbet2020_based
Kepler-749 b,0.10307879589850011,0.4495149324468551,0.017445550164169554,0.003985743812133007,0.42597497767834214,synthetic_turbet2020_based
HD 102329 b,0.060535005633005484,0.4227652808513804,0.04664105019329777,0.003808924744183266,0.4662497385781331,synthetic_turbet2020_based
TOI-1194 b,0.19733460462103775,0.78574680333216,0.015702851293084553,0.007434318726065719,-0.006218577972348038,synthetic_turbet2020_based
Barnard d,0.1401207333690604,0.6762588292420615,0.013847640000578991,0.0026970407077110225,0.16707575668058805,synthetic_turbet2020_based
Kepler-1951 b,0.06149579921763223,0.6416536820868285,0.049463643033963646,0.0070478608389214735,0.24033901482265407,synthetic_turbet2020_based
HIP 114933 b,0.31322846050657893,0.2969170083086562,0.03712046216687185,0.011607262905138813,0.34112680611275426,synthetic_turbet2020_based
Kepler-1305 b,0.18005084012848965,0.5458713161515185,0.010174544860588615,0.005565107598047386,0.2583381912613557,synthetic_turbet2020_based
Kepler-598 b,0.19055225013143956,0.5029322748779933,0.0296605269221136,0.002563991990041517,0.27429095607841203,synthetic_turbet2020_based
HD 185283 b,0.617307801499932,0.017249045204180188,0.03908043623845422,0.008776670236679343,0.3175860468207542,synthetic_turbet2020_based
Kepler-1920 b,0.07149482588787368,0.5153274271241876,0.01780117870579309,0.0012417019923378514,0.39413486628980776,synthetic_turbet2020_based
HD 65216 b,0.7660294109660951,0.07299299531238829,0.03591509923540282,0.004492481925720229,0.12057001256039346,synthetic_turbet2020_based
Kepler-954 b,0.13325153689098582,0.4376397226544899,0.016172148748907378,0.009386151575976852,0.40355044012964003,synthetic_turbet2020_based
HATS-38 b,0.16422616217298452,0.769095638330067,0.04666721137997469,0.006844533553969667,0.013166454563004248,synthetic_turbet2020_based
Kepler-1388 c,0.18923579721682482,0.5666816412329854,0.010144649791397637,0.0015631400426154344,0.2323747717161767,synthetic_turbet2020_based
Gliese 12 b,0.13284619771024458,0.11907069063657205,0.024068095634010536,0.03805083228437431,0.6859641837347985,synthetic_turbet2020_based
Kepler-266 c,0.16859732099007427,0.6360853097378499,0.015857446982279182,0.007731114419333578,0.17172880787046296,synthetic_turbet2020_based
NGTS-30 b,0.10322028787063986,0.4051973394687185,0.021223544821309975,0.0039754049872688015,0.4663834228520629,synthetic_turbet2020_based
Kepler-1388 e,0.18227366056543087,0.2623740306375171,0.040397055903763614,0.03782208121650566,0.4771331716767827,synthetic_turbet2020_based
Kepler-1311 b,0.0708507617768398,0.7231335638825128,0.03708703846653295,0.002753539178332527,0.1661750966957819,synthetic_turbet2020_based
Kepler-1991 c,0.14721408954222748,0.5934046564014724,0.027574002474249,0.0020091084712514995,0.2297981431107996,synthetic_turbet2020_based
Kepler-126 d,0.1277456413767748,0.43997272358894546,0.016570135490170668,0.0021929168284728646,0.41351858271563624,synthetic_turbet2020_based
TOI-4029 b,0.1931162418605012,0.513945876177556,0.02420817294384031,0.003898725456664325,0.2648309835614381,synthetic_turbet2020_based
Kepler-2001 b,0.1847375667767216,0.6251863645339555,0.04676639595733247,0.0036993241524510604,0.13961034857953936,synthetic_turbet2020_based
Kepler-1247 b,0.06722520116479234,0.6224873810896698,0.0238214796716007,0.008217161501416735,0.27824877657252034,synthetic_turbet2020_based
Kepler-68 e,0.8638270226734976,0.05253161598163647,0.048854360963420336,0.005977117057099654,0.028809883324345864,synthetic_turbet2020_based
Kepler-1406 b,0.09063805900794689,0.5955902061377099,0.011492411696117104,0.00823601044236761,0.2940433127158585,synthetic_turbet2020_based
Kepler-1682 b,0.06521525762816315,0.523499395401202,0.032612661880197735,0.0013867761308220899,0.377285908959615,synthetic_turbet2020_based
Kepler-174 d,0.6237950697544344,0.07265047218517115,0.012871083722430749,0.005293745796226389,0.2853896285417372,synthetic_turbet2020_based
Kepler-326 b,0.10080434501311256,0.4912317631825666,0.017551155914546618,0.007870701643593216,0.38254203424618094,synthetic_turbet2020_based
GJ 3998 d,0.38546265794508483,0.12803594844066635,0.04838724876696508,0.03379050013900415,0.40432364470827953,synthetic_turbet2020_based
HD 205158 b,0.14624906080448857,0.6839705512570328,0.03816475561418324,0.008378299973671195,0.12323733235062428,synthetic_turbet2020_based
HD 219134 h,0.7450405954043092,0.058002272876323105,0.022953080098536638,0.0019473183440480535,0.17205673327678295,synthetic_turbet2020_based
K2-183 c,0.1496960286389329,0.4134439876745004,0.02102540204333473,0.0018480687800149025,0.4139865128632172,synthetic_turbet2020_based
NGTS-21 b,0.07860907359840771,0.6554923651589524,0.03513906520819673,0.004789494216961409,0.22597000181748172,synthetic_turbet2020_based
Kepler-1519 b,0.12705159294684737,0.18667478329188167,0.024109794874331736,0.038818366114237994,0.6233454627727013,synthetic_turbet2020_based
TCP J05074264+2447555 b,0.27370798245971556,0.1983131534673998,0.029479283292199808,0.04865187549041676,0.4498477052902681,synthetic_turbet2020_based
TOI-2459 b,0.1634441332555176,0.5987918241840512,0.029168904515559105,0.001238311911744671,0.20735682613312756,synthetic_turbet2020_based
Kepler-784 b,0.19137638949797103,0.5276695887069319,0.02023756327522975,0.009994680328489044,0.2507217781913782,synthetic_turbet2020_based
TOI-2641 b,0.1578034507256787,0.4189455093197152,0.012475419081023058,0.001229514075641781,0.40954610679794134,synthetic_turbet2020_based
Kepler-255 c,0.13994283492693038,0.42862580002478073,0.047335534273797227,0.009432158860204102,0.3746636719142875,synthetic_turbet2020_based
HD 51608 c,0.13190811001221198,0.6466555725583804,0.021675776061009993,0.0015757528816744601,0.19818478848672316,synthetic_turbet2020_based
TIC 434398831 c,0.16061906677877236,0.440714395499607,0.013422305640735726,0.0038010079828380144,0.3814432240980469,synthetic_turbet2020_based
TOI-3082 b,0.05186984897568231,0.5736142463025264,0.03830723640320307,0.008212140382797451,0.3279965279357906,synthetic_turbet2020_based
Kepler-1037 b,0.1406460955698382,0.7387496812455651,0.02626008815068441,0.008638948765544292,0.0857051862683681,synthetic_turbet2020_based
TOI-2141 d,0.1259709965747569,0.48921445119931817,0.04776582586641864,0.003474737864534049,0.33357398849497233,synthetic_turbet2020_based
HD 88133 b,0.05393022262816897,0.4970696171820108,0.02466750245029711,0.004162147149603377,0.4201705105899197,synthetic_turbet2020_based
TOI-1448 b,0.12870012641653578,0.7532507528143695,0.021693529084387965,0.00568693547163252,0.0906686562130743,synthetic_turbet2020_based
WISPIT 2 c,0.10102084305327191,0.7287092237492803,0.016304060531539134,0.0019315924147905266,0.1520342802511181,synthetic_turbet2020_based
K2-272 b,0.12544928798564026,0.6687550343061968,0.04182100804363066,0.0063066236761478486,0.15766804598838446,synthetic_turbet2020_based
TOI-3474 b,0.16607746419785013,0.5570840234243696,0.01131470681065876,0.002044893771114009,0.2634789117960076,synthetic_turbet2020_based
Kepler-825 c,0.05580839018434943,0.5315774601905972,0.02981965365074729,0.004206857352912455,0.37858763862139366,synthetic_turbet2020_based
Kepler-382 b,0.13408992125995883,0.5922436593971151,0.037117712074557614,0.0070026594720706565,0.22954604779629784,synthetic_turbet2020_based
Kepler-266 b,0.09770962206630193,0.5384857821444367,0.033405912865652136,0.006367892211017577,0.3240307907125918,synthetic_turbet2020_based
Kepler-1962 b,0.09720498704556998,0.5321271543101701,0.037761800527445884,0.006826697405884627,0.32607936071092936,synthetic_turbet2020_based
TOI-1266 d,0.14051524140393243,0.18820837593507866,0.045708243148423616,0.011452227044179008,0.6141159124683863,synthetic_turbet2020_based
Kepler-691 b,0.17827459197263207,0.46527126282565745,0.030289945298468637,0.004819027860307103,0.3213451720429348,synthetic_turbet2020_based
HD 142415 b,0.10303880120243765,0.2830793874179264,0.02819700909337223,0.048170731070424605,0.5375140712158392,synthetic_turbet2020_based
WASP-167 b,0.09301158514688268,0.746510309366389,0.046895582959825224,0.006011491747337026,0.10757103077956609,synthetic_turbet2020_based
K2-412 b,0.08040166818015763,0.674098972842288,0.0319591226611784,0.009500766992673635,0.20403946932370232,synthetic_turbet2020_based
Kepler-1441 b,0.11589080927157379,0.5074054590559288,0.015531480059764284,0.007287702118180116,0.35388454949455306,synthetic_turbet2020_based
CoRoT-28 b,0.19611644284708735,0.4113375082285594,0.039617814191125075,0.009342373263037,0.3435858614701912,synthetic_turbet2020_based
Kepler-37 c,0.06121723013410241,0.44406801804245327,0.03767828393798835,0.006831670383062096,0.45020479750239384,synthetic_turbet2020_based
Kepler-138 c,0.06032411229743686,0.7337691008604627,0.030936953913795695,0.009164776360029513,0.16580505656827527,synthetic_turbet2020_based
Kepler-46 d,0.1816986321489057,0.7250031076200664,0.030635955849776852,0.0032653957757448906,0.05939690860550617,synthetic_turbet2020_based
Kepler-1755 b,0.1258963255866699,0.44032455112071206,0.03635384593893705,0.002205794973061069,0.3952194823806199,synthetic_turbet2020_based
Teegarden's Star c,0.7533518887502169,0.014894377675013601,0.021980499610985835,0.003088724146028091,0.20668450981775566,synthetic_turbet2020_based
HD 219828 b,0.14300473140675057,0.7147146848090036,0.012292118181621046,0.008652553166398458,0.12133591243622632,synthetic_turbet2020_based
Kepler-835 b,0.1791151542431907,0.5369076297152091,0.036360162638812886,0.004623517285331046,0.24299353611745622,synthetic_turbet2020_based
Kepler-1666 c,0.07312863232844473,0.6114649674252441,0.013454386980063866,0.008906249398563892,0.29304576386768344,synthetic_turbet2020_based
Kepler-1143 b,0.18864346391144132,0.7286452548045614,0.03250112483023914,0.006018387320129095,0.04419176913362899,synthetic_turbet2020_based
KOI-4777.01,0.1976911064901395,0.49916067593247315,0.013037934636208299,0.006057468312410601,0.2840528146287685,synthetic_turbet2020_based
Kepler-79 d,0.0993178396715155,0.5289355091232177,0.010283414166797922,0.006366154685931397,0.35509708235253745,synthetic_turbet2020_based
Kepler-190 b,0.08960505534134211,0.47514341927707243,0.011617277255720149,0.004279254188280502,0.4193549939375848,synthetic_turbet2020_based
NGTS-17 b,0.1818453308579686,0.534668323038949,0.037162968404783746,0.007808922670617166,0.23851445502768154,synthetic_turbet2020_based
Kepler-354 c,0.09921512137852995,0.7286562940048166,0.03767518638667797,0.0060331800583085645,0.12842021817166693,synthetic_turbet2020_based
Kepler-1933 b,0.05014886960759434,0.41403630636912325,0.049634633764242535,0.008040555311532034,0.4781396349475079,synthetic_turbet2020_based
TOI-5811 B b,0.1906347888159421,0.7609212819672111,0.010817719325710034,0.008126625608119666,0.029499584283017022,synthetic_turbet2020_based
Kepler-1041 b,0.1176718616016732,0.7158232816002623,0.010268631366535406,0.0035937937108050785,0.152642431720724,synthetic_turbet2020_based
K2-70 b,0.16269856636869534,0.7172083154406359,0.03478858404858496,0.003711305705016374,0.08159322843706751,synthetic_turbet2020_based
TOI-5704 b,0.09655438869317945,0.7867055854568131,0.027568487169368182,0.005024129952194534,0.08414740872844462,synthetic_turbet2020_based
HATS-4 b,0.13284991253610495,0.5638009347457555,0.03210686258389657,0.004891018804908021,0.2663512713293349,synthetic_turbet2020_based
Kepler-121 b,0.17400723794032802,0.7636204079193136,0.04728441039261447,0.00607866585246448,0.009009277895279388,synthetic_turbet2020_based
HD 163607 b,0.11632228361967431,0.6820960235167353,0.04353294365183627,0.006066840178597395,0.15198190903315678,synthetic_turbet2020_based
TOI-1453 b,0.1549971532733392,0.6998917402884992,0.03705575106869147,0.007715202001563786,0.10034015336790625,synthetic_turbet2020_based
Kepler-395 c,0.16259359976679955,0.1996749094043595,0.03353074218420349,0.010099117234280924,0.5941016314103565,synthetic_turbet2020_based
TOI-7393 b,0.1783943763220523,0.6440098033779649,0.01516545326792813,0.008347213653182445,0.15408315337887213,synthetic_turbet2020_based
HIP 81991 b,0.8151170899321634,0.07824695891172734,0.025681698474474247,0.00868782256025493,0.07226643012138012,synthetic_turbet2020_based
Kepler-1965 b,0.11210413731985436,0.6282036611782366,0.010025692147994949,0.006803858032100761,0.2428626513218134,synthetic_turbet2020_based
DMPP-8 b,0.15772636881919053,0.626843746195517,0.02986235268174464,0.008289428263405375,0.17727810404014244,synthetic_turbet2020_based
Kepler-501 b,0.1522059075747863,0.5112296158880092,0.04836293352319944,0.007365404747758068,0.280836138266247,synthetic_turbet2020_based
TOI-892 b,0.1981908393368637,0.7885045265075474,0.0467563889124036,0.007798343871027769,-0.04125009862784257,synthetic_turbet2020_based
Kepler-1898 b,0.14141440527454513,0.46886826547316973,0.03173405669695031,0.007888388701548947,0.35009488385378584,synthetic_turbet2020_based
Kepler-1274 b,0.1281285738058352,0.7472956513622632,0.01438623596766793,0.004428463132437707,0.10576107573179594,synthetic_turbet2020_based
G 9-40 b,0.1258946627890486,0.5729301183476433,0.014343461912862124,0.002381754646401675,0.28445000230404427,synthetic_turbet2020_based
K2-46 b,0.1756425939283231,0.5937537036805804,0.011948897070109106,0.0011484213307988492,0.2175063839901885,synthetic_turbet2020_based
K2-199 c,0.121021310299149,0.4657514903697775,0.038205037839968876,0.008157911162749762,0.3668642503283549,synthetic_turbet2020_based
TOI-2005 b,0.08424450626856585,0.6368707779527123,0.01617778573941544,0.0037322438643494836,0.258974686174957,synthetic_turbet2020_based
Kepler-1065 b,0.18331932412721502,0.6176392365929244,0.04543554780576801,0.0030272302376155628,0.150578661236477,synthetic_turbet2020_based
TOI-7394 B b,0.09950365148729992,0.5883808553827269,0.029203203007781717,0.009978831704653305,0.27293345841753824,synthetic_turbet2020_based
HD 112300 b,0.06716679784566952,0.7407860142406364,0.044547281576874806,0.005978787683840087,0.14152111865297923,synthetic_turbet2020_based
TOI-5614 b,0.10160557523887308,0.6076904417153185,0.021698708192262554,0.008191967035959456,0.2608133078175864,synthetic_turbet2020_based
Kepler-793 b,0.12474187380654954,0.7703368715509803,0.03490765377424175,0.005628873998032151,0.06438472687019625,synthetic_turbet2020_based
Kepler-307 c,0.15666040309664786,0.6015731857720937,0.04618025401677789,0.0026600136479815717,0.19292614346649906,synthetic_turbet2020_based
Kepler-613 b,0.1960023025618859,0.7248762207404769,0.04442933447459479,0.005346170491339641,0.029345971731702836,synthetic_turbet2020_based
K2-138 g,0.17558023240063964,0.5227096334308821,0.04047792714256701,0.002264051425501204,0.25896815560041,synthetic_turbet2020_based
HD 128311 b,0.6921155747887526,0.05011593970237596,0.022892788725736878,0.004483154040617653,0.23039254274251697,synthetic_turbet2020_based
Kepler-20 b,0.17301571171755473,0.5026703568568671,0.03981124688618289,0.0016634086220048668,0.28283927591739044,synthetic_turbet2020_based
Kepler-1634 b,0.3297217322545183,0.2584046485659546,0.026067951020099282,0.03889911292669882,0.34690655523272906,synthetic_turbet2020_based
HD 715 b,0.1872707605617649,0.7202851894218107,0.025617860415878393,0.00535792162852058,0.061468267972025314,synthetic_turbet2020_based
Kepler-445 d,0.33380726343574163,0.1585189179698247,0.042155309612354946,0.023122845702437646,0.4423956632796411,synthetic_turbet2020_based
Kepler-1701 b,0.3417971747156615,0.11736008867014468,0.011775891876423606,0.04990701789479289,0.4791598268429773,synthetic_turbet2020_based
Kepler-1835 b,0.18041856848520338,0.7531390013864816,0.0480511979042647,0.004944846784730391,0.013446385439319974,synthetic_turbet2020_based
Kepler-1024 b,0.09302533320202283,0.45200999800716124,0.030048365341538583,0.0029804348842894708,0.421935868564988,synthetic_turbet2020_based
Kepler-1545 b,0.380665257021796,0.10080063248855582,0.015727869509724865,0.019859034123337074,0.4829472068565862,synthetic_turbet2020_based
Kepler-1774 b,0.07984350673897926,0.4903113746318841,0.03624190420244714,0.0039476087048183435,0.3896556057218712,synthetic_turbet2020_based
KOBE-1 b,0.142253657285506,0.7561031734585165,0.03410227062102808,0.007250795121577434,0.06029010351337194,synthetic_turbet2020_based
Kepler-1852 b,0.1048254947332036,0.4638953870490837,0.022823362497996245,0.009678543838336974,0.3987772118813795,synthetic_turbet2020_based
Kepler-1196 b,0.1432717076679706,0.5110044477736061,0.02803661068648415,0.00851961733687895,0.3091676165350602,synthetic_turbet2020_based
TOI-1221 b,0.15026653560586606,0.6242611362916674,0.04540651506535365,0.007051956149951113,0.17301385688716187,synthetic_turbet2020_based
Kepler-324 c,0.14640945961866433,0.4759072548843073,0.01425554732049631,0.009686279053516593,0.35374145912301547,synthetic_turbet2020_based
Kepler-1122 b,0.13982875551505292,0.5662733636585717,0.033560832836408705,0.0015563076496454384,0.2587807403403213,synthetic_turbet2020_based
Kepler-1826 b,0.17331909108561605,0.4866582142257344,0.042181840252717887,0.005809405989372496,0.29203144844655915,synthetic_turbet2020_based
HD 134606 c,0.09148580204853543,0.4120839792968282,0.042633334213064235,0.00258814127322376,0.45120874316834836,synthetic_turbet2020_based
TIC 150070085 b,0.05777076734598102,0.7023510923303524,0.024001728894919153,0.00450400605032485,0.2113724053784225,synthetic_turbet2020_based
HIP 75092 b,0.08706013809210786,0.7436713914787589,0.021893181044261283,0.002891733127759215,0.14448355625711262,synthetic_turbet2020_based
Kepler-828 b,0.09638745895042342,0.4812598300669588,0.0227062088322083,0.0017464260058135575,0.3979000761445959,synthetic_turbet2020_based
HD 5278 b,0.07377950436791876,0.5668211533584592,0.045178674223595054,0.0015156167205005728,0.3127050513295264,synthetic_turbet2020_based
Kepler-1157 b,0.08190120601400461,0.7633382702166386,0.04560058696639687,0.007115057499663472,0.10204487930329642,synthetic_turbet2020_based
Kepler-1610 b,0.08607103311428571,0.5679242244223144,0.018448839777518603,0.0021572965821268298,0.3253986061037544,synthetic_turbet2020_based
Kepler-1245 c,0.10699975917708374,0.6303286420281401,0.02439730701859221,0.006497420954193729,0.23177687082199028,synthetic_turbet2020_based
Kepler-297 d,0.18887642061379167,0.16917010555215806,0.041626943665784386,0.045132589235754327,0.5551939409325115,synthetic_turbet2020_based
Kepler-431 b,0.09830511222965782,0.6286063205381105,0.021126491355690724,0.0014800117753668478,0.250482064101174,synthetic_turbet2020_based
DMPP-4 b,0.1606785772040612,0.4684013932944602,0.027028500949876688,0.005383409440412412,0.3385081191111896,synthetic_turbet2020_based
Kepler-184 d,0.0776707376268659,0.43782214026535854,0.023920520586842825,0.009570573167952866,0.45101602835297994,synthetic_turbet2020_based
Kepler-1140 b,0.14227033849826323,0.552564091361161,0.011556432830968598,0.006402459532519737,0.2872066777770874,synthetic_turbet2020_based
TOI-1799 b,0.06383864614030589,0.6170176284190105,0.04007802033086972,0.0048122681346530775,0.2742534369751608,synthetic_turbet2020_based
Kepler-1696 b,0.09491172422247868,0.4189536935270395,0.010991115006463872,0.004870239126809691,0.4702732281172083,synthetic_turbet2020_based
Kepler-928 b,0.1825017906054452,0.4976251115172762,0.032962220231272855,0.007158752377117857,0.27975212526888793,synthetic_turbet2020_based
Kepler-153 c,0.059124480125204215,0.46124015032135085,0.02325107173678268,0.007030838567337135,0.44935345924932524,synthetic_turbet2020_based
HD 73256 c,0.7317105336684291,0.07607755613964208,0.04470391462292771,0.007825350489386887,0.13968264507961425,synthetic_turbet2020_based
HD 175541 b,0.1988370810969874,0.7017444274926599,0.044087167800298026,0.00849129722618501,0.04684002638386975,synthetic_turbet2020_based
HD 219134 g,0.319079728684014,0.26036036333117807,0.04738732911469641,0.0290082951410517,0.3441642837290597,synthetic_turbet2020_based
Kepler-708 b,0.14574305358688155,0.6059758886291091,0.04404147948768292,0.004882236425843567,0.19935734187048282,synthetic_turbet2020_based
WASP-54 b,0.17295901567170996,0.7197418300228555,0.048475444054743626,0.003240286293316769,0.055583423957374145,synthetic_turbet2020_based
K2-250 b,0.15644292648288688,0.7027677990589946,0.04745113971218663,0.00916212176249978,0.08417601298343214,synthetic_turbet2020_based
Kepler-1325 b,0.13602887925626728,0.6316612743455919,0.016691649136169176,0.009774664321813942,0.20584353294015767,synthetic_turbet2020_based
Kepler-703 b,0.08825261940551404,0.6898944873805168,0.041831800192212505,0.0049709395415024294,0.1750501534802542,synthetic_turbet2020_based
TOI-1533 c,0.0816790580043587,0.4755841536878747,0.044259840036063675,0.005596808380736634,0.3928801398909664,synthetic_turbet2020_based
Kepler-957 b,0.06352054730574001,0.6868077891051555,0.020006842112201183,0.008887552756757913,0.22077726872014547,synthetic_turbet2020_based
TOI-3856 b,0.09643576790449629,0.4801083320360573,0.013394337742197374,0.005603780229738828,0.40445778208751026,synthetic_turbet2020_based
Kepler-1740 b,0.11761063817274311,0.7005248578412572,0.028584103487721453,0.00409434372031934,0.14918605677795893,synthetic_turbet2020_based
Kepler-176 d,0.08924823734494161,0.5112586981879885,0.04711391607311256,0.0024857074187903112,0.34989344097516706,synthetic_turbet2020_based
K2-150 b,0.19822646368357255,0.5307677820768899,0.013535609416699899,0.0032382134270907852,0.25423193139574696,synthetic_turbet2020_based
Kepler-307 b,0.05876215693319281,0.7160119076655664,0.030502116501644222,0.004032879569801209,0.1906909393297952,synthetic_turbet2020_based
Kepler-755 c,0.1493074406947344,0.6522586103801281,0.047594883569103616,0.009651344650735416,0.1411877207052985,synthetic_turbet2020_based
Kepler-607 c,0.1521025663498108,0.7271263708976674,0.041697004013407146,0.005421731794299099,0.0736523269448156,synthetic_turbet2020_based
TOI-540 b,0.15566874320501256,0.4313036030734281,0.040320843326012275,0.00965649706473131,0.36305031333081583,synthetic_turbet2020_based
K2-320 b,0.06274621296886077,0.7344463138367419,0.04731920106597085,0.003035700008218559,0.15245257212020802,synthetic_turbet2020_based
Kepler-1523 b,0.12872167814138058,0.7711432901851955,0.04840904018091872,0.002150941459170847,0.0495750500333344,synthetic_turbet2020_based
GJ 463 b,0.7047012676666352,0.0728330177035771,0.018862339975437212,0.003922935657710328,0.19968043899664023,synthetic_turbet2020_based
Kepler-62 c,0.05349365900070399,0.46140867237247957,0.032493179776709756,0.006877810596737645,0.4457266782533691,synthetic_turbet2020_based
HD 222582 b,0.2946735493287511,0.2556720941556433,0.02661125654955166,0.02093962864964622,0.40210347131640767,synthetic_turbet2020_based
Kepler-210 c,0.052337105006378754,0.4826519304209548,0.02249551248808149,0.00260386170832419,0.4399115903762608,synthetic_turbet2020_based
Kepler-1551 b,0.05302167072449034,0.46297904346607666,0.0366439821427029,0.006666268748253363,0.44068903491847666,synthetic_turbet2020_based
Kepler-1174 b,0.1903525459097064,0.7192673165589237,0.03271024467364765,0.002238007127438902,0.05543188573028324,synthetic_turbet2020_based
Kepler-269 c,0.13461077283877354,0.42463802436567233,0.02723539589643411,0.00451232766052476,0.40900347923859526,synthetic_turbet2020_based
Kepler-607 b,0.11417207140444126,0.511930367357915,0.03743321790495295,0.008568500205689016,0.3278958431270018,synthetic_turbet2020_based
Kepler-1981 b,0.16527754888984664,0.6511008383163521,0.031533791973320534,0.0012797576200722733,0.15080806320040852,synthetic_turbet2020_based
TOI-6041 c,0.1584400998037882,0.617993175831399,0.020829642026555475,0.003950578349680975,0.19878650398857634,synthetic_turbet2020_based
HD 109833 c,0.1903410179704612,0.6497448980468908,0.02903649738630113,0.00658829565737567,0.12428929093897123,synthetic_turbet2020_based
Kepler-1082 b,0.11206134874784857,0.5880729092812065,0.021612370268306817,0.004958679705324801,0.27329469199731327,synthetic_turbet2020_based
Kepler-431 d,0.15283883486568658,0.4159767700345877,0.041801096291846196,0.0035468158677518158,0.38583648294012773,synthetic_turbet2020_based
WASP-170 b,0.15238396901487497,0.6570901258720241,0.036105121965652215,0.006473160246302226,0.1479476229011466,synthetic_turbet2020_based
K2-74 b,0.19386527571043027,0.6033376650781563,0.03929276462061406,0.0073490439811112,0.15615525060968816,synthetic_turbet2020_based
TOI-1246 d,0.08544013659174957,0.5133223356747303,0.026960683926278713,0.0034992813741688833,0.3707775624330726,synthetic_turbet2020_based
Kepler-372 d,0.10501146483949397,0.5563842455713224,0.03415458243753376,0.002979010384615555,0.3014706967670343,synthetic_turbet2020_based
HD 25723 b,0.17064377988150312,0.5750145427086019,0.038249764467329875,0.001732982331167361,0.21435893061139777,synthetic_turbet2020_based
TOI-7155 b,0.12049480911865505,0.41128781287093136,0.037036399672622594,0.004093390692973627,0.42708758764481736,synthetic_turbet2020_based
Kepler-84 b,0.1923879221158743,0.5296496858405678,0.03255223592070908,0.0033164881812515323,0.24209366794159726,synthetic_turbet2020_based
TOI-3353.01,0.14301689434210108,0.5868169400532939,0.024825130460225317,0.0028332041417216194,0.24250783100265816,synthetic_turbet2020_based
Kepler-1555 b,0.0667282015957183,0.4479516535826693,0.04996160070022213,0.004710796541715113,0.43064774757967517,synthetic_turbet2020_based
Kepler-1725 b,0.05028945618100092,0.7811715162504058,0.010799196969192506,0.004767275129990803,0.15297255546941002,synthetic_turbet2020_based
TOI-2104 b,0.1576216378955984,0.7658396977487048,0.03851545165728404,0.0051726317941001064,0.0328505809043127,synthetic_turbet2020_based
Kepler-120 b,0.19616630584761552,0.4157277532133082,0.049475688101520324,0.00864452396537595,0.32998572887218003,synthetic_turbet2020_based
Kepler-627 b,0.18933950256895388,0.5019089696390147,0.01569832289137079,0.006969837514354302,0.28608336738630635,synthetic_turbet2020_based
Kepler-1326 b,0.127378915697918,0.6092671842977518,0.046984767139328705,0.006580728159879361,0.20978840470512206,synthetic_turbet2020_based
TOI-1184 b,0.0966595752656885,0.5600266225671504,0.01533983340367405,0.0027308263624812043,0.3252431424010058,synthetic_turbet2020_based
G 192-15 b,0.07150251053143078,0.7241165364845419,0.038194938718884755,0.005773105158497667,0.16041290910664485,synthetic_turbet2020_based
HATS-61 b,0.10615517504413563,0.6673977161297402,0.04251621390783044,0.008931098941045382,0.17499979597724835,synthetic_turbet2020_based
Kepler-684 b,0.13205243423095003,0.7279540487278804,0.030452238136507805,0.005270770802691018,0.1042705081019708,synthetic_turbet2020_based
WASP-159 b,0.17981477834331505,0.5545495745058656,0.025836507161628094,0.0037442021075642456,0.236054937881627,synthetic_turbet2020_based
K2-26 b,0.1278052592441925,0.6179400134757843,0.03641844581241828,0.004874520790986135,0.21296176067661876,synthetic_turbet2020_based
TIC 9344899 b,0.08267559378253991,0.7467368249655504,0.023840034689520576,0.009306490778561573,0.1374410557838276,synthetic_turbet2020_based
WASP-194 b,0.08110299995396837,0.6240229904944923,0.03146460374117809,0.008457830631342958,0.25495157517901823,synthetic_turbet2020_based
Kepler-1956 b,0.07082770801262447,0.7639748691669845,0.031257126886882806,0.006274984455229299,0.12766531147827886,synthetic_turbet2020_based
K2-335 b,0.12652494399466507,0.4144099627345066,0.029883626472263926,0.003371946964092915,0.42580951983447146,synthetic_turbet2020_based
Kepler-352 c,0.10140322705667473,0.659640639674856,0.02990788517896424,0.0018389639140071442,0.2072092841754979,synthetic_turbet2020_based
Kepler-1175 b,0.06095619121426384,0.47426307824694813,0.017635405862888948,0.006474706812742284,0.44067061786315675,synthetic_turbet2020_based
TOI-2453 b,0.07667216960683143,0.7526877693099083,0.018390426424536525,0.0018201830088374438,0.1504294516498863,synthetic_turbet2020_based
TOI-3523 A b,0.18136190245394707,0.5181310304306932,0.027016905193349434,0.009631237456111982,0.2638589244658984,synthetic_turbet2020_based
Kepler-1586 b,0.19165538287366612,0.6859667557059672,0.012757558069302188,0.006340061128702578,0.10328024222236187,synthetic_turbet2020_based
TOI-1062 c,0.1983616902563387,0.7787664913695922,0.014240099700797714,0.004563705727813318,0.004068012945457999,synthetic_turbet2020_based
Kepler-30 b,0.09733051188542591,0.45189124276196224,0.03779193244995044,0.003464635279242131,0.4095216776234193,synthetic_turbet2020_based
Kepler-1285 b,0.10172987046879468,0.4361435506805672,0.029918702351146624,0.0024235107728685086,0.42978436572662304,synthetic_turbet2020_based
TOI-1230.01,0.11481356353692337,0.4573368888413206,0.04815399559800583,0.0023048427987742834,0.37739070922497586,synthetic_turbet2020_based
Kepler-416 b,0.128283073077595,0.478791930127595,0.01305447213890437,0.0028207775695788836,0.37704974708632677,synthetic_turbet2020_based
Kepler-416 c,0.05821611610856542,0.45575895324839555,0.029739366310528682,0.006866339689518169,0.4494192246429922,synthetic_turbet2020_based
KOI-142 c,0.06310097226076752,0.5764074495617074,0.033249880914134076,0.0031080310858995538,0.3241336661774915,synthetic_turbet2020_based
HD 114082 b,0.10581176172740382,0.4287339478934435,0.018805243209323797,0.0052007763332704605,0.44144827083655847,synthetic_turbet2020_based
Kepler-103 c,0.19856632683879838,0.7985060251756534,0.04918486724497152,0.004807777476702949,-0.0510649967361263,synthetic_turbet2020_based
Kepler-433 b,0.06210205676219976,0.5294293748997334,0.019508575014839092,0.0011271391741886913,0.3878328541490391,synthetic_turbet2020_based
CoRoT-8 b,0.06428504154325632,0.5812767740196265,0.023586498552171882,0.0026231834947103476,0.32822850239023493,synthetic_turbet2020_based
Kepler-361 c,0.15741499559881209,0.5428462383586474,0.044074714229861776,0.003168794442368056,0.25249525737031064,synthetic_turbet2020_based
TOI-5728 b,0.13075902351299373,0.473655686859673,0.02981202465543368,0.002372198580805476,0.36340106639109415,synthetic_turbet2020_based
Kepler-568 b,0.0742367936557283,0.6448893508168063,0.020551441687030672,0.002551305039078226,0.25777110880135645,synthetic_turbet2020_based
Kepler-1923 b,0.189465237520261,0.4172013002960204,0.03260592450783549,0.005934374576499388,0.3547931630993837,synthetic_turbet2020_based
Kepler-1208 b,0.08759133116045897,0.5811086980451272,0.013509511323305419,0.007491431313314971,0.3102990281577933,synthetic_turbet2020_based
Kepler-406 c,0.0832545722565235,0.47735414393062237,0.022595139131100124,0.009121329282368279,0.40767481539938577,synthetic_turbet2020_based
Kepler-1910 b,0.16946999724253142,0.7787569164535031,0.03607849384132342,0.00696629359928879,0.008728298863353245,synthetic_turbet2020_based
Kepler-1655 b,0.12200464991393256,0.7620745293467902,0.03043508597081316,0.004195540637155222,0.08129019413130889,synthetic_turbet2020_based
HD 191939 g,0.29211250297529956,0.2092278986801927,0.014960792612395819,0.025709016556497183,0.4579897891756147,synthetic_turbet2020_based
HD 87816 c,0.693997623328344,0.08621503975100187,0.02515370227892435,0.008393997093750036,0.18623963754797979,synthetic_turbet2020_based
Kepler-185 c,0.11635843908514185,0.7014002253782441,0.015411277140447597,0.009321851976926164,0.15750820641924035,synthetic_turbet2020_based
TOI-707 b,0.12208398361983776,0.5039192982505226,0.019659584254592275,0.003385695597174748,0.3509514382778727,synthetic_turbet2020_based
Kepler-738 b,0.10500862593769517,0.6870078130702467,0.047984121716031745,0.00702133687111269,0.15297810240491372,synthetic_turbet2020_based
Kepler-725 c,0.26414988128323025,0.18971956160342693,0.043127778681504664,0.0439862880978428,0.4590164903339954,synthetic_turbet2020_based
Kepler-658 b,0.0939556511649228,0.7813680994613721,0.025804614528255283,0.008200702622723752,0.09067093222272604,synthetic_turbet2020_based
HD 235088 b,0.195022981712335,0.6814632403422445,0.01646202905804775,0.006275232596565378,0.10077651629080742,synthetic_turbet2020_based
Kepler-93 b,0.06781656846433677,0.7156568159475706,0.021252606954955316,0.007256933407540168,0.18801707522559707,synthetic_turbet2020_based
Kepler-596 b,0.18651345111952988,0.472403940268069,0.02571431354404667,0.006824069092662097,0.3085442259756924,synthetic_turbet2020_based
K2-174 b,0.11294878892142518,0.4699275766498861,0.01116286456675188,0.004659383293317667,0.40130138656861913,synthetic_turbet2020_based
TOI-2154 b,0.14738135398728808,0.6295936832609955,0.016249649590425696,0.00505624099480648,0.20171907216648421,synthetic_turbet2020_based
Kepler-1357 b,0.10542065692718794,0.50968096091736,0.03917084975441557,0.003786868270244659,0.3419406641307918,synthetic_turbet2020_based
Kepler-1807 b,0.1310212928499544,0.7692894141078467,0.0315710392901433,0.006553206191445048,0.06156504756061054,synthetic_turbet2020_based
GJ 3378 b,0.12197379585026544,0.13562682874834725,0.014038047971924539,0.04059251793423361,0.6877688094952292,synthetic_turbet2020_based
Kepler-256 b,0.1753881621375264,0.47458211727783106,0.01877087003692364,0.003908865605435047,0.32734998494228384,synthetic_turbet2020_based
NGTS-31 b,0.13866164254307534,0.6487184775200079,0.0374701583416583,0.009146734805921163,0.16600298678933723,synthetic_turbet2020_based
TOI-2525 c,0.09425602107448072,0.6635035956827102,0.03238891383110769,0.0037525351637131043,0.2060989342479883,synthetic_turbet2020_based
Kepler-574 b,0.18611227798905106,0.43819336478368703,0.03848004107328206,0.007550863417203418,0.32966345273677644,synthetic_turbet2020_based
Kepler-1062 b,0.18729897915349425,0.6074322369405415,0.022864893528769838,0.008449666028740185,0.1739542243484542,synthetic_turbet2020_based
HD 28185 c,0.8312430845497178,0.05502840529775234,0.04071429502535245,0.0034108804186953473,0.06960333470848212,synthetic_turbet2020_based
TOI-1836 c,0.1384259495605202,0.7460733819151503,0.0227193801846605,0.00535194984187669,0.08742933849779233,synthetic_turbet2020_based
Kepler-414 b,0.19265672812593343,0.7192847367886948,0.04548156081322211,0.004467223548014017,0.038109750724135694,synthetic_turbet2020_based
Kepler-411 d,0.19947578894518386,0.4610262418735252,0.03075082332865236,0.005313460440666245,0.30343368541197235,synthetic_turbet2020_based
Kepler-247 c,0.16976482862002018,0.7634471090060049,0.03924557507632239,0.006641346125172726,0.020901141172479765,synthetic_turbet2020_based
Kepler-725 b,0.11411437862727557,0.6041303668302938,0.030372012528992874,0.001183316263159399,0.2501999257502784,synthetic_turbet2020_based
K2-317 b,0.12545687072415168,0.7423883200696499,0.03837096044568993,0.008161377599125044,0.08562247116138344,synthetic_turbet2020_based
Kepler-1375 b,0.10857274846527816,0.6115892947651833,0.011339342759884019,0.004446981479524093,0.2640516325301304,synthetic_turbet2020_based
TOI-6478 b,0.7423248134677932,0.032968800963917355,0.011249639159625993,0.00721367297901057,0.20624307342965287,synthetic_turbet2020_based
Kepler-1338 b,0.1152631626273265,0.5662712772448937,0.019999470161140356,0.005840473590982154,0.2926256163756573,synthetic_turbet2020_based
WASP-59 b,0.11570401719060973,0.5895937892116364,0.03323485393745528,0.0010569218251576182,0.26041041783514096,synthetic_turbet2020_based
K2-63 c,0.1861543855307634,0.4284349587780325,0.02803698989263978,0.002866355877154433,0.3545073099214098,synthetic_turbet2020_based
Kepler-1539 b,0.2571347108109626,0.15604602175942756,0.04440025992250416,0.025854393358496812,0.5165646141486089,synthetic_turbet2020_based
Kepler-614 b,0.1458133333652656,0.4995518912591516,0.0107762460197607,0.004637390820519486,0.33922113853530256,synthetic_turbet2020_based
Kepler-257 c,0.13047297343374353,0.5838188605047001,0.0484805745527544,0.007361552564614256,0.22986603894418767,synthetic_turbet2020_based
TOI-5398 b,0.1993504700938093,0.5180240361255888,0.041562131184285867,0.006000026207919526,0.2350633363883965,synthetic_turbet2020_based
TOI-1820 b,0.14176405316727492,0.7943412801769312,0.03615948799004468,0.009089352031032262,0.018645826634717033,synthetic_turbet2020_based
Kepler-1220 b,0.15886253520788707,0.45095444868990003,0.0379769484128925,0.005358840298169338,0.34684722739115104,synthetic_turbet2020_based
TOI-938 b,0.1878196989473514,0.7227337788761821,0.014165387504289008,0.0022052407928820263,0.07307589387929558,synthetic_turbet2020_based
Kepler-192 d,0.06044165026979084,0.597297949897847,0.013230870368294121,0.007513105029172247,0.3215164244348958,synthetic_turbet2020_based
Kepler-825 b,0.1328537872175649,0.734354007021257,0.02119183154685265,0.005672267057450268,0.10592810715687517,synthetic_turbet2020_based
Kepler-1414 b,0.06762195288658165,0.7538440010601122,0.01700019849159353,0.001921260262153645,0.15961258729955896,synthetic_turbet2020_based
HD 86950 b,0.0807575897784775,0.7224925954891926,0.014232581107387312,0.0065298474535434945,0.17598738617139909,synthetic_turbet2020_based
Kepler-1150 b,0.16192719509226888,0.7004324641931485,0.017602435464325245,0.001554615985398508,0.11848328926485874,synthetic_turbet2020_based
Kepler-1765 b,0.11732095756583265,0.48099413809781844,0.037970832360557524,0.0042102351968987895,0.35950383677889264,synthetic_turbet2020_based
Kepler-831 b,0.11740309115496983,0.44539397324068475,0.03270201146192767,0.002669717706687166,0.40183120643573067,synthetic_turbet2020_based
K2-257 b,0.1518478491372406,0.4284675290191575,0.049035783691252936,0.007160742807272306,0.36348809534507664,synthetic_turbet2020_based
Kepler-27 d,0.07725943517178893,0.40563785818474235,0.02337851568820875,0.002375319376469867,0.49134887157879015,synthetic_turbet2020_based
HIP 29442 d,0.0827616999679319,0.7491001033751559,0.03412818640203398,0.0025881188772600957,0.13142189137761817,synthetic_turbet2020_based
Kepler-196 b,0.13349891010311732,0.5023122613699973,0.04904803457432357,0.0012948150723732575,0.3138459788801885,synthetic_turbet2020_based
Kepler-806 b,0.15984776332517228,0.709198810476571,0.01268651055830801,0.0025468242780821645,0.11572009136186656,synthetic_turbet2020_based
Kepler-1854 b,0.10764599886559365,0.7472619306116272,0.031479997536739975,0.006897761650065616,0.10671431133597353,synthetic_turbet2020_based
TOI-5624 b,0.16745192531852643,0.731249115335008,0.029051381723347244,0.005579138248961332,0.066668439374157,synthetic_turbet2020_based
Kepler-739 b,0.15770087856316695,0.5053369434942506,0.04417958945462098,0.0011870814202825741,0.2915955070676789,synthetic_turbet2020_based
HD 204313 b,0.6587314806629174,0.08201799487328529,0.02361032847570689,0.002348495494230754,0.2332917004938596,synthetic_turbet2020_based
Kepler-129 d,0.656026426713421,0.057768076174246265,0.043847261173799515,0.0016358564419399954,0.24072237949659314,synthetic_turbet2020_based
Kepler-389 c,0.05457213636869741,0.5860672543347373,0.04824749660214539,0.003511088230727138,0.3076020244636929,synthetic_turbet2020_based
K2-158 c,0.1938755808600573,0.7550724706360006,0.021325403055500444,0.008352532578305321,0.021374012870136294,synthetic_turbet2020_based
Kepler-864 c,0.15288009538532282,0.6047289555619029,0.02691664572171499,0.008339524803329113,0.2071347785277301,synthetic_turbet2020_based
TOI-5800 b,0.16896191490425322,0.7027745343770238,0.04993023804861184,0.005306612148472455,0.07302670052163873,synthetic_turbet2020_based
TOI-2803 A b,0.1710384466729874,0.7449913467933914,0.01846410325814736,0.0013785979784775488,0.06412750529699629,synthetic_turbet2020_based
Kepler-1462 b,0.11071226032828696,0.7426946737747104,0.021564131247780408,0.007300091386606818,0.11772884326261535,synthetic_turbet2020_based
HD 191939 b,0.051102220859639405,0.5421457729280952,0.03462066779032605,0.002167814710651032,0.36996352371128827,synthetic_turbet2020_based
HD 212771 b,0.1844910368221151,0.46250959084683174,0.04639174180015979,0.0029475037781467725,0.30366012675274656,synthetic_turbet2020_based
Kepler-1695 b,0.19914180108737617,0.6418994853182364,0.013373795777532452,0.0015874951103079387,0.14399742270654703,synthetic_turbet2020_based
TOI-1782.02,0.06123825443892032,0.6359570989163807,0.04238316809309541,0.004626664675934552,0.25579481387566905,synthetic_turbet2020_based
WASP-119 b,0.11672536389227929,0.6357150814658512,0.03132162419145423,0.007192555597911432,0.20904537485250385,synthetic_turbet2020_based
Kepler-893 b,0.120767858024454,0.685544274025627,0.049892429701865366,0.004152680580238885,0.13964275766781475,synthetic_turbet2020_based
Kepler-1487 c,0.051832319437302626,0.4502500182206619,0.032140567399478154,0.004098320084301868,0.4616787748582555,synthetic_turbet2020_based
KOI-7913 b,0.19099738905574892,0.6509784360429531,0.03081420743861872,0.008182355511448169,0.11902761195123102,synthetic_turbet2020_based
TOI-1472 c,0.08878848065736428,0.727895416112944,0.010122444194563719,0.0065770962592214596,0.16661656277590653,synthetic_turbet2020_based
Kepler-1239 b,0.1902135726568669,0.715143980813548,0.044145367685894374,0.0045725922565435055,0.045924486587147206,synthetic_turbet2020_based
Kepler-1902 b,0.17363584191501896,0.6203326660121067,0.034741609460127956,0.0015302380540222317,0.16975964455872417,synthetic_turbet2020_based
Kepler-297 b,0.08023275457615883,0.6203857662054211,0.012352042312939907,0.00767302125928942,0.27935641564619074,synthetic_turbet2020_based
Kepler-351 d,0.3520171025565705,0.28407247225896093,0.014070738367192238,0.04758880992091201,0.30225087689636443,synthetic_turbet2020_based
K2-136 d,0.06014300114439425,0.5896224863711261,0.043610040825112474,0.0016328002470800984,0.3049916714122871,synthetic_turbet2020_based
Kepler-789 b,0.05273466094834755,0.4099790874826603,0.03045080957744134,0.008304370701369967,0.4985310712901808,synthetic_turbet2020_based
K2-279 b,0.06911400066088995,0.44984410163181626,0.032741874201991664,0.0031086604073073134,0.4451913630979948,synthetic_turbet2020_based
nu Oph c,0.3190641205434622,0.28992707763535,0.040641336264016524,0.04508701465515666,0.3052804509020146,synthetic_turbet2020_based
KOI-1599.02,0.12793790863575055,0.7329277216870134,0.017316127359467297,0.0016151310135606466,0.12020311130420802,synthetic_turbet2020_based
HD 109833 b,0.1483929665187029,0.4207810015032224,0.04569925676558722,0.007223987323966768,0.3779027878885207,synthetic_turbet2020_based
HIP 71135 b,0.38566021762267366,0.16277733126264712,0.029446332368064834,0.03966761460180476,0.3824485041448096,synthetic_turbet2020_based
K2-147 b,0.0864168478191231,0.6167395280446668,0.03637869100021912,0.009809277890023373,0.25065565524596756,synthetic_turbet2020_based
Kepler-11 d,0.16170549413635774,0.4472523401116296,0.029013338055332412,0.006298937046906149,0.3557298906497741,synthetic_turbet2020_based
K2-131 b,0.07199347142965291,0.5727864227924314,0.02136023265343292,0.0020694478803582337,0.3317904252441245,synthetic_turbet2020_based
Kepler-218 d,0.1268062900195182,0.4662532324049382,0.03362149634342893,0.002527272390176789,0.3707917088419379,synthetic_turbet2020_based
TOI-6054.01,0.15853923854042318,0.4780966492118682,0.045851404031045984,0.0012358842089392798,0.3162768240077234,synthetic_turbet2020_based
Kepler-1937 b,0.12829960805686041,0.5280419063546188,0.019003061030983634,0.005244425012486333,0.3194109995450508,synthetic_turbet2020_based
HAT-P-56 b,0.17630293044863915,0.7661108822106595,0.02212994472591383,0.002388192598855641,0.03306805001593194,synthetic_turbet2020_based
HD 8574 b,0.15802106713494612,0.6327994901823953,0.018040645947102397,0.007842662092786931,0.18329613464276917,synthetic_turbet2020_based
HATS-71 b,0.12783956528632118,0.661358079802963,0.02437356135853555,0.004951878051721384,0.18147691550045897,synthetic_turbet2020_based
K2-341 b,0.07705131475624133,0.7026063470581364,0.016280452966071675,0.008004723352759553,0.1960571618667909,synthetic_turbet2020_based
GJ 1061 b,0.16970117823268793,0.6986403856220487,0.010776911522349617,0.0034581989134600624,0.11742332570945369,synthetic_turbet2020_based
Kepler-102 b,0.12025066141877207,0.6382177514867183,0.04676888397476201,0.004380453749158321,0.19038224937058934,synthetic_turbet2020_based
Kepler-731 b,0.18125349781609312,0.46537171525473464,0.02485121950034508,0.001470538097391907,0.3270530293314352,synthetic_turbet2020_based
Kepler-915 b,0.16137339365834336,0.4602611029731652,0.02028080062593831,0.007977099269738934,0.3501076034728142,synthetic_turbet2020_based
TIC 241249530 b,0.1302075076134065,0.40558908776738506,0.010089408189895885,0.005595945685659074,0.4485180507436536,synthetic_turbet2020_based
TOI-5795 b,0.09574332706237923,0.47212457839807087,0.03454375750864444,0.003055928245456844,0.3945324087854486,synthetic_turbet2020_based
Kepler-1315 b,0.1388310724527422,0.5517063802345092,0.01746984870679159,0.002242942640818738,0.2897497559651383,synthetic_turbet2020_based
TOI-5599 b,0.08552909046909321,0.4119328432051941,0.02232507848145074,0.00911759221163615,0.4710953956326259,synthetic_turbet2020_based
Kepler-1912 b,0.17470431888245425,0.5488015026878637,0.03303334474327215,0.006106245031126526,0.23735458865528347,synthetic_turbet2020_based
TOI-1260 c,0.17431063087905685,0.4945160406067863,0.021855499551720496,0.003716068903710504,0.30560176005872597,synthetic_turbet2020_based
Kepler-306 e,0.056130498465751154,0.5258751453156769,0.045116551063520284,0.009207888828143329,0.36366991632690837,synthetic_turbet2020_based
HD 10442 b,0.632890603730565,0.05122526874565883,0.025253956063505563,0.005404232769610492,0.28522593869066015,synthetic_turbet2020_based
Kepler-198 c,0.1332079286088016,0.40810350400709844,0.043689689916846436,0.009762976658560046,0.40523590080869343,synthetic_turbet2020_based
Kepler-129 b,0.14801072180054636,0.6641808953973477,0.031119194313228335,0.0040084607054294355,0.1526807277834482,synthetic_turbet2020_based
Kepler-1549 b,0.14469334725385635,0.2168126685392101,0.011797656140368283,0.04298010270767496,0.5837162253588903,synthetic_turbet2020_based
HD 8326 b,0.22627350984118466,0.18295084483239496,0.02308683433903623,0.04877415554794346,0.5189146554394406,synthetic_turbet2020_based
Kepler-1800 b,0.07623754291560783,0.4605231285900845,0.01662126006180121,0.006926747345656877,0.4396913210868496,synthetic_turbet2020_based
TOI-1742 b,0.1987842978094398,0.4941900681607019,0.046224695882699514,0.003507549032873552,0.25729338911428523,synthetic_turbet2020_based
BD+45 564 b,0.7943699760375901,0.013644905674003095,0.02982615898304756,0.006891129696510837,0.15526782960884844,synthetic_turbet2020_based
HD 11343 c,0.1304479665833943,0.4951341539527165,0.04313987793071662,0.009731228601144164,0.3215467729320285,synthetic_turbet2020_based
TOI-2295 b,0.11887941435380982,0.6543677060757015,0.041616530733822904,0.003173401545596146,0.18196294729106965,synthetic_turbet2020_based
Kepler-656 c,0.17966755728931783,0.5120803621239991,0.041033232140609555,0.002008893091837799,0.26520995535423575,synthetic_turbet2020_based
Kepler-1941 b,0.09325800551212546,0.6134479735759472,0.030996883828172603,0.008653880660377297,0.2536432564233775,synthetic_turbet2020_based
Kepler-1311 d,0.1994190886457911,0.44288433834405627,0.020855525313001482,0.004218383892007682,0.3326226638051435,synthetic_turbet2020_based
Kepler-1316 b,0.12183776117150077,0.5975638972617596,0.04424780252593667,0.007935033725065899,0.22841550531573707,synthetic_turbet2020_based
TOI-6954 b,0.052827736855693,0.5820087042332752,0.03472295352976355,0.005143560283837212,0.32529704509743107,synthetic_turbet2020_based
WASP-7 b,0.06959678840385536,0.5589896334762593,0.026466227805189445,0.002689443302047829,0.342257907012648,synthetic_turbet2020_based
DS Tuc A b,0.16344606717064303,0.5285602720569907,0.03355949162274465,0.005641571628628908,0.2687925975209927,synthetic_turbet2020_based
TOI-128.01,0.18161406188245832,0.4488059727451353,0.014570520330138406,0.0037028770221071423,0.3513065680201608,synthetic_turbet2020_based
TOI-209 b,0.11468224521887527,0.5194168995008559,0.040527483295809755,0.003207392587983697,0.3221659793964753,synthetic_turbet2020_based
TOI-261.01,0.06271621141583672,0.565519923953659,0.04093517152553936,0.008655057492280672,0.3221736356126842,synthetic_turbet2020_based
TOI-261.02,0.16000172725450262,0.6231546713998977,0.03896766806996707,0.007132505817734753,0.17074342745789783,synthetic_turbet2020_based
TOI-262 b,0.08515499487425914,0.6203035568812776,0.04082437330553728,0.003854085956876244,0.24986298898204984,synthetic_turbet2020_based
TOI-2040 b,0.1480959720075397,0.5925921710075195,0.030126354037800798,0.0018104953400394377,0.2273750076071006,synthetic_turbet2020_based
TOI-2227 b,0.149932574795807,0.7462748141418081,0.01565725152103451,0.004294950959948045,0.0838404085814024,synthetic_turbet2020_based
TOI-2977 b,0.057300118226125255,0.41185275439055646,0.04958633986686976,0.005441243574757462,0.475819543941691,synthetic_turbet2020_based
Kepler-256 d,0.10332785279528697,0.5099508306500076,0.04920050579779837,0.0032702570696951532,0.3342505536872119,synthetic_turbet2020_based
K2-90 c,0.1588562593606615,0.5135032383223735,0.012819580214276765,0.007149489530661472,0.30767143257202667,synthetic_turbet2020_based
HD 11506 d,0.6004892542889595,0.07081736604045126,0.020015063959592926,0.007714938088643512,0.3009633776223527,synthetic_turbet2020_based
Kepler-1118 b,0.16546252510259743,0.6896428955270152,0.010979337658704416,0.007333629576793917,0.12658161213488905,synthetic_turbet2020_based
K2-247 c,0.1985218421083645,0.49705014741024917,0.020969542889013544,0.008321738946224858,0.2751367286461479,synthetic_turbet2020_based
K2-322 b,0.07405952075841209,0.6642334702018207,0.040201055100023135,0.0013344459563742147,0.22017150798336993,synthetic_turbet2020_based
HD 141004 b,0.13306431413978392,0.6303509034143532,0.022137715895671768,0.008887102024577657,0.20555996452561343,synthetic_turbet2020_based
Kepler-168 c,0.07441245789497847,0.5456778838023443,0.043946747485893174,0.0027157848094539324,0.3332471260073302,synthetic_turbet2020_based
Kepler-419 b,0.17320612044915126,0.4316276709471823,0.029569162687599605,0.0016779759620113308,0.36391906995405554,synthetic_turbet2020_based
TOI-4153 b,0.15168553775922716,0.7162405956222402,0.043994341929872116,0.009831360256695901,0.07824816443196458,synthetic_turbet2020_based
TOI-1422 c,0.15080235834493805,0.7076247655360082,0.030230331132853172,0.009214632110630137,0.10212791287557055,synthetic_turbet2020_based
TOI-4155 b,0.1465637573299194,0.7534205625005375,0.019418080680555234,0.005470640026462579,0.07512695946252523,synthetic_turbet2020_based
GJ 9689 b,0.1594728381595706,0.48108870182507335,0.01845359173047913,0.00980238466365074,0.33118248362122626,synthetic_turbet2020_based
Kepler-169 d,0.11519155411058092,0.4727261811695087,0.02325855527926024,0.004576385334393331,0.38424732410625684,synthetic_turbet2020_based
Kepler-191 d,0.1434627886205332,0.769205863619101,0.049463603036883644,0.0068652888302000135,0.0310024558932821,synthetic_turbet2020_based
K2-8 b,0.15498835411965872,0.5287316678786357,0.044286343817949964,0.002960185016982834,0.26903344916677285,synthetic_turbet2020_based
HATS-33 b,0.06595709739664514,0.7893023960390604,0.044565547072821295,0.0037328062108432005,0.09644215328063,synthetic_turbet2020_based
Kepler-1464 b,0.1512756074571574,0.5868073429652798,0.022925128245818834,0.003580967896842654,0.23541095343490126,synthetic_turbet2020_based
Kepler-805 b,0.07040411678313598,0.6197272329103357,0.02786386760470031,0.005609677782699499,0.27639510491912855,synthetic_turbet2020_based
17 Sco b,0.08230357512191068,0.7754442683092991,0.035543647853221665,0.009096405916450032,0.09761210279911858,synthetic_turbet2020_based
Kepler-264 c,0.06639067490491332,0.64914038634247,0.043978472745766446,0.003978287018330201,0.23651217898851995,synthetic_turbet2020_based
HR 858 b,0.07927147537039797,0.5060085223222479,0.02091734906999196,0.005024790684311817,0.38877786255305025,synthetic_turbet2020_based
Kepler-941 b,0.09889454041689974,0.5085096290831965,0.035940491936205514,0.0014772913450469601,0.3551780472186513,synthetic_turbet2020_based
Kepler-1832 b,0.1010545667209595,0.6759007863761899,0.017033989971240237,0.002988350759916212,0.20302230617169414,synthetic_turbet2020_based
TOI-833 b,0.08009999381193762,0.400370442692562,0.028950710073262907,0.0013506291047451087,0.48922822431749236,synthetic_turbet2020_based
HD 38283 b,0.18188194353247006,0.29896068491839434,0.046735848455611996,0.01860303232625337,0.4538184907672702,synthetic_turbet2020_based
Kepler-341 b,0.09650036478708993,0.5854818329074206,0.04377654186636974,0.008223813472537821,0.2660174469665819,synthetic_turbet2020_based
Kepler-1669 b,0.06893621548494233,0.4497795393393409,0.02666929015576179,0.008830858506523948,0.445784096513431,synthetic_turbet2020_based
Kepler-295 c,0.18231274986432539,0.44294633987461207,0.032971891518622065,0.002401076774126016,0.33936794196831443,synthetic_turbet2020_based
Kepler-1802 b,0.15291939650041741,0.7665732991715626,0.028190771699023745,0.0017477449722284636,0.050568787656767755,synthetic_turbet2020_based
TOI-6008 b,0.13688812938418185,0.5634066680543419,0.04243595009335841,0.004063100175337489,0.2532061522927803,synthetic_turbet2020_based
Kepler-1437 b,0.18123458007088838,0.509480163053914,0.016300705435547437,0.0037583233958672197,0.28922622804378295,synthetic_turbet2020_based
Kepler-330 b,0.05523736877341198,0.5124983867496966,0.03640470535528123,0.0022805468070093314,0.3935789923146009,synthetic_turbet2020_based
Kepler-100 c,0.0667047459179882,0.45295411650174017,0.013102066970458655,0.008871718706586457,0.4583673519032265,synthetic_turbet2020_based
Kepler-554 b,0.19161726732447926,0.41862446069151454,0.040402871261741614,0.007634365720454781,0.34172103500180995,synthetic_turbet2020_based
Kepler-208 e,0.1995364136915061,0.5391482646884274,0.02142035966761665,0.005077739087288446,0.23481722286516138,synthetic_turbet2020_based
Kepler-1287 b,0.1784862765723786,0.6914374570151596,0.028864952558700113,0.003201065589572859,0.0980102482641888,synthetic_turbet2020_based
Kepler-646 b,0.15905236119025568,0.7418107472168785,0.025998049242699633,0.007017269012388859,0.06612157333777735,synthetic_turbet2020_based
Kepler-1880 b,0.11003180317648974,0.591397375256594,0.03099641519819655,0.007981532326200502,0.2595928740425193,synthetic_turbet2020_based
Kepler-587 b,0.19662589761933968,0.577746465055293,0.023692600249904237,0.004362319058251522,0.19757271801721144,synthetic_turbet2020_based
K2-240 c,0.07008336040627725,0.5187754951270891,0.01345789653075225,0.004851048368613225,0.3928321995672681,synthetic_turbet2020_based
Kepler-1495 b,0.07510359039665734,0.5385626983897636,0.04174310997566425,0.0032133488553022244,0.34137725238261263,synthetic_turbet2020_based
Kepler-508 b,0.14178419320131036,0.7604725676994452,0.03267716748118187,0.0027441335149517142,0.06232193810311093,synthetic_turbet2020_based
HD 191939 f,0.7034298581897863,0.06313322864656595,0.030264445590394137,0.0023375785264921345,0.2008348890467615,synthetic_turbet2020_based
HN Peg b,0.7340389034071707,0.058876002541922365,0.0206933085783029,0.0065120096380586676,0.1798797758345454,synthetic_turbet2020_based
K2-413 b,0.06052401492278148,0.5346428134262068,0.04217107331110298,0.003333563208173399,0.35932853513173535,synthetic_turbet2020_based
KOI-351 h,0.2815530550009235,0.1820059427420624,0.022658405696609873,0.04664526751640108,0.4671373290440032,synthetic_turbet2020_based
K2-19 c,0.10148925771205754,0.49467036059480735,0.046372052625610824,0.007713499203422335,0.3497548298641019,synthetic_turbet2020_based
TOI-3160 A b,0.15226995705472962,0.41981397682675037,0.015248198428631033,0.006745059674286966,0.405922808015602,synthetic_turbet2020_based
Kepler-1333 b,0.08141492547893904,0.49025519425214364,0.04116554061374443,0.003573324539532484,0.3835910151156403,synthetic_turbet2020_based
Kepler-1715 b,0.06073809532278741,0.41457277892394445,0.027727119489811512,0.006554157199161815,0.4904078490642948,synthetic_turbet2020_based
Kepler-1885 b,0.18033278500877048,0.44432175801305573,0.017866913051531853,0.00576820549816724,0.35171033842847466,synthetic_turbet2020_based
TOI-1803 c,0.10461625433629627,0.5930149804981979,0.04696498595936862,0.005904024884782185,0.24949975432135507,synthetic_turbet2020_based
Kepler-1116 b,0.1122680915918114,0.7957759626798979,0.012608626795981452,0.009389021035340547,0.06995829789696872,synthetic_turbet2020_based
Kepler-232 b,0.12524927630982247,0.6015025351068553,0.046878573368128375,0.005565915816337626,0.22080369939885625,synthetic_turbet2020_based
HD 141399 d,0.7315221271590446,0.03452397329054791,0.03635267067269683,0.006126805818817855,0.19147442305889273,synthetic_turbet2020_based
HIP 57274 b,0.08215181554216747,0.6837651660245299,0.03576347429346562,0.004576004957858868,0.19374353918197829,synthetic_turbet2020_based
Kepler-398 d,0.05066013828553259,0.5786324600704751,0.01024232468521007,0.0016749864036913588,0.3587900905550909,synthetic_turbet2020_based
HD 158259 b,0.11459148537212513,0.4327679536741311,0.02102661735148665,0.0068994223170307165,0.42471452128522635,synthetic_turbet2020_based
Kepler-577 b,0.19258460278282574,0.29952971882430207,0.04665208135659925,0.03341239618342095,0.427821200852852,synthetic_turbet2020_based
Kepler-953 b,0.1950420707952396,0.7472069177730088,0.02275594075361948,0.007746366213867786,0.027248704464264195,synthetic_turbet2020_based
HD 124330 b,0.1410495352011842,0.2369102848757482,0.029643273059783218,0.01067303757011299,0.5817238692931714,synthetic_turbet2020_based
Kepler-1966 b,0.09113447335855562,0.7821528869616995,0.022633259403539226,0.0026330900977129664,0.10144629017849272,synthetic_turbet2020_based
Kepler-212 c,0.07812971698583125,0.5916853058567797,0.0437059696268214,0.007822015886200118,0.2786569916443675,synthetic_turbet2020_based
HD 238914 b,0.23105560226133232,0.14174537668739212,0.011842596004087644,0.028505212779309244,0.5868512122678786,synthetic_turbet2020_based
Kepler-44 b,0.17221630227772877,0.6918727974377255,0.02634403070509001,0.006352324047258403,0.10321454553219733,synthetic_turbet2020_based
Kepler-158 b,0.11543697814193266,0.6316064439160711,0.03070020977574197,0.007128699401126431,0.2151276687651278,synthetic_turbet2020_based
Kepler-1080 b,0.1261563265299686,0.7762443992670235,0.02712112726326745,0.0011432467273573984,0.06933490021238298,synthetic_turbet2020_based
Kepler-1228 b,0.08545603031134769,0.6002427432426625,0.03162287407554648,0.0059714631038084815,0.276706889266635,synthetic_turbet2020_based
TOI-5786 b,0.15718281474051232,0.5098592570470112,0.03659614716165909,0.007336290458072916,0.2890254905927445,synthetic_turbet2020_based
Kepler-1850 b,0.11169211289312396,0.5608676396585288,0.01715699142625799,0.004725886386298364,0.30555736963579083,synthetic_turbet2020_based
75 Cet c,0.16802244375605188,0.7635892022199536,0.03374452765271862,0.0036943330901886896,0.030949493281087093,synthetic_turbet2020_based
TOI-2345 b,0.15234345779895975,0.6960584834784016,0.023288511151226494,0.008438930753405922,0.11987061681800615,synthetic_turbet2020_based
DMPP-1 e,0.06105437482075102,0.40430148704001023,0.014918830905282104,0.002404075130447588,0.517321232103509,synthetic_turbet2020_based
Kepler-548 b,0.1818393549421582,0.5699926808885124,0.020997267678815268,0.004861676043881375,0.2223090204466328,synthetic_turbet2020_based
Kepler-260 c,0.10922613390509485,0.5205846671952068,0.015515983296478613,0.006903239157764926,0.3477699764454548,synthetic_turbet2020_based
Kepler-1460 b,0.0704906604169483,0.7101697810690698,0.018067520531218142,0.007582341764199806,0.1936896962185639,synthetic_turbet2020_based
HD 133131 B b,0.8416758317086401,0.02127934087970057,0.013469830731520162,0.009546154935882938,0.1140288417442562,synthetic_turbet2020_based
WASP-138 b,0.11945702101288712,0.6520941979891954,0.01093041760487071,0.003508391625007059,0.2140099717680397,synthetic_turbet2020_based
TOI-5181 A b,0.12580964818390794,0.7544873253557616,0.02085757670257505,0.007976721878728478,0.090868727879027,synthetic_turbet2020_based
Kepler-599 b,0.14933193923880528,0.446108307122298,0.021735006911679865,0.003140776327947578,0.37968397039926927,synthetic_turbet2020_based
Kepler-575 b,0.11637913813599284,0.6541336972190337,0.027336790220340267,0.003200829181766254,0.1989495452428669,synthetic_turbet2020_based
EPIC 246851721 b,0.15438181523424133,0.6337884378845959,0.03077255629662768,0.005989776377013806,0.17506741420752125,synthetic_turbet2020_based
HD 1461 b,0.08328509694407354,0.6721724244369824,0.02550002142155073,0.0042712103775701775,0.21477124681982318,synthetic_turbet2020_based
Gl 725 A b,0.07246013124001559,0.6387349338201787,0.03410657642186026,0.004062705792998755,0.2506356527249468,synthetic_turbet2020_based
Kepler-1218 b,0.17897750852983013,0.7381831594861714,0.014362172259297253,0.007255345490289265,0.061221814234411864,synthetic_turbet2020_based
Kepler-1891 b,0.10907521342775335,0.7998859404251571,0.019000945187386098,0.003524717848730405,0.06851318311097299,synthetic_turbet2020_based
Kepler-782 b,0.11631594418335914,0.5074860594722653,0.03767973465546057,0.005328173009633326,0.3331900886792817,synthetic_turbet2020_based
Kepler-330 c,0.08313182522743104,0.6025496277946251,0.04555151065460154,0.008131560821650476,0.26063547550169197,synthetic_turbet2020_based
Kepler-987 b,0.12482433866402316,0.5153970412567791,0.017195458588101113,0.008905445894682059,0.33367771559641457,synthetic_turbet2020_based
Kepler-385 d,0.15652504107480447,0.6288653212589834,0.04517738583814674,0.0020952125863668057,0.16733703924169852,synthetic_turbet2020_based
Kepler-115 c,0.15237339290031027,0.4866849249652928,0.01482309764063948,0.0051904765900623985,0.340928107903695,synthetic_turbet2020_based
TOI-2120 b,0.10810893946465307,0.7764694437300742,0.022959181870072655,0.008334120331468024,0.08412831460373205,synthetic_turbet2020_based
KOI-1833 d,0.16232405007025175,0.6671695480234145,0.04681601891840238,0.00467132134943208,0.11901906163849929,synthetic_turbet2020_based
Kepler-734 b,0.10845067789742986,0.46437896943260376,0.021030483019802766,0.008917988104547837,0.3972218815456158,synthetic_turbet2020_based
HD 104067 c,0.12115731993670521,0.5365413288762843,0.018644482203286846,0.005364642252192535,0.3182922267315311,synthetic_turbet2020_based
Kepler-514 b,0.15749980556967935,0.5146768101828302,0.040308660832506164,0.006668089972524266,0.2808466334424601,synthetic_turbet2020_based
Kepler-1456 b,0.16813438438095565,0.500363851549965,0.035241125789321814,0.0023836175153995774,0.29387702076435795,synthetic_turbet2020_based
TOI-1411 b,0.10456954732469552,0.6897440379371205,0.035266735423197436,0.0026907465280376977,0.1677289327869489,synthetic_turbet2020_based
Kepler-1614 b,0.1787514008138794,0.4213403929380728,0.033808627540665985,0.009854384502084458,0.35624519420529743,synthetic_turbet2020_based
CoRoT-20 b,0.1297257097764123,0.7202687279837683,0.033807238927564084,0.008047794834306933,0.10815052847794837,synthetic_turbet2020_based
K2-187 d,0.1483391203032931,0.6764528058150114,0.019112446043455363,0.00767638822215626,0.14841923961608383,synthetic_turbet2020_based
HD 44219 b,0.17137296599929924,0.2961280550285176,0.019111487638448187,0.01946736014390625,0.4939201311898288,synthetic_turbet2020_based
Kepler-142 c,0.1788009680725796,0.4971943447851277,0.02443611173965132,0.007431761450611243,0.29213681395203017,synthetic_turbet2020_based
HD 72659 b,0.647624574058429,0.024316457934475205,0.029454336930664758,0.003193270788094542,0.2954113602883365,synthetic_turbet2020_based
Kepler-652 b,0.08534869333535505,0.40369556856740507,0.02481798364791792,0.0038642549915656296,0.4822734994577563,synthetic_turbet2020_based
TOI-332 b,0.054673371624000565,0.6484932712854654,0.03506620728013416,0.00163720424596293,0.2601299455644369,synthetic_turbet2020_based
K2-62 b,0.09755623443641798,0.7491222127981592,0.033286682729783135,0.0047077725161078915,0.11532709751953185,synthetic_turbet2020_based
Kepler-785 b,0.1197652892696144,0.4833119977743221,0.04247526002831712,0.00922604234905871,0.3452214105786877,synthetic_turbet2020_based
K2-224 b,0.18659960633750655,0.4895737566769199,0.022429610711058277,0.0024456049732858314,0.2989514213012294,synthetic_turbet2020_based
Kepler-1066 b,0.09608017004484698,0.5331221488490402,0.03532422948258542,0.002706817433933122,0.3327666341895944,synthetic_turbet2020_based
Kepler-1315 c,0.18790953865516158,0.441239788034124,0.010275120441373322,0.0086945061576748,0.3518810467116663,synthetic_turbet2020_based
TOI-375 d,0.1555654711649075,0.5421439481423994,0.033819988236404724,0.0030118969075531004,0.26545869554873525,synthetic_turbet2020_based
KIC 9663113 b,0.1505168945936128,0.19422982702774455,0.024127513188838434,0.034609202021411684,0.5965165631683925,synthetic_turbet2020_based
NGTS-12 b,0.08272237768415473,0.6651710802242474,0.040674460812112526,0.00249972528725627,0.20893235599222904,synthetic_turbet2020_based
Kepler-1240 b,0.0565787425126874,0.5758349501205355,0.04096096343969748,0.0068570185201672846,0.31976832540691236,synthetic_turbet2020_based
HD 26161 b,0.8105645161243774,0.046255540599403164,0.019397821810122798,0.0057860095895614855,0.11799611187653514,synthetic_turbet2020_based
Kepler-1323 b,0.08065485406237954,0.6904914787940264,0.017878658238379082,0.0036213694004290733,0.2073536395047859,synthetic_turbet2020_based
TOI-2379 b,0.12598171674845082,0.594683973657398,0.034033975056281175,0.004937001404499253,0.24036333313337077,synthetic_turbet2020_based
Kepler-657 b,0.1879209962765137,0.7359736376788754,0.04516453804946554,0.006665649142630938,0.024275178852514512,synthetic_turbet2020_based
K2-198 c,0.14525118737912096,0.6436794734863795,0.027395366176858248,0.003898954009605364,0.17977501894803594,synthetic_turbet2020_based
HD 170469 b,0.7776008662346611,0.012297865342460529,0.010298257256952121,0.008664776436670737,0.1911382347292555,synthetic_turbet2020_based
Kepler-139 d,0.05696360671664333,0.6099180601333672,0.03459951051798581,0.0027835410666019206,0.29573528156540163,synthetic_turbet2020_based
Kepler-1639 b,0.18435962573977227,0.47603830869935004,0.04538059949466699,0.007866912423997317,0.2863545536422134,synthetic_turbet2020_based
TOI-2580 b,0.08611144302862911,0.46029766651043746,0.022649308407449407,0.004581555096432472,0.42636002695705155,synthetic_turbet2020_based
Kepler-1000 b,0.08686770147483852,0.7995566195017694,0.01918609344958324,0.008475713442845714,0.08591387213096324,synthetic_turbet2020_based
TOI-2088 b,0.14773532412714185,0.2960489250551895,0.019020938331323393,0.026867542191343692,0.5103272702950016,synthetic_turbet2020_based
HIP 98599 b,0.767569220030372,0.020825714364048398,0.042672802699164056,0.003472169794127469,0.16546009311228815,synthetic_turbet2020_based
K2-154 b,0.1323904852402496,0.6198535242772988,0.0341056260930314,0.0014993738787188323,0.2121509905107014,synthetic_turbet2020_based
Kepler-240 b,0.07529281427473519,0.4644768971693457,0.022082050376634077,0.002304227411725059,0.43584401076755985,synthetic_turbet2020_based
HIP 38594 c,0.876576396232287,0.05616590054601707,0.03494300590810738,0.0042173935785830875,0.028097303735005408,synthetic_turbet2020_based
Kepler-145 c,0.09143692115508674,0.6012708680928852,0.021772918993393345,0.004092813331567879,0.2814264784270668,synthetic_turbet2020_based
Kepler-144 b,0.11791263114062858,0.6022934748737423,0.04937256047127355,0.003009903293457465,0.22741143022089805,synthetic_turbet2020_based
TOI-1846 b,0.12319642473239709,0.4598046957957356,0.023999969308318905,0.007455796468357639,0.3855431136951908,synthetic_turbet2020_based
Kepler-1957 b,0.07616932156408619,0.6325405230200173,0.026668040942720288,0.0014642158996402569,0.263157898573536,synthetic_turbet2020_based
Kepler-219 b,0.18996128622176672,0.5654412561171546,0.04135706143004665,0.004746821398586203,0.1984935748324459,synthetic_turbet2020_based
TIC 365102760 b,0.1906040482368177,0.516188133771559,0.026489225987507872,0.007829778162333578,0.25888881384178186,synthetic_turbet2020_based
Kepler-1153 b,0.10155009729212855,0.5457428285340717,0.04979292693656894,0.006000530731213169,0.29691361650601755,synthetic_turbet2020_based
Kepler-327 b,0.15340706805052223,0.6573848936614439,0.04311696588626289,0.008756425894975689,0.13733464650679528,synthetic_turbet2020_based
K2-72 b,0.13448841987054644,0.5178224299865598,0.010912009902998778,0.006529629259578882,0.33024751098031613,synthetic_turbet2020_based
TOI-5126 c,0.17382032498984296,0.5802159222046639,0.016588245619634574,0.0035927386564207687,0.2257827685294379,synthetic_turbet2020_based
Kepler-405 b,0.12649833942677968,0.7346724875910666,0.016870125842736824,0.006509348881385628,0.1154496982580312,synthetic_turbet2020_based
Kepler-1421 b,0.16300529209258185,0.7744190081339293,0.014668147667154376,0.009337524707481018,0.0385700273988534,synthetic_turbet2020_based
K2-332 b,0.2804402605523439,0.2533403174864572,0.012150988382742218,0.030245926225623804,0.4238225073528329,synthetic_turbet2020_based
Kepler-1288 b,0.14339445111211907,0.5227335359491361,0.027266008324050107,0.005988683217516383,0.30061732139717845,synthetic_turbet2020_based
GJ 1151 c,0.765764381931894,0.013767537286615427,0.027579270663155693,0.002924363393130078,0.18996444672520485,synthetic_turbet2020_based
Kepler-80 c,0.1875042617128025,0.7906319960493337,0.021985875854082765,0.002576668575259529,-0.0026988021914784444,synthetic_turbet2020_based
Kepler-925 b,0.08292562264225148,0.5911009021411815,0.04498022396452714,0.005500325934438757,0.27549292531760117,synthetic_turbet2020_based
Kepler-194 d,0.05830880925729465,0.41595424108525764,0.01909563782491394,0.00858494149848486,0.4980563703340489,synthetic_turbet2020_based
Kepler-945 b,0.1432220836302716,0.6251831415145166,0.022758783703305686,0.009364828645415688,0.19947116250649055,synthetic_turbet2020_based
HD 156846 b,0.09967673674431987,0.7339777650611787,0.04583614071903536,0.005350015118945231,0.1151593423565207,synthetic_turbet2020_based
TOI-2025 b,0.18414339042211142,0.5107213149564189,0.03633733704733103,0.0017916737367194764,0.2670062838374191,synthetic_turbet2020_based
Kepler-1878 b,0.12109013211385909,0.48693272086333916,0.012510531117224116,0.0010335295726985865,0.3784330863328791,synthetic_turbet2020_based
Kepler-1447 b,0.09871281746612126,0.6358122378147052,0.02820921390604629,0.003715923686675465,0.2335498071264518,synthetic_turbet2020_based
Kepler-1805 b,0.1986800046164377,0.7758100159918712,0.015026132273499875,0.004735966840016453,0.005747880278174744,synthetic_turbet2020_based
Kepler-370 b,0.14732704009904163,0.6933963190119747,0.024654886196379615,0.00771653631461813,0.12690521837798596,synthetic_turbet2020_based
Kepler-956 b,0.06862250193660174,0.5327250501030819,0.0386573270302362,0.0066311451123433765,0.3533639758177368,synthetic_turbet2020_based
HD 63433 b,0.17558153222924827,0.41874280906686207,0.016975668712921943,0.0014364512404476983,0.3872635387505201,synthetic_turbet2020_based
Kepler-1142 b,0.0788171336373817,0.401713124253174,0.03016841206715465,0.005754829560114299,0.4835465004821754,synthetic_turbet2020_based
Kepler-853 b,0.14868376721089924,0.5539649788804174,0.01012830762740736,0.007065020389668735,0.28015792589160726,synthetic_turbet2020_based
WISPIT 1 b,0.6162873263243738,0.08795533877359696,0.010906159508317494,0.005774276109309693,0.27907689928440205,synthetic_turbet2020_based
TOI-2529 b,0.18423768235782811,0.6289958303155121,0.0343366698617572,0.007134497635036652,0.14529531982986588,synthetic_turbet2020_based
KOI-1599.01,0.06836132715957005,0.6699708403242238,0.04521419528051261,0.009767987495517848,0.20668564974017556,synthetic_turbet2020_based
Kepler-1759 b,0.11645779990375207,0.5378019406710188,0.040132384623852685,0.005885868592857832,0.29972200620851863,synthetic_turbet2020_based
Kepler-1215 b,0.08859569816825458,0.4688631539878812,0.016809212023709746,0.005132593329455369,0.4205993424906991,synthetic_turbet2020_based
Kepler-1733 b,0.07551866084234753,0.4078875776045943,0.0120835509987876,0.009368960895576692,0.4951412496586939,synthetic_turbet2020_based
Kepler-357 c,0.06094420117402037,0.42927227623238384,0.028047537821341298,0.0032059025410152934,0.47853008223123916,synthetic_turbet2020_based
Kepler-194 c,0.19440407782587465,0.7643943357991217,0.026189729946850683,0.005038583674746334,0.009973272753406648,synthetic_turbet2020_based
Kepler-1056 b,0.10626704796133554,0.4151464466572513,0.02171387357018835,0.002104061226507857,0.45476857058471687,synthetic_turbet2020_based
Kepler-1424 b,0.06535554950226842,0.6243446291745551,0.01395059430854249,0.0019263819141573726,0.29442284510047656,synthetic_turbet2020_based
Kepler-1642 c,0.1220770572229023,0.5769129460490555,0.015505391405294775,0.001040041223279767,0.28446456409946774,synthetic_turbet2020_based
HD 164595 b,0.07894616626517659,0.4943569016728163,0.04200993774435471,0.009238945154744937,0.3754480491629075,synthetic_turbet2020_based
K2-24 c,0.11089165962319547,0.5620106906003912,0.03849925135039467,0.0066422981413422014,0.28195610028467644,synthetic_turbet2020_based
Kepler-235 d,0.07762102800401138,0.44307564891834456,0.027504475626202035,0.006083455268464867,0.44571539218297707,synthetic_turbet2020_based
HD 97037 b,0.6416122809476428,0.03639461440676001,0.022237719857222997,0.0033516838092174763,0.2964037009791567,synthetic_turbet2020_based
Kepler-776 b,0.11911418994376867,0.6612254337278954,0.030375595344639697,0.002813109060226098,0.18647167192347003,synthetic_turbet2020_based
K2-352 b,0.06544085705710997,0.7287481851594801,0.029172187308711427,0.0015592526572048948,0.17507951781749354,synthetic_turbet2020_based
TOI-3288 b,0.0887182249474337,0.7216135113536619,0.040069052990941996,0.008882349696076403,0.14071686101188607,synthetic_turbet2020_based
Kepler-1420 b,0.14031317390025383,0.5691623737432221,0.02706539990217803,0.002746000400436494,0.2607130520539095,synthetic_turbet2020_based
K2-333 b,0.1476198442276823,0.6340275024371417,0.016194576457153435,0.008970966280408374,0.1931871105976143,synthetic_turbet2020_based
Kepler-79 e,0.10527023049658957,0.4198955062084274,0.023115236831191353,0.008828710432404182,0.4428903160313875,synthetic_turbet2020_based
Kepler-20 d,0.18754348787926772,0.5961593669038534,0.048253597602936724,0.008877176282907785,0.1591663713310345,synthetic_turbet2020_based
DMPP-1 c,0.17378460756488384,0.7438840258728825,0.02527501648675294,0.007808220466799893,0.04924812960868086,synthetic_turbet2020_based
Kepler-947 b,0.1366008504614224,0.6878736006961227,0.017111444303230985,0.007582545205974478,0.15083155933324954,synthetic_turbet2020_based
Kepler-689 b,0.19363886512912576,0.5210653289525718,0.049446452958225084,0.00440538413324834,0.23144396882682905,synthetic_turbet2020_based
HD 211970 b,0.07995852455315494,0.44491449192009536,0.04139847653152711,0.005993428603389116,0.42773507839183356,synthetic_turbet2020_based
Kepler-336 c,0.09606969404930434,0.6433801479175032,0.023284047513640188,0.005035219815956129,0.23223089070359615,synthetic_turbet2020_based
Kepler-423 b,0.17939961886296368,0.6672665907436659,0.04049607358818866,0.006251441963226187,0.10658627484195571,synthetic_turbet2020_based
2M0437 b,0.19870970733284316,0.4965640265163571,0.02049164642875259,0.001833030448644996,0.2824015892734021,synthetic_turbet2020_based
Kepler-561 b,0.13310292531060658,0.6453436945633472,0.039038462915952796,0.004019013333543349,0.17849590387655012,synthetic_turbet2020_based
24 Boo b,0.05183852027975408,0.652891814835328,0.04994781970081531,0.0036509441841099327,0.24167090099999267,synthetic_turbet2020_based
HD 74156 c,0.6551803357407059,0.03535902620437179,0.02701661899108189,0.0032582163605730822,0.2791858027032673,synthetic_turbet2020_based
Kepler-1365 c,0.1020440038051295,0.655282695431745,0.02380111947370459,0.0045645305030528925,0.21430765078636804,synthetic_turbet2020_based
HD 20003 c,0.05600468941988959,0.767177000649148,0.026275438396594145,0.003953291644313149,0.14658957989005517,synthetic_turbet2020_based
Kepler-716 b,0.06297262943680768,0.6536732861580734,0.0445529980105502,0.0013703788004716029,0.237430707594097,synthetic_turbet2020_based
TOI-4562 b,0.14358174020981065,0.12927796577724146,0.034090994213911714,0.046849220108734754,0.6462000796903014,synthetic_turbet2020_based
HD 134606 b,0.11566525505982646,0.5375225792775403,0.040633627423867655,0.007683121555800863,0.29849541668296464,synthetic_turbet2020_based
K2-66 b,0.08701342089158146,0.46433054492315445,0.024312401296614255,0.007980430530039682,0.41636320235861013,synthetic_turbet2020_based
Kepler-583 b,0.15425950848724676,0.666341482542482,0.04317714240652816,0.003494172811072544,0.13272769375267046,synthetic_turbet2020_based
Kepler-1649 c,0.7019051176408531,0.01381055055482584,0.04474983103214134,0.006241867614299603,0.23329263315788018,synthetic_turbet2020_based
WASP-57 b,0.094718343782554,0.42776661257974624,0.03893638012649839,0.007738637675941551,0.43084002583525993,synthetic_turbet2020_based
Kepler-381 d,0.1499267978172534,0.4815123883786918,0.0465286423403442,0.007778422171187888,0.3142537492925228,synthetic_turbet2020_based
TOI-1199 b,0.14866344853759555,0.6603775693687151,0.04617430800366565,0.009354764197874114,0.13542990989214976,synthetic_turbet2020_based
TOI-4961 b,0.139345612701536,0.5666677643850194,0.02454935918237665,0.008371709569726504,0.26106555416134136,synthetic_turbet2020_based
Kepler-118 c,0.14669080097515005,0.43090641210146147,0.015687440520601087,0.009101673055943619,0.3976136733468437,synthetic_turbet2020_based
Kepler-278 b,0.18267472221567516,0.7807329794789876,0.027114038693132947,0.008056548168766366,0.0014217114434379452,synthetic_turbet2020_based
K2-268 e,0.17423375409714825,0.5262787623352773,0.01581350844908569,0.009973237254752559,0.2737007378637363,synthetic_turbet2020_based
Kepler-1254 d,0.05453288056270249,0.6389343674845772,0.03600849096726836,0.007136104077726836,0.2633881569077252,synthetic_turbet2020_based
HD 167768 b,0.08834416159536346,0.6886316977195404,0.01865598253125062,0.008461344301765143,0.1959068138520803,synthetic_turbet2020_based
TOI-1036 b,0.0828675011126952,0.6786824116304311,0.041336539433359035,0.002700511754159699,0.194413036069355,synthetic_turbet2020_based
Kepler-1915 b,0.08569797314489042,0.7116414954937468,0.013439958865398114,0.0027168485721999775,0.18650372392376469,synthetic_turbet2020_based
Kepler-1734 b,0.11832963592848729,0.7720727714979083,0.03247511339572042,0.00448910063387403,0.07263337854400997,synthetic_turbet2020_based
Kepler-960 b,0.19675553333337154,0.5854845224885155,0.027349398947499284,0.0047047988519895115,0.18570574637862425,synthetic_turbet2020_based
HD 208897 b,0.09682701089101944,0.5302779238950338,0.03751348239717992,0.0013675203760769303,0.33401406244069,synthetic_turbet2020_based
Kepler-1386 b,0.15227250884694785,0.4804817992503492,0.025368320128179717,0.002318850753042988,0.3395585210214803,synthetic_turbet2020_based
Kepler-1921 c,0.13291265661087048,0.6917401779808559,0.02418622304225459,0.0024707491978623666,0.14869019316815668,synthetic_turbet2020_based
Kepler-1225 b,0.08397583728967634,0.727245167410229,0.0207059494023941,0.007972323337101045,0.16010072256059948,synthetic_turbet2020_based
Kepler-1708 b,0.6993598220418633,0.02698592989086663,0.03909234238509724,0.005216905265276861,0.22934500041689587,synthetic_turbet2020_based
HD 96700 b,0.05469158769122096,0.7839769677377595,0.0159101378028843,0.004180662788077823,0.14124064398005742,synthetic_turbet2020_based
Kepler-208 b,0.10771919524935611,0.5957719597033654,0.04141776089336683,0.0010548125170761408,0.2540362716368355,synthetic_turbet2020_based
Kepler-1146 b,0.1898708077004112,0.6583957840812045,0.048025955165957424,0.008356505836748372,0.0953509472156785,synthetic_turbet2020_based
WASP-100 b,0.18917573271248256,0.6404002203742712,0.024292359315086994,0.004986226568022434,0.1411454610301368,synthetic_turbet2020_based
Kepler-1643 b,0.14870484655761695,0.5707727439065345,0.03926691133871157,0.0018266321447202663,0.23942886605241676,synthetic_turbet2020_based
Kepler-215 d,0.17449799734773333,0.4816754558568017,0.047757904380988904,0.0023999121994354115,0.2936687302150407,synthetic_turbet2020_based
EPIC 212737443 b,0.06937462941535968,0.7247504442349572,0.04274807310812058,0.007648834778931226,0.15547801846263143,synthetic_turbet2020_based
TOI-2169 A b,0.1940795695857057,0.5082158514741665,0.0430659495596115,0.004168364770390788,0.25047026461012545,synthetic_turbet2020_based
K2-259 b,0.1306097938354011,0.5782400118805315,0.010234000906944289,0.00617015974185242,0.2747460336352706,synthetic_turbet2020_based
TOI-5292 A b,0.16212588316459298,0.46982095343010855,0.0472662344757215,0.005773595854766535,0.3150133330748104,synthetic_turbet2020_based
Kepler-401 c,0.07673690047266403,0.6583790283667541,0.01767690834061376,0.0015718001346580277,0.24563536268531005,synthetic_turbet2020_based
Kepler-888 b,0.15279728636288636,0.4442779533221978,0.014248697935057413,0.007659492068636321,0.38101657031122194,synthetic_turbet2020_based
Kepler-740 b,0.05828033498121068,0.7239076716191819,0.04184595034591311,0.002272540852699894,0.17369350220099444,synthetic_turbet2020_based
Kepler-1673 b,0.12775709709154534,0.43865019638757696,0.03530284879143949,0.0015663701167349191,0.39672348761270326,synthetic_turbet2020_based
Kepler-1322 c,0.19167212844841214,0.48309229414783267,0.037315786237945806,0.0021546228193939907,0.2857651683464154,synthetic_turbet2020_based
Kepler-1211 b,0.08143946724901649,0.5803798595533483,0.03292384565366065,0.009989769163525147,0.2952670583804494,synthetic_turbet2020_based
HIP 78530 b,0.053888934213641625,0.4001257678576348,0.024014683788597918,0.00429540731022178,0.517675206829904,synthetic_turbet2020_based
Kepler-48 f,0.8651511708295896,0.09213242929275718,0.045220999054372754,0.0022886087543744302,-0.004793207931094168,synthetic_turbet2020_based
Kepler-1750 b,0.22363145055432204,0.24917703245900463,0.022504442711369657,0.03652952114042205,0.4681575531348816,synthetic_turbet2020_based
TOI-4308 b,0.08557142947866381,0.5293677031843232,0.04441718597393936,0.0032545813248009564,0.3373891000382726,synthetic_turbet2020_based
HD 18015 b,0.8892972260654589,0.03756336048431622,0.010941124392931094,0.0032941081342231344,0.058904180923070704,synthetic_turbet2020_based
TOI-1798.02,0.07568074133651387,0.6027307864870199,0.014508642653114402,0.006634439895208688,0.30044538962814304,synthetic_turbet2020_based
Kepler-24 b,0.1812348605834742,0.5450075527214944,0.01673970877221618,0.004600224962059717,0.2524176529607556,synthetic_turbet2020_based
Kepler-1875 b,0.16789502321759409,0.6365950696318383,0.014045728533104125,0.005834684388943301,0.17562949422852014,synthetic_turbet2020_based
Kepler-1642 b,0.12021280721833899,0.5308449024084646,0.014406423842132931,0.009830007420582473,0.324705859110481,synthetic_turbet2020_based
HD 33142 c,0.07640649798398835,0.47709715631629823,0.015823307684089433,0.006131737348290443,0.42454130066733353,synthetic_turbet2020_based
Kepler-864 b,0.11655043617240507,0.49982287281062243,0.02717693532086113,0.007061696659555462,0.349388059036556,synthetic_turbet2020_based
HD 181720 b,0.684510159449589,0.09237211984273423,0.022253849487108235,0.0027836112774056797,0.19808025994316292,synthetic_turbet2020_based
TOI-6677 b,0.3863703540618444,0.2621121220236359,0.02372550499373862,0.04365727404575504,0.2841347448750261,synthetic_turbet2020_based
Kepler-1394 b,0.12782213737307002,0.5387009993044252,0.043584463581568575,0.007769485601779965,0.28212291413915636,synthetic_turbet2020_based
Kepler-1672 b,0.09468122639646588,0.6426714061031895,0.02477560894079189,0.0010094677530434932,0.23686229080650922,synthetic_turbet2020_based
HD 331093 b,0.8885447224200838,0.05946661684655531,0.03393730406663133,0.006399022831095655,0.011652333835634021,synthetic_turbet2020_based
Kepler-58 d,0.13259621912291042,0.5160191379094374,0.048863044996322255,0.006595015712637565,0.2959265822586924,synthetic_turbet2020_based
Kepler-404 c,0.15063820408309425,0.58191710292682,0.021514456019631305,0.0015791408395743642,0.24435109613088013,synthetic_turbet2020_based
Kepler-1254 b,0.10253452948518295,0.4704389717073569,0.036483530730280475,0.008911034963224474,0.38163193311395527,synthetic_turbet2020_based
HD 37124 d,0.6908264574736956,0.03995943628726419,0.03681458015316047,0.002343442908171127,0.23005608317770865,synthetic_turbet2020_based
WASP-3 b,0.1894156140016549,0.5455387124101932,0.014047977837070987,0.0025721560442857738,0.24842553970679515,synthetic_turbet2020_based
Kepler-1936 b,0.18991191140111874,0.498847715347608,0.036490752153251454,0.002405487011844386,0.2723441340861773,synthetic_turbet2020_based
Kepler-1615 b,0.07911525385231666,0.751695287559991,0.015921328804102474,0.0011687552806265125,0.1520993745029633,synthetic_turbet2020_based
Kepler-327 d,0.12518497842894144,0.745090725305174,0.02303964181662499,0.0021534604358113946,0.10453119401344824,synthetic_turbet2020_based
Kepler-1301 b,0.19733462443484567,0.6706954517957653,0.04402762527792626,0.007769244450960314,0.08017305404050246,synthetic_turbet2020_based
Kepler-784 c,0.15473634109837853,0.5538256268523681,0.022973599728145576,0.007452627363050268,0.2610118049580574,synthetic_turbet2020_based
Kepler-1553 b,0.15750695122658454,0.7802353536196374,0.03274639271393289,0.0036515899520890623,0.025859712487756203,synthetic_turbet2020_based
Kepler-1862 b,0.12342931989957164,0.6454855266903677,0.0270691919830765,0.008120198110235934,0.19589576331674818,synthetic_turbet2020_based
Kepler-990 b,0.1376919818323757,0.4037742910510602,0.03279359552928034,0.006702434073476749,0.41903769751380715,synthetic_turbet2020_based
Kepler-1537 b,0.18728918773161063,0.5654886694656754,0.03297870637085434,0.005274977056429366,0.2089684593754303,synthetic_turbet2020_based
HATS-28 b,0.12974846427033282,0.4269216282675986,0.04589134670132406,0.00919371105848463,0.3882448497022598,synthetic_turbet2020_based
HR 858 d,0.13220894147639492,0.6226222062883783,0.012302241437758182,0.006381554618077811,0.22648505617939085,synthetic_turbet2020_based
TOI-2193 A b,0.11437276848187439,0.683617452093775,0.011884996663822896,0.007397989144565409,0.18272679361596222,synthetic_turbet2020_based
GJ 9773 b,0.6860681471496941,0.06865347974077972,0.03508503901248492,0.003041573361690093,0.20715176073535113,synthetic_turbet2020_based
Kepler-1785 b,0.11606785178244003,0.7342533036213299,0.03422366574379096,0.0016186447178057031,0.11383653413463335,synthetic_turbet2020_based
Kepler-130 d,0.11643632469812447,0.5247085835111669,0.03566582715646531,0.006531075471657348,0.31665818916258603,synthetic_turbet2020_based
HD 13808 c,0.051559715226521086,0.6430782037673852,0.03939398615939747,0.00791857029161418,0.2580495245550821,synthetic_turbet2020_based
Kepler-340 b,0.05884636555849418,0.5214633668439477,0.02685094242206096,0.0026179453701542068,0.3902213798053429,synthetic_turbet2020_based
HD 125271 b,0.726220161349503,0.01640165822430331,0.014528691320282065,0.007018252865590776,0.23583123624032087,synthetic_turbet2020_based
Kepler-1085 b,0.1787717383480465,0.2422811694959145,0.01192434112066672,0.03250812212174012,0.5345146289136322,synthetic_turbet2020_based
Kepler-1404 b,0.10871729953802606,0.7187885567661861,0.041358063208222474,0.004380036782117574,0.1267560437054478,synthetic_turbet2020_based
K2-99 c,0.14340710211315716,0.49101954752779525,0.03321627344721681,0.0017313822455277022,0.3306256946663031,synthetic_turbet2020_based
TOI-1728 b,0.11519064261779152,0.4730910726152437,0.04533524728366091,0.005004107361701486,0.3613789301216024,synthetic_turbet2020_based
HATS-74 A b,0.13861606229563023,0.5441527441320042,0.021549641409592115,0.0028262780475538027,0.2928552741152196,synthetic_turbet2020_based
Kepler-1207 b,0.18678073740005297,0.7197863129707811,0.015330445777241235,0.007720523886626186,0.0703819799652986,synthetic_turbet2020_based
Kepler-1636 b,0.7255592331109959,0.011385698946451287,0.03113469281504888,0.002170417960763795,0.22974995716674018,synthetic_turbet2020_based
Kepler-1267 b,0.08149014696403921,0.6784163845696372,0.020285681485647845,0.009026993816576349,0.21078079316409948,synthetic_turbet2020_based
K2-73 c,0.797150927527251,0.08490551364197282,0.034607581533207366,0.008819646319198144,0.07451633097837063,synthetic_turbet2020_based
Kepler-1795 b,0.10425270125332253,0.6196562307542319,0.030635616017773343,0.009134116372701735,0.23632133560197044,synthetic_turbet2020_based
K2-285 b,0.07473731129129203,0.631224305274677,0.040177247769079216,0.004330447844802944,0.24953068782014887,synthetic_turbet2020_based
WISPIT 1 c,0.8602744573847929,0.04357132903699607,0.016932350395836644,0.006256435198645286,0.07296542798372907,synthetic_turbet2020_based
LP 714-47 b,0.11308520150559688,0.40607604187280183,0.012793543699740128,0.0027574946218593107,0.4652877183000018,synthetic_turbet2020_based
Kepler-963 b,0.16539949392772285,0.7568158064134993,0.0318256349605689,0.0019500891626271113,0.04400897553558192,synthetic_turbet2020_based
XO-2 S b,0.1301628428362769,0.7422421842387781,0.039979105164903585,0.003619883473276375,0.08399598428676514,synthetic_turbet2020_based
Kepler-1748 b,0.06858359139325368,0.7602726799048972,0.04416354986528844,0.0014834382863070322,0.12549674055025362,synthetic_turbet2020_based
Kepler-336 d,0.17355117347368465,0.4388850551139758,0.012531345336081481,0.007827408074316335,0.3672050180019417,synthetic_turbet2020_based
Kepler-712 b,0.13044659328874372,0.5658192096361276,0.04615448783904088,0.008553732148609786,0.24902597708747798,synthetic_turbet2020_based
TOI-4364 b,0.058643520732058495,0.646434896776469,0.04089069612829833,0.005954415217974569,0.2480764711451996,synthetic_turbet2020_based
Kepler-247 b,0.1974508248614283,0.6744190018590193,0.014165720507881011,0.002784682107999581,0.1111797706636719,synthetic_turbet2020_based
TOI-5628 A b,0.1739368431799193,0.79870266925772,0.013933570674895588,0.0019029638606054356,0.011523953026859712,synthetic_turbet2020_based
TOI-2992 b,0.16450805812149255,0.42574171268661587,0.012742404642593899,0.008999348347086964,0.3880084762022107,synthetic_turbet2020_based
K2-268 b,0.17006747184776766,0.7526252799457529,0.03602053608531015,0.0039028277974497263,0.03738388432371942,synthetic_turbet2020_based
Kepler-1096 b,0.1859469785499187,0.5194894099897728,0.021020433578193973,0.008977603772734943,0.26456557410937964,synthetic_turbet2020_based
TOI-615 b,0.1521233888739812,0.7582688338836971,0.016236051570158897,0.009570671179890685,0.06380105449227202,synthetic_turbet2020_based
HAT-P-28 b,0.1419113235050491,0.6672140176373711,0.04656242321305806,0.004426776772251659,0.1398854588722701,synthetic_turbet2020_based
Kepler-667 b,0.15793624920437935,0.6561362484497937,0.04151010875463841,0.009072485126499767,0.13534490846468883,synthetic_turbet2020_based
Kepler-557 b,0.1520091283145142,0.42705582180122575,0.01732561383399121,0.009585803640403758,0.39402363240986504,synthetic_turbet2020_based
rho CrB c,0.19529757100658396,0.7869653254793451,0.01147197601600472,0.004442033511544765,0.0018230939865214735,synthetic_turbet2020_based
Kepler-483 b,0.16395090559819941,0.7011543214631324,0.01343635619799834,0.006485399983805672,0.11497301675686422,synthetic_turbet2020_based
HD 73534 b,0.6428608855622572,0.054388839958101405,0.01958742803364486,0.0014784505456125491,0.28168439590038397,synthetic_turbet2020_based
HD 35843 b,0.06200291382899144,0.7643571798919633,0.039785838568061366,0.009386415835956556,0.12446765187502729,synthetic_turbet2020_based
Kepler-116 b,0.12049848985003292,0.5653169995811218,0.024336291700083824,0.0065467638644688105,0.2833014550042926,synthetic_turbet2020_based
HAT-P-62 b,0.10273390804570005,0.6985092935928026,0.04205269304863449,0.00888260134086443,0.14782150397199856,synthetic_turbet2020_based
TOI-3896 b,0.08642013953679159,0.6108088197169502,0.018937784669193554,0.0013380024107830703,0.2824952536662815,synthetic_turbet2020_based
Kepler-443 b,0.8123475912509514,0.05940831465416122,0.03895709118212335,0.001788606202658834,0.08749839671010529,synthetic_turbet2020_based
TOI-4504 d,0.19932892685929132,0.7977394267788128,0.02859999302014051,0.008794528436654524,-0.034462875094899426,synthetic_turbet2020_based
HD 150010 b,0.08653528337083352,0.6950264644893188,0.04516903427254264,0.008331996394727008,0.16493722147257805,synthetic_turbet2020_based
Kepler-552 b,0.17176611173617362,0.5852106528355461,0.04279959791115091,0.007216343317191705,0.19300729419993767,synthetic_turbet2020_based
TOI-2719 b,0.06986770972163066,0.4456737616258081,0.040876885437385595,0.006629176798956315,0.4369524664162193,synthetic_turbet2020_based
HD 23596 b,0.7558128351574133,0.09165356117639455,0.03638361427484874,0.004565320705794702,0.11158466868554873,synthetic_turbet2020_based
K2-347 b,0.11208977122642758,0.642097744327034,0.04041101138745394,0.006079179762542118,0.19932229329654227,synthetic_turbet2020_based
Kepler-812 b,0.12631413233287697,0.6907602810616728,0.038210581996281454,0.00847312156552205,0.1362418830436467,synthetic_turbet2020_based
TOI-2266 b,0.05938276794159417,0.7019808528327915,0.0305504180380676,0.0016722380802983669,0.20641372310724837,synthetic_turbet2020_based
Kepler-1187 b,0.15185150422542798,0.6866160776007771,0.03094508678178738,0.008144190798847865,0.12244314059315964,synthetic_turbet2020_based
Kepler-1547 b,0.09503721629439524,0.48076288741257445,0.024029358069731138,0.004690454619663798,0.3954800836036354,synthetic_turbet2020_based
Kepler-170 b,0.15439004036032533,0.7382079751512911,0.03883672760314706,0.002565888031626414,0.06599936885361013,synthetic_turbet2020_based
GJ 15 A b,0.10493256272003862,0.4633654853791112,0.037468967982322056,0.0032335469039520472,0.39099943701457607,synthetic_turbet2020_based
Kepler-100 b,0.12880803992777703,0.7167319372778738,0.036837570996864605,0.003685365915986195,0.11393708588149842,synthetic_turbet2020_based
Kepler-1258 b,0.09993001259245113,0.6613457146412127,0.031978709973597766,0.0018675413872303996,0.20487802140550793,synthetic_turbet2020_based
NSVS 14256825 b,0.18109873839103197,0.6050452992214514,0.028934440527898612,0.002785954029690361,0.18213556782992757,synthetic_turbet2020_based
TOI-1266 b,0.1065490728455806,0.5331299449260397,0.020829427313177072,0.006106659171820959,0.3333848957433817,synthetic_turbet2020_based
Kepler-659 b,0.11934130404204232,0.755679074125867,0.04765375908188644,0.002975260863052818,0.07435060188715148,synthetic_turbet2020_based
GJ 27.1 b,0.06501581431508158,0.7141350205950998,0.04979445614554436,0.008772400628687388,0.16228230831558688,synthetic_turbet2020_based
TOI-4495 c,0.05355461031781021,0.5005054202825865,0.011733691081650557,0.008387014393370501,0.42581926392458225,synthetic_turbet2020_based
Kepler-798 b,0.13721104644384746,0.6054874164668216,0.0321779952798611,0.0032720613282693203,0.22185148048120062,synthetic_turbet2020_based
TOI-5082.01,0.14024575537082945,0.412266791385612,0.03584046895883358,0.007609904471609478,0.40403707981311554,synthetic_turbet2020_based
Kepler-364 c,0.1509539395567741,0.5328470073248881,0.04305051660510171,0.007439895974057339,0.26570864053917875,synthetic_turbet2020_based
TOI-1260 d,0.06924459843864168,0.478057688215326,0.03548433652712955,0.0036047452020042357,0.4136086316168984,synthetic_turbet2020_based
HD 50499 b,0.6358298824338711,0.0239472093834903,0.016624687221616027,0.0053001181613654405,0.3182981027996572,synthetic_turbet2020_based
HD 20794 f,0.7822156360288492,0.02587620473689735,0.038499864414528844,0.0035291134675137564,0.1498791813522109,synthetic_turbet2020_based
Kepler-1595 b,0.09673372075909414,0.48939944842964306,0.04140824543772764,0.009638324496431896,0.3628202608771033,synthetic_turbet2020_based
HD 99109 b,0.7477499546034279,0.013782757728879299,0.020422772657019035,0.002422452620069615,0.21562206239060422,synthetic_turbet2020_based
KOI-3503 b,0.1764143427278027,0.4339415949732821,0.04865904962753535,0.006296623989621635,0.3346883886817583,synthetic_turbet2020_based
Kepler-526 b,0.12766096806112448,0.7389402489676747,0.011101904851658247,0.007994374744663087,0.11430250337487935,synthetic_turbet2020_based
HD 28109 c,0.0674906068352775,0.7363112395761728,0.031167048769514476,0.0015501646212408263,0.16348094019779436,synthetic_turbet2020_based
K2-11 b,0.17498675582019868,0.4109256468285007,0.015534827715744139,0.008180420714439661,0.39037234892111683,synthetic_turbet2020_based
NGTS-26 b,0.11973066857868365,0.7525554817419335,0.03541717091164334,0.006611758789333673,0.08568491997840588,synthetic_turbet2020_based
KOI-319 b,0.09383526591980224,0.45347220942069344,0.04844689563586731,0.0019431792022905564,0.40230244982134644,synthetic_turbet2020_based
TOI-1743 b,0.12935159001103513,0.5090274363339121,0.02056562654325819,0.006351275973725318,0.3347040711380692,synthetic_turbet2020_based
Kepler-1837 b,0.16969011757683033,0.7108717931325115,0.044752067567742145,0.0036361246412113042,0.07104989708170462,synthetic_turbet2020_based
Kepler-1986 b,0.11986270725726109,0.40373382928801,0.03987430492545462,0.0037210880092805477,0.4328080705199938,synthetic_turbet2020_based
Kepler-696 b,0.134224029990528,0.4677201128077803,0.04277598028537314,0.0083554499735045,0.3469244269428141,synthetic_turbet2020_based
Kepler-189 c,0.18161793721294334,0.41837479884268913,0.049698348391000555,0.003230014729957251,0.34707890082340975,synthetic_turbet2020_based
HD 105618 b,0.09641505290710242,0.49973429167617844,0.020701307934661295,0.00597395220493282,0.37717539527712507,synthetic_turbet2020_based
TOI-1301.01,0.08597158164556695,0.557508524560162,0.03622426329772861,0.008524235832199543,0.3117713946643429,synthetic_turbet2020_based
Kepler-1497 b,0.15391122504003196,0.6377291379149294,0.01590914250164275,0.008345040413871544,0.1841054541295244,synthetic_turbet2020_based
Kepler-194 b,0.05559123319895581,0.5056766652941209,0.012282356677278448,0.007006860780260164,0.4194428840493848,synthetic_turbet2020_based
Kepler-661 b,0.10525566238902719,0.6608193932819467,0.023881238372143614,0.005101666577195448,0.20494203937968702,synthetic_turbet2020_based
Kepler-529 c,0.11869415152492714,0.41823226146701786,0.02720906105384014,0.006769579268036825,0.4290949466861781,synthetic_turbet2020_based
HAT-P-61 b,0.13190783691131508,0.4301135065113149,0.03672223942746995,0.0037797647942373488,0.39747665235566265,synthetic_turbet2020_based
TOI-2589 b,0.052165220416853314,0.4622382228336981,0.029902386292662383,0.003793614931270618,0.45190055552551556,synthetic_turbet2020_based
HD 95872 b,0.8083149041260653,0.031658812800918805,0.040911846739006746,0.0035782946325458196,0.11553614170146342,synthetic_turbet2020_based
Kepler-1412 b,0.14312955613766237,0.719686552100472,0.025422245145749957,0.0014212444763392342,0.11034040213977625,synthetic_turbet2020_based
Kepler-760 c,0.13031682815883217,0.7981636246178001,0.048759674655076544,0.002989199745497514,0.019770672822793656,synthetic_turbet2020_based
2MASS J0249-0557 c,0.16335447641363787,0.5379807327280264,0.016410899207323658,0.00699323230542244,0.27526065934558963,synthetic_turbet2020_based
TOI-4504 c,0.12513030942901537,0.615692223062271,0.04309570648942034,0.004028893082986808,0.2120528679363065,synthetic_turbet2020_based
Kepler-1540 b,0.3001284278666989,0.17323829339252506,0.011708955863217168,0.025120604293453957,0.4898037185841049,synthetic_turbet2020_based
Kepler-225 c,0.19250516948062024,0.5933049928353669,0.014329217473474726,0.007190441464386034,0.1926701787461521,synthetic_turbet2020_based
Kepler-180 b,0.19450690245777819,0.7631780986177029,0.03287843351232555,0.004386526699136781,0.005050038713056537,synthetic_turbet2020_based
HD 18438 b,0.13710165027638607,0.7263724248796999,0.044449493680738174,0.008369594964481971,0.0837068361986939,synthetic_turbet2020_based
HD 154088 b,0.11832145676626067,0.447543195828092,0.032766937069551055,0.002407859452300287,0.398960550883796,synthetic_turbet2020_based
HD 24064 b,0.0591437500846784,0.5994671333715444,0.03621493800186512,0.008687325757657538,0.29648685278425446,synthetic_turbet2020_based
Kepler-1349 b,0.16742533309314556,0.7428962051026193,0.04040275083283562,0.007329154572155255,0.04194655639924427,synthetic_turbet2020_based
HD 29399 b,0.05152063537110495,0.6504409247236842,0.014819272165564707,0.0015280041909928696,0.2816911635486533,synthetic_turbet2020_based
TOI-4511 b,0.07346182281584832,0.7293168645767001,0.039753975724000856,0.009538951646846913,0.1479283852366038,synthetic_turbet2020_based
Kepler-411 e,0.19684643879756158,0.7573135945495929,0.015317042039079968,0.008905444668324825,0.02161747994544072,synthetic_turbet2020_based
eps Ind A b,0.3515911404365937,0.27421717197193946,0.01606742468465966,0.014671673110932702,0.34345258979587445,synthetic_turbet2020_based
Kepler-1306 b,0.18857133193761227,0.4695306596538018,0.02474486924170405,0.005103863645446543,0.31204927552143524,synthetic_turbet2020_based
TOI-2200 b,0.06866637917443467,0.408253715213019,0.049763618790684645,0.008889915203514651,0.464426371618347,synthetic_turbet2020_based
K2-285 c,0.18685068940259564,0.5138252277088474,0.018804062909817565,0.00483279902357884,0.27568722095516063,synthetic_turbet2020_based
Kepler-345 b,0.11799790534670104,0.4022397755456963,0.04117012450239332,0.009970003343278157,0.42862219126193124,synthetic_turbet2020_based
Kepler-539 c,0.2586072610306268,0.17765173900249026,0.025710075728848134,0.013843085286884027,0.5241878389511507,synthetic_turbet2020_based
HD 33844 b,0.08992427275460177,0.6008531154538526,0.027273920045387895,0.005905312711687992,0.27604337903446974,synthetic_turbet2020_based
GJ 317 c,0.854719694591222,0.030271807242965083,0.011106567236252479,0.0013440290075446668,0.10255790192201575,synthetic_turbet2020_based
Kepler-467 b,0.07012532079602876,0.6281931939217611,0.04232739240151699,0.008981253453525684,0.2503728394271676,synthetic_turbet2020_based
Kepler-964 b,0.14526698029624568,0.5612573009803574,0.016180588326245898,0.004612765054991311,0.2726823653421597,synthetic_turbet2020_based
TOI-1386 c,0.1997245401723351,0.2740051761714275,0.029468775096424288,0.019047835998181155,0.4777536725616319,synthetic_turbet2020_based
Kepler-1262 b,0.09332016002236698,0.4545880658170756,0.04674341796276525,0.001453112616128217,0.40389524358166395,synthetic_turbet2020_based
BEBOP-3 b,0.10385387456676827,0.13659778670537376,0.04243496071642503,0.030938671465243248,0.6861747065461896,synthetic_turbet2020_based
Kepler-1071 b,0.143876493106548,0.5430926701662939,0.012747119421966801,0.008705423462429515,0.2915782938427618,synthetic_turbet2020_based
Kepler-1515 b,0.07878414081881112,0.4132236802180459,0.03290816543732775,0.0017496029834614098,0.4733344105423538,synthetic_turbet2020_based
Kepler-1809 b,0.06436427777897513,0.7201508125930101,0.02966438357271982,0.0031735760702242873,0.1826469499850707,synthetic_turbet2020_based
K2-242 b,0.10229396350392783,0.6916963915372687,0.012654165790264075,0.0020483255433988894,0.1913071536251405,synthetic_turbet2020_based
Kepler-649 b,0.14243930524858545,0.642788693786843,0.048898487381414876,0.004370945331299047,0.1615025682518576,synthetic_turbet2020_based
HAT-P-55 b,0.05976164407662739,0.6150149739398512,0.035533872470471614,0.002256425072076242,0.2874330844409736,synthetic_turbet2020_based
Kepler-344 c,0.13292929603027953,0.4791068486633059,0.043789202315242734,0.008516453462054468,0.33565819952911746,synthetic_turbet2020_based
HIP 65891 b,0.11444436439976628,0.7866972762051216,0.04919095497798967,0.0021632598005285756,0.04750414461659391,synthetic_turbet2020_based
GJ 4274 c,0.7103141414497403,0.06402893230419802,0.013393512383257776,0.004443899534327234,0.20781951432847667,synthetic_turbet2020_based
Kepler-1111 b,0.08917581260248862,0.7808200883866817,0.026463432913258818,0.007864037726927613,0.09567662837064328,synthetic_turbet2020_based
Kepler-172 b,0.10800580452682608,0.45272482816753423,0.0445260612064339,0.0010037522521279347,0.3937395538470779,synthetic_turbet2020_based
K2-139 b,0.0583911310961675,0.5457537623588173,0.03747593022074946,0.004075338657616982,0.35430383766664864,synthetic_turbet2020_based
HD 64121 b,0.059946922643146244,0.5271360134936596,0.019799234359606493,0.0010487781983637816,0.39206905130522385,synthetic_turbet2020_based
Kepler-902 b,0.13022028697706028,0.44665836589767444,0.021499851551866643,0.006770708472001731,0.39485078710139687,synthetic_turbet2020_based
Kepler-894 b,0.1587673533234466,0.5053822507424091,0.02316774684260936,0.0032221831431471872,0.30946046594838783,synthetic_turbet2020_based
Kepler-1794 b,0.1935332900474288,0.4762078907949612,0.017327224145347053,0.005005317662483789,0.3079262773497792,synthetic_turbet2020_based
TOI-1064 b,0.07839595388008538,0.4626833825142433,0.01383518150804342,0.006761541232974245,0.43832394086465365,synthetic_turbet2020_based
Kepler-884 b,0.14181233823528444,0.6600651567511866,0.040932000320375854,0.003937222115133183,0.15325328257801996,synthetic_turbet2020_based
Kepler-1019 b,0.18776356004178824,0.6932818444275024,0.04218834354324748,0.007488659474440402,0.06927759251302146,synthetic_turbet2020_based
WASP-28 b,0.10376834681488428,0.513212995225054,0.026900682783160566,0.001873273244800226,0.3542447019321008,synthetic_turbet2020_based
GJ 3341 b,0.11769207523489209,0.41725639323809594,0.01015783840108778,0.009383490455272234,0.445510202670652,synthetic_turbet2020_based
TOI-4552 b,0.15340052908818397,0.6247387788263876,0.023644081576922313,0.006134842132165668,0.1920817683763405,synthetic_turbet2020_based
GJ 1289 b,0.8674727329014995,0.06871421205494782,0.03409927991814017,0.005141840526745103,0.024571934598667355,synthetic_turbet2020_based
Kepler-555 b,0.10185455459762871,0.6794188455686847,0.04923923764063257,0.004822819241685311,0.1646645429513688,synthetic_turbet2020_based
Kepler-683 b,0.10883078060213013,0.5712453889460171,0.027021758721988857,0.009915622960316457,0.2829864487695475,synthetic_turbet2020_based
HATS-10 b,0.1560167386264011,0.5436737796842367,0.024860094953068904,0.004877172322696502,0.2705722144135968,synthetic_turbet2020_based
Kepler-1977 b,0.055506828137067456,0.6111265608085,0.04245523806091059,0.006945110138867596,0.2839662628546544,synthetic_turbet2020_based
Kepler-715 b,0.07976312701423124,0.691213696551348,0.038778344253281215,0.003362852940840974,0.1868819792402986,synthetic_turbet2020_based
TOI-1694 b,0.14343119852854028,0.6443796132487745,0.04359150495424727,0.002224650806500972,0.16637303246193702,synthetic_turbet2020_based
Kepler-164 d,0.07922577567672842,0.5943878015071221,0.011765805955692281,0.00474034777841536,0.3098802690820418,synthetic_turbet2020_based
Kepler-786 b,0.336465712599917,0.12974287879679963,0.028397949477460993,0.04959076933529779,0.45580268979052463,synthetic_turbet2020_based
TOI-3785 b,0.12588800201372968,0.5993295296488362,0.032351743348966726,0.002674039332994671,0.2397566856554726,synthetic_turbet2020_based
WASP-145 A b,0.07207458240289165,0.6709418516460435,0.02583067239623081,0.003609159653939282,0.22754373390089477,synthetic_turbet2020_based
WASP-136 b,0.05470874298798464,0.738420198871393,0.01129315463379331,0.007749848116749875,0.18782805539007918,synthetic_turbet2020_based
HATS-12 b,0.10729828384978715,0.6394751242018601,0.019907120027606494,0.0023985969960886584,0.23092087492465752,synthetic_turbet2020_based
TOI-1296 b,0.1300082001252421,0.6782470779816574,0.01781973179780586,0.004927230526893078,0.16899775956840168,synthetic_turbet2020_based
HD 98736 b,0.7333964910874187,0.029438123417151657,0.03260197785008524,0.002313421181035306,0.20224998646430914,synthetic_turbet2020_based
Kepler-1136 b,0.12646237599778704,0.4453726045463998,0.029421696354205495,0.003804391493880012,0.39493893160772753,synthetic_turbet2020_based
Kepler-635 b,0.11783694381223027,0.5734997437772698,0.046317324912743714,0.005409420399608165,0.25693656709814805,synthetic_turbet2020_based
TOI-1279 b,0.17277483558153117,0.4902609571646861,0.024083311785370355,0.0016758044256987184,0.31120509104271366,synthetic_turbet2020_based
Kepler-468 b,0.11311216922322405,0.6674799548299724,0.043526681364375854,0.006093234206192398,0.16978796037623534,synthetic_turbet2020_based
DE CVn b,0.7920218008779236,0.025954036985525335,0.011488241529337575,0.008125193306595845,0.16241072730061756,synthetic_turbet2020_based
TOI-682.01,0.07505573111619296,0.436467814213101,0.047502492836263815,0.009671692276532591,0.4313022695579096,synthetic_turbet2020_based
USco CTIO 108 b,0.7848771874807484,0.04407735454185641,0.04332958163856208,0.002842479634018712,0.12487339670481434,synthetic_turbet2020_based
Kepler-1496 b,0.1144088491144523,0.5428069196002407,0.04650799962966727,0.009277996738260463,0.2869982349173793,synthetic_turbet2020_based
HD 102272 b,0.14763288894854998,0.44429605610907674,0.029287711586332102,0.003207955296016511,0.37557538806002466,synthetic_turbet2020_based
Kepler-366 c,0.18273734947767228,0.4553611196064808,0.012172411034428295,0.007339861301950705,0.3423892585794678,synthetic_turbet2020_based
KOI-2513.01,0.11799291124522295,0.7353459550412338,0.01298518524677247,0.008209685193470585,0.12546626327330024,synthetic_turbet2020_based
Kepler-537 b,0.05560021292662375,0.4112280047655828,0.02845263006924119,0.0029916216071258664,0.5017275306314264,synthetic_turbet2020_based
GJ 3323 b,0.27811561210195923,0.10516339884229409,0.011415581694519141,0.03908593984687762,0.5662194675143499,synthetic_turbet2020_based
TOI-4495 b,0.08152477437384675,0.6625668494642935,0.03999688646003034,0.0015339804915247071,0.21437750921030474,synthetic_turbet2020_based
Kepler-1761 b,0.16546309316963592,0.5073684871845144,0.02558183832798993,0.0017797527306578503,0.29980682858720187,synthetic_turbet2020_based
NGTS-6 b,0.17579449750472792,0.6242915145303056,0.030186611113886888,0.009716993298124803,0.16001038355295483,synthetic_turbet2020_based
Kepler-920 c,0.10017586399110062,0.7563117145906785,0.03878751524258417,0.009356753222670152,0.09536815295296652,synthetic_turbet2020_based
Kepler-818 b,0.186170307914369,0.7964119220104279,0.015267070081486303,0.008164147528824356,-0.0060134475351074634,synthetic_turbet2020_based
Kepler-139 c,0.17067415324212548,0.6577494112713947,0.021154438329528083,0.009686334444654835,0.14073566271229676,synthetic_turbet2020_based
Kepler-959 b,0.08066332068353144,0.5998301513433757,0.030859484512767453,0.00245646410352435,0.28619057935680103,synthetic_turbet2020_based
BD-210397 c,0.8167586466999723,0.017998044776221578,0.03772391115386844,0.008637539466615734,0.11888185790332195,synthetic_turbet2020_based
Kepler-1436 b,0.10240946376235995,0.6837683234396801,0.01627096032591399,0.008613541013075909,0.1889377114589701,synthetic_turbet2020_based
Kepler-1597 b,0.1928047547829837,0.4610774773999108,0.037674378958893286,0.005552479869008733,0.30289090898920346,synthetic_turbet2020_based
WASP-83 b,0.1297248997748568,0.6825958874402753,0.029549619973457494,0.006402937528159451,0.1517266552832509,synthetic_turbet2020_based
Kepler-282 e,0.08463515291170659,0.5514026385954521,0.044609614002860086,0.0019891226048354706,0.3173634718851457,synthetic_turbet2020_based
XO-2 S c,0.139636289140046,0.4737148248939561,0.043861583916934885,0.0062113955846819485,0.33657590646438107,synthetic_turbet2020_based
Kepler-850 b,0.11045731740054068,0.4999298694607272,0.02747378796758538,0.00961851093329568,0.352520514237851,synthetic_turbet2020_based
Kepler-65 d,0.1263813934615431,0.5877958126799441,0.03985095254001236,0.0044114236374871605,0.24156041768101333,synthetic_turbet2020_based
Kepler-1090 b,0.22822718496423822,0.16738954631432382,0.016036790213175656,0.038552368568106024,0.5497941099401563,synthetic_turbet2020_based
TOI-715 b,0.8619092741650871,0.09150333843184891,0.04523211752151119,0.005066054221941937,-0.003710784340389184,synthetic_turbet2020_based
GJ 393 b,0.09260992883047944,0.6551694998403295,0.04818819647624127,0.007543455833517445,0.19648891901943233,synthetic_turbet2020_based
Kepler-1680 b,0.1242272842385235,0.6755234298053794,0.04090151649817588,0.009273423351952637,0.1500743461059686,synthetic_turbet2020_based
Gaia-2 b,0.16448236309582315,0.5732762222543623,0.020944260738619366,0.005498934982566322,0.23579821892862896,synthetic_turbet2020_based
WASP-124 b,0.09922669169082077,0.7771058370751256,0.030318633737998486,0.005248507023676075,0.08810033047237908,synthetic_turbet2020_based
TOI-1439 b,0.10222943272322944,0.6557627961166401,0.03080205114483791,0.0021614403060843087,0.20904427970920814,synthetic_turbet2020_based
GJ 1061 c,0.36076234324914846,0.17180256642875968,0.027303137198326166,0.018226682266543164,0.4219052708572226,synthetic_turbet2020_based
K2-50 b,0.13300973114268339,0.6808220249714332,0.045246612825037585,0.001464468984750364,0.13945716207609538,synthetic_turbet2020_based
Kepler-23 b,0.1959997864549068,0.6815270968081427,0.021371947376460698,0.002840272795125695,0.09826089656536408,synthetic_turbet2020_based
Kepler-257 b,0.09441318779818969,0.750290300666577,0.021655606927838016,0.005165390211015122,0.12847551439638027,synthetic_turbet2020_based
TOI-1736 c,0.8117214162726698,0.0884790877351497,0.036342846493844165,0.007777982768809805,0.055678666729526594,synthetic_turbet2020_based
Kepler-310 d,0.07599901944439334,0.7509631310764555,0.021028767344724426,0.0021554034765086418,0.149853678657918,synthetic_turbet2020_based
WASP-192 b,0.1964366435511004,0.4806559701816644,0.015466078803119059,0.00663418810091608,0.30080711936320004,synthetic_turbet2020_based
Kepler-184 b,0.09782947242441431,0.4533396820721973,0.03404484468863504,0.00783086704500012,0.40695513376975323,synthetic_turbet2020_based
Kepler-1744 b,0.16897975613107352,0.46220504040490895,0.03227468271759769,0.008323105336133146,0.3282174154102867,synthetic_turbet2020_based
Kepler-1107 b,0.07416305171362779,0.48307290070826997,0.010096455897267105,0.005721707407557593,0.4269458842732775,synthetic_turbet2020_based
Kepler-40 b,0.07920225452929264,0.6896970302907597,0.04848855422470423,0.0028787994009916327,0.1797333615542518,synthetic_turbet2020_based
TOI-908 b,0.1473645517645299,0.48473378458340455,0.01072027435918816,0.007826987747931264,0.3493544015449461,synthetic_turbet2020_based
Kepler-851 b,0.11510070149763393,0.7787147446058613,0.03137143528573622,0.002417345820781156,0.07239577278998732,synthetic_turbet2020_based
G 264-012 c,0.11746616626959169,0.4811567179224066,0.04512117090746298,0.007218128627987724,0.3490378162725509,synthetic_turbet2020_based
Kepler-827 b,0.10118582069820554,0.6111281291228562,0.03677920752852114,0.008045719449808829,0.24286112320060826,synthetic_turbet2020_based
Kepler-228 c,0.06202208148058126,0.40900753679809876,0.014578107886795592,0.004554966791553067,0.5098373070429714,synthetic_turbet2020_based
K2-346 b,0.12000599151231382,0.4545846520855394,0.026446125515984215,0.004974605077256475,0.39398862580890615,synthetic_turbet2020_based
Kepler-77 b,0.066363494551623,0.7666639840782936,0.033965837103508305,0.004496819774106539,0.12850986449246848,synthetic_turbet2020_based
Kepler-1509 b,0.126036077520831,0.5256789945875228,0.04417324126578372,0.006175135374116534,0.297936551251746,synthetic_turbet2020_based
GJ 581 b,0.12423437215903153,0.7643541612382391,0.04351918792936271,0.008315217022832645,0.059577061650534,synthetic_turbet2020_based
K2-403 b,0.08384138063477664,0.46124924458734273,0.037603860788509906,0.0052177803070725635,0.41208773368229823,synthetic_turbet2020_based
HD 43691 b,0.15255690694352655,0.7042508928444466,0.02181254029379004,0.0035618538981052783,0.11781780602013159,synthetic_turbet2020_based
Kepler-1574 b,0.12362473493872757,0.509419725410599,0.03669181104064798,0.007720574012926452,0.3225431545970989,synthetic_turbet2020_based
Kepler-238 f,0.12080584190798667,0.6895199062394572,0.030417502762831047,0.0074158454977030835,0.15184090359202185,synthetic_turbet2020_based
K2-253 b,0.0837452371693588,0.6955372183732168,0.03860496093828071,0.003399451363442599,0.17871313215570117,synthetic_turbet2020_based
Kepler-1290 b,0.13339564865602627,0.7421246671497607,0.01998090587889756,0.007623818056132088,0.0968749602591834,synthetic_turbet2020_based
Kepler-68 d,0.38619001514406615,0.27324838395151296,0.02606080330721105,0.03428830931952554,0.2802124882776843,synthetic_turbet2020_based
Kepler-218 b,0.1987655201379056,0.6273749645502874,0.014601104097214664,0.0014088767930088481,0.15784953442158345,synthetic_turbet2020_based
Kepler-645 b,0.16854717646160428,0.5694513301607385,0.01987251562516778,0.004129048275948523,0.23799992947654103,synthetic_turbet2020_based
TOI-1450 A b,0.16360592998196788,0.5860989342535317,0.04473997970103506,0.007614330298999295,0.19794082576446614,synthetic_turbet2020_based
HD 206610 b,0.1961021225668138,0.7554015067159374,0.020181888471440368,0.006931533095222981,0.021382949150585362,synthetic_turbet2020_based
Kepler-99 b,0.05308145517922158,0.7964426897718393,0.020440244352103863,0.006983155842612257,0.123052454854223,synthetic_turbet2020_based
Kepler-1010 b,0.1773730431799348,0.4641858650911886,0.04391517371241917,0.0011102109921174018,0.3134157070243401,synthetic_turbet2020_based
Kepler-687 b,0.11629657071281112,0.5888150490124554,0.024963628530349436,0.006277462716704498,0.26364728902767964,synthetic_turbet2020_based
Kepler-1855 b,0.1872263523053948,0.5307956457201157,0.03317039548665697,0.008897162731689907,0.23991044375614257,synthetic_turbet2020_based
Kepler-1363 b,0.16594930926520673,0.41629330592219843,0.047711630565106494,0.0014198221383275146,0.36862593210916084,synthetic_turbet2020_based
Kepler-296 b,0.13831377115614946,0.630141448126066,0.041455609228092646,0.0023359874666407992,0.1877531840230512,synthetic_turbet2020_based
BD+48 738 b,0.07690555880940557,0.7008427730953443,0.015980190096465004,0.005225006143590756,0.20104647185519442,synthetic_turbet2020_based
HR 8799 c,0.1597472135316398,0.6604967715130725,0.018424167444523805,0.0037356423281747703,0.1575962051825891,synthetic_turbet2020_based
Kepler-1773 b,0.19534623548615615,0.5794682480619536,0.011778299057455222,0.002976264095196994,0.210430953299238,synthetic_turbet2020_based
Kepler-989 b,0.10136526344927566,0.7997957617178344,0.022107661899076744,0.0012375626390429047,0.07549375029477023,synthetic_turbet2020_based
Kepler-1508 b,0.1269382366333004,0.43344215398959085,0.020962703947828874,0.009931448584845452,0.4087254568444345,synthetic_turbet2020_based
TOI-7041 b,0.15569577783952318,0.42026665171314814,0.027947468743671842,0.002544737613659644,0.3935453640899972,synthetic_turbet2020_based
K2-37 c,0.0684416984603182,0.6348261653395209,0.030226235585608628,0.007685799258839575,0.25882010135571265,synthetic_turbet2020_based
2MASS J19383260+4603591 b,0.18384593423477896,0.4986727429726648,0.046919679466215884,0.0056619259529868595,0.2648997173733535,synthetic_turbet2020_based
TOI-1260 b,0.08882523772776758,0.7383143352410437,0.0114211967211609,0.006035584397256646,0.15540364591277112,synthetic_turbet2020_based
HIP 39330 b,0.81648646050899,0.035197991844052895,0.044539676702528716,0.0031625610702218643,0.10061330987420658,synthetic_turbet2020_based
Kepler-52 c,0.17598114240976087,0.43141798553298294,0.016397103674737252,0.004428861255117173,0.3717749071274018,synthetic_turbet2020_based
Kepler-1637 b,0.1781083269197269,0.457834146050713,0.04501752959176966,0.0030675837395151436,0.31597241369827533,synthetic_turbet2020_based
Kepler-1990 b,0.11787625978917933,0.5410937617041351,0.014725049064580942,0.009498787655672261,0.3168061417864323,synthetic_turbet2020_based
TOI-1749 c,0.11572674361283204,0.6761325045424778,0.03301070706656124,0.005515443251669867,0.16961460152645902,synthetic_turbet2020_based
GJ 9714 b,0.7849732870670547,0.09085080755821862,0.03797249502776438,0.00579232071509699,0.08041108963186538,synthetic_turbet2020_based
Kepler-312 b,0.14677789409989647,0.6425577122036087,0.027324848299452524,0.006622876091174054,0.17671666930586827,synthetic_turbet2020_based
Kepler-1671 b,0.11653547002462455,0.703045751148765,0.04875649934089142,0.009638788217475065,0.12202349126824397,synthetic_turbet2020_based
Kepler-466 b,0.1731103679637471,0.6407035588237942,0.03997327952282962,0.00260243465731799,0.14361035903231112,synthetic_turbet2020_based
HD 63765 b,0.7437055371941768,0.03315742884922279,0.010139799244373884,0.009700638172048685,0.20329659654017784,synthetic_turbet2020_based
TOI-7008 b,0.1795772842777762,0.6054794473879708,0.020166091524760274,0.007236776891793131,0.18754039991769966,synthetic_turbet2020_based
Kepler-1038 c,0.11522016268248914,0.7213398133690798,0.04998072440723798,0.004141743467408831,0.10931755607378424,synthetic_turbet2020_based
TOI-3877 b,0.08666045652170717,0.5069529955179033,0.013733849827226878,0.004546415768501399,0.38810628236466127,synthetic_turbet2020_based
Kepler-1699 b,0.0526137579075364,0.44575822296051026,0.02086782989090681,0.002438764983185327,0.47832142425786117,synthetic_turbet2020_based
HD 143105 b,0.1598238649251088,0.44224191634716015,0.04463976420098099,0.002990030533398576,0.3503044239933515,synthetic_turbet2020_based
HD 191939 e,0.06628859254573516,0.4040426577725034,0.038608200172885854,0.0033095507134468785,0.4877509987954287,synthetic_turbet2020_based
Kepler-1569 b,0.12642479077066623,0.44464641866886234,0.049411836929449976,0.0021284626516295977,0.37738849097939187,synthetic_turbet2020_based
Kepler-859 b,0.11178888899628175,0.7406598009337864,0.019795477939216273,0.003402746068115561,0.1243530860626001,synthetic_turbet2020_based
HD 83443 b,0.17127492738360994,0.5093358628768051,0.010114852443792519,0.004851223484409549,0.30442313381138286,synthetic_turbet2020_based
Kepler-106 b,0.05188028145177125,0.7639169135317467,0.03567252896716884,0.00624712839599118,0.14228314765332195,synthetic_turbet2020_based
Kepler-834 b,0.08023842662935447,0.6799784741714545,0.03709018574713383,0.0015441721653282846,0.20114874128672888,synthetic_turbet2020_based
K2-249 b,0.18212697962158592,0.6317653451719223,0.04169867524154441,0.0033662266491595984,0.14104277331578785,synthetic_turbet2020_based
Kepler-454 c,0.6366143399260362,0.07322046158681061,0.04175530745020649,0.004474301802573623,0.24393558923437308,synthetic_turbet2020_based
HD 33283 b,0.05355384129744669,0.7273016098615459,0.018243756253217627,0.004051287477077394,0.19684950511071242,synthetic_turbet2020_based
Kepler-169 e,0.14423465116656956,0.4399818876845211,0.012879830645538526,0.0012313339441774685,0.40167229655919323,synthetic_turbet2020_based
GJ 536 b,0.18749597903591836,0.5245530977074623,0.036426352604685276,0.009903117241159682,0.24162145341077435,synthetic_turbet2020_based
Kepler-37 e,0.15041761903429154,0.610037918342472,0.030836797340689545,0.0043922543360999655,0.2043154109464469,synthetic_turbet2020_based
Kepler-37 b,0.13996694839326282,0.7835165558182817,0.04152176134793241,0.004818039553299138,0.030176694887223854,synthetic_turbet2020_based
TOI-2236 b,0.09986672435488,0.7534126118492486,0.015431433025063753,0.008646267312678717,0.12264296345812897,synthetic_turbet2020_based
HD 159868 c,0.08826151420134987,0.6862516943103671,0.0422488232309932,0.005292968655371254,0.17794499960191856,synthetic_turbet2020_based
Kepler-1665 b,0.07884259642134116,0.7379070973849502,0.02470033380213259,0.003886122344342674,0.15466385004723338,synthetic_turbet2020_based
HIP 111909 b,0.12650242735301595,0.5740344964415671,0.037322088681548966,0.0022347802753539883,0.259906207248514,synthetic_turbet2020_based
Kepler-1125 b,0.11535344810718096,0.7566807244900816,0.011442508377589018,0.005116044998379938,0.11140727402676853,synthetic_turbet2020_based
Kepler-384 b,0.14907979495778154,0.7550844348167942,0.03375144907732703,0.008420358441153958,0.05366396270694318,synthetic_turbet2020_based
HD 37605 b,0.08340365284389298,0.5411237744911439,0.047685290957121707,0.008973776017834178,0.3188135056900072,synthetic_turbet2020_based
Kepler-1618 b,0.13369294740330567,0.5901953351179381,0.028042695658178338,0.0015291069541031443,0.24653991486647475,synthetic_turbet2020_based
Kepler-352 d,0.18385656559348507,0.7272598033661343,0.028250045789114685,0.003514959754475261,0.0571186254967907,synthetic_turbet2020_based
K2-148 c,0.1014380909639796,0.4492642343491558,0.03887158965222891,0.006010028708993719,0.40441605632564204,synthetic_turbet2020_based
NGTS-9 b,0.08511551342373425,0.6492022288310759,0.04916920857019899,0.002101556219285613,0.21441149295570516,synthetic_turbet2020_based
Kepler-584 b,0.11877275159379917,0.5976635283688507,0.016671888552952097,0.005784221898975834,0.2611076095854221,synthetic_turbet2020_based
Kepler-92 b,0.1408965887822135,0.46293781552739816,0.016188955960355057,0.008707138440703806,0.37126950128932945,synthetic_turbet2020_based
TOI-277 b,0.09670811550050673,0.6521333548314524,0.035070923027008566,0.008552537880243717,0.20753506876078864,synthetic_turbet2020_based
EPIC 212297394 b,0.16098419468472852,0.7362305733753112,0.03500859158602663,0.005045114444625946,0.06273152590930764,synthetic_turbet2020_based
K2-270 b,0.10903497819696122,0.5516119066645744,0.026735723916366312,0.002163783269383933,0.31045360795271415,synthetic_turbet2020_based
Kepler-533 b,0.11359375565047507,0.5557779628810485,0.011382866532729258,0.0034761767979370603,0.3157692381378101,synthetic_turbet2020_based
VHS J125601.92-125723.9 b,0.16278604621103254,0.6311782285638502,0.04224669987024121,0.005884192399426885,0.15790483295544921,synthetic_turbet2020_based
Kepler-55 e,0.17811256482129012,0.7184268398406868,0.013931382805689885,0.009793057312143933,0.07973615522018929,synthetic_turbet2020_based
GJ 887 b,0.05221211703519932,0.6387352151718475,0.04170046037267049,0.003987047258658132,0.2633651601616245,synthetic_turbet2020_based
Kepler-1467 b,0.1397854688445737,0.5448490123389793,0.012424599000300077,0.0010761536718039782,0.3018647661443429,synthetic_turbet2020_based
Kepler-199 c,0.06422930451667826,0.43936383764801873,0.03443559109575,0.005732787078662619,0.4562384796608904,synthetic_turbet2020_based
HD 222076 b,0.23663899005194264,0.2383842951204835,0.010673045480497936,0.020839339256629237,0.49346433009044666,synthetic_turbet2020_based
Kepler-282 b,0.16660890969314418,0.7639908426068475,0.027533463849503267,0.0017333558212461974,0.0401334280292589,synthetic_turbet2020_based
K2-388 b,0.1698093108842732,0.7540681733090935,0.02654641082774878,0.0031901972852824935,0.04638590769360207,synthetic_turbet2020_based
TOI-1224 b,0.056595750233441794,0.6364331287579424,0.04639477962249997,0.007100992229682932,0.2534753491564329,synthetic_turbet2020_based
Kepler-623 b,0.09758728968421015,0.6571553297159868,0.04328273629792102,0.005282470534145121,0.19669217376773696,synthetic_turbet2020_based
WASP-176 b,0.1729622734996758,0.5567638706665416,0.023940227143830824,0.006246897632906987,0.2400867310570447,synthetic_turbet2020_based
Kepler-363 d,0.1197029626541722,0.7908447681844333,0.030655576941126993,0.004466548260244194,0.054330143960023336,synthetic_turbet2020_based
HD 4917 b,0.10924003146928045,0.6191759802452467,0.024196481520327814,0.0075061594176844245,0.2398813473474607,synthetic_turbet2020_based
KOBE-1 c,0.10709943915524614,0.5536577546100973,0.03467892997507219,0.00154762185426409,0.30301625440532043,synthetic_turbet2020_based
Kepler-970 b,0.14830323771727194,0.6019888868634748,0.028121044571465664,0.007473276916371563,0.21411355393141596,synthetic_turbet2020_based
HAT-P-70 b,0.16373836730072916,0.7385043453649838,0.02499212483269789,0.003943339230280431,0.06882182327130881,synthetic_turbet2020_based
Kepler-943 b,0.15715131522417794,0.6327219436561784,0.03527206185407267,0.005999706163952518,0.16885497310161846,synthetic_turbet2020_based
Kepler-10 b,0.16590395348057818,0.47601635539686127,0.03222848530965587,0.0024229161004926687,0.323428289712412,synthetic_turbet2020_based
Kepler-271 d,0.1110877908936488,0.66559752936643,0.029722864332566816,0.004416323830049631,0.18917549157730473,synthetic_turbet2020_based
TOI-1233.01,0.18274550021234093,0.7091302857989914,0.031051631400014996,0.009550478401079393,0.06752210418757332,synthetic_turbet2020_based
HD 221585 b,0.7273095868304982,0.08092656348292954,0.01671744959205672,0.003572132293995373,0.17147426780052033,synthetic_turbet2020_based
HD 22496 b,0.10071283720009323,0.4423283010818093,0.030072192603042718,0.0027303412071384616,0.42415632790791624,synthetic_turbet2020_based
Kepler-1640 b,0.1451278834174488,0.47603694382920736,0.014940250293571013,0.009721780548390322,0.3541731419113825,synthetic_turbet2020_based
Kepler-589 c,0.14873604587166595,0.7745803658833954,0.029595511679729278,0.0013006221675703681,0.04578745439763898,synthetic_turbet2020_based
Kepler-647 b,0.1361556755647166,0.6233315547342835,0.010599024237463759,0.008751178399616486,0.22116256706391968,synthetic_turbet2020_based
Gaia-1 b,0.1429956020924637,0.6978764677504585,0.02975684424630058,0.006565621941174367,0.1228054639696029,synthetic_turbet2020_based
Kepler-1527 b,0.08862048398427863,0.789503107107459,0.02602880030190661,0.002460939592038662,0.09338666901431725,synthetic_turbet2020_based
Kepler-1980 b,0.058387312756194104,0.6544687732341485,0.04933519404705823,0.009062150471616535,0.2287465694909826,synthetic_turbet2020_based
TOI-122 b,0.15531568512296207,0.7962391715971444,0.03891313048168426,0.004053260110612564,0.0054787526875967885,synthetic_turbet2020_based
HATS-52 b,0.14018271995902598,0.43190665699422465,0.018867299608901635,0.004757862123356431,0.4042854613144913,synthetic_turbet2020_based
Kepler-250 d,0.08027277403445679,0.7814004059312682,0.04982390106978598,0.004338423281094989,0.08416449568339401,synthetic_turbet2020_based
Kepler-1298 b,0.15638434791157982,0.5631082922652962,0.015580368175448257,0.004032341629318977,0.26089465001835666,synthetic_turbet2020_based
Kepler-1361 b,0.08500575480734948,0.5312312881629679,0.01860086753590866,0.0020111060715242175,0.3631509834222497,synthetic_turbet2020_based
Kepler-619 b,0.08261426440436195,0.7623028127319371,0.01340886703106115,0.003922809793797111,0.1377512460388427,synthetic_turbet2020_based
K2-99 b,0.1292674841753953,0.5418050624713427,0.03070428380075549,0.0013907805421091858,0.2968323890103973,synthetic_turbet2020_based
TOI-532 b,0.14728544500465668,0.6253915206224241,0.037238650634187666,0.006105320342445134,0.18397906339628645,synthetic_turbet2020_based
HD 210277 b,0.231371074727699,0.1700283084588165,0.01905740760399105,0.030002709072264502,0.549540500137229,synthetic_turbet2020_based
Kepler-178 b,0.053907867856626046,0.5312963312397303,0.037114891742581174,0.0019784533571772338,0.37570245580388517,synthetic_turbet2020_based
Kepler-1604 b,0.059433686347929296,0.6608714421165461,0.02591098884569401,0.00821642532894443,0.24556745736088614,synthetic_turbet2020_based
Kepler-984 b,0.19059669559569858,0.7828161814930308,0.027023714155767167,0.003378945018475291,-0.0038155362629719303,synthetic_turbet2020_based
HD 13724 c,0.14129206081137172,0.6512771703712945,0.03489379744303587,0.003896007523469931,0.16864096385082794,synthetic_turbet2020_based
Kepler-1286 b,0.059562760462595454,0.4840019355302396,0.01617677712088935,0.0021151031120497923,0.43814342377422577,synthetic_turbet2020_based
Kepler-318 b,0.188942498160736,0.4055390583895872,0.03407430956945287,0.009527264161661234,0.36191686971856263,synthetic_turbet2020_based
Kepler-732 b,0.10400796912411919,0.610839235668985,0.03783134653900638,0.00385452725192415,0.24346692141596527,synthetic_turbet2020_based
HIP 109600 b,0.24329559631217476,0.2634205700665504,0.03981422661121054,0.04233797645971363,0.4111316305503506,synthetic_turbet2020_based
Kepler-407 b,0.1981010245441484,0.5481309899744716,0.039883650517430924,0.006425061103917847,0.20745927386003116,synthetic_turbet2020_based
GJ 1148 c,0.7999814301663589,0.0765886514349641,0.03998925267785259,0.008971706343653376,0.07446895937717102,synthetic_turbet2020_based
Kepler-897 b,0.10239825128540832,0.6613925424447642,0.021211617263874234,0.006351118346052777,0.2086464706599005,synthetic_turbet2020_based
Kepler-435 b,0.1626762710257892,0.7164004344646562,0.026804980119564913,0.005578482008812238,0.08853983238117746,synthetic_turbet2020_based
HD 184010 d,0.10007747767552594,0.4676145386158522,0.02042069620770129,0.00920923304409842,0.40267805445682225,synthetic_turbet2020_based
WASP-70 A b,0.0963454313613974,0.7899037334182442,0.019659123408615267,0.007507639787329404,0.08658407202441376,synthetic_turbet2020_based
TOI-1798.01,0.13608549403577536,0.6787480198099194,0.03575831786436724,0.007360737252378303,0.14204743103755968,synthetic_turbet2020_based
TOI-444 b,0.18583205726531887,0.6253877984249926,0.012713951316159808,0.003437428910022096,0.1726287640835067,synthetic_turbet2020_based
TOI-2202 b,0.1562328470613146,0.5976298511902693,0.03194207930478747,0.006369224098422624,0.207825998345206,synthetic_turbet2020_based
TrES-1 b,0.1073943909476855,0.7095582100351421,0.03894139535586194,0.007428694709738026,0.13667730895157237,synthetic_turbet2020_based
Kepler-1052 c,0.31459305221048345,0.27807160033084954,0.033815711177730974,0.04868288797987834,0.3248367483010577,synthetic_turbet2020_based
Kepler-206 b,0.0678789026585957,0.6527835906375458,0.038677061837431824,0.0052949836985892364,0.23536546116783752,synthetic_turbet2020_based
Kepler-763 b,0.09323125796854048,0.6200149810844396,0.02458990721162811,0.009182116639610348,0.2529817370957814,synthetic_turbet2020_based
Kepler-155 b,0.10351886187998824,0.47028279708085163,0.03305556560661811,0.004563933322423325,0.3885788421101186,synthetic_turbet2020_based
ups And c,0.06438472172012616,0.6259369403991634,0.03151385644662806,0.0025587737796987564,0.27560570765438364,synthetic_turbet2020_based
NGTS-34 b,0.13964572534397646,0.6269435895429957,0.04094450492166364,0.004254129368583709,0.18821205082278047,synthetic_turbet2020_based
K2-274 b,0.0873139285495459,0.7804879547883102,0.03244870091131152,0.0012442596299576227,0.09850515612087463,synthetic_turbet2020_based
DH Tau b,0.1731067526167615,0.47870322436757634,0.04144145270583374,0.007346461844403684,0.2994021084654247,synthetic_turbet2020_based
HD 200964 c,0.1953220586394736,0.7862317206378105,0.020976424986230396,0.007898046231010767,-0.010428250494525226,synthetic_turbet2020_based
TOI-1011 b,0.0975282628669886,0.6516791755318377,0.033909843398183724,0.001490891640590482,0.21539182656239952,synthetic_turbet2020_based
Kepler-1583 b,0.05077726247530364,0.42310560583792384,0.015117681901269643,0.0033188724221299634,0.5076805773633729,synthetic_turbet2020_based
HATS-32 b,0.18604328348638438,0.6074530701386746,0.04187566955363155,0.008544805768964873,0.1560831710523446,synthetic_turbet2020_based
Kepler-1876 b,0.1602414647885812,0.5565540497682289,0.04455437575363931,0.0076784477798882865,0.23097166190966234,synthetic_turbet2020_based
TOI-6564 b,0.1614727165107579,0.7606297308662278,0.03394653889830735,0.00575716986965959,0.03819384385504743,synthetic_turbet2020_based
HD 37124 b,0.1835243836395613,0.5817846912656788,0.04246282784115372,0.0014846172440032696,0.19074348000960295,synthetic_turbet2020_based
Kepler-881 b,0.050193491668448324,0.6113169958417428,0.01294447575265521,0.009788887121077575,0.315756149616076,synthetic_turbet2020_based
TOI-333 b,0.050825176105969816,0.6872598545994586,0.019735387831448827,0.009707968047448508,0.23247161341567424,synthetic_turbet2020_based
Kepler-60 c,0.10723124759418443,0.4109133705055461,0.01107743061635131,0.005980360345522198,0.4647975909383959,synthetic_turbet2020_based
Kepler-665 b,0.1980067968546922,0.7919094140182878,0.02349091889157063,0.005344332842700073,-0.01875146260725069,synthetic_turbet2020_based
Kepler-1848 b,0.06506837086967242,0.6088707423966927,0.03398806396193093,0.0032595549905018897,0.2888132677812021,synthetic_turbet2020_based
TOI-2096 c,0.28363433077455213,0.27993855033925075,0.010038213336939222,0.01915735097231778,0.40723155457694016,synthetic_turbet2020_based
Kepler-1698 b,0.08148793449859074,0.4495544812135308,0.016644048509484075,0.00663321290828849,0.44568032287010595,synthetic_turbet2020_based
HIP 14810 c,0.0654041585225964,0.6954126436082887,0.04548090362233534,0.00933928951760532,0.18436300472917422,synthetic_turbet2020_based
HD 25463 c,0.14902637214795514,0.4789585642534464,0.013411863021596315,0.0030882245842629966,0.3555149759927392,synthetic_turbet2020_based
Kepler-1869 c,0.19429357786775642,0.7849380807002849,0.025276755356733682,0.003932123869877955,-0.008440537794653036,synthetic_turbet2020_based
Kepler-292 b,0.1265015873388598,0.5166752365869604,0.049186498066222537,0.002990992510221197,0.3046456854977361,synthetic_turbet2020_based
Kepler-33 b,0.10537140232741529,0.5717483502800713,0.015002560923246488,0.004445423440931169,0.3034322630283358,synthetic_turbet2020_based
Kepler-601 b,0.17850960801529603,0.4561444005827034,0.03336087803304749,0.004659734242540152,0.3273253791264129,synthetic_turbet2020_based
TOI-1347 b,0.07558050891761822,0.40493446577968234,0.02093373213959601,0.0015564606462820174,0.4969948325168214,synthetic_turbet2020_based
K2-417 b,0.10651527069451029,0.7240839422797383,0.038787410435104495,0.009526453405315903,0.1210869231853311,synthetic_turbet2020_based
Kepler-1020 b,0.22810462520112076,0.24156027971837055,0.03661366888408081,0.018681852126330382,0.47503957407009756,synthetic_turbet2020_based
Kepler-1346 b,0.09553737578489879,0.6119318133591042,0.04186629276023688,0.0051563146101663935,0.24550820348559366,synthetic_turbet2020_based
TOI-1750 b,0.0841612304263291,0.797386276112148,0.014623152254146739,0.009603000167421952,0.0942263410399542,synthetic_turbet2020_based
HD 180314 b,0.17135694326457335,0.7355574077231408,0.04179670332365998,0.002873538471741598,0.04841540721688431,synthetic_turbet2020_based
Kepler-181 c,0.14488735660928628,0.7026999249803727,0.03982743168406606,0.0034440883348966986,0.10914119839137815,synthetic_turbet2020_based
Kepler-953 c,0.07716790816455221,0.5312491935658197,0.029193779215095673,0.00616402672357309,0.35622509233095934,synthetic_turbet2020_based
TOI-1696 b,0.17554255434787408,0.7076136910818465,0.037046021026660644,0.0033714036364848455,0.07642632990713394,synthetic_turbet2020_based
TIC 77552382 b,0.12183207484024151,0.5341743496511845,0.019397127182021363,0.001092208243451315,0.3235042400831013,synthetic_turbet2020_based
HD 96167 b,0.2018385911712072,0.1512232535429243,0.03287609307867267,0.012492070811348488,0.6015699913958473,synthetic_turbet2020_based
Kepler-1770 b,0.09057793950653018,0.41790779599536615,0.035656716180537444,0.006113706027117624,0.4497438422904486,synthetic_turbet2020_based
Kepler-292 e,0.10062200346117099,0.45893384017421757,0.04831679331074941,0.006259532026497521,0.38586783102736444,synthetic_turbet2020_based
Kepler-154 b,0.15186700498581018,0.6125395013077808,0.0422613299058482,0.009067420445933092,0.18426474335462772,synthetic_turbet2020_based
Kepler-1660 AB b,0.10740658153964448,0.6760101248922443,0.019195499381855878,0.006866695424458347,0.19052109876179701,synthetic_turbet2020_based
Kepler-379 b,0.10987334449648291,0.402712639760522,0.04822111473690483,0.008815973909848472,0.43037692709624176,synthetic_turbet2020_based
HAT-P-33 b,0.09362548255190427,0.7991029256931442,0.022685106982261366,0.005129597678131674,0.07945688709455845,synthetic_turbet2020_based
Kepler-567 b,0.17768885392616257,0.5218385405312164,0.0280216113755,0.0069902845041093006,0.2654607096630117,synthetic_turbet2020_based
K2-198 d,0.06957013321586424,0.5689401474766871,0.02237639749446506,0.007090968752783363,0.3320223530602002,synthetic_turbet2020_based
Kepler-176 e,0.07039540850905578,0.493092591640375,0.038455048150099314,0.002406019327517033,0.3956509323729529,synthetic_turbet2020_based
HD 109246 b,0.11330288933598347,0.6851522888370476,0.04061873537720021,0.0018539306080450162,0.15907215584172374,synthetic_turbet2020_based
TOI-5489 c,0.17779934141292175,0.6895889204519865,0.023571783547732553,0.007874225670972162,0.10116572891638698,synthetic_turbet2020_based
K2-415 b,0.15924482980109889,0.6403564906033543,0.03233924693623377,0.00761233140009627,0.16044710125921668,synthetic_turbet2020_based
Kepler-800 b,0.19988898525581822,0.6314208997263542,0.04234871487048992,0.007698463455840247,0.11864293669149739,synthetic_turbet2020_based
Kepler-327 c,0.1783712603050739,0.7818099445536554,0.01772332829843261,0.002489136727556047,0.019606330115282122,synthetic_turbet2020_based
Kepler-28 c,0.13795277426223515,0.5797180251546018,0.03282890771676677,0.008182384610369579,0.24131790825602673,synthetic_turbet2020_based
K2-271 b,0.189757172007387,0.5669663300794233,0.03871730582174498,0.0027711926905726846,0.201787999400872,synthetic_turbet2020_based
Kepler-1418 b,0.13018279240317854,0.408721911112208,0.03015002268532388,0.005908028132129499,0.42503724566716006,synthetic_turbet2020_based
TOI-1694 c,0.8206336007334993,0.06845363111862926,0.02433586937223206,0.0010515781064180918,0.08552532066922125,synthetic_turbet2020_based
HD 9446 c,0.1346457620868847,0.29461213070349046,0.046893326332612235,0.023003726523245813,0.5008450543537668,synthetic_turbet2020_based
MASCARA-4 b,0.08882794098858315,0.5745665174760151,0.03759760118448291,0.004211449053921764,0.29479649129699714,synthetic_turbet2020_based
Kepler-1846 b,0.06009407715967334,0.5611180369777586,0.020423559779257278,0.0039243701009009065,0.35443995598240996,synthetic_turbet2020_based
HD 147873 b,0.07444358686809567,0.6635360277782589,0.031065237329808995,0.003437768055658189,0.2275173799681781,synthetic_turbet2020_based
Kepler-224 e,0.13307937219593624,0.5970831388668952,0.04183899426264112,0.009603858424061817,0.2183946362504655,synthetic_turbet2020_based
Kepler-1670 b,0.06960057634679839,0.7535653915631932,0.038191877531396086,0.007232981907681144,0.1314091726509311,synthetic_turbet2020_based
Kepler-92 c,0.10614513457137086,0.5375632781859685,0.01022557939290068,0.009839843871735771,0.3362261639780242,synthetic_turbet2020_based
Kepler-1799 b,0.14097587485595733,0.5609314495695702,0.03175075287568714,0.0013647433068663623,0.264977179391919,synthetic_turbet2020_based
TYC 8998-760-1 b,0.07604764329375033,0.649343969985361,0.030570469187344802,0.008083673406348699,0.235954244127195,synthetic_turbet2020_based
OGLE-2006-BLG-109L b,0.7976228071336011,0.06412921083814485,0.04261062817221254,0.0016143679499671056,0.0940229859060745,synthetic_turbet2020_based
Kepler-1265 b,0.15363301946469282,0.6862362853156062,0.02100654198720044,0.00276084672838655,0.1363633065041141,synthetic_turbet2020_based
HD 332231 b,0.08207787131839989,0.4792563453727977,0.030951287636143784,0.0022206368022924562,0.40549385887036615,synthetic_turbet2020_based
HD 233604 b,0.14889287921290256,0.4420313035795078,0.011075585612410248,0.0038736121820128404,0.3941266194131665,synthetic_turbet2020_based
Kepler-1591 b,0.07877895855995616,0.795464822164033,0.022119852024688698,0.002998576774229624,0.10063779047709243,synthetic_turbet2020_based
HD 22532 b,0.0795154735248822,0.5495411619213961,0.03423395581326311,0.008037507475416542,0.328671901265042,synthetic_turbet2020_based
TOI-7189 b,0.10468643716146027,0.6503883920171158,0.0292823959311755,0.008618458116280587,0.2070243167739677,synthetic_turbet2020_based
TOI-7265 B b,0.1353562665737653,0.5159566687516401,0.03814349028713024,0.008380580392206963,0.30216299399525726,synthetic_turbet2020_based
TOI-6695 c,0.11981609851459478,0.7948788955529276,0.04516387516765254,0.0027725920269894237,0.037368538737835744,synthetic_turbet2020_based
Kepler-249 b,0.16801338082343562,0.6403804977399065,0.031392451912313386,0.005625447279216116,0.15458822224512836,synthetic_turbet2020_based
WISEP J121756.91+162640.2 A b,0.17801167141736435,0.6443491155613794,0.03150823940214935,0.0014397391608224417,0.14469123445828458,synthetic_turbet2020_based
MOA-2007-BLG-400L b,0.7344908609275672,0.0917237405840957,0.03846946917378476,0.0014585858025053808,0.13385734351204692,synthetic_turbet2020_based
TWA 7 b,0.36519768464531277,0.26533344427541083,0.03186736846278112,0.01089621860729126,0.32670528400920396,synthetic_turbet2020_based
Kepler-1222 b,0.13436444270507011,0.42183561997057045,0.022815158385499218,0.006660186570124651,0.41432459236873553,synthetic_turbet2020_based
Kepler-463 b,0.18693696258232617,0.5431182549037915,0.04440095131533813,0.009265249093604648,0.21627858210493955,synthetic_turbet2020_based
TOI-2337 b,0.05315658206859715,0.4957711351010126,0.03839449196909995,0.007811587387715937,0.4048662034735744,synthetic_turbet2020_based
HD 202206 c,0.7177250550651162,0.06910791514955696,0.034486344694481405,0.00765797465440954,0.1710227104364359,synthetic_turbet2020_based
Kepler-566 b,0.1577987641617683,0.4343483191961446,0.01633000723760244,0.002194544325333844,0.3893283650791508,synthetic_turbet2020_based
Kepler-1224 b,0.18987201047642288,0.7654170593411957,0.041896490783878804,0.0020504670460836337,0.0007639723524189845,synthetic_turbet2020_based
WASP-149 b,0.1361407204879379,0.4748922504359406,0.0247353575023521,0.003403821489736717,0.36082785008403273,synthetic_turbet2020_based
WASP-60 b,0.1743396472231199,0.4577805598077093,0.03584716674440303,0.009855051973985503,0.3221775742507823,synthetic_turbet2020_based
TOI-5916 b,0.15305818748804503,0.4316933956027839,0.046313980078501,0.006787717099206367,0.36214671973146373,synthetic_turbet2020_based
Kepler-619 c,0.11844664694078054,0.6638769914164475,0.04516177321890548,0.005294145051237245,0.1672204433726292,synthetic_turbet2020_based
Kepler-186 b,0.1296982224218344,0.5809789596871815,0.01290365705294661,0.008083631142346226,0.2683355296956913,synthetic_turbet2020_based
K2-183 d,0.06896176154627584,0.5578280041153242,0.02547291382430917,0.003520367128780642,0.3442169533853101,synthetic_turbet2020_based
Kepler-1677 b,0.11037606888416276,0.6472036441529715,0.02245549248830847,0.0025526074392844883,0.21741218703527276,synthetic_turbet2020_based
KOI-55 c,0.18040512657608998,0.7883330599428542,0.028343352955052824,0.003943177411101273,-0.001024716885098309,synthetic_turbet2020_based
TOI-603 b,0.0571223116667344,0.41474061624402125,0.025715279825816083,0.009372178164708693,0.4930496140987196,synthetic_turbet2020_based
Kepler-1620 b,0.1596062815102347,0.5397077675483101,0.04872185700728244,0.004858821129301577,0.24710527280487116,synthetic_turbet2020_based
Kepler-85 e,0.09151891159619686,0.570541297889743,0.018461729079353312,0.008970748931807163,0.31050731250289976,synthetic_turbet2020_based
TOI-2128 b,0.10417599656265356,0.6631875857977285,0.025561887953086542,0.009115582761675664,0.19795894692485572,synthetic_turbet2020_based
Kepler-1693 c,0.14635711275734453,0.5953007561125199,0.01528571876725354,0.00911724996566984,0.23393916239721224,synthetic_turbet2020_based
TOI-5174 b,0.13202253024076566,0.5140211891845671,0.04511707567266817,0.0014899638465496702,0.30734924105544936,synthetic_turbet2020_based
WASP-172 b,0.09711153759943575,0.6147313604808591,0.02359257344173172,0.005290608298409721,0.25927392017956363,synthetic_turbet2020_based
Kepler-403 b,0.0896474378496476,0.4520332363731589,0.01147416554467407,0.0024188190842092776,0.44442634114831014,synthetic_turbet2020_based
Kepler-1493 b,0.1929419771037218,0.6301612533346954,0.02955840501111806,0.004458914553751378,0.14287944999671343,synthetic_turbet2020_based
Kepler-137 c,0.15626302189750782,0.4565037903624374,0.021045194706106538,0.0069031190769737755,0.3592848739569744,synthetic_turbet2020_based
TOI-2114 b,0.1218596546877842,0.7080370155836355,0.04588439375826613,0.008410353322335907,0.11580858264797833,synthetic_turbet2020_based
TOI-5806 b,0.07763115713910981,0.4365880942107914,0.01677762402180194,0.008051776224402077,0.46095134840389473,synthetic_turbet2020_based
TOI-7169 b,0.1870746634239066,0.770179547081543,0.021928631574817822,0.008563072402122026,0.012254085517610536,synthetic_turbet2020_based
Kepler-365 b,0.1304353302533145,0.729116739339283,0.03193459369520004,0.0023130389780120636,0.10620029773419037,synthetic_turbet2020_based
HD 11977 b,0.06188293266096462,0.7828876596837359,0.027032102257263158,0.004154685804075861,0.12404261959396057,synthetic_turbet2020_based
Kepler-1038 b,0.20689092543049314,0.1757868822950944,0.04779987311577353,0.012508183496127034,0.5570141356625118,synthetic_turbet2020_based
Kepler-250 c,0.06785919310734488,0.7158606061927397,0.03197637965360555,0.002156830821648568,0.1821469902246613,synthetic_turbet2020_based
eps CrB b,0.05516902051675046,0.48969373931169097,0.020432429508410843,0.001127917266171778,0.4335768933969759,synthetic_turbet2020_based
TOI-521 b,0.08241358075057902,0.69532757478096,0.044217347585480155,0.00908412246792746,0.16895737441505343,synthetic_turbet2020_based
KOI-134 c,0.10848710489653152,0.5277654903614231,0.049994433928315506,0.0079240640582943,0.3058289067554357,synthetic_turbet2020_based
alf Ari b,0.13060281213613317,0.5019085730757586,0.022852218115404187,0.0056382791394644855,0.3389981175332396,synthetic_turbet2020_based
TOI-2180 b,0.2626248759372252,0.10273572885473557,0.04837600341085898,0.03302424989406254,0.5532391419031177,synthetic_turbet2020_based
Kepler-122 e,0.13837373666137,0.4845884535015277,0.04059948715204992,0.007635380680826585,0.3288029420042259,synthetic_turbet2020_based
Kepler-411 c,0.06427369601071461,0.6379977489039681,0.03632774981319519,0.008520113571164896,0.25288069170095717,synthetic_turbet2020_based
Kepler-302 b,0.0809136768376566,0.7510539187225624,0.028459242868303827,0.0018687125737508032,0.13770444899772638,synthetic_turbet2020_based
GJ 3779 b,0.0658431832266314,0.47912178146926787,0.02131002823941234,0.0054676522401381975,0.4282573548245502,synthetic_turbet2020_based
Kepler-985 b,0.324625359323368,0.13734518040388646,0.049706071779981466,0.016460877270812503,0.47186251122195166,synthetic_turbet2020_based
Kepler-248 b,0.13990669515832213,0.771576174348536,0.04330029691507309,0.00683100281496844,0.038385830763100426,synthetic_turbet2020_based
Kepler-836 b,0.1573239495186348,0.45368225068214574,0.01038652215040993,0.004907339059243355,0.3736999385895662,synthetic_turbet2020_based
TOI-1224 c,0.12685567790149094,0.17155051238256486,0.018949711742789505,0.04665386889522971,0.635990229077925,synthetic_turbet2020_based
Kepler-142 d,0.18200839985120865,0.7275771394124034,0.0385577719365595,0.0023866473619362435,0.04947004143789213,synthetic_turbet2020_based
Kepler-1676 b,0.05725511392987274,0.661555143141877,0.035690325487003974,0.004324818562790329,0.24117459887845594,synthetic_turbet2020_based
K2-65 b,0.12090299996533958,0.5956597552951958,0.019597125309860255,0.0038274995071682734,0.2600126199224361,synthetic_turbet2020_based
BD+63 1405 b,0.7255168663990504,0.06428611269204308,0.0482327682406957,0.00584636148567136,0.15611789118253938,synthetic_turbet2020_based
WASP-73 b,0.15967458643148025,0.7228004409582214,0.014540324852342145,0.0068781220079854695,0.0961065257499708,synthetic_turbet2020_based
Kepler-733 b,0.12231660803816369,0.6289723768991569,0.011536677430761784,0.009155941628926467,0.22801839600299112,synthetic_turbet2020_based
Kepler-124 d,0.19291762243631755,0.4013927694738447,0.018511663681660434,0.00262174756338055,0.3845561968447968,synthetic_turbet2020_based
Kepler-244 c,0.16719567759197773,0.6392320236447282,0.01709334653186927,0.008325738597869746,0.16815321363355507,synthetic_turbet2020_based
Kepler-2001 c,0.10302123077086228,0.5843427505172409,0.02549226421282582,0.005692421857971066,0.2814513326411,synthetic_turbet2020_based
Kepler-32 b,0.12202137032430882,0.5098336010649771,0.02698224149975361,0.009175034348688701,0.33198775276227177,synthetic_turbet2020_based
TOI-5108 b,0.1254341204718868,0.7665545641689503,0.032005081912718586,0.007919355639377429,0.0680868778070669,synthetic_turbet2020_based
Kepler-132 c,0.09403869644895695,0.7161653960177632,0.020572864519399423,0.0011759497447867571,0.16804709326909373,synthetic_turbet2020_based
Kepler-47 b,0.07410934147665396,0.4086611500128148,0.04788250567565715,0.009999793183759247,0.459347209651115,synthetic_turbet2020_based
HD 190007 b,0.1643345395429281,0.4432512655006351,0.045957818413305984,0.00769398564939494,0.33876239089373583,synthetic_turbet2020_based
Kepler-1219 b,0.09983667731031319,0.6009111647235729,0.036470373650478755,0.0012164542810594412,0.2615653300345757,synthetic_turbet2020_based
Kepler-1808 b,0.12523113681498427,0.692958173301994,0.017529014875853312,0.004994115161313998,0.1592875598458543,synthetic_turbet2020_based
Kepler-824 b,0.12987951937774,0.6942261487836929,0.048578148431724304,0.008634479932038624,0.11868170347480422,synthetic_turbet2020_based
HD 95089 b,0.14322776303449253,0.6334562699339238,0.034127467722906826,0.005906607783937964,0.18328189152473884,synthetic_turbet2020_based
Kepler-610 c,0.11780886407767707,0.239659278917641,0.03865347200518412,0.030499214490681097,0.5733791705088167,synthetic_turbet2020_based
Kepler-410 A b,0.18055814081038146,0.6689747211026714,0.024506586314280678,0.0011772491823877082,0.1247833025902787,synthetic_turbet2020_based
DMPP-6 b,0.05887424697465202,0.5407193046567146,0.028484213007947318,0.0025018400755758255,0.36942039528511017,synthetic_turbet2020_based
Kepler-1063 b,0.07839924596339481,0.49208454351173453,0.04122053358305091,0.007941590568565943,0.38035408637325385,synthetic_turbet2020_based
Kepler-1628 b,0.7148816956241336,0.025512794342595624,0.01443633540253877,0.0017841638084245591,0.24338501082230746,synthetic_turbet2020_based
OGLE2-TR-L9 b,0.10869188763490582,0.41821697332844776,0.023345401485053402,0.009653799182870237,0.44009193836872285,synthetic_turbet2020_based
TOI-5736 b,0.12612569234150584,0.7290578627340756,0.015170637835815962,0.003412709041687344,0.1262330980469153,synthetic_turbet2020_based
Kepler-1577 b,0.19198196668160133,0.5534207587736095,0.03593624513793289,0.009785141012463305,0.20887588839439286,synthetic_turbet2020_based
K2-13 b,0.13261816344961036,0.5221383796914945,0.03127793823808249,0.001491734793977734,0.312473783826835,synthetic_turbet2020_based
Kepler-122 f,0.06685548111390369,0.402868442020908,0.04536840166260017,0.007041523860096361,0.4778661513424918,synthetic_turbet2020_based
Kepler-414 c,0.09474946476991222,0.48846456768292185,0.037323064046311194,0.009275788583067542,0.3701871149177872,synthetic_turbet2020_based
TOI-1533 b,0.0948708636578166,0.5286236437547127,0.04416962900775092,0.009040382342953773,0.323295481236766,synthetic_turbet2020_based
Kepler-675 b,0.18710548502446678,0.517261683202678,0.014812502703853956,0.004959978147986879,0.27586035092101446,synthetic_turbet2020_based
Kepler-276 c,0.09436472977117716,0.7535466667247344,0.011465397672141796,0.006704924226726451,0.13391828160522024,synthetic_turbet2020_based
HD 148164 b,0.3718544097244342,0.2953340733612132,0.036005223971921727,0.0479969182808952,0.24880937466153563,synthetic_turbet2020_based
Kepler-1996 b,0.061348919393760096,0.543711338398496,0.010348587893069347,0.009830653949717365,0.3747605003649572,synthetic_turbet2020_based
HIP 107772 b,0.37081794363000986,0.10561051124964027,0.01072530601839064,0.024678779764254647,0.48816745933770456,synthetic_turbet2020_based
Kepler-446 c,0.08878069501863528,0.7387729108970009,0.01641937613087449,0.008115845164307717,0.14791117278918153,synthetic_turbet2020_based
KIC 3526061 b,0.766337909997199,0.04396525942644891,0.01582879046933515,0.009979221753637042,0.16388881835337987,synthetic_turbet2020_based
HD 11964 c,0.14269791813823052,0.5757528930271978,0.024845102262109266,0.0091515540756777,0.24755253249678477,synthetic_turbet2020_based
Kepler-1482 b,0.17317877122861416,0.7244743153472896,0.03464793891849571,0.008991609244262216,0.05870736526133835,synthetic_turbet2020_based
TOI-5515 b,0.09489175581831058,0.6814824540653157,0.026177909695675704,0.00639998927703723,0.19104789114366083,synthetic_turbet2020_based
TOI-2184 b,0.19972295009190394,0.7938099122701274,0.03050476065869793,0.006164771069483422,-0.030202394090212747,synthetic_turbet2020_based
HD 39194 b,0.18459826537059515,0.7942542850055421,0.04114431210504319,0.0015866601216276764,-0.021583522602808047,synthetic_turbet2020_based
HD 199509 b,0.0983959601515796,0.7586249359681232,0.04073410023401922,0.007680097639219845,0.09456490600705814,synthetic_turbet2020_based
Kepler-325 d,0.15018848457022116,0.5661055398529534,0.026129652813788068,0.00828039238831721,0.2492959303747201,synthetic_turbet2020_based
Kepler-1940 b,0.09406704376476065,0.6739327490803895,0.03904834093695826,0.00860100390425376,0.18435086231363784,synthetic_turbet2020_based
TOI-2545 b,0.09798283860605236,0.6967557067352809,0.014259595903147475,0.0022425555605671424,0.18875930319495204,synthetic_turbet2020_based
Kepler-1612 b,0.11260040602601024,0.42209031054209895,0.04790793285861354,0.009117062294584245,0.4082842882786931,synthetic_turbet2020_based
HD 136352 c,0.057340054328876476,0.7353246887569116,0.030354966963601016,0.00731766599536195,0.169662623955249,synthetic_turbet2020_based
Kepler-225 b,0.1830396753947281,0.6307897948310794,0.014653084011385178,0.0010232074943792764,0.17049423826842802,synthetic_turbet2020_based
HD 20868 b,0.749076459675434,0.09543089189119242,0.03290487486452784,0.004356452242794063,0.11823132132605174,synthetic_turbet2020_based
Kepler-1930 b,0.054638302562137,0.7659917669112801,0.023086266434321687,0.007342996611835866,0.14894066748042534,synthetic_turbet2020_based
Kepler-1439 b,0.15413558031671976,0.5015532645474992,0.012551100258429013,0.0044650034080465925,0.3272950514693056,synthetic_turbet2020_based
HD 155193 b,0.09756965207558,0.6801025595489303,0.04279129982639356,0.003002008756525072,0.1765344797925711,synthetic_turbet2020_based
TOI-1266 c,0.25846932093293273,0.10812166947763234,0.018570232917338475,0.04047046421288332,0.5743683124592132,synthetic_turbet2020_based
Kepler-1536 b,0.8380194961467218,0.07987640171066229,0.015695516999530805,0.005959312547215757,0.06044927259586941,synthetic_turbet2020_based
HD 134987 b,0.2268125243330149,0.2982972593590181,0.036162794762333444,0.047408083655829165,0.39131933788980444,synthetic_turbet2020_based
Kepler-961 b,0.07180254575126564,0.5803493092400916,0.04086430400423474,0.004310719552273624,0.3026731214521343,synthetic_turbet2020_based
Kepler-539 b,0.144876274423047,0.6046808689494643,0.0496771763687197,0.0025648528605894234,0.19820082739817968,synthetic_turbet2020_based
HD 5278 c,0.19030230429951916,0.5606283815213188,0.028719718655091778,0.005757416953209811,0.21459217857086033,synthetic_turbet2020_based
Kepler-319 c,0.08980498241503698,0.7854629770443172,0.04645948820939158,0.009756145901902265,0.06851640642935197,synthetic_turbet2020_based
HD 179079 b,0.19953793583142848,0.6679200380723889,0.028067419832229788,0.008656605113466744,0.09581800115048611,synthetic_turbet2020_based
Kepler-1099 b,0.05357073167545079,0.7337616178854014,0.029891440968440264,0.00705898024375076,0.17571722922695676,synthetic_turbet2020_based
Kepler-244 d,0.10610690920137615,0.5474492615467264,0.011268686112435509,0.00481410487386112,0.3303610382656009,synthetic_turbet2020_based
Kepler-377 b,0.11125312931289952,0.4899164407472285,0.019892930941590697,0.006257256223982606,0.37268024277429856,synthetic_turbet2020_based
Kepler-879 b,0.09766571638092547,0.7321007636069159,0.01445540427428266,0.006198804519175393,0.1495793112187005,synthetic_turbet2020_based
Kepler-705 b,0.14801341814173072,0.20564812538413174,0.03210183547801275,0.03569190746102917,0.5785447135350956,synthetic_turbet2020_based
Kepler-163 c,0.11411374209093407,0.6037898740517018,0.017238104643251734,0.005167138147626967,0.2596911410664855,synthetic_turbet2020_based
TOI-778 b,0.1059545583641436,0.6664524418617639,0.02739286893985944,0.008014074858821982,0.19218605597541105,synthetic_turbet2020_based
Kepler-1355 b,0.11389881478605383,0.4943084691895835,0.020947548758343384,0.0014075670258247293,0.3694376002401947,synthetic_turbet2020_based
KOI-134 b,0.13098782159013653,0.7323523535601287,0.0407644682727028,0.004940105197046243,0.09095525137998572,synthetic_turbet2020_based
Kepler-138 b,0.07941805327167684,0.7453937773189812,0.012271241361802736,0.004593004526822446,0.1583239235207169,synthetic_turbet2020_based
Kepler-1542 e,0.17849227135759266,0.5572706749616786,0.014715018830278398,0.003393545503112165,0.24612848934733822,synthetic_turbet2020_based
Kepler-1579 b,0.14000441626144228,0.46081436307782836,0.03619741307369423,0.004943457380793212,0.3580403502062419,synthetic_turbet2020_based
K2-264 c,0.20031685024615659,0.14818509610463276,0.04293319943426838,0.02586695789853606,0.5826978963164062,synthetic_turbet2020_based
Kepler-1073 d,0.16077188984093416,0.5761420770549538,0.013674687475471178,0.004964553776505344,0.24444679185213547,synthetic_turbet2020_based
Kepler-510 b,0.1261531669603646,0.5831368773973508,0.0426496684699309,0.009197662141387265,0.23886262503096645,synthetic_turbet2020_based
HD 164509 b,0.3360336025633102,0.21655638044219194,0.031657998422195625,0.03578464120494636,0.37996737736735586,synthetic_turbet2020_based
TYC 3667-1280-1 b,0.09317454446590619,0.7247387384594741,0.04427392710414644,0.003404954468636475,0.13440783550183677,synthetic_turbet2020_based
HATS-59 c,0.8708454624420233,0.08638594515925008,0.026979470699300408,0.00918100181883471,0.006608119880591512,synthetic_turbet2020_based
Kepler-1605 b,0.06806584907172622,0.4111946236835602,0.023914673023762177,0.006088921289446106,0.4907359329315053,synthetic_turbet2020_based
Ross 458 c,0.7054327843598598,0.09478609603042236,0.020188409162205802,0.0035309205423341107,0.17606178990517807,synthetic_turbet2020_based
HD 187123 b,0.14522414188172827,0.4015455529366833,0.03910228209418397,0.0043972253478384155,0.4097307977395661,synthetic_turbet2020_based
OGLE-TR-132 b,0.19666218014649445,0.6765670372118995,0.012088598203293725,0.0018336502786777628,0.11284853415963447,synthetic_turbet2020_based
OGLE-TR-56 b,0.06322521603862379,0.7810489039567775,0.03736206164870351,0.004848454065600422,0.11351536429029485,synthetic_turbet2020_based
WASP-156 b,0.08007240348200466,0.7494558985743214,0.018062237106853618,0.007360112948282357,0.14504934788853807,synthetic_turbet2020_based
HD 22781 b,0.8289973084636038,0.03651904799698675,0.030196589486825694,0.003006903540865545,0.10128015051171824,synthetic_turbet2020_based
Kepler-16 b,0.7136788972366495,0.0968620958452008,0.03772552138617721,0.008619527855714636,0.1431139576762579,synthetic_turbet2020_based
Kepler-27 c,0.13108993572001115,0.49561589686054247,0.038515194266687744,0.0055051116471150985,0.32927386150564353,synthetic_turbet2020_based
WASP-23 b,0.07652733021605881,0.5649719558472841,0.035393608760652236,0.007617986710140145,0.3154891184658647,synthetic_turbet2020_based
Kepler-27 b,0.08648311938355277,0.7503989357397325,0.02518204428298712,0.003440230461034736,0.13449567013269292,synthetic_turbet2020_based
HD 114783 b,0.6585360166361174,0.08237542009626762,0.0241665829986425,0.005350591250991413,0.22957138901798102,synthetic_turbet2020_based
HD 19994 b,0.08342297353458136,0.6744364284675726,0.04124133630209689,0.0040548272405800745,0.19684443445516908,synthetic_turbet2020_based
47 UMa b,0.8835238156114207,0.012754954860421249,0.015317724130961614,0.006299083284044418,0.08210442211315205,synthetic_turbet2020_based
Kepler-18 c,0.15521102930725697,0.5002731958036236,0.03216284387565394,0.0038654762233853147,0.3084874547900802,synthetic_turbet2020_based
Kepler-18 b,0.13311338684323853,0.663731071105701,0.048912322142762296,0.005101271740190654,0.14914194816810744,synthetic_turbet2020_based
Kepler-31 c,0.1472324060407071,0.6312156991679728,0.02270219575550292,0.0032775771852794834,0.19557212185053774,synthetic_turbet2020_based
Kepler-32 e,0.19818060826170858,0.48274094468060613,0.041611010682969476,0.002319286519186849,0.27514814985552893,synthetic_turbet2020_based
61 Vir b,0.17065269040418762,0.47429137719581926,0.048686265760646684,0.007173888909170657,0.2991957777301757,synthetic_turbet2020_based
61 Vir c,0.06351773655137434,0.6772708477836044,0.034144830511262075,0.004037916220245626,0.22102866893351358,synthetic_turbet2020_based
47 UMa d,0.6782207993270144,0.0746884703573337,0.03965445491799463,0.00394485264057283,0.20349142275708443,synthetic_turbet2020_based
47 UMa c,0.8628681332518511,0.03419444969996421,0.012794577038992441,0.006398810603448208,0.0837440294057441,synthetic_turbet2020_based
BD-08 2823 c,0.6321211718494848,0.034899765783983676,0.030287455721937515,0.003577236601215679,0.2991143700433784,synthetic_turbet2020_based
CoRoT-23 b,0.08224945136300667,0.6812741659622619,0.031879973656091826,0.008557851234252525,0.19603855778438706,synthetic_turbet2020_based
Kepler-18 d,0.13718593919832167,0.5933788847095114,0.02045025406443153,0.008128592875821676,0.24085632915191368,synthetic_turbet2020_based
HATS-1 b,0.07953065128465509,0.4968913643892641,0.0436635438701228,0.007670732731562901,0.37224370772439497,synthetic_turbet2020_based
HD 47186 c,0.7838620466938562,0.01350284777079161,0.01509030473138906,0.005499617141688487,0.18204518366227473,synthetic_turbet2020_based
HD 196885 A b,0.8239016770448673,0.051769077777264104,0.010691720976591323,0.0026584299880013955,0.1109790942132759,synthetic_turbet2020_based
CoRoT-6 b,0.13831500494303273,0.6776868238751965,0.011337132508476176,0.001389985781144503,0.17127105289215017,synthetic_turbet2020_based
HR 8799 b,0.08919651731845446,0.433400678154626,0.03167784928773459,0.0021133178376101245,0.44361163740157483,synthetic_turbet2020_based
HAT-P-37 b,0.1472329002352134,0.7108901277230348,0.04882066655008427,0.00953566265473943,0.08352064283692817,synthetic_turbet2020_based
Kepler-42 b,0.09100477253529174,0.41176384104926916,0.02317648864447072,0.00737632106841388,0.4666785767025544,synthetic_turbet2020_based
Kepler-32 d,0.11794036278176179,0.17194253153428574,0.02192138190187628,0.01877382543275907,0.6694218983493172,synthetic_turbet2020_based
Kepler-32 f,0.1559196132095473,0.6636388020097497,0.03141976376137373,0.009196971757134378,0.13982484926219485,synthetic_turbet2020_based
BD+20 2457 b,0.06547082790954087,0.4598756897912524,0.025337987168776523,0.006902938466766106,0.4424125566636641,synthetic_turbet2020_based
HR 8799 d,0.13761189383681183,0.42961707498717283,0.0483369921498587,0.003745583348152524,0.38068845567800413,synthetic_turbet2020_based
GJ 179 b,0.7076917841349282,0.06612668191390812,0.04780662069838939,0.006964194151929449,0.17141071910084482,synthetic_turbet2020_based
Kepler-42 c,0.19321599943215562,0.47503644752819163,0.0347523971589174,0.008459910026886563,0.2885352458538488,synthetic_turbet2020_based
Kepler-33 c,0.12635367023822708,0.5448694703317363,0.04939034120127509,0.002268886063569945,0.2771176321651917,synthetic_turbet2020_based
Kepler-35 b,0.1116394291292985,0.7493495010242641,0.04601922986023684,0.009823438914037967,0.08316840107216261,synthetic_turbet2020_based
CoRoT-16 b,0.18272713883965724,0.42038281015496504,0.04719065998509953,0.004853504722661068,0.34484588629761703,synthetic_turbet2020_based
HD 240210 b,0.1477428781184873,0.5577103476668477,0.04254672306454195,0.006183273486904895,0.24581677766321808,synthetic_turbet2020_based
BD+20 2457 c,0.17683169638310064,0.4775085886083069,0.01739932379019609,0.004963391214263083,0.3232970000041334,synthetic_turbet2020_based
HD 110014 b,0.05071273174437208,0.6771411819585033,0.02184214911232044,0.00601569411593005,0.2442882430688742,synthetic_turbet2020_based
HIP 5158 b,0.6210010681382541,0.025357992344442457,0.03491436680087731,0.003750963643999388,0.3149756090724267,synthetic_turbet2020_based
Kepler-33 e,0.08220829138784506,0.4915386003231072,0.01859277458901982,0.006605658544874935,0.4010546751551529,synthetic_turbet2020_based
Kepler-33 d,0.07515368217041857,0.5450825436719562,0.03751547462373809,0.0056230395161288565,0.3366252600177583,synthetic_turbet2020_based
BD+20 274 b,0.13959213061632259,0.5003627917854995,0.04730859492660823,0.004724913234847021,0.3080115694367227,synthetic_turbet2020_based
KELT-1 b,0.09304459049185018,0.761730473623389,0.036211584610575484,0.006525512768246055,0.10248783850593923,synthetic_turbet2020_based
CoRoT-5 b,0.18301019782492522,0.42341611450855376,0.04350718048030321,0.007100779278745909,0.34296572790747193,synthetic_turbet2020_based
HD 134987 c,0.7079978384340389,0.03307162082714701,0.014192235995262306,0.00946966753222021,0.23526863721133162,synthetic_turbet2020_based
HD 147018 b,0.07128681549943043,0.5037754142923537,0.0376442871827788,0.007391371940973934,0.37990211108446315,synthetic_turbet2020_based
Kepler-33 f,0.0741153056903891,0.7256524643062511,0.030411490767054503,0.008636110103035981,0.16118462913326936,synthetic_turbet2020_based
Kepler-31 b,0.06309280847713168,0.4171319996374759,0.03547961525977399,0.0023502141739883517,0.4819453624516301,synthetic_turbet2020_based
Kepler-34 b,0.25748471371999004,0.10282175185690175,0.04119717042192801,0.04598120680714007,0.5525151571940401,synthetic_turbet2020_based
HD 45350 b,0.8516648285892865,0.09625175318353765,0.04612383018635159,0.004996162164613288,0.0009634258762110104,synthetic_turbet2020_based
HD 147018 c,0.719504462533094,0.09065653011743888,0.04707755181428908,0.009755523534862334,0.13300593200031574,synthetic_turbet2020_based
CFBDSIR J145829+101343 b,0.16524758522641741,0.48079553197655217,0.0477981654444289,0.009524273201345978,0.2966344441512555,synthetic_turbet2020_based
HD 220773 b,0.7998394091738914,0.08715522397145363,0.03244705684655809,0.009497142508705505,0.0710611674993914,synthetic_turbet2020_based
HD 147513 b,0.6281809189776273,0.08775673268362937,0.012220145161485573,0.004051963469962185,0.26779023970729554,synthetic_turbet2020_based
HD 129445 b,0.6405976927845786,0.0531221583216621,0.019289846319698798,0.009568651414005976,0.27742165116005457,synthetic_turbet2020_based
WASP-5 b,0.13389820004801145,0.75909229452149,0.02112233876204604,0.0012337980395190472,0.08465336862893347,synthetic_turbet2020_based
OGLE-TR-111 b,0.16634825055258828,0.6809510639887888,0.03181966582696775,0.008338084567562914,0.1125429350640923,synthetic_turbet2020_based
HD 8535 b,0.8520253117944397,0.06291129772163565,0.048637111674157484,0.0074774075285559466,0.028948871281211153,synthetic_turbet2020_based
HIP 5158 c,0.8030626128487887,0.04252796133027809,0.010090343144000306,0.0031684840650476023,0.1411505986118854,synthetic_turbet2020_based
HAT-P-23 b,0.1645880760221945,0.6839485017748697,0.02324088579320377,0.00663024677084595,0.12159228963888602,synthetic_turbet2020_based
HAT-P-20 b,0.07929312192097059,0.5054510877076177,0.04789632375609987,0.004718625156420351,0.3626408414588915,synthetic_turbet2020_based
CoRoT-17 b,0.08674813914482818,0.5948432987355966,0.025480635191494648,0.007565761336141952,0.2853621655919386,synthetic_turbet2020_based
HD 132563 b,0.8886348319472643,0.06325636820119226,0.0336458874774766,0.004283504728511348,0.01017940764555536,synthetic_turbet2020_based
Kepler-45 b,0.1346946397962943,0.5277315465548553,0.010043682972493678,0.008794865555906367,0.31873526512045036,synthetic_turbet2020_based
Kepler-417 b,0.1144166128282558,0.5968353940215987,0.013340036617037128,0.008533994620648529,0.26687396191245993,synthetic_turbet2020_based
Kepler-37 d,0.07555056055663856,0.5642484635137264,0.04361062188255525,0.005120046461921676,0.31147030758515815,synthetic_turbet2020_based
GJ 3634 b,0.18967285031996955,0.4837257213682759,0.03860931319819085,0.009801986712055549,0.27819012840150814,synthetic_turbet2020_based
Kepler-14 b,0.13244204558304665,0.6768735594575972,0.025729066384040336,0.007762036057529221,0.15719329251778658,synthetic_turbet2020_based
CoRoT-18 b,0.18633110847855938,0.6812222268202117,0.04743714845523917,0.006297873867930788,0.07871164237805894,synthetic_turbet2020_based
Kepler-15 b,0.13657061606764445,0.5218509552436622,0.038385099646551436,0.0089375726958054,0.2942557563463365,synthetic_turbet2020_based
KOI-55 b,0.1469474339193397,0.4932156882394332,0.031764364588867465,0.0078034367525627365,0.32026907649979686,synthetic_turbet2020_based
CoRoT-14 b,0.19090449723091296,0.4626384198082216,0.015099883638662423,0.004716491772096154,0.32664070755010677,synthetic_turbet2020_based
HD 11964 b,0.6376833508387832,0.09823860212546066,0.026972174691302364,0.005802494671611144,0.2313033776728426,synthetic_turbet2020_based
HAT-P-4 b,0.08406316719391571,0.5796504494147717,0.0493877573944488,0.005398184362302726,0.281500441634561,synthetic_turbet2020_based
OGLE-TR-10 b,0.05132358887067293,0.4970110121002522,0.04913819321914017,0.009901607620696595,0.39262559818923815,synthetic_turbet2020_based
OGLE-TR-113 b,0.08157396346575585,0.6461056351375414,0.013076333220216578,0.006196974782001663,0.2530470933944845,synthetic_turbet2020_based
HD 192310 b,0.06888810522296562,0.7274646094570631,0.04758299950408978,0.0025568812724453436,0.15350740454343614,synthetic_turbet2020_based
Kepler-277 b,0.11940682528922361,0.4408171993898537,0.023565600282919,0.0015858797928447383,0.414624495245159,synthetic_turbet2020_based
Kepler-476 b,0.08968197920261406,0.7960894668357207,0.011784130692856075,0.008730714966568038,0.09371370830224102,synthetic_turbet2020_based
Kepler-247 d,0.06161788666311573,0.611598772446944,0.028084791697093825,0.009383991940185805,0.28931455725266064,synthetic_turbet2020_based
Kepler-1976 b,0.07985747934276344,0.47187280615185406,0.03994856354271329,0.007531475257903186,0.400789675704766,synthetic_turbet2020_based
WASP-155 b,0.15487726557391984,0.4104508464689523,0.020398387468996346,0.008559056600688696,0.4057144438874428,synthetic_turbet2020_based
HD 62509 b,0.1401287182185159,0.6408779682928727,0.021836664216192465,0.0033415577970125313,0.19381509147540643,synthetic_turbet2020_based
Kepler-65 b,0.19198323320273825,0.691102111541285,0.015074644712073502,0.009439362479293875,0.09240064806460935,synthetic_turbet2020_based
RR Cae b,0.7747110455454165,0.04000261302613793,0.025885577855983936,0.007528640593173565,0.1518721229792881,synthetic_turbet2020_based
WASP-65 b,0.10644089775291254,0.6314979196474428,0.0384199798659362,0.002758374975753681,0.22088282775795476,synthetic_turbet2020_based
Kepler-30 c,0.19163622293638244,0.542469108574164,0.026774990283076575,0.007286629310810386,0.23183304889556666,synthetic_turbet2020_based
Kepler-38 b,0.14131776340816463,0.5760479347756717,0.03598968161203166,0.0091254547681484,0.23751916543598361,synthetic_turbet2020_based
WASP-8 c,0.8400850849936256,0.08418331089592963,0.020336336342692517,0.004774630143678738,0.05062063762407354,synthetic_turbet2020_based
ROXs 42 B b,0.1330728712481089,0.41767632766459317,0.040791687215092985,0.0039111708197358,0.4045479430524692,synthetic_turbet2020_based
WASP-1 b,0.09238941170615214,0.5037168037424586,0.021335170616802575,0.00404213348942049,0.37851648044516617,synthetic_turbet2020_based
Kepler-50 c,0.1407236837114239,0.6334261287600254,0.020228470144075014,0.0028578184891588677,0.20276389889531687,synthetic_turbet2020_based
BD+15 2940 b,0.17395372851070354,0.43708933507054665,0.0305129136480371,0.005685047867703486,0.3527589749030092,synthetic_turbet2020_based
Kepler-87 b,0.13612052102174327,0.7542600463628544,0.034956557603790704,0.009762703896232211,0.06490017111537938,synthetic_turbet2020_based
WASP-75 b,0.18070296250230916,0.4858961037948846,0.019647332409012046,0.004102967223236536,0.3096506340705576,synthetic_turbet2020_based
Kepler-87 c,0.1087271622620197,0.6211980481230782,0.019300505315853554,0.003001106630023891,0.24777317766902462,synthetic_turbet2020_based
HD 40307 b,0.10720849360521195,0.6688092452851009,0.03752502452384753,0.009785050660362608,0.17667218592547695,synthetic_turbet2020_based
WTS-1 b,0.08036231508827212,0.5571436607427923,0.048587099917562424,0.00721007868398997,0.3066968455673833,synthetic_turbet2020_based
HD 40307 c,0.1388417787233029,0.6158584205605389,0.013020415205450261,0.009040364279343193,0.22323902123136474,synthetic_turbet2020_based
CoRoT-26 b,0.14382578231226617,0.6286669631712136,0.0315800137328737,0.0045272278658900055,0.19140001291775655,synthetic_turbet2020_based
91 Aqr b,0.08819970370413392,0.7021287941337937,0.030382700710466483,0.0013054557906029829,0.17798334566100293,synthetic_turbet2020_based
tau Gem b,0.1098641749658245,0.7714414552891331,0.024955782461634515,0.004719097071330164,0.08901949021207778,synthetic_turbet2020_based
HAT-P-42 b,0.14359416845825534,0.720669921526353,0.03673844470818849,0.00865049258010652,0.09034697272709669,synthetic_turbet2020_based
Kepler-56 c,0.06709558805610474,0.7698370213274596,0.04615687729645544,0.005672337279270291,0.11123817604070996,synthetic_turbet2020_based
HD 40307 d,0.14371133566808017,0.4851252200805607,0.02791789751925556,0.002824330248278311,0.3404212164838253,synthetic_turbet2020_based
HD 40307 f,0.05329650184115293,0.792361227250821,0.020365860628408203,0.006337974780080518,0.12763843549953735,synthetic_turbet2020_based
Kepler-186 e,0.19007511506135893,0.17412432404208697,0.025910462343290995,0.023401869252990308,0.5864882293002729,synthetic_turbet2020_based
Kepler-186 c,0.14560996390099037,0.7843745081954425,0.027145386000249322,0.009759940516488388,0.03311020138682941,synthetic_turbet2020_based
GJ 163 c,0.300339171203435,0.2214272390042018,0.019484154071956923,0.012516828235975233,0.44623260748443105,synthetic_turbet2020_based
GJ 163 d,0.8555804310875487,0.061658295754984216,0.026576554496995274,0.008307705898796352,0.04787701276167555,synthetic_turbet2020_based
Kepler-56 b,0.09658705738659783,0.713446902385795,0.023118553416231882,0.009287930677637474,0.15755955613373784,synthetic_turbet2020_based
HD 208527 b,0.0901950311685204,0.4550216470298285,0.03792386833397648,0.002465625277582937,0.41439382819009163,synthetic_turbet2020_based
HD 40307 g,0.3848089150866957,0.23111102247777318,0.01923442645138104,0.01835275737141715,0.3464928786127329,synthetic_turbet2020_based
Kepler-186 d,0.18858125586806324,0.6431431651399564,0.045749440266896674,0.001992026843612427,0.12053411188147123,synthetic_turbet2020_based
GU Psc b,0.18880882933687643,0.6080197247976353,0.03673687665325402,0.004355879243871526,0.16207868996836283,synthetic_turbet2020_based
HIP 63242 b,0.05887104830087393,0.7831889765367317,0.04978393316433928,0.004280921638843987,0.10387512035921109,synthetic_turbet2020_based
Kepler-11 b,0.19158018946279698,0.46709051638462573,0.01618737798634302,0.0016580065600825433,0.3234839096061517,synthetic_turbet2020_based
KOI-351 f,0.10869041113762262,0.4209209000726397,0.02578628758451587,0.002245513857847014,0.4423568873473749,synthetic_turbet2020_based
CoRoT-1 b,0.15957916933594363,0.7333450597345632,0.03751261711185152,0.002804447371925403,0.06675870644571624,synthetic_turbet2020_based
HAT-P-45 b,0.16502722893619337,0.49980007881331,0.0403795438787411,0.006106578174067519,0.28868657019768795,synthetic_turbet2020_based
HAT-P-44 b,0.10500687744368147,0.4333969512064231,0.043100380392281035,0.00945687628718403,0.4090389146704304,synthetic_turbet2020_based
Kepler-11 e,0.14988766700009565,0.7858166266773756,0.047364456761719645,0.002751475607233783,0.014179773953575281,synthetic_turbet2020_based
HD 95086 b,0.15968185228973203,0.5397219277750779,0.02950069442262504,0.002412688880339612,0.2686828366322255,synthetic_turbet2020_based
BD-06 1339 b,0.1962169142086479,0.6904549532305635,0.020676332385238725,0.0043432452115123015,0.08830855496403767,synthetic_turbet2020_based
HD 103774 b,0.11337243902431768,0.6990134896575362,0.04702789067078338,0.003892961196861145,0.1366932194505016,synthetic_turbet2020_based
HAT-P-44 c,0.7417500264841259,0.0633886815551231,0.025733759696012624,0.005537631910291167,0.1635899003544471,synthetic_turbet2020_based
HATS-5 b,0.0658561443530153,0.4670697550880665,0.026044050288805798,0.009234451105934974,0.4317955991641773,synthetic_turbet2020_based
Kepler-11 g,0.10240370686169505,0.49991712344200545,0.03971448883397104,0.009542171494689486,0.34842250936763897,synthetic_turbet2020_based
KOI-351 e,0.11886854255953212,0.4034419822268733,0.03752597325902472,0.004735547214545305,0.4354279547400246,synthetic_turbet2020_based
KOI-351 c,0.15104683049243228,0.5110866063316815,0.010096325752678497,0.004100465968710434,0.3236697714544974,synthetic_turbet2020_based
HD 109271 b,0.15571885139194125,0.5572453132036758,0.018766965586129038,0.005176061777206914,0.26309280804104707,synthetic_turbet2020_based
HD 109271 c,0.16285227849475784,0.44777323471692243,0.03767008134586591,0.007006096214235527,0.3446983092282183,synthetic_turbet2020_based
bet Cnc b,0.10561068195276072,0.7881344765517978,0.04578821197921406,0.003845453327218629,0.05662117618900886,synthetic_turbet2020_based
mu Leo b,0.05466366400907646,0.5233219226980307,0.01818887770164173,0.005925267226428336,0.39790026836482284,synthetic_turbet2020_based
Kepler-11 c,0.18781166317732323,0.7481350040150087,0.02223316622659307,0.004857377802000734,0.03696278877907433,synthetic_turbet2020_based
HD 166724 b,0.6109626597238699,0.05897471568842346,0.012534719202029154,0.009447455496061897,0.3080804498896156,synthetic_turbet2020_based
WASP-64 b,0.18004007522784088,0.4856750505750012,0.037974747194481816,0.0061121834418999986,0.2901979435607761,synthetic_turbet2020_based
Kepler-67 b,0.17020365687742747,0.590260842700608,0.01767087882663112,0.006758590601105486,0.21510603099422798,synthetic_turbet2020_based
HAT-P-38 b,0.062042049049391756,0.6338351964673689,0.018508192218578304,0.007164427934112043,0.278450134330549,synthetic_turbet2020_based
PH1 b,0.17420647425921632,0.44380989171282903,0.026010742085943693,0.007601694289983972,0.34837119765202706,synthetic_turbet2020_based
Kepler-415 b,0.07455545922782877,0.6266094680142853,0.03687355927502892,0.0041931424651544405,0.25776837101770256,synthetic_turbet2020_based
Kepler-338 c,0.1747973411303902,0.6042632740186855,0.0350797935976204,0.0022678551703430084,0.18359173608296087,synthetic_turbet2020_based
WASP-126 b,0.05347402617990036,0.42029942832999456,0.04615680592792864,0.008943781458234261,0.4711259581039422,synthetic_turbet2020_based
Kepler-1544 b,0.3422774317485528,0.13992241824697216,0.03101834607798013,0.04184468402193494,0.44493711990456,synthetic_turbet2020_based
HD 207832 c,0.8024007543767322,0.020396907430834388,0.04582164799249695,0.002446141535001661,0.1289345486649348,synthetic_turbet2020_based
HAT-P-39 b,0.07576935401200033,0.7604034516682834,0.029384677563780645,0.004356026433608202,0.13008649032232744,synthetic_turbet2020_based
HD 150706 b,0.7660970226894169,0.09832575995489003,0.014785218209641716,0.007812539639128587,0.11297945950692279,synthetic_turbet2020_based
HIP 57274 d,0.7002977586732383,0.02053443437628614,0.026877334214117546,0.005938775899527439,0.24635169683683067,synthetic_turbet2020_based
Kepler-82 e,0.08089424565922204,0.562107783638641,0.035427041018891624,0.006188032177482,0.3153828975057633,synthetic_turbet2020_based
Kepler-417 c,0.1584740891082276,0.7345618131749605,0.026365613270774947,0.004806705479160048,0.07579177896687694,synthetic_turbet2020_based
CoRoT-2 b,0.12450382016827298,0.6265413513525214,0.014332906969515667,0.003813718187752967,0.23080820332193697,synthetic_turbet2020_based
TOI-1272 b,0.07578376930655364,0.5543411049376527,0.048934162902961466,0.006244578610128818,0.3146963842427034,synthetic_turbet2020_based
Kepler-82 f,0.11440722798808195,0.6263747580894836,0.036763062217087174,0.004914581169613609,0.21754037053573372,synthetic_turbet2020_based
TOI-1883 b,0.1171564706379331,0.6805604517526835,0.01243450332822805,0.005860725114595098,0.1839878491665602,synthetic_turbet2020_based
Oph 11 b,0.13209917183265524,0.7027009044513524,0.04930579009346633,0.008161793081081274,0.10773234054144487,synthetic_turbet2020_based
Kepler-338 d,0.12556829189757024,0.46778127184287144,0.03353043886532683,0.008508689980414173,0.3646113074138173,synthetic_turbet2020_based
Kepler-418 b,0.18986210954679988,0.7301241517976402,0.01755874425450254,0.007413182779143984,0.05504181162191346,synthetic_turbet2020_based
DP Leo b,0.864046484245753,0.07129152699642777,0.03743008163712861,0.005501460576259709,0.021730446544431015,synthetic_turbet2020_based
Kepler-58 b,0.14554643331882577,0.5177522876892084,0.013552403471429808,0.008449434142708604,0.31469944137782735,synthetic_turbet2020_based
Kepler-59 c,0.19147164610872736,0.7427289341507777,0.02335654215123212,0.001841771361771355,0.04060110622749147,synthetic_turbet2020_based
Kepler-130 c,0.09202075814471099,0.7371341503239601,0.036232580305328645,0.009700248196926435,0.12491226302907388,synthetic_turbet2020_based
CoRoT-27 b,0.10140215276556552,0.620588848116657,0.04160152886552912,0.0031059274845863113,0.23330154276766202,synthetic_turbet2020_based
HIP 105854 b,0.1946134961989499,0.6369590689967259,0.010315902532786128,0.0012263794806521115,0.156885152790886,synthetic_turbet2020_based
Kapteyn c,0.8646648049204786,0.06807533749849698,0.040522900762554485,0.008056144008612173,0.018680812809857672,synthetic_turbet2020_based
2MASS J01225093-2439505 b,0.11306896643761648,0.7194444984569208,0.04750129779250153,0.0025495399699265947,0.1174356973430346,synthetic_turbet2020_based
Kepler-63 b,0.16462045993130311,0.5231168030462261,0.022859720122154155,0.004714793659327476,0.2846882232409891,synthetic_turbet2020_based
Kepler-53 c,0.17955792798621284,0.4088224269240197,0.02735704827241056,0.007120428846123436,0.37714216797123346,synthetic_turbet2020_based
Kepler-54 c,0.0665623187423783,0.7169014388069667,0.04767610391589412,0.0018184133896928074,0.1670417251450681,synthetic_turbet2020_based
Kepler-83 c,0.07294222067463173,0.7896388899784812,0.017914225631429664,0.0017104570813288404,0.11779420663412854,synthetic_turbet2020_based
Kepler-81 b,0.19282888045938507,0.7570490839237876,0.03622901890932524,0.00596287834558798,0.00793013836191414,synthetic_turbet2020_based
Kepler-55 c,0.3757698088908311,0.23110401502228453,0.0363358663726028,0.04374742256807812,0.31304288714620343,synthetic_turbet2020_based
Kepler-59 b,0.14798685159386316,0.6014707548150711,0.025588859915937914,0.005528205035121168,0.21942532864000663,synthetic_turbet2020_based
HD 82943 b,0.2567435947261584,0.17216637622365036,0.027924736359213845,0.04207487731454085,0.5010904153764366,synthetic_turbet2020_based
HD 154857 c,0.7249540106027663,0.012300378997188643,0.021320772870953967,0.0030856767768252837,0.2383391607522658,synthetic_turbet2020_based
Kepler-62 d,0.16903730177479528,0.5797172233887236,0.021212421721405327,0.008296343954574622,0.22173670916050126,synthetic_turbet2020_based
Kepler-62 b,0.05288252068349181,0.46970033709248704,0.043078192775832004,0.005955865548943624,0.4283830838992455,synthetic_turbet2020_based
Kepler-83 b,0.16604746618692207,0.7352704059048311,0.047678539543541586,0.001570821393730042,0.049432766970975206,synthetic_turbet2020_based
POTS-1 b,0.16988521149477082,0.683506459287934,0.018281024027062366,0.009385320397061109,0.11894198479317186,synthetic_turbet2020_based
Kepler-54 b,0.11063028204595882,0.7550442109819218,0.03420454818659702,0.00574073151886861,0.09438022726665385,synthetic_turbet2020_based
Kepler-55 b,0.07392859008439692,0.7657310497149252,0.03226647629448985,0.0010548316494713571,0.1270190522567166,synthetic_turbet2020_based
HD 82943 c,0.05274268116054248,0.7110530420072191,0.016477454135135586,0.006388645920653308,0.2133381767764495,synthetic_turbet2020_based
Kepler-413 b,0.3043245885801941,0.15587311858969938,0.0327725523364565,0.019610349839562988,0.487419390654087,synthetic_turbet2020_based
Kepler-61 b,0.3838946282103852,0.2720340312698334,0.021521711659898766,0.031152579638013586,0.29139704922186904,synthetic_turbet2020_based
HAT-P-27 b,0.12509492857308585,0.7840093031800297,0.025761151207354158,0.006060047991594102,0.05907456904793629,synthetic_turbet2020_based
Qatar-4 b,0.1893059892331156,0.4651244204706233,0.032019424131133525,0.0019510562832564667,0.3115991098818711,synthetic_turbet2020_based
WTS-2 b,0.1426248397727751,0.5462732813548019,0.048705442927184026,0.004738682630336737,0.25765775331490226,synthetic_turbet2020_based
HD 4203 c,0.640856291262512,0.08505999648355637,0.04283466765691657,0.00725373657588506,0.2239953080211301,synthetic_turbet2020_based
Kepler-193 c,0.16232177028263423,0.5058860870757628,0.03568214001691125,0.0013421788408485428,0.29476782378384325,synthetic_turbet2020_based
Kepler-207 b,0.07953352158350518,0.7729117790212348,0.03956941188330635,0.0030760528689033205,0.10490923464305046,synthetic_turbet2020_based
Kepler-313 b,0.06670746342789322,0.7795677779474006,0.01448750664240531,0.003313630432425234,0.13592362154987558,synthetic_turbet2020_based
Kepler-120 c,0.07739509894991858,0.40298552816470723,0.02256539096392176,0.009767609844388864,0.4872863720770636,synthetic_turbet2020_based
Kepler-238 e,0.10128549587140348,0.6017219517871095,0.039837431356871254,0.005959720918712945,0.2511954000659028,synthetic_turbet2020_based
Kepler-328 b,0.161538726111846,0.6646543472762061,0.03434252091996059,0.006846840164905707,0.1326175655270817,synthetic_turbet2020_based
Kepler-280 b,0.16987465431173768,0.6840765579204418,0.041670996828207664,0.0023103787445517823,0.10206741219506121,synthetic_turbet2020_based
Kepler-275 c,0.15165105990658106,0.6948087649302133,0.02199865729987338,0.008871195950589543,0.12267032191274285,synthetic_turbet2020_based
Kepler-214 b,0.09570674049540506,0.4975328477505989,0.04468387261922045,0.0032231785430478404,0.3588533605917277,synthetic_turbet2020_based
Kepler-219 c,0.11232536936477003,0.5471691320147276,0.045922472902330896,0.005097121644591679,0.2894859040735799,synthetic_turbet2020_based
Kepler-331 b,0.15414633999443234,0.7176155618575316,0.03511614322988705,0.009493250484924234,0.08362870443322468,synthetic_turbet2020_based
Kepler-340 c,0.17037612938840124,0.5600826510699453,0.04803247373030733,0.005721173499442008,0.21578757231190426,synthetic_turbet2020_based
TOI-4438 b,0.053386598441734386,0.5040053118611587,0.034869183481490665,0.0024113341209199305,0.40532757209469616,synthetic_turbet2020_based
Kepler-293 b,0.13761020673398056,0.544639208923012,0.03137541920233096,0.0010168736308592758,0.2853582915098173,synthetic_turbet2020_based
Kepler-291 b,0.17726320320030475,0.5447701951102114,0.015606337371118122,0.00494124271304572,0.25741902160531993,synthetic_turbet2020_based
Kepler-224 d,0.12292659402332513,0.6549610841984757,0.030982497614091192,0.0013917122386035638,0.18973811192550438,synthetic_turbet2020_based
Kepler-124 c,0.18072684831166475,0.5826035727147846,0.013079510901320358,0.007955454128762668,0.21563461394346772,synthetic_turbet2020_based
DMPP-7 b,0.14902316281746025,0.6597751091076887,0.02707656006942244,0.004694473563588895,0.15943069444183966,synthetic_turbet2020_based
Kepler-111 b,0.13045079545810145,0.42023776515964134,0.021958310568716836,0.009891047562061363,0.417462081251479,synthetic_turbet2020_based
Kepler-148 c,0.14932887336921138,0.5675736661669288,0.01889452411761812,0.0077068842571021015,0.2564960520891395,synthetic_turbet2020_based
Kepler-179 b,0.08904354645592871,0.46494804153851815,0.01618059600937149,0.007563369512482592,0.4222644464836991,synthetic_turbet2020_based
Kepler-290 c,0.14642153814330763,0.42792243974849226,0.0146017126144881,0.006704621806182195,0.4043496876875299,synthetic_turbet2020_based
Kepler-302 c,0.13566741528082388,0.6743996241487253,0.01712155633453048,0.007539291155954505,0.1652721130799657,synthetic_turbet2020_based
Kepler-226 b,0.1904144700995825,0.6404201258141765,0.017845200785711356,0.0071158946975569595,0.14420430860297262,synthetic_turbet2020_based
Kepler-333 b,0.10146225253190966,0.41971509855428857,0.02209354781409994,0.009150265917551189,0.4475788351821507,synthetic_turbet2020_based
Kepler-343 b,0.11167089802639629,0.7458661352124369,0.030346373740911668,0.0056528019006364,0.10646379111961868,synthetic_turbet2020_based
Kepler-197 d,0.05078244815973415,0.6548416293155889,0.01431255380121681,0.005308735732138489,0.27475463299132163,synthetic_turbet2020_based
TOI-762 A b,0.08904752834871485,0.556953186331726,0.03148309422667203,0.0011301770314177556,0.3213860140614694,synthetic_turbet2020_based
Kepler-125 b,0.09268753749074343,0.795844773716746,0.012295965032822384,0.0038745413934163156,0.09529718236627183,synthetic_turbet2020_based
Kepler-306 c,0.09821322124469725,0.5517543683731051,0.03739123673769382,0.003229694188146682,0.30941147945635716,synthetic_turbet2020_based
Kepler-53 d,0.11904040162040794,0.6579454267409797,0.022892882333143544,0.009538953224529294,0.19058233608093955,synthetic_turbet2020_based
Kepler-238 d,0.19695089524140225,0.4478694270750045,0.023752795376032407,0.0028717486282582782,0.32855513367930267,synthetic_turbet2020_based
Kepler-127 d,0.07801843933356728,0.5963919353353119,0.03255308432539516,0.004830868365378393,0.28820567264034724,synthetic_turbet2020_based
Kepler-222 c,0.09088323096460411,0.5114486297014559,0.04968512625362924,0.009313096365912255,0.3386699167143985,synthetic_turbet2020_based
Kepler-257 d,0.061384826148403585,0.6626202607984503,0.02827510429939377,0.007199326874792459,0.24052048187896002,synthetic_turbet2020_based
Kepler-308 b,0.13954410583108304,0.755700960032967,0.012679532571553001,0.00414638120851935,0.08792902035587757,synthetic_turbet2020_based
Kepler-310 c,0.19782411886633772,0.47291413959624673,0.01509333758026589,0.00756074805400518,0.3066076559031444,synthetic_turbet2020_based
Kepler-242 c,0.16661527400261955,0.6689094190698641,0.04104783315039701,0.0072434941488385505,0.11618397962828075,synthetic_turbet2020_based
Kepler-241 c,0.07036560234337652,0.6432887589914029,0.0410750673023813,0.00878964945692021,0.23648092190591907,synthetic_turbet2020_based
Kepler-351 c,0.08693528640255616,0.45097230437541547,0.041243617743303186,0.0033089351053209887,0.4175398563734042,synthetic_turbet2020_based
Kepler-341 c,0.0547894217481331,0.7300854254597218,0.030239645352434404,0.003939698191855798,0.18094580924785497,synthetic_turbet2020_based
Kepler-166 c,0.051714365784732375,0.4141309778831791,0.04170493082241179,0.005407352964683781,0.48704237254499294,synthetic_turbet2020_based
Kepler-108 c,0.07245830739446903,0.5434022508996073,0.016612205901500917,0.0020159339786234797,0.3655113018257994,synthetic_turbet2020_based
Kepler-311 b,0.09144617310112155,0.619803418984959,0.018400264312489076,0.004093039731562904,0.26625710386986734,synthetic_turbet2020_based
Kepler-276 b,0.12168963259346896,0.5680118956732608,0.015145111964851587,0.0013497907198229938,0.2938035690485956,synthetic_turbet2020_based
Kepler-254 c,0.05531880904234084,0.540071607211147,0.038752083141492914,0.002181297688563436,0.36367620291645575,synthetic_turbet2020_based
Kepler-268 c,0.16804701745466386,0.6862697237255347,0.010157739635424448,0.001240730856836606,0.13428478832754032,synthetic_turbet2020_based
Kepler-321 c,0.07925498233070775,0.42244836442023403,0.03125372421081224,0.001356645353125742,0.46568628368512033,synthetic_turbet2020_based
Kepler-349 b,0.17039687569930967,0.5971848275783243,0.039118174666899104,0.007756322958422571,0.18554379909704433,synthetic_turbet2020_based
Kepler-108 b,0.1260145909505349,0.7701451505013865,0.04960963095421232,0.004232932174130913,0.04999769541973531,synthetic_turbet2020_based
Kepler-264 b,0.06887962103738504,0.5452952714591468,0.018934155880570805,0.0057790510035557515,0.3611119006193416,synthetic_turbet2020_based
Kepler-279 b,0.10675814018786023,0.5921797657147164,0.040527503043040064,0.0034661887708766696,0.2570684022835066,synthetic_turbet2020_based
Kepler-286 c,0.13062120869595883,0.5340644997314754,0.041398434564826454,0.0067558296916692675,0.28716002731607004,synthetic_turbet2020_based
Kepler-171 c,0.05127570957659161,0.6640205364420874,0.016806480322663294,0.007520264111827354,0.2603770095468304,synthetic_turbet2020_based
Kepler-238 b,0.13510080002681873,0.5605930710892699,0.03776265716829034,0.008709339572819021,0.25783413214280193,synthetic_turbet2020_based
Kepler-329 c,0.166811557079311,0.6181517106287631,0.03890777281038119,0.004725230989534783,0.17140372849201002,synthetic_turbet2020_based
Kepler-345 c,0.16835391823446932,0.7316207566491273,0.01549175347505595,0.0031422822363455167,0.08139128940500195,synthetic_turbet2020_based
Kepler-263 b,0.09049831060237376,0.4664326875928366,0.025701400275896832,0.002737298903046511,0.4146303026258462,synthetic_turbet2020_based
Kepler-268 b,0.13933089663899145,0.4406461771590464,0.020796766121070256,0.006989685813517212,0.3922364742673746,synthetic_turbet2020_based
Kepler-287 b,0.1097817684700024,0.5685850967413631,0.041917010118335575,0.009860603979618878,0.26985552069068,synthetic_turbet2020_based
Kepler-290 b,0.13476016748813197,0.43162686858544314,0.014116118968945438,0.009716506498264745,0.4097803384592147,synthetic_turbet2020_based
TOI-4409 b,0.3037704738245415,0.25049382366676387,0.03703055030742166,0.01718470406780613,0.39152044813346687,synthetic_turbet2020_based
Kepler-148 b,0.11725432412371431,0.7192321750477463,0.044654518517682935,0.003136019632717349,0.11572296267813909,synthetic_turbet2020_based
HD 13908 c,0.2787885372501462,0.13142038054769067,0.048331074924870064,0.020088171559699504,0.5213718357175936,synthetic_turbet2020_based
HD 159243 b,0.15899526929058452,0.49244517769074175,0.03464215771514167,0.006933378763203909,0.30698401654032814,synthetic_turbet2020_based
Kepler-292 d,0.0992642155182129,0.7275335461704205,0.04541483592989802,0.008695629372285955,0.1190917730091825,synthetic_turbet2020_based
Kepler-297 c,0.0996197329197076,0.6977361036050616,0.032379630194768964,0.0063336549204281055,0.16393087836003373,synthetic_turbet2020_based
Kepler-150 e,0.12161376278876929,0.6401044591875487,0.015426166321429999,0.004679625098057099,0.21817598660419502,synthetic_turbet2020_based
Kepler-178 c,0.0766507642981919,0.5120422123885704,0.01511258143688535,0.0029124604469981806,0.3932819814293541,synthetic_turbet2020_based
HD 73526 c,0.3345787767363148,0.20996729243553403,0.0109457247404894,0.041540979352084624,0.40296722673557706,synthetic_turbet2020_based
HD 106906 b,0.18642025938942364,0.7521717103130551,0.04292067531493287,0.009929947985208434,0.008557406997380057,synthetic_turbet2020_based
Kepler-267 b,0.13796029333068996,0.785035051405962,0.047953769300057104,0.003819148574530954,0.025231737388760056,synthetic_turbet2020_based
Kepler-273 b,0.17951506340838064,0.7169890662235109,0.04103195109604343,0.009066526941627299,0.05339739233043772,synthetic_turbet2020_based
Kepler-306 b,0.10762850148804617,0.5600219863549528,0.03560209236814546,0.007640240840329079,0.28910717894852644,synthetic_turbet2020_based
Kepler-309 c,0.8639211307972844,0.08882607885933537,0.0388535849754504,0.009612035000393704,-0.00121282963246383,synthetic_turbet2020_based
Kepler-207 c,0.07679429284193634,0.7801359388720346,0.012567659281344862,0.006000596930727265,0.12450151207395699,synthetic_turbet2020_based
Kepler-224 b,0.06352954355121834,0.6272003900792547,0.025604388498228776,0.0017344848835214818,0.2819311929877768,synthetic_turbet2020_based
Kepler-265 c,0.14721752075362826,0.6924791998491368,0.016967416544799253,0.007249930473778921,0.13608593237865674,synthetic_turbet2020_based
Kepler-269 b,0.07685713237215994,0.45495857972611065,0.01589453066098983,0.0063917062205890145,0.44589805102015057,synthetic_turbet2020_based
Kepler-119 c,0.1668186212189905,0.6387574805895255,0.04237405812072981,0.006323296069633323,0.14572654400112084,synthetic_turbet2020_based
Kepler-130 b,0.16959818710227303,0.7906090004533203,0.025638392318728984,0.002349479592342053,0.011804940533335584,synthetic_turbet2020_based
Kepler-235 e,0.1406190435114873,0.2194955193313196,0.03188412263421368,0.017369415141681232,0.5906318993812982,synthetic_turbet2020_based
Kepler-228 b,0.18231574440015103,0.7826993473816755,0.020128625724132067,0.0028619463781096033,0.011994336115931814,synthetic_turbet2020_based
Kepler-305 b,0.0820882778461321,0.5549686118765438,0.044129087011957856,0.006363645489470062,0.31245037777589624,synthetic_turbet2020_based
Kepler-277 c,0.06013301475990049,0.5891916340688269,0.013613267321123704,0.0046559270260759615,0.33240615682407293,synthetic_turbet2020_based
Kepler-301 b,0.11052802134549757,0.6593410662838584,0.03197815867852404,0.008872793041051773,0.18927996065106822,synthetic_turbet2020_based
Kepler-300 c,0.05244127739982085,0.7095995288378597,0.01090633363823367,0.003738608456287294,0.2233142516677985,synthetic_turbet2020_based
Kepler-133 b,0.18194947072693451,0.6761656686708487,0.016879867134645732,0.005417060897007487,0.11958793257056355,synthetic_turbet2020_based
Kepler-152 c,0.3165712542933958,0.28746866426790585,0.03537284796872815,0.010987016457317091,0.349600217012653,synthetic_turbet2020_based
TIC 46432937 b,0.12495527895444254,0.4611846556683311,0.011911182018996854,0.006386595712134259,0.39556228764609513,synthetic_turbet2020_based
Kepler-138 e,0.33307657075312735,0.10721211109928086,0.04134357083862078,0.03825551519246035,0.48011223211651066,synthetic_turbet2020_based
Kepler-299 c,0.1627980332252542,0.4978913490862802,0.025743818219737168,0.0020777574448649708,0.3114890420238635,synthetic_turbet2020_based
Kepler-298 b,0.08583364253516998,0.521115868590972,0.022777465581471444,0.0025753589928713067,0.3676976642995152,synthetic_turbet2020_based
Kepler-157 b,0.0783067697106715,0.7605881599168641,0.041355744592624234,0.004100299331422937,0.11564902644841712,synthetic_turbet2020_based
Kepler-162 b,0.19214653092214412,0.4955690851169296,0.02627281813800203,0.008321727802911136,0.2776898380200131,synthetic_turbet2020_based
Kepler-249 d,0.23286591106108803,0.14692506458162918,0.024741418704859533,0.030028842894987265,0.565438762757436,synthetic_turbet2020_based
Kepler-254 d,0.14309665754905063,0.5622425998326094,0.02725217324479897,0.003375492515212827,0.2640330768583281,synthetic_turbet2020_based
Kepler-114 c,0.1303020947626118,0.48778249350781855,0.04470104872432304,0.0077263036323967135,0.32948805937285,synthetic_turbet2020_based
Kepler-145 b,0.11154184826212762,0.6988911388131391,0.010279837672374921,0.0041004030037815695,0.1751867722485767,synthetic_turbet2020_based
Kepler-295 b,0.1160451722220183,0.5879194030182789,0.03994925910841356,0.009665266848055427,0.2464208988032338,synthetic_turbet2020_based
Kepler-288 c,0.10699956956642047,0.5402399398111499,0.03442060906321585,0.0035312825277242104,0.3148085990314896,synthetic_turbet2020_based
Kepler-286 d,0.0712025500722784,0.7846163481968795,0.042381198272360886,0.00962649597721715,0.09217340748126412,synthetic_turbet2020_based
Kepler-312 c,0.0826749318025875,0.40712368598786824,0.027490463029524258,0.009402480666924232,0.4733084385130957,synthetic_turbet2020_based
Kepler-287 c,0.07074880083076385,0.44687420913383935,0.012758111369833684,0.007885161990387773,0.46173371667517527,synthetic_turbet2020_based
Kepler-285 b,0.16788898007503086,0.6781504222653856,0.012131673804893444,0.007509595022336835,0.1343193288323533,synthetic_turbet2020_based
Kepler-178 d,0.11729432126925309,0.463157768774642,0.021805040419384084,0.005510321559396649,0.3922325479773241,synthetic_turbet2020_based
Kepler-183 b,0.09944772084045217,0.787899690696637,0.02898966966828797,0.004349354592269293,0.07931356420235358,synthetic_turbet2020_based
Kepler-315 b,0.15097481434520552,0.660218022742366,0.010097571216210697,0.006566263284706687,0.17214332841151114,synthetic_turbet2020_based
Kepler-316 c,0.08656534621535505,0.5500934566351687,0.03825395562939377,0.006016475989096263,0.3190707655309861,synthetic_turbet2020_based
Kepler-284 b,0.10529827162326455,0.46696414073484965,0.03021928748991013,0.0038742942115648294,0.39364400594041093,synthetic_turbet2020_based
Kepler-281 c,0.1869391712612113,0.6137386561156203,0.0446385597668165,0.004511629256351603,0.15017198360000028,synthetic_turbet2020_based
Kepler-85 d,0.1741155745681941,0.4226147608688315,0.021924761022720597,0.0017035833974022945,0.37964132014285157,synthetic_turbet2020_based
Kepler-353 b,0.05474752710723109,0.7675448981292476,0.03867474977598719,0.006625990580216236,0.13240683440731782,synthetic_turbet2020_based
Kepler-372 c,0.12987392141177495,0.6278216144867368,0.03554761525545814,0.00843921815266093,0.19831763069336916,synthetic_turbet2020_based
Kepler-374 c,0.13953328336932924,0.699432305244353,0.021239122073189398,0.009790855640348251,0.13000443367278025,synthetic_turbet2020_based
Kepler-151 c,0.05478458126555434,0.5546306381109263,0.045281982060148156,0.002624706664175712,0.3426780918991956,synthetic_turbet2020_based
Kepler-386 c,0.0712007139400487,0.5461723067599654,0.027127788020673102,0.00940054654595555,0.3460986447333573,synthetic_turbet2020_based
Kepler-213 c,0.17541793020632318,0.5856358550762057,0.04891900403526412,0.00678050563743158,0.18324670504477525,synthetic_turbet2020_based
Kepler-211 b,0.18104880979728372,0.4984227921947302,0.02955856297199931,0.0012674549202078998,0.28970238011577887,synthetic_turbet2020_based
Kepler-355 b,0.05133202898996733,0.6821812883757858,0.014731744898624029,0.005930274133997359,0.24582466360162536,synthetic_turbet2020_based
Kepler-356 b,0.154401122331503,0.41289383449185574,0.027949655965827283,0.0071573674328725585,0.3975980197779414,synthetic_turbet2020_based
Kepler-355 c,0.18345964817822752,0.5196920402406626,0.04896866118737321,0.008600873496937278,0.23927877689679933,synthetic_turbet2020_based
Kepler-356 c,0.14759526081227817,0.5567702028984525,0.03844441504797994,0.008345739421633181,0.2488443818196563,synthetic_turbet2020_based
Kepler-387 b,0.09549498123298361,0.7971320259628117,0.04634477479018556,0.005369512963086304,0.055658705050932844,synthetic_turbet2020_based
Kepler-388 b,0.15842448736630932,0.6096035578475127,0.04043722208788105,0.008442839834901832,0.1830918928633951,synthetic_turbet2020_based
Kepler-404 b,0.05348338327355638,0.4316528118802597,0.023458696635069082,0.009258522693691148,0.48214658551742373,synthetic_turbet2020_based
Kepler-221 d,0.10974103747150846,0.7550048860807698,0.02849735650527012,0.0035996762828041607,0.10315704365964762,synthetic_turbet2020_based
Kepler-357 b,0.1850967774593743,0.6242683075674711,0.024419371801201652,0.0013996630326503514,0.16481588013930248,synthetic_turbet2020_based
Kepler-358 b,0.06663996986723358,0.45572413105661225,0.024593451616424254,0.006465996601699097,0.4465764508580309,synthetic_turbet2020_based
Kepler-376 c,0.09613851716328949,0.4262110535059201,0.020592349492693354,0.004678134858096492,0.45237994498000045,synthetic_turbet2020_based
Kepler-378 b,0.1988404893008494,0.5571947619003755,0.013567816749897758,0.006230033330265401,0.22416689871861195,synthetic_turbet2020_based
Kepler-389 b,0.18794601089394347,0.7146782795447001,0.043448732367489466,0.009354086164920974,0.044572891028946016,synthetic_turbet2020_based
Kepler-118 b,0.14548152550783072,0.7979690922613996,0.011331262795186033,0.008513557085292061,0.036704562350291514,synthetic_turbet2020_based
Kepler-359 b,0.17855160042833929,0.766680156304786,0.029126778305433962,0.008089803312585402,0.017551661648855355,synthetic_turbet2020_based
Kepler-363 c,0.07926205986817697,0.6412520900712858,0.024345806094538458,0.00636556285595778,0.24877448111004097,synthetic_turbet2020_based
Kepler-379 c,0.15133407607374505,0.5388274666984716,0.01864953197211488,0.003895191179734013,0.2872937340759345,synthetic_turbet2020_based
Kepler-112 c,0.1495935867661164,0.6707496934691242,0.03965267744096396,0.0021388294771543543,0.137865212846641,synthetic_turbet2020_based
Kepler-163 b,0.17277760853816926,0.6752591206163823,0.011220203067625566,0.0040203806449154575,0.13672268713290736,synthetic_turbet2020_based
Kepler-390 b,0.12000668838597157,0.5442469961547259,0.014696675528336525,0.0028661165605450636,0.3181835233704209,synthetic_turbet2020_based
Kepler-52 d,0.10736841847303977,0.11861543227051258,0.02065200470898179,0.04279881062542923,0.7105653339220366,synthetic_turbet2020_based
Kepler-231 b,0.12899562649058005,0.5697991562764424,0.03648651775834196,0.005873595042925048,0.2588451044317105,synthetic_turbet2020_based
Kepler-357 d,0.06972708901334394,0.4890493455296758,0.018900894439624304,0.0063995726135110806,0.4159230984038449,synthetic_turbet2020_based
Kepler-358 c,0.11924365492840198,0.5550340250243415,0.03226556691527152,0.009731042072043016,0.28372571105994204,synthetic_turbet2020_based
Kepler-139 b,0.09712901840838153,0.608078173453407,0.029214800625764627,0.007449787285712604,0.2581282202267343,synthetic_turbet2020_based
Kepler-172 d,0.15954354019743744,0.6916282885652163,0.018060783197549793,0.00504183822725069,0.1257255498125458,synthetic_turbet2020_based
Kepler-237 b,0.17167620365437064,0.5526120682162575,0.049370204691597155,0.004283080676129793,0.22205844276164488,synthetic_turbet2020_based
Kepler-235 c,0.12465002410129525,0.5898102379210188,0.027346552098769704,0.008610682314876595,0.24958250356403966,synthetic_turbet2020_based
Kepler-363 b,0.07329128563220204,0.6270658825655933,0.034744063094216945,0.00866099177262434,0.2562377769353634,synthetic_turbet2020_based
Kepler-272 b,0.14138002398891628,0.7840081391151124,0.04488670849043716,0.004138659535174584,0.025586468870359647,synthetic_turbet2020_based
Kepler-353 c,0.17898596679362522,0.7833911256373823,0.02028788723698345,0.0064918792599796766,0.010843141072029328,synthetic_turbet2020_based
Kepler-359 c,0.09227058685132034,0.659826911632887,0.013745712181880875,0.007607692196821518,0.22654909713709026,synthetic_turbet2020_based
Kepler-173 b,0.11297297428930143,0.6349228714705748,0.011034496100939926,0.007258973096892956,0.23381068504229097,synthetic_turbet2020_based
Kepler-175 c,0.12439870312028653,0.6501004030751368,0.022626718895046964,0.0023123815607927296,0.20056179334873692,synthetic_turbet2020_based
Kepler-141 c,0.11531434129942131,0.7775916485145453,0.019111761066152214,0.007082551108317265,0.08089969801156394,synthetic_turbet2020_based
Kepler-239 c,0.05747653160518121,0.6872399141067713,0.019537487472059724,0.005063653542063993,0.2306824132739238,synthetic_turbet2020_based
Kepler-367 c,0.10516296508921612,0.44513613732694224,0.02382327810047103,0.004151124624638671,0.42172649485873204,synthetic_turbet2020_based
Kepler-143 c,0.12831584585446276,0.788940613175995,0.028800700900425212,0.009229835400693706,0.04471300466842343,synthetic_turbet2020_based
Kepler-360 b,0.11923364878438332,0.4430173203499758,0.019206115811037608,0.004667659084518403,0.4138752559700849,synthetic_turbet2020_based
Kepler-49 e,0.09880531594552772,0.7463317150129967,0.03714582408786205,0.006204776067268061,0.11151236888634541,synthetic_turbet2020_based
Kepler-140 b,0.1236844326855036,0.5589082473156268,0.03448769759328046,0.002121464488999429,0.2807981579165898,synthetic_turbet2020_based
Kepler-392 b,0.07437997823253585,0.52124654135868,0.016847384658442977,0.007093888471223351,0.38043220727911786,synthetic_turbet2020_based
Kepler-122 b,0.053715248210936796,0.46407099666670004,0.046104324379952134,0.009977888333998784,0.4261315424084122,synthetic_turbet2020_based
Kepler-243 c,0.12313857167421398,0.5981480292087034,0.04093595048949753,0.0013257061985851757,0.23645174242900002,synthetic_turbet2020_based
Kepler-374 d,0.11405322228514672,0.43993115272598393,0.026037055306259438,0.009854396570159876,0.4101241731124501,synthetic_turbet2020_based
Kepler-375 b,0.1630449921205042,0.7940183502740872,0.03984194502682407,0.006472990646259296,-0.003378278067674767,synthetic_turbet2020_based
Kepler-116 c,0.16313312493908655,0.6636366691883939,0.028562641196076335,0.0036329170060468907,0.1410346476703963,synthetic_turbet2020_based
Kepler-280 c,0.12802670890015325,0.5033973895605722,0.02946705385768581,0.002315218653289774,0.336793629028299,synthetic_turbet2020_based
TOI-3053 b,0.13480926484550615,0.49811347632484193,0.021744324157662788,0.005491253276041496,0.3398416813959476,synthetic_turbet2020_based
Kepler-133 c,0.07437893795323712,0.7849519534543676,0.027877772615715044,0.00417051306664076,0.1086208229100395,synthetic_turbet2020_based
Kepler-246 c,0.054379490763887144,0.7373017452448932,0.03503335661225537,0.004747646393571676,0.16853776098539253,synthetic_turbet2020_based
Kepler-251 e,0.08682991990077137,0.6980549674701542,0.04781898302966669,0.004427287350868182,0.1628688422485396,synthetic_turbet2020_based
Kepler-326 c,0.0702314102568847,0.443677898909095,0.010254478893355437,0.007695598966945498,0.46814061297371945,synthetic_turbet2020_based
K2-24 b,0.1972093078852506,0.7971271011014274,0.041367890173717024,0.0024596540046643925,-0.038163953165059494,synthetic_turbet2020_based
Kepler-281 b,0.19665641838696823,0.5311253772007805,0.023344784379701746,0.007186032576031951,0.24168738745651763,synthetic_turbet2020_based
Kepler-288 b,0.05735737806116771,0.7303078919630237,0.049891891059509766,0.007975628002809258,0.15446721091348958,synthetic_turbet2020_based
Kepler-393 b,0.1672514736811,0.5561254682266205,0.012636855560626277,0.00813400690810981,0.25585219562354333,synthetic_turbet2020_based
Kepler-394 b,0.13957371303572008,0.7637354756488338,0.014638516006673302,0.003746107567846975,0.07830618774092579,synthetic_turbet2020_based
Kepler-26 e,0.20819684611701594,0.23665594170893828,0.041509806524126204,0.04844081634337681,0.46519658930654273,synthetic_turbet2020_based
Kepler-255 b,0.09431107374862317,0.5974545634256989,0.011158437203251936,0.0032768909029799913,0.293799034719446,synthetic_turbet2020_based
Kepler-344 b,0.10610052621794606,0.6375224826101793,0.02883381974396696,0.004280275537992977,0.22326289588991477,synthetic_turbet2020_based
Kepler-342 b,0.14361169497940124,0.7314462708468001,0.01966724531939157,0.0040858829133437104,0.10118890594106333,synthetic_turbet2020_based
Kepler-291 c,0.155738547453053,0.7111762395034121,0.04301587486938589,0.0028839809700732582,0.08718535720407583,synthetic_turbet2020_based
Kepler-293 c,0.13089004418666236,0.7600044394101138,0.02567801820365967,0.004868947811994002,0.0785585503875702,synthetic_turbet2020_based
Kepler-189 b,0.1977234415851029,0.4452210584130022,0.03822407957846544,0.008651657143368028,0.31017976328006147,synthetic_turbet2020_based
Kepler-191 c,0.07261902749510261,0.6857812944028949,0.028789528880417692,0.008676017962071791,0.20413413125951307,synthetic_turbet2020_based
Kepler-258 c,0.18611784752538596,0.7489939612618294,0.012575405503160511,0.007811697491334769,0.04450108821828935,synthetic_turbet2020_based
Kepler-337 c,0.1882291362478744,0.6485393762683724,0.034035042419139606,0.001405048486582999,0.12779139657803062,synthetic_turbet2020_based
Kepler-298 c,0.1784049533308908,0.41856142433166466,0.022540384255386958,0.009332767587584941,0.37116047049447265,synthetic_turbet2020_based
Kepler-300 b,0.19246177140942683,0.7967602161903691,0.02905609142451545,0.0025968659174290974,-0.02087494494174047,synthetic_turbet2020_based
Kepler-137 b,0.1231916730243626,0.44092517003321974,0.044901444358798795,0.006044835099398544,0.38493687748422023,synthetic_turbet2020_based
Kepler-261 c,0.1106758848750133,0.4318122809923218,0.02620962707266522,0.00879572447551098,0.42250648258448864,synthetic_turbet2020_based
Kepler-265 b,0.15551088987158193,0.43298220700438667,0.016396287989047034,0.004530776416367541,0.3905798387186168,synthetic_turbet2020_based
Kepler-339 b,0.06520626240288781,0.7736164767973084,0.03609168178523504,0.0018534070117355056,0.1232321720028332,synthetic_turbet2020_based
Kepler-325 b,0.16820861935706913,0.5473623714287772,0.019794825782128836,0.00612986447745722,0.2585043189545676,synthetic_turbet2020_based
Kepler-126 b,0.0520058199680812,0.586159064041702,0.043752199723806784,0.009352518363870115,0.30873039790254,synthetic_turbet2020_based
Kepler-380 b,0.10138320566246597,0.6569746352660177,0.019072937534753344,0.006041917638862382,0.21652730389790054,synthetic_turbet2020_based
Kepler-397 c,0.17620831784595672,0.21427130172549058,0.016868884691729237,0.04764930227042974,0.5450021934663938,synthetic_turbet2020_based
Kepler-411 b,0.18303762146109376,0.534767299779536,0.0410665155569977,0.0018595371765897512,0.23926902602578293,synthetic_turbet2020_based
TOI-2095 c,0.3221082726116272,0.15649182592254082,0.015425670747034492,0.037127648716144546,0.46884658200265283,synthetic_turbet2020_based
Kepler-416 d,0.1204710226729084,0.6120558406921777,0.030821191365516837,0.001535031838954176,0.23511691343044283,synthetic_turbet2020_based
TOI-4504 b,0.05770703736390156,0.6404670015792389,0.03495458569421667,0.0014245710086360315,0.2654468043540068,synthetic_turbet2020_based
Kepler-46 c,0.10676589978317268,0.645140511824171,0.03626722623012305,0.008454481833488965,0.2033718803290444,synthetic_turbet2020_based
Kepler-188 b,0.11310984253953214,0.6193031124587876,0.03314241502435269,0.0038084075497028715,0.23063622242762472,synthetic_turbet2020_based
Kepler-362 c,0.05807381036624174,0.40169037048204187,0.043445016644741,0.0028020864027014777,0.49398871610427386,synthetic_turbet2020_based
Kepler-136 c,0.14453819962387035,0.6308189914575679,0.025985323069620758,0.008501439778305704,0.1901560460706352,synthetic_turbet2020_based
Kepler-381 c,0.15476023935400687,0.4090965853756692,0.041067762934267386,0.005562989362015861,0.38951242297404076,synthetic_turbet2020_based
Kepler-398 b,0.10205289336242704,0.6907538626046712,0.03744262518585078,0.003795294140820542,0.16595532470623042,synthetic_turbet2020_based
Kepler-136 b,0.19745583072468226,0.6594833946847014,0.03423118849815575,0.0016289232713359487,0.10720066282112461,synthetic_turbet2020_based
Kepler-272 d,0.09189781705171063,0.5787896009305766,0.035225028172387055,0.0056148726765734005,0.28847268116875235,synthetic_turbet2020_based
Kepler-206 d,0.1644549400207087,0.5050270849871608,0.038086279811299376,0.008349373422020464,0.28408232175881065,synthetic_turbet2020_based
Kepler-141 b,0.16475749633744302,0.7083386338352134,0.045540282290486615,0.0017576068823244057,0.0796059806545325,synthetic_turbet2020_based
Kepler-399 d,0.15457873570611547,0.7874712804465844,0.032946025994981525,0.002955846807859534,0.02204811104445903,synthetic_turbet2020_based
Kepler-400 b,0.19981307086613198,0.4698709171285916,0.023422307894994374,0.00254855969575451,0.30434514441452754,synthetic_turbet2020_based
Kepler-366 b,0.11967693031251025,0.5675504038443834,0.029649635860422914,0.009351850600498868,0.27377117938218465,synthetic_turbet2020_based
Kepler-367 b,0.12174865787513378,0.6058505304854577,0.04546728423673872,0.008359821946133491,0.21857370545653632,synthetic_turbet2020_based
Kepler-135 b,0.08595830468381664,0.4051703820915401,0.03517998368808205,0.00860364841453768,0.4650876811220236,synthetic_turbet2020_based
Kepler-383 b,0.13292751689156002,0.4844707680051381,0.039654203627012274,0.00702585354350143,0.3359216579327883,synthetic_turbet2020_based
Kepler-401 b,0.13475488061128293,0.7453344696083936,0.04136969411756131,0.007011568822805024,0.07152938683995713,synthetic_turbet2020_based
Kepler-402 c,0.14971380035348275,0.66488105371931,0.031006589796662556,0.005175294801794623,0.14922326132875008,synthetic_turbet2020_based
Kepler-351 b,0.15644006892480797,0.6441977925880925,0.029599222492021723,0.0021399521851993746,0.1676229638098784,synthetic_turbet2020_based
Kepler-350 b,0.15528931829797485,0.6583994282311862,0.023689937038940144,0.004206908495935691,0.15841440793596306,synthetic_turbet2020_based
Kepler-369 c,0.08700835762028786,0.7847661025460075,0.044408054514748906,0.006049441264709952,0.07776804405424576,synthetic_turbet2020_based
Kepler-371 b,0.11024797198377714,0.6947301054785693,0.03110912704503989,0.009782659305236027,0.1541301361873777,synthetic_turbet2020_based
Kepler-147 b,0.058268392088323184,0.41371429362139006,0.03274444071893493,0.0028295130042001607,0.49244336056715166,synthetic_turbet2020_based
Kepler-132 d,0.14064562453252888,0.712569211418871,0.015524390447394914,0.004965474017705752,0.1262952995834995,synthetic_turbet2020_based
Kepler-200 c,0.1533000625174033,0.7335454282691886,0.029853763601454295,0.0028553822821541946,0.08044536332979957,synthetic_turbet2020_based
Kepler-215 e,0.13786988833784497,0.5818068274899999,0.040877017080179434,0.006000184577826533,0.2334460825141491,synthetic_turbet2020_based
Kepler-347 c,0.09191342674556463,0.7017571678884753,0.030709880518478387,0.0025979189705049475,0.1730216058769768,synthetic_turbet2020_based
Kepler-202 b,0.1344608484712992,0.7793280239383492,0.03822065043750945,0.0036892302531218108,0.04430124689972037,synthetic_turbet2020_based
Kepler-84 f,0.15663097629392875,0.5130425244008716,0.03170755350165048,0.005739361874087976,0.29287958392946123,synthetic_turbet2020_based
Kepler-310 b,0.08710863183677056,0.5391524799519273,0.04768725819144183,0.003255386827738903,0.3227962431921215,synthetic_turbet2020_based
Kepler-270 c,0.17015405654464788,0.6669482320048561,0.03130516530103058,0.0022376338251864714,0.12935491232427898,synthetic_turbet2020_based
Kepler-24 d,0.08068561290595667,0.4715910494361616,0.0334717703589501,0.009760448770466303,0.4044911185284653,synthetic_turbet2020_based
Kepler-217 c,0.18158588941624926,0.4101007531718309,0.020949064978493862,0.0024153171304331996,0.38494897530299266,synthetic_turbet2020_based
Kepler-220 e,0.3927033525693706,0.14712204691956302,0.018052527401551756,0.03483501174329037,0.4072870613662243,synthetic_turbet2020_based
Kepler-313 c,0.13342798753621798,0.490340593512494,0.03681459458148969,0.0018730649016522024,0.3375437594681462,synthetic_turbet2020_based
Kepler-311 c,0.052905359904633825,0.4329659162825388,0.024594729039030906,0.009775146950873358,0.4797588478229231,synthetic_turbet2020_based
Kepler-282 c,0.1320870498214046,0.7018904412061869,0.022859830089262373,0.007474051589349964,0.13568862729379605,synthetic_turbet2020_based
Kepler-286 e,0.19492717971835366,0.5431043561128214,0.049962377389401,0.006745689559284995,0.2052603972201389,synthetic_turbet2020_based
Kepler-204 b,0.1622887118697086,0.50086689553926,0.03572363076708967,0.005599056263161487,0.2955217055607803,synthetic_turbet2020_based
Kepler-359 d,0.19346039682161542,0.7618700191158062,0.02586690395700309,0.009521827763844103,0.00928085234173115,synthetic_turbet2020_based
Kepler-314 b,0.18272188291250147,0.6361535401476557,0.013284716351581611,0.0024471121659358397,0.16539274842232543,synthetic_turbet2020_based
Kepler-316 b,0.061531136701070036,0.44319724585962444,0.04907809497572311,0.002909505692945371,0.443284016770637,synthetic_turbet2020_based
Kepler-288 d,0.15362818735109945,0.6546113030731079,0.03524579459412015,0.0028603359963642683,0.1536543789853082,synthetic_turbet2020_based
Kepler-149 b,0.13690198915769144,0.6502153398339807,0.032816212665804444,0.002675462205481108,0.17739099613704223,synthetic_turbet2020_based
Kepler-372 b,0.15845908956120636,0.42929726476660446,0.03364800047278488,0.00492633399161182,0.37366931120779256,synthetic_turbet2020_based
Kepler-205 b,0.08754298896996106,0.7229555956104555,0.017035702666887358,0.00939683583908156,0.1630688769136145,synthetic_turbet2020_based
Kepler-361 b,0.1826847542481781,0.5442350188648333,0.022206117234343733,0.0022373801507701192,0.24863672950187476,synthetic_turbet2020_based
Kepler-317 c,0.1874491723900934,0.6510127435293088,0.011271343285736127,0.005598994731054495,0.14466774606380717,synthetic_turbet2020_based
Kepler-319 d,0.06286984217440804,0.6295002739811367,0.030358468732832503,0.0017456144095244982,0.2755258007020982,synthetic_turbet2020_based
Kepler-295 d,0.17237908896751594,0.5049268708665111,0.03165937456666796,0.00675134988967481,0.28428331570963006,synthetic_turbet2020_based
Kepler-308 c,0.194345680036275,0.5975246771519385,0.04669263089151694,0.0041937160721292905,0.15724329584814023,synthetic_turbet2020_based
Kepler-234 b,0.17861558024749924,0.49433049078056673,0.03829919049741671,0.0017975079437949687,0.2869572305307224,synthetic_turbet2020_based
Kepler-378 c,0.1979075535025489,0.7815745599449473,0.02768854554069511,0.0057154169619122825,-0.012886075950103715,synthetic_turbet2020_based
Kepler-321 b,0.13966622934770334,0.5100150238758681,0.03697885740820651,0.007287057519440645,0.3060528318487814,synthetic_turbet2020_based
Kepler-322 b,0.12876147384879136,0.4590962769940871,0.046767437755664006,0.0020354057411105376,0.36333940566034695,synthetic_turbet2020_based
Kepler-397 b,0.14437582530657672,0.4412354386439021,0.015844028365316905,0.001184844826259461,0.3973598628579448,synthetic_turbet2020_based
Kepler-198 b,0.10450461257851394,0.6558330257688152,0.030861768789314882,0.007070852361236372,0.20172974050211956,synthetic_turbet2020_based
Kepler-386 b,0.15125282913064295,0.4560694975976955,0.012293496136868623,0.006628223263912029,0.373755953870881,synthetic_turbet2020_based
Kepler-206 c,0.14798364574628642,0.6226814940566818,0.01983049865296283,0.008296886952840286,0.20120747459122867,synthetic_turbet2020_based
Kepler-173 c,0.06135290232443857,0.6529247157285438,0.014816461435174885,0.006890029447899067,0.26401589106394363,synthetic_turbet2020_based
Kepler-250 b,0.11265886817352448,0.6872412221750686,0.012087688099077388,0.005995746896323312,0.18201647465600634,synthetic_turbet2020_based
Kepler-325 c,0.07173168483201195,0.6729526526441896,0.014798225252467297,0.0016622499065673325,0.23885518736476374,synthetic_turbet2020_based
Kepler-157 c,0.15696841972754189,0.42541277382731296,0.018981232717260644,0.00842261677413105,0.3902149569537535,synthetic_turbet2020_based
Kepler-392 c,0.17145324617123398,0.7416503031123105,0.023043995583548547,0.0057524322587518845,0.058100022874155166,synthetic_turbet2020_based
Kepler-365 c,0.16600210289092282,0.4547942060044322,0.03897563516862873,0.0018773771445518917,0.3383506787914643,synthetic_turbet2020_based
Kepler-243 b,0.1869875912940302,0.6549240730046504,0.029732212507590235,0.005362563292004479,0.12299355990172467,synthetic_turbet2020_based
Kepler-402 e,0.07720430717673657,0.5383669489818615,0.03908494661268597,0.005868492587689497,0.3394753046410264,synthetic_turbet2020_based
Kepler-402 d,0.12939593061503946,0.4780983578182318,0.03761449247814736,0.004528305109552153,0.3503629139790292,synthetic_turbet2020_based
Kepler-147 c,0.07741300076578013,0.7775139006385318,0.030271949874624206,0.00575232982761129,0.10904881889345253,synthetic_turbet2020_based
Kepler-183 c,0.19720578653222093,0.5465624548681974,0.047720827382497985,0.007254328250219321,0.20125660296686443,synthetic_turbet2020_based
Kepler-244 b,0.14496434491172,0.49376732077699226,0.012070226895511604,0.00494005454456625,0.3442580528712098,synthetic_turbet2020_based
Kepler-209 b,0.05152564429935877,0.4284010043081534,0.03381307022777492,0.007520246497657247,0.4787400346670556,synthetic_turbet2020_based
Kepler-127 b,0.07519224978864154,0.6930001650695096,0.04798903306379008,0.007688584726535771,0.17612996735152298,synthetic_turbet2020_based
Kepler-403 c,0.16770728293625495,0.6802850321073488,0.01898949761819005,0.004248009479402525,0.12877017785880374,synthetic_turbet2020_based
Kepler-376 b,0.19239004441547264,0.6644842315880475,0.04156098935736289,0.009718251569602099,0.09184648306951493,synthetic_turbet2020_based
Kepler-331 c,0.08471553807689987,0.5286746669306215,0.03579206611337998,0.001219217264056066,0.3495985116150425,synthetic_turbet2020_based
Kepler-256 e,0.13568286160005588,0.7234753518057996,0.03441773495296501,0.003658539555064998,0.10276551208611451,synthetic_turbet2020_based
Kepler-209 c,0.1586156125004093,0.4584126498719783,0.045790938771140675,0.0019082352793640988,0.33527256357710766,synthetic_turbet2020_based
Kepler-229 d,0.17952367006436526,0.599123771094493,0.027145880139512073,0.0055059558451788825,0.1887007228564509,synthetic_turbet2020_based
Kepler-237 c,0.08003094546393819,0.5830742318235255,0.04398879263594634,0.008208597179969192,0.28469743289662075,synthetic_turbet2020_based
Kepler-383 c,0.0744572801736994,0.6693683912516247,0.044273490598617016,0.008377908297569285,0.2035229296784895,synthetic_turbet2020_based
Kepler-333 c,0.11384486649457723,0.4192371361384464,0.04724677691894997,0.004562966042632558,0.4151082544053939,synthetic_turbet2020_based
Kepler-334 d,0.10414649558845157,0.7038059777915252,0.0205588886196809,0.00851273130850563,0.1629759066918367,synthetic_turbet2020_based
Kepler-156 c,0.06140773412289735,0.6962844802864844,0.04863157961766127,0.009961919171867561,0.18371428680108948,synthetic_turbet2020_based
Kepler-405 c,0.18857065400962497,0.7483049621625238,0.021155208978309206,0.009699835263667876,0.03226933958587408,synthetic_turbet2020_based
Kepler-274 c,0.18918448907215296,0.6137490028100747,0.026083106175747182,0.001983405282023694,0.16899999666000143,synthetic_turbet2020_based
Kepler-315 c,0.27719022334753746,0.24010918970443954,0.02615986332726116,0.026241182425221277,0.4302995411955406,synthetic_turbet2020_based
Kepler-387 c,0.13599670860714558,0.41111363836286474,0.04831463585546996,0.003609151363870385,0.4009658658106494,synthetic_turbet2020_based
Kepler-388 c,0.07113362926533202,0.4021953584538362,0.04427566165542854,0.008768866382197024,0.4736264842432063,synthetic_turbet2020_based
Kepler-337 b,0.06429599067765653,0.46089652115552043,0.02791608925031072,0.0026713375575968404,0.44422006135891545,synthetic_turbet2020_based
Kepler-134 c,0.16037317052551353,0.42321589828228895,0.03198837329543464,0.0044451240860251375,0.3799774338107377,synthetic_turbet2020_based
Kepler-140 c,0.11974197255383774,0.5699028470782408,0.016126367301386148,0.002982533367777061,0.29124627969875816,synthetic_turbet2020_based
Kepler-159 b,0.059721154836564,0.44611423011962853,0.0491157928967566,0.003518081305095268,0.44153074084195565,synthetic_turbet2020_based
Kepler-320 c,0.09605383090093464,0.4508425321728484,0.04020656817987006,0.009317285291685538,0.4035797834546614,synthetic_turbet2020_based
Kepler-292 c,0.1684625805599977,0.6450463317736688,0.04252931662442305,0.0046380720963957265,0.13932369894551466,synthetic_turbet2020_based
Kepler-82 b,0.17892460326210313,0.7194075398552728,0.010068985770252762,0.005390147214257654,0.08620872389811363,synthetic_turbet2020_based
Kepler-122 c,0.08969248641188393,0.4344931665470782,0.043847841709911,0.0010715471587101008,0.43089495817241685,synthetic_turbet2020_based
Kepler-149 c,0.15952452530830408,0.7952768483988745,0.02928079066824943,0.004341164769472912,0.01157667085509917,synthetic_turbet2020_based
Kepler-164 b,0.14087494317120702,0.7218791310590689,0.01961007975101115,0.003256312862381826,0.11437953315633109,synthetic_turbet2020_based
Kepler-320 b,0.14107670211302703,0.7759519283417222,0.021937599030350537,0.004390791969061118,0.05664297854583911,synthetic_turbet2020_based
Kepler-338 e,0.19899999521904344,0.4704888660826063,0.013078726735012163,0.006307797149925455,0.3111246148134126,synthetic_turbet2020_based
Kepler-395 b,0.05364004826324495,0.4721732925099291,0.034888367227618726,0.0069356116062219975,0.4323626803929852,synthetic_turbet2020_based
Kepler-341 d,0.12656378744714297,0.5534992184917533,0.03304790337687393,0.00679047177729915,0.28009861890693055,synthetic_turbet2020_based
Kepler-341 e,0.17052230694374762,0.717100331283939,0.03659203062059791,0.009048093249056192,0.06673723790265929,synthetic_turbet2020_based
Kepler-169 b,0.17570378803931286,0.4532984032871761,0.048267177652939336,0.009025680720861285,0.31370495029971046,synthetic_turbet2020_based
Kepler-169 f,0.19627815385238795,0.1040368837214079,0.0341590378703315,0.02753670307465552,0.6379892214812172,synthetic_turbet2020_based
Kepler-332 c,0.1624349993879198,0.609839905803449,0.01305961741003787,0.003202186782292983,0.2114632906163002,synthetic_turbet2020_based
Kepler-143 b,0.18237856341897946,0.41507587828602005,0.03946678677593148,0.0036274915715628912,0.35945127994750603,synthetic_turbet2020_based
Kepler-299 b,0.11789597045637458,0.6124021727646435,0.020003254292288043,0.006867643986978965,0.24283095849971503,synthetic_turbet2020_based
Kepler-301 c,0.15401633271468146,0.4340237918683101,0.024957083034056825,0.007699395710856625,0.3793033966720949,synthetic_turbet2020_based
Kepler-342 d,0.1582456339761698,0.6178413375620957,0.04110699119472057,0.0019688040373585895,0.1808372332296554,synthetic_turbet2020_based
Kepler-233 c,0.06773169017667952,0.6629957201185379,0.037733354715805155,0.008330741697889634,0.22320849329108772,synthetic_turbet2020_based
Kepler-171 d,0.07715553166598857,0.6067086637724421,0.0364332518854233,0.0030132961644611356,0.27668925651168486,synthetic_turbet2020_based
HD 60779 b,0.12753917983909863,0.6553780097562385,0.01857798045910721,0.0043800706922512735,0.1941247592533044,synthetic_turbet2020_based
Kepler-335 c,0.08245082152035621,0.7611771617714396,0.019471955277199672,0.002087511633872173,0.1348125497971323,synthetic_turbet2020_based
Kepler-332 d,0.05527329672907155,0.41798138896454007,0.017663449398672676,0.006473876601762571,0.5026079883059531,synthetic_turbet2020_based
Kepler-262 b,0.0526474811766684,0.5146975699028589,0.012326675652931973,0.00463292893269251,0.4156953443348482,synthetic_turbet2020_based
Kepler-263 c,0.057286510674478645,0.6430167106483312,0.03753697062076061,0.007582037946793872,0.25457777010963567,synthetic_turbet2020_based
Kepler-191 b,0.08365150979693828,0.7474000647846973,0.03761152669323706,0.0015098519736983836,0.12982704675142898,synthetic_turbet2020_based
Kepler-197 e,0.11611500630521408,0.7071025973489925,0.022435757068809188,0.004434028965165383,0.1499126103118188,synthetic_turbet2020_based
Kepler-200 b,0.14444057409448144,0.42219235204635913,0.048677401620316696,0.002570329095487551,0.38211934314335505,synthetic_turbet2020_based
Kepler-201 b,0.05400079994693905,0.4021291928161681,0.025982174999975828,0.008958280289278399,0.5089295519476386,synthetic_turbet2020_based
Kepler-84 e,0.17296431188268938,0.7648183192998781,0.03135129277315596,0.005038716104876479,0.025827359939400107,synthetic_turbet2020_based
Kepler-265 e,0.10787914641601919,0.4185672303165224,0.046380850252206146,0.0054655848305625475,0.42170718818468966,synthetic_turbet2020_based
Kepler-24 e,0.11826011465772654,0.606066994805647,0.041766180724568024,0.0030202397738430756,0.23088647003821539,synthetic_turbet2020_based
Kepler-441 b,0.812970203698477,0.07396927667686297,0.043982111290327315,0.0010781523861748302,0.06800025594815795,synthetic_turbet2020_based
Kepler-253 c,0.07555933148526982,0.5884187408179022,0.04402161549845914,0.009686051754651856,0.2823142604437169,synthetic_turbet2020_based
Kepler-214 c,0.13923029220191022,0.4848535901692081,0.017383387832985826,0.006754995585876407,0.35177773421001934,synthetic_turbet2020_based
Kepler-170 c,0.08151037205891071,0.6212349695683546,0.04339247716575609,0.00450837683615881,0.24935380437081978,synthetic_turbet2020_based
Kepler-205 c,0.1067708284612894,0.4144561347564295,0.020163383136982196,0.00728372313657347,0.4513259305087255,synthetic_turbet2020_based
CoRoT-22 b,0.10405868676982948,0.4633195669159688,0.014230709350413085,0.0018554804033563805,0.4165355565604323,synthetic_turbet2020_based
Kepler-437 b,0.2977400299353686,0.22252429575870974,0.030740840224083396,0.030013057926365577,0.4189817761554727,synthetic_turbet2020_based
Kepler-192 b,0.07297052790318075,0.6002416899040349,0.012397511064015196,0.009332726127424192,0.30505754500134497,synthetic_turbet2020_based
Kepler-254 b,0.058704133100391034,0.5694120779575674,0.01002284225612689,0.0080753539490492,0.3537855927368654,synthetic_turbet2020_based
Kepler-196 c,0.07492552828034452,0.7699664071286713,0.011759109914422581,0.008387086011079844,0.13496186866548188,synthetic_turbet2020_based
Kepler-101 b,0.14849567192233826,0.4998942875543562,0.018096784369223795,0.0042191014003932015,0.3292941547536886,synthetic_turbet2020_based
Kepler-439 b,0.34852086495260653,0.27239130966709113,0.01701141518097303,0.024137921587373226,0.33793848861195597,synthetic_turbet2020_based
Kepler-256 c,0.08562370758533809,0.4490571390551592,0.03585797550115712,0.004112839209119819,0.4253483386492257,synthetic_turbet2020_based
Kepler-216 c,0.08380760671645013,0.7463991094007906,0.03993271723614266,0.007963850338267082,0.12189671630834953,synthetic_turbet2020_based
Kepler-184 c,0.055879383677492026,0.7660521796924266,0.03298953511896941,0.005534225242160669,0.1395446762689514,synthetic_turbet2020_based
HD 113538 c,0.6031756038083343,0.09078959893906942,0.03175561881944002,0.008426381161064818,0.2658527972720913,synthetic_turbet2020_based
HD 30669 b,0.7966532882214881,0.08170242521597924,0.037717269942312094,0.009288675121022442,0.07463834149919812,synthetic_turbet2020_based
Kepler-217 b,0.08382262795093245,0.4808400418931629,0.03850166247780488,0.005512553205251221,0.3913231144728486,synthetic_turbet2020_based
Kepler-83 d,0.13987417555023052,0.6834169876764908,0.031897127880000105,0.008089241028995766,0.13672246786428277,synthetic_turbet2020_based
Kepler-253 d,0.09783010339037787,0.7435961774398769,0.014307054117024029,0.006706035792650682,0.1375606292600704,synthetic_turbet2020_based
Kepler-424 c,0.3670397522580393,0.15053882558034093,0.02307338699695652,0.022217671139709558,0.43713036402495375,synthetic_turbet2020_based
Kepler-422 b,0.13463955676625508,0.5651487262260595,0.014318371399796095,0.00902158499580814,0.2768717606120812,synthetic_turbet2020_based
Kepler-445 c,0.16140298874760226,0.2068160021977059,0.03379219583749046,0.011630073745901668,0.5863587394712997,synthetic_turbet2020_based
Kepler-446 b,0.0643568491481506,0.7886758841718207,0.036580493605975296,0.0013020865934178423,0.10908468648063574,synthetic_turbet2020_based
Kepler-259 b,0.16912988309794985,0.6034171237109942,0.013007982883139025,0.0071267688824301215,0.20731824142548683,synthetic_turbet2020_based
Kepler-193 b,0.12490277088027028,0.4819679204443693,0.04510809088355278,0.003622418724702288,0.34439879906710535,synthetic_turbet2020_based
Kepler-215 b,0.09268349531799618,0.5091094327169116,0.04069823108356205,0.00735506803342479,0.35015377284810545,synthetic_turbet2020_based
Kepler-192 c,0.18547185282055362,0.4917356878337119,0.04145458382171233,0.006157410188752864,0.2751804653352694,synthetic_turbet2020_based
Kepler-426 b,0.09630194144790019,0.4141816529631003,0.0427579019940444,0.0031696423436202072,0.443588861251335,synthetic_turbet2020_based
Kepler-424 b,0.14476145543223795,0.619547174423925,0.010177981545871356,0.009949092669457864,0.2155642959285078,synthetic_turbet2020_based
Kepler-427 b,0.17214940337001933,0.5945885082546729,0.03721365480969532,0.005289348129316954,0.1907590854362956,synthetic_turbet2020_based
HD 103720 b,0.16168794069180964,0.45373141832755765,0.027854039809361214,0.004019834593655741,0.3527067665776158,synthetic_turbet2020_based
Kepler-434 b,0.11894828652410525,0.5801890611441457,0.015723757991167774,0.009788397136381261,0.2753504972042,synthetic_turbet2020_based
Kepler-221 c,0.05232382141821921,0.4040291779269596,0.024937652741346315,0.0065833871441213585,0.5121259607693536,synthetic_turbet2020_based
Kepler-222 b,0.07694798402223924,0.6132776015616644,0.038910878718539155,0.0018465454813613603,0.26901699021619585,synthetic_turbet2020_based
Kepler-94 c,0.8953267224047801,0.04030305829653649,0.03569661655148996,0.0019964787236791816,0.02667712402351441,synthetic_turbet2020_based
Kepler-48 e,0.8128459166163979,0.08564107123562374,0.014211405693224894,0.0021327683893305966,0.08516883806542286,synthetic_turbet2020_based
Kepler-428 b,0.09215711215808417,0.40477432615013176,0.0494420517734892,0.006385456674573848,0.4472410532437211,synthetic_turbet2020_based
Kepler-425 b,0.14113841749453182,0.7835848678606545,0.043281170172777085,0.008328186378715146,0.023667358093321433,synthetic_turbet2020_based
Kepler-224 c,0.10092535548524385,0.5339453573858582,0.021669518392505874,0.0041202618559868795,0.33933950688040515,synthetic_turbet2020_based
Kepler-407 c,0.7108526284079552,0.022600332008253402,0.02423791450808374,0.0050207233172025485,0.23728840175850507,synthetic_turbet2020_based
Kepler-106 c,0.09640210081199879,0.46613878726301916,0.024936415927139906,0.0053281699589479235,0.40719452603889417,synthetic_turbet2020_based
TYC 1422-614-1 b,0.15810925800006925,0.6844951045898682,0.018107801243332968,0.0013298985565141342,0.13795793761021546,synthetic_turbet2020_based
TYC 1422-614-1 c,0.0955699282710604,0.46285452194358034,0.025831539168627765,0.009814115072373439,0.4059298955443581,synthetic_turbet2020_based
Kepler-445 b,0.07716070563578314,0.5275495773691876,0.03900457265278289,0.005582645045757295,0.350702499296489,synthetic_turbet2020_based
Kepler-446 d,0.05658922153600774,0.4646760072645287,0.04740998219092784,0.0019284849346512564,0.4293963040738845,synthetic_turbet2020_based
Kepler-164 c,0.1452639180814559,0.7169302595363647,0.020617562508996955,0.0075257020282482115,0.10966255784493428,synthetic_turbet2020_based
Kepler-165 b,0.07548427685452705,0.5139001099335162,0.0224728812353683,0.009967914915078015,0.37817481706151046,synthetic_turbet2020_based
OGLE-2005-BLG-071L b,0.6643716885653872,0.021628671817022653,0.047027657499256414,0.002457376244383175,0.2645146058739506,synthetic_turbet2020_based
Kepler-246 b,0.1818919879444108,0.660182651058676,0.03307445992282075,0.007762048403919192,0.11708885267017322,synthetic_turbet2020_based
Kepler-226 c,0.15889984357220754,0.44421047576732553,0.049978644416267565,0.009477007538038557,0.3374340287061608,synthetic_turbet2020_based
Kepler-227 b,0.18448879442928745,0.6489156535769628,0.030911653253292565,0.005826507254935015,0.1298573914855221,synthetic_turbet2020_based
Kepler-113 b,0.05224054163423487,0.5997878007781772,0.034950782706396795,0.006928355878974537,0.30609251900221657,synthetic_turbet2020_based
Kepler-48 d,0.09982091975769695,0.5885129401174198,0.035452424266502976,0.004854749592476636,0.2713589662659036,synthetic_turbet2020_based
Qatar-2 b,0.1943202798475288,0.6821768439408001,0.01005094985003562,0.001209515333340277,0.11224241102829513,synthetic_turbet2020_based
Kepler-117 c,0.1535450305202562,0.5650580390182012,0.04357883796849065,0.0025571386853763586,0.23526095380767575,synthetic_turbet2020_based
Kepler-161 b,0.05207403710784378,0.555232940045485,0.03944256417229796,0.00974554960039812,0.34350490907397524,synthetic_turbet2020_based
Kepler-153 b,0.18254808190265837,0.5936298447748556,0.042512691327854665,0.0016329741208085265,0.17967640787382289,synthetic_turbet2020_based
Kepler-229 c,0.1358408521377325,0.7697193652057881,0.025855405899629598,0.009640905666968042,0.05894347108988163,synthetic_turbet2020_based
Kepler-100 d,0.0831027645093658,0.4422535238133574,0.03099049344326804,0.009165221847831018,0.43448799638617774,synthetic_turbet2020_based
Kepler-98 b,0.09669188281171164,0.720064127759581,0.01676789063521124,0.007710133564008456,0.15876596522948783,synthetic_turbet2020_based
Kepler-117 b,0.13355404120811465,0.47000679015774893,0.03872348997750435,0.007423805021107847,0.3502918736355243,synthetic_turbet2020_based
Kepler-430 b,0.12731528437151607,0.4901870550570699,0.015291755689799862,0.009615295436138104,0.35759060944547605,synthetic_turbet2020_based
Kepler-230 b,0.1483718807388733,0.7236965934293537,0.03787882116200966,0.008465262986730601,0.08158744168303278,synthetic_turbet2020_based
Kepler-166 b,0.07437362296233851,0.5987800898188178,0.03668499082009174,0.0019305090990569618,0.288230787299695,synthetic_turbet2020_based
Kepler-131 b,0.07249354239926126,0.6535930377003787,0.04474823217015281,0.00694374561047438,0.22222144211973294,synthetic_turbet2020_based
Kepler-406 b,0.055430722018411344,0.7881731668361293,0.015580276036249802,0.003093060101972408,0.13772277500723717,synthetic_turbet2020_based
Kepler-249 c,0.1962450922857087,0.70841319866135,0.047463067215140264,0.008259577235272268,0.03961906460252884,synthetic_turbet2020_based
Kepler-162 c,0.14776017125048002,0.5138211995452024,0.023075257667981016,0.00952543965739933,0.30581793187893713,synthetic_turbet2020_based
Kepler-180 c,0.1790938424233467,0.5437961793769306,0.024930696704828153,0.003679249512482963,0.24850003198241155,synthetic_turbet2020_based
Kepler-182 c,0.0989195213937506,0.7442669865155143,0.010420274263593874,0.004924473589985723,0.1414687442371556,synthetic_turbet2020_based
HD 10180 c,0.1914259517791862,0.6170545420731236,0.02801783160575614,0.003811328242296293,0.15969034629963785,synthetic_turbet2020_based
Kepler-82 c,0.06108689447928558,0.48979459121100516,0.01361833639747485,0.0021402948674388543,0.43335988304479556,synthetic_turbet2020_based
Kepler-174 b,0.07452748161894047,0.5208117728337114,0.010440667199821419,0.009551294970339231,0.38466878337718746,synthetic_turbet2020_based
Kepler-176 c,0.06857286390154618,0.5532595489438349,0.04518110238859123,0.00195911173171686,0.33102737303431096,synthetic_turbet2020_based
Kepler-96 b,0.12254063776311813,0.7379134390165584,0.032278504961365605,0.0028930923588048408,0.10437432590015305,synthetic_turbet2020_based
Kepler-48 b,0.1603264297118872,0.6725364251470032,0.024487436261876973,0.0014166564542323764,0.14123305242500028,synthetic_turbet2020_based
HD 10180 d,0.051179703484414085,0.7301571532508687,0.022862294462362744,0.002239929087453142,0.1935609197149013,synthetic_turbet2020_based
HD 10180 e,0.12778268392444733,0.768333318290036,0.010339234580895909,0.0015052918660877304,0.09203947133853296,synthetic_turbet2020_based
Kepler-55 d,0.11255673988776087,0.6703863627020255,0.02904401835068201,0.009077935946188644,0.17893494311334301,synthetic_turbet2020_based
Kepler-187 c,0.05661268333062172,0.5360563478574975,0.024053915575548833,0.004061145033877075,0.3792159082024549,synthetic_turbet2020_based
Kepler-233 b,0.12315288681850861,0.7162308180778443,0.022715304656112694,0.007700348859689824,0.1302006415878446,synthetic_turbet2020_based
Kepler-234 c,0.07196982069186071,0.6242899422535801,0.025003521026621803,0.005852897220660136,0.2728838188072771,synthetic_turbet2020_based
CoRoT-24 b,0.06616246255583742,0.7813851387043634,0.04624856467207112,0.008437566738615662,0.09776626732911231,synthetic_turbet2020_based
HD 10180 h,0.8678348470164156,0.02320190831633375,0.030148870920786636,0.0038611824288087107,0.07495319131765532,synthetic_turbet2020_based
Kepler-440 b,0.8662157823912475,0.027049391424951982,0.018797814205678894,0.007180430107195098,0.08075658187092649,synthetic_turbet2020_based
Kepler-251 c,0.06333494886315023,0.692946870766656,0.020725091532564896,0.0069484182874043265,0.21604467055022458,synthetic_turbet2020_based
Kepler-146 c,0.18095566795409906,0.6438445492939963,0.01850734933144436,0.0014424897298529495,0.1552499436906074,synthetic_turbet2020_based
Kepler-150 d,0.05669209575425988,0.4355247528056032,0.03319271649878864,0.004133960686365861,0.4704564742549824,synthetic_turbet2020_based
CoRoT-24 c,0.08646604660938473,0.4877226231188765,0.047943261276123965,0.0020693491830286698,0.37579871981258617,synthetic_turbet2020_based
Kepler-186 f,0.6914443232317964,0.05243295358172739,0.010017981042970216,0.009288578687281522,0.23681616345622447,synthetic_turbet2020_based
Kepler-252 c,0.06486478861401558,0.672988240274469,0.035154619086499535,0.008281574695942637,0.2187107773290733,synthetic_turbet2020_based
Kepler-213 b,0.14770815958432287,0.7077549668863918,0.026849944351541102,0.00539834045096461,0.1122885887267796,synthetic_turbet2020_based
Kepler-159 c,0.3104986306493258,0.2136853442110102,0.030461542010668793,0.018222336242181975,0.4271321468868132,synthetic_turbet2020_based
Kepler-202 c,0.08871623912095632,0.5433988964237575,0.010371375416940127,0.004756271046222133,0.352757217992124,synthetic_turbet2020_based
HD 35759 b,0.05041527136458693,0.6260061743685348,0.03816115075889396,0.006059337684536138,0.27935806582344824,synthetic_turbet2020_based
Kepler-477 b,0.1540279959807314,0.400005267422483,0.012377678931372382,0.007286161967879999,0.4263028956975332,synthetic_turbet2020_based
HD 67087 c,0.8408700443870312,0.07459314138004551,0.03652048970214206,0.0073664439743040405,0.040649880556477225,synthetic_turbet2020_based
Kepler-6 b,0.16093848886942488,0.6897509993470277,0.039520339107533595,0.0016661773667366276,0.1081239953092773,synthetic_turbet2020_based
HD 220842 b,0.05949073272419371,0.5444479772917756,0.031103868581951827,0.00786357148529555,0.3570938499167833,synthetic_turbet2020_based
HIP 65407 c,0.10020617281865188,0.510046830653454,0.04125793232474118,0.003244031663085955,0.345245032540067,synthetic_turbet2020_based
Kepler-505 b,0.34625241304433907,0.1354267099440077,0.024378940914899075,0.026043024377055614,0.46789891171969844,synthetic_turbet2020_based
CoRoT-29 b,0.09492656709614644,0.4013427655548051,0.019420370312849915,0.004038882029909863,0.48027141500628867,synthetic_turbet2020_based
tau Boo b,0.09704373417899942,0.7142221985908829,0.01189471050145892,0.004500538296897167,0.17233881843176158,synthetic_turbet2020_based
Kepler-412 b,0.05562731833691619,0.7722590264516038,0.04160837748124386,0.009839454393142124,0.12066582333709397,synthetic_turbet2020_based
HD 141399 b,0.18652407975440283,0.5263251088464338,0.03766333649322321,0.003758986787305676,0.24572848811863457,synthetic_turbet2020_based
HD 141399 c,0.18323167818944364,0.5643011479869366,0.025035501676169285,0.0092266186981,0.21820505344935037,synthetic_turbet2020_based
Kepler-754 b,0.17551104314297816,0.7865654213457207,0.012659523422977874,0.0031900499023497396,0.022073962185973572,synthetic_turbet2020_based
Kepler-753 b,0.09512866218005686,0.5697408243819049,0.028925201837941443,0.0036232518526006425,0.3025820597474962,synthetic_turbet2020_based
HAT-P-54 b,0.16856756347175428,0.4892976577940226,0.03786069253196452,0.008665914840328878,0.29560817136192963,synthetic_turbet2020_based
TrES-5 b,0.14055473587393796,0.5416635703571284,0.017515649687866054,0.002209115749633264,0.2980569283314344,synthetic_turbet2020_based
KOI-13 b,0.16162621087235926,0.5876527990334064,0.011852782046694706,0.009854555562483581,0.229013652485056,synthetic_turbet2020_based
WASP-42 b,0.15069547744834852,0.7376730205707909,0.02752754685268046,0.009598947587272224,0.07450500754090794,synthetic_turbet2020_based
Kepler-766 b,0.0799287531386191,0.47405444917552647,0.04561338939081436,0.009025453576051553,0.3913779547189885,synthetic_turbet2020_based
Kepler-771 b,0.12485292282485634,0.4503145421415915,0.022208658328130876,0.0077873710423102096,0.394836505663111,synthetic_turbet2020_based
HD 100546 b,0.853797572400391,0.04128892729703354,0.012449347272674714,0.006991540134155026,0.0854726128957457,synthetic_turbet2020_based
Kepler-76 b,0.16092455621574403,0.569605870345477,0.033323904464714775,0.00988634347771675,0.2262593254963473,synthetic_turbet2020_based
Kepler-765 b,0.08674978990394891,0.6291910775197004,0.0344384165425057,0.005941964764220169,0.2436787512696249,synthetic_turbet2020_based
Kepler-432 b,0.18036943369156938,0.6420030127688466,0.0303156008956516,0.002107135239950558,0.14520481740398183,synthetic_turbet2020_based
Kepler-5 b,0.15548137989401384,0.45284294459788016,0.011062795734568948,0.005396780467571161,0.3752160993059659,synthetic_turbet2020_based
Kepler-7 b,0.13586679082215986,0.799621624549552,0.03849307177821146,0.008637312882048196,0.01738119996802856,synthetic_turbet2020_based
HIP 74890 b,0.1019582058546133,0.603565873031987,0.04897075962647422,0.004756496969284986,0.24074866451764032,synthetic_turbet2020_based
K2-29 b,0.1710935637203576,0.6103956470977985,0.018958474061202563,0.006223767734897946,0.19332854738574334,synthetic_turbet2020_based
Kepler-767 b,0.08270930425554823,0.40121079595029646,0.019435840618933733,0.0027382944911958137,0.4939057646840258,synthetic_turbet2020_based
Kepler-773 b,0.10563817657991507,0.7554387615237153,0.025514122943947032,0.008606688647418922,0.10480225030500379,synthetic_turbet2020_based
Kepler-774 b,0.13334195301973722,0.4030458816890268,0.017549468516128607,0.009381502406872327,0.43668119436823505,synthetic_turbet2020_based
2MASS J02192210-3925225 b,0.7812520338593155,0.09365921727150466,0.022404800812138116,0.007449061404544686,0.09523488665249702,synthetic_turbet2020_based
HD 7924 d,0.165803773984589,0.7902798410945022,0.010727059326758428,0.009570134936109215,0.023619190658041078,synthetic_turbet2020_based
WASP-41 c,0.7174770652812495,0.08541931651703803,0.031788516728843356,0.0060818458873002895,0.15923325558556878,synthetic_turbet2020_based
HAT-P-50 b,0.10390668322796753,0.731389036151279,0.020560542833513336,0.005430172475607458,0.1387135653116326,synthetic_turbet2020_based
HD 133131 A b,0.7680523496302426,0.07682689840847395,0.02886541348166148,0.007122546089555445,0.11913279239006647,synthetic_turbet2020_based
HATS-17 b,0.12279411445219632,0.6637282547834379,0.03696573904832593,0.007384974044763195,0.16912691767127663,synthetic_turbet2020_based
Kepler-772 b,0.17349496907904893,0.6162890243839669,0.01773112655479573,0.007116767574571499,0.18536811240761697,synthetic_turbet2020_based
Kepler-769 b,0.061567712523824286,0.4875820089844736,0.04168630114659197,0.004915631298970594,0.4042483460461396,synthetic_turbet2020_based
Kepler-449 c,0.12470662514768258,0.7949587673934121,0.019406899433956716,0.001175974745823411,0.059751733279125196,synthetic_turbet2020_based
HD 133131 A c,0.6334117828553533,0.03200516736947467,0.039036800975858765,0.007982398287862858,0.2875638505114504,synthetic_turbet2020_based
WASP-92 b,0.13482334310211708,0.5020185594792645,0.03086967578107295,0.001134618003405408,0.33115380363414004,synthetic_turbet2020_based
Kepler-762 b,0.15227014141126946,0.6457190221636672,0.010871861575261743,0.008353104702695163,0.18278587014710646,synthetic_turbet2020_based
Kepler-781 b,0.1645139802743183,0.5232894982273253,0.03541506602529224,0.0064134366711847595,0.27036801880187944,synthetic_turbet2020_based
Kepler-92 d,0.07147704188403055,0.47730372044574637,0.037328245449125184,0.009401964816430079,0.40448902740466786,synthetic_turbet2020_based
Kepler-449 b,0.136442648104813,0.627125258223818,0.035867267788153544,0.00496520470160316,0.19559962118161234,synthetic_turbet2020_based
HD 1461 c,0.058125806525201565,0.5586015386898789,0.04601008840471559,0.008244521203523938,0.32901804517668,synthetic_turbet2020_based
WASP-93 b,0.18911353528655983,0.46113263405296423,0.03023831028155318,0.006262553393316494,0.31325296698560623,synthetic_turbet2020_based
HD 128311 c,0.6629776529978924,0.02808732153420731,0.04128131730571209,0.00704666725346986,0.26060704090871845,synthetic_turbet2020_based
alf Tau b,0.14707813052227403,0.506794983193206,0.030270776969888273,0.0012076295814039506,0.31464847973322774,synthetic_turbet2020_based
Kepler-450 d,0.0694919078900642,0.6073003451043165,0.022386891025276513,0.00969102781206865,0.29112982816827415,synthetic_turbet2020_based
WASP-46 b,0.12072270849005161,0.4334256625427403,0.010713693890212497,0.007527320864629043,0.42761061421236657,synthetic_turbet2020_based
HD 60532 b,0.07572601070754709,0.4751249476020236,0.026952288905626842,0.003376545302381182,0.4188202074824213,synthetic_turbet2020_based
HD 60532 c,0.14248656196192844,0.5942770028895056,0.014458024059089202,0.008062667631185037,0.24071574345829172,synthetic_turbet2020_based
Kepler-41 b,0.11387882816213722,0.6443337278357203,0.01015769330130727,0.006637600300928834,0.2249921503999064,synthetic_turbet2020_based
HIP 107773 b,0.09242747855464017,0.5977482972839975,0.02190882415285159,0.009966346701780187,0.2779490533067306,synthetic_turbet2020_based
HATS-8 b,0.08462634720674353,0.7651438405957027,0.04671866527319668,0.00478900587640931,0.09872214104794774,synthetic_turbet2020_based
LkCa 15 b,0.6912009346570068,0.044293199220891206,0.04957356349567192,0.006569166046038456,0.20836313658039163,synthetic_turbet2020_based
LkCa 15 c,0.7634340713461916,0.013232609320548459,0.04391372121588103,0.001754249102264791,0.17766534901511422,synthetic_turbet2020_based
Qatar-1 b,0.057045855055157205,0.5099432344471968,0.02903154420230073,0.009057600640039607,0.3949217656553057,synthetic_turbet2020_based
HAT-P-66 b,0.1685118198624258,0.4790528578023372,0.02488318113709106,0.008022162381569945,0.31952997881657597,synthetic_turbet2020_based
Kepler-75 b,0.1290638671203646,0.4697967768096317,0.025842208107133335,0.0066334222405873625,0.3686637257222829,synthetic_turbet2020_based
Kepler-453 b,0.39196770244265045,0.2323624109712818,0.010647806489255878,0.03820033106530113,0.3268217490315106,synthetic_turbet2020_based
WASP-89 b,0.08762972111858458,0.744863565685526,0.025355596329045542,0.0027965353397887025,0.13935458152705515,synthetic_turbet2020_based
Kepler-56 d,0.24038415595307036,0.1510395948630011,0.019432859539914023,0.03293047203093972,0.5562129176130748,synthetic_turbet2020_based
Kepler-444 b,0.16510194062763195,0.7339817496639502,0.025906794818815644,0.0016012338723724539,0.07340828101722974,synthetic_turbet2020_based
K2-6 b,0.12259624976983302,0.5735125908113544,0.017879157930121577,0.009065304110297084,0.27694669737839384,synthetic_turbet2020_based
HD 42618 b,0.3922444759062067,0.1103494376066163,0.0418298551942973,0.03582866231766155,0.41974756897521814,synthetic_turbet2020_based
Kepler-444 e,0.08921543872488621,0.6540624473131251,0.01514572766733898,0.0016246585746774755,0.23995172771997209,synthetic_turbet2020_based
K2-15 b,0.1990233612578391,0.654547943383464,0.02012890498132934,0.005050305603133894,0.12124948477423358,synthetic_turbet2020_based
K2-14 b,0.19251322734467607,0.5754900273547239,0.04601778128009377,0.008819282781806156,0.17715968123870007,synthetic_turbet2020_based
K2-17 b,0.1016234474136265,0.678403601630841,0.0364199401513037,0.007940906835578578,0.17561210396865023,synthetic_turbet2020_based
K2-9 b,0.20977874928024565,0.11044729969962655,0.01684156964450044,0.03466214750695037,0.628270233868677,synthetic_turbet2020_based
WASP-36 b,0.16626502803460302,0.7024194538142384,0.03334726340460123,0.0017628233114340324,0.09620543143512317,synthetic_turbet2020_based
Kepler-26 b,0.052593294077871874,0.7128567029288291,0.03197505736759451,0.008044408924583572,0.19453053670112097,synthetic_turbet2020_based
HATS-13 b,0.07441826922190833,0.5629692683084575,0.046766771483118925,0.0025443819212244913,0.31330130906529075,synthetic_turbet2020_based
HATS-14 b,0.05922903557188165,0.6613869535126994,0.033781453624870256,0.0095682745527196,0.23603428273782912,synthetic_turbet2020_based
WASP-90 b,0.1859702631582314,0.6997721560882284,0.010766289515130088,0.005323482715659042,0.09816780852275109,synthetic_turbet2020_based
HD 5583 b,0.18441529048055583,0.5734604352457909,0.04848582878451979,0.006872391825795843,0.18676605366333765,synthetic_turbet2020_based
Kepler-26 c,0.06641856913141912,0.6037088300746735,0.03782468542580591,0.0015883207501565862,0.290459594617945,synthetic_turbet2020_based
Kepler-447 b,0.10169742981061512,0.6868324252215945,0.016282854492281364,0.004135059084434704,0.1910522313910743,synthetic_turbet2020_based
HD 130322 b,0.15348654837008513,0.7102163607456455,0.03074047175301682,0.00961171774930009,0.09594490138195233,synthetic_turbet2020_based
Kepler-296 d,0.18879962881984952,0.589374821563114,0.016410976404452896,0.007956384074955627,0.19745818913762803,synthetic_turbet2020_based
Pr0211 c,0.6729418726179432,0.08585391789991945,0.033485773646203934,0.00454683705757972,0.20317159877835356,synthetic_turbet2020_based
BD+15 2375 b,0.13345750378738164,0.6131235073831709,0.04698931383599671,0.0029292674478540656,0.20350040754559673,synthetic_turbet2020_based
Kepler-60 d,0.18922376788275147,0.41253641658394224,0.040768131261323066,0.009277013176404086,0.3481946710955791,synthetic_turbet2020_based
HD 1666 b,0.10910782864797944,0.42922687479810695,0.0421867012597484,0.008585783701225615,0.41089281159293956,synthetic_turbet2020_based
HD 67087 b,0.10043860819826803,0.6074373142743625,0.042378762720405985,0.002728386795251076,0.24701692801171238,synthetic_turbet2020_based
Kepler-296 e,0.288692726917381,0.18612613190316382,0.01697663009017054,0.043257608290038385,0.4649469027992462,synthetic_turbet2020_based
Kepler-872 b,0.09870212482998902,0.7737704462620065,0.03275735479279208,0.005630589832462646,0.08913948428274965,synthetic_turbet2020_based
Kepler-871 b,0.11349589163290387,0.5602683559425222,0.04271865099348416,0.007097507645375135,0.2764195937857147,synthetic_turbet2020_based
Kepler-603 c,0.1660535196685134,0.5684336638444835,0.020457488988109417,0.0017817869667536377,0.24327354053214,synthetic_turbet2020_based
Kepler-908 b,0.16649839849760673,0.5661105722070817,0.03036894368386732,0.005224089116773409,0.2317979964946708,synthetic_turbet2020_based
Kepler-499 b,0.11467067845538603,0.67355983082714,0.034349364630344346,0.00974848418779875,0.16767164189933093,synthetic_turbet2020_based
Kepler-801 b,0.07083558614738475,0.6294077252930868,0.01252960653609256,0.0082712657683738,0.27895581625506216,synthetic_turbet2020_based
Kepler-799 b,0.142446699987664,0.5713515263970153,0.042089426185757846,0.0050950234764242045,0.23901732395313868,synthetic_turbet2020_based
Kepler-870 b,0.08416791429701709,0.5890003044441348,0.012833271865493568,0.00908074998675449,0.30491775940660015,synthetic_turbet2020_based
Kepler-869 b,0.15964375621016919,0.7041263144860112,0.044979732160737695,0.008124153299335753,0.08312604384374611,synthetic_turbet2020_based
Kepler-907 b,0.11477788853801599,0.44745456061017985,0.02493459119923811,0.0094067624294175,0.40342619722314854,synthetic_turbet2020_based
Kepler-912 b,0.19236357368470697,0.7071483462095183,0.0181772233228555,0.002750048726177446,0.07956080805674182,synthetic_turbet2020_based
Kepler-797 b,0.18196572663210808,0.4567663692044499,0.03336549909329957,0.00440426514051161,0.32349813992963083,synthetic_turbet2020_based
Kepler-867 b,0.190603302388353,0.23547640513539608,0.048382763066077514,0.041105349529611944,0.4844321798805614,synthetic_turbet2020_based
Kepler-868 b,0.12292438896523311,0.5762846032808866,0.04630656753289548,0.006202963886263786,0.24828147633472097,synthetic_turbet2020_based
Kepler-866 b,0.12449585345992929,0.6731343478125693,0.019486152685181057,0.0015736193881739171,0.18131002665414642,synthetic_turbet2020_based
Kepler-913 b,0.17826671607280165,0.6429046802797828,0.016595084049002753,0.003682431338506725,0.15855108825990605,synthetic_turbet2020_based
Kepler-910 b,0.19849002688842965,0.6537694529854621,0.0354444856386849,0.0016494729688784984,0.1106465615185449,synthetic_turbet2020_based
Kepler-847 b,0.1953487601365898,0.7571131558234883,0.03191129769052882,0.003784500248057862,0.011842286101335309,synthetic_turbet2020_based
Kepler-846 b,0.15470828425791378,0.7333497577887477,0.04144485639293014,0.00979342634843091,0.06070367521197739,synthetic_turbet2020_based
Kepler-795 b,0.1455283098000414,0.5284901726235461,0.029917104522741343,0.008346854511555549,0.28771755854211556,synthetic_turbet2020_based
Kepler-794 b,0.08980138808230662,0.49256330197759657,0.038993383213058834,0.004999846838638697,0.37364207988839926,synthetic_turbet2020_based
Kepler-865 b,0.17248555927845843,0.45747343446359556,0.02342785852597627,0.003412899159310911,0.34320024857265885,synthetic_turbet2020_based
Kepler-909 b,0.15468022220994104,0.7037316853306599,0.028240107835462255,0.005302264387590421,0.1080457202363464,synthetic_turbet2020_based
Kepler-916 b,0.06980478241836943,0.680731237525221,0.0496927053439699,0.008001296567486285,0.19176997814495345,synthetic_turbet2020_based
Kepler-845 b,0.08346684847814423,0.6492490958376943,0.02179827242657012,0.0012715889762465466,0.24421419428134483,synthetic_turbet2020_based
Kepler-844 b,0.07697342834837503,0.44103742890553654,0.017837302142727766,0.00816043979304103,0.45599140081031964,synthetic_turbet2020_based
Kepler-792 b,0.09392482010456477,0.7028159803780448,0.047954502193710835,0.006168458035609972,0.14913623928806963,synthetic_turbet2020_based
Kepler-791 b,0.1228113413015082,0.7000508702361056,0.013883605595723601,0.004853908787363966,0.1584002740792988,synthetic_turbet2020_based
Kepler-862 b,0.12482368923980912,0.7324205241593511,0.04256870640925198,0.008634388238649832,0.09155269195293803,synthetic_turbet2020_based
Kepler-861 b,0.1546809391801553,0.6122223228739351,0.04311517285373529,0.008859541737297427,0.18112202335487693,synthetic_turbet2020_based
Kepler-930 b,0.12207268889882207,0.7942647631555086,0.04499272499916715,0.005594226988792672,0.03307559595770948,synthetic_turbet2020_based
Kepler-842 b,0.06039313930206596,0.48979682034875854,0.041055943175051395,0.002000388312988163,0.40675370886113593,synthetic_turbet2020_based
Kepler-841 b,0.12047000994788949,0.641940876841891,0.04513387313482061,0.00862402476604132,0.18383121530935753,synthetic_turbet2020_based
Kepler-790 b,0.16464168815895994,0.5630776970444796,0.015689970173691885,0.007026843786020631,0.24956380083684793,synthetic_turbet2020_based
Kepler-788 b,0.07719329337327091,0.6245257933634464,0.04922712729853378,0.005952787982265472,0.2431009979824834,synthetic_turbet2020_based
Kepler-860 b,0.14683353008906713,0.6710301887664696,0.0432155343070202,0.00491482610296344,0.1340059207344797,synthetic_turbet2020_based
Kepler-924 b,0.12462648515787467,0.470388805569836,0.03458719550950008,0.0036618220569195033,0.36673569170586984,synthetic_turbet2020_based
Kepler-923 b,0.12614371233330496,0.7066228774039591,0.010702796187279465,0.006075239739259359,0.15045537433619716,synthetic_turbet2020_based
Kepler-838 b,0.07601675259660347,0.5117533359135416,0.011388531203479917,0.00252516484167312,0.39831621544470197,synthetic_turbet2020_based
Kepler-837 b,0.1979944089930728,0.7994091044797248,0.0387939167955859,0.006506711692940743,-0.04270414196132433,synthetic_turbet2020_based
Kepler-787 b,0.16655104296488976,0.7586217088740648,0.030772202382616326,0.001317555994759311,0.04273748978366976,synthetic_turbet2020_based
Kepler-465 b,0.15640937308700792,0.793841000828969,0.020322118238878452,0.0051711900891499,0.024256317755994794,synthetic_turbet2020_based
Kepler-856 b,0.10419116015769218,0.5561869976919454,0.038855999755014275,0.004405639507804451,0.2963602028875437,synthetic_turbet2020_based
Kepler-890 b,0.19116261881880903,0.7158633815054242,0.011105881003507805,0.008366939938303524,0.07350117873395545,synthetic_turbet2020_based
Kepler-927 b,0.1659286133657988,0.6065974913524934,0.029872695869856546,0.00851974213120258,0.18908145728064873,synthetic_turbet2020_based
Kepler-926 b,0.11371779337445526,0.4637849373173194,0.022515953313961307,0.0033868216302174042,0.3965944943640467,synthetic_turbet2020_based
Kepler-892 b,0.15215885444771754,0.47154934001633814,0.03579089745731228,0.005193702525373857,0.3353072055532582,synthetic_turbet2020_based
Kepler-933 b,0.17594913941176732,0.5939994972869872,0.04719215738277532,0.00910422215097029,0.17375498376749998,synthetic_turbet2020_based
Kepler-826 b,0.07779313686560343,0.6744665409407535,0.01858498996483101,0.00840973875607412,0.22074559347273792,synthetic_turbet2020_based
Kepler-830 b,0.1453584731804854,0.5176470777126605,0.019964945135340258,0.004866198895408871,0.312163305076105,synthetic_turbet2020_based
Kepler-829 b,0.17010844571916967,0.7184646436157807,0.011335049022197419,0.0037205849392381012,0.09637127670361412,synthetic_turbet2020_based
Kepler-895 b,0.11342764452045766,0.6342328053776973,0.01598108035258796,0.004017547184760323,0.2323409225644968,synthetic_turbet2020_based
Kepler-743 b,0.18283955308519384,0.5906190053654599,0.03976572904173758,0.00536300655846706,0.1814127059491416,synthetic_turbet2020_based
Kepler-823 b,0.11974738646006955,0.6487702100334016,0.0203745804875847,0.00324821889375625,0.2078596041251879,synthetic_turbet2020_based
Kepler-487 c,0.19840307823374137,0.747596803727689,0.039510195857985785,0.0022343008514997993,0.012255621329084088,synthetic_turbet2020_based
Kepler-898 b,0.054533706677715,0.47016500167883724,0.0475092385803008,0.008346607932240891,0.4194454451309062,synthetic_turbet2020_based
Kepler-899 b,0.12846140187328647,0.7875122365473509,0.01586328411609204,0.006032353960054333,0.062130723503216245,synthetic_turbet2020_based
Kepler-747 b,0.07748331895980648,0.5225714419217224,0.04760540075852902,0.008814506648938153,0.34352533171100386,synthetic_turbet2020_based
Kepler-821 b,0.06526981784458792,0.4998175222243754,0.03378029878328202,0.0015521750860674195,0.3995801860616872,synthetic_turbet2020_based
Kepler-498 b,0.13251269710271563,0.6337965743176043,0.02163868725321838,0.003638106821126111,0.20841393450533563,synthetic_turbet2020_based
Kepler-887 b,0.08436189031551063,0.7742705480784171,0.025554845627963098,0.006267421568025014,0.1095452944100841,synthetic_turbet2020_based
Kepler-901 b,0.09523618613802719,0.6810656017659618,0.014057650842345702,0.001644773887851976,0.20799578736581337,synthetic_turbet2020_based
Kepler-900 b,0.16164256408728295,0.69066718332614,0.02060005344562649,0.004195420414522196,0.1228947787264284,synthetic_turbet2020_based
Kepler-751 b,0.19358907519992335,0.44173211799812573,0.01732588266186684,0.0048703452847591,0.34248257885532496,synthetic_turbet2020_based
Kepler-755 b,0.09231483590832879,0.6596034194528828,0.037624068917867376,0.005737492755010857,0.2047201829659101,synthetic_turbet2020_based
Kepler-820 b,0.1416795952104155,0.573368332808138,0.04041549014900664,0.0013788864806164277,0.2431576953518234,synthetic_turbet2020_based
Kepler-817 b,0.09693370049838214,0.6737720165579577,0.0231858043150153,0.001706817523986545,0.2044016611046584,synthetic_turbet2020_based
Kepler-886 b,0.1017520142700163,0.6845979087154653,0.01487939461013271,0.007521682277904892,0.19124900012648083,synthetic_turbet2020_based
Kepler-885 b,0.16631835745363638,0.6541202977690797,0.019769361942325772,0.008247658214755553,0.1515443246202025,synthetic_turbet2020_based
Kepler-904 b,0.08216637526676981,0.7623283808685403,0.038265827965683286,0.0014924793398235375,0.11574693655918311,synthetic_turbet2020_based
Kepler-905 b,0.16989306779924945,0.602573416143963,0.028105955852522055,0.004784600734286382,0.194642959469979,synthetic_turbet2020_based
Kepler-756 b,0.14099450996613755,0.6898314003131845,0.04583906462898243,0.0034565033165250276,0.11987852177517044,synthetic_turbet2020_based
Kepler-757 b,0.14461644093656356,0.674537044587252,0.036991885591475704,0.00543700583004673,0.138417623054662,synthetic_turbet2020_based
Kepler-815 b,0.10865338223055518,0.7049515268268367,0.022000392161632056,0.0028724784615841883,0.16152222031939178,synthetic_turbet2020_based
Kepler-852 b,0.1318743790640186,0.5070443430648708,0.01132932651058156,0.0014641816904407488,0.34828776967008823,synthetic_turbet2020_based
Kepler-883 b,0.1542515789580312,0.7892583383968292,0.028187535345043,0.0023235501302626077,0.025978997169833873,synthetic_turbet2020_based
Kepler-509 b,0.172712481579403,0.504574358789488,0.04982505846415523,0.006069377492443542,0.2668187236745103,synthetic_turbet2020_based
Kepler-466 c,0.0848948822840151,0.5984019078097376,0.023415250873185946,0.008015247861642531,0.28527271117141884,synthetic_turbet2020_based
Kepler-502 b,0.06587238287120838,0.7428010868130194,0.04069347577056539,0.008752274235113388,0.14188078031009355,synthetic_turbet2020_based
Kepler-758 b,0.18424906190624973,0.4919111291772325,0.03084023228914483,0.008649299981497396,0.28435027664587553,synthetic_turbet2020_based
Kepler-813 b,0.10660819581741673,0.424163030718253,0.021665374261540662,0.003177282803273298,0.4443861163995162,synthetic_turbet2020_based
Kepler-811 b,0.1805093928033657,0.5855385397636593,0.03734176949785253,0.009659072347224271,0.18695122558789812,synthetic_turbet2020_based
Kepler-882 b,0.09487817785778058,0.7044798230109584,0.010910564860748857,0.0019370455778037537,0.1877943886927086,synthetic_turbet2020_based
Kepler-880 b,0.07427976350049172,0.5249673347490034,0.026119488605175135,0.00529314301659029,0.3693402701287395,synthetic_turbet2020_based
Kepler-474 b,0.08679970194250963,0.4264861278440544,0.03710092367360973,0.0012129521818083802,0.44840029435801787,synthetic_turbet2020_based
Kepler-760 b,0.17142059522880876,0.7716619300604806,0.038414756546385376,0.006363644655473488,0.012139073508851794,synthetic_turbet2020_based
Kepler-810 b,0.14855277939929495,0.6608888186470377,0.04726820544266002,0.009678752840745708,0.13361144367026156,synthetic_turbet2020_based
Kepler-809 b,0.11400674628623328,0.6468316704593673,0.042112282149366895,0.0010093434145492376,0.1960399576904832,synthetic_turbet2020_based
Kepler-877 b,0.12905238752415737,0.6611505359270791,0.03868821798950327,0.004319104684566531,0.16678975387469375,synthetic_turbet2020_based
Kepler-750 c,0.09434666309173884,0.47285702662716345,0.03231262196210738,0.009273730890269095,0.3912099574287212,synthetic_turbet2020_based
Kepler-255 d,0.18439672260860723,0.543986370863077,0.020314205597528105,0.008099144404036994,0.24320355652675074,synthetic_turbet2020_based
Kepler-775 b,0.15874700273662826,0.602135932454997,0.025561210381554303,0.002114181133706575,0.21144167329311392,synthetic_turbet2020_based
Kepler-500 b,0.16777078836383552,0.646985777432679,0.02507526718952067,0.009269091784601197,0.15089907522936352,synthetic_turbet2020_based
Kepler-808 b,0.14895090596177935,0.7716955467374985,0.02897649841358576,0.00509156041657537,0.04528548847056102,synthetic_turbet2020_based
Kepler-875 b,0.19058589354711197,0.7839165712974133,0.04843069275515545,0.008370076545166987,-0.031303234144847814,synthetic_turbet2020_based
Kepler-732 c,0.1193609217236508,0.4841197177076235,0.02533763525111313,0.009444677423660099,0.36173704789395256,synthetic_turbet2020_based
Kepler-777 b,0.10453314426204499,0.702686970729415,0.04692017404364432,0.009733529465932866,0.13612618149896283,synthetic_turbet2020_based
Kepler-779 b,0.19215112203130347,0.6220230390889104,0.029675202986034814,0.009888764578911878,0.14626187131483948,synthetic_turbet2020_based
Kepler-804 b,0.08272688068704603,0.4750121046739051,0.0485272919098334,0.007202753396417527,0.38653096933279796,synthetic_turbet2020_based
Kepler-803 b,0.13044560146972367,0.4528199171365223,0.030529609960653167,0.009497990381693997,0.3767068810514069,synthetic_turbet2020_based
Kepler-1049 b,0.14043369850230075,0.561851448975814,0.03204412005860514,0.00897530578316006,0.25669542668012013,synthetic_turbet2020_based
Kepler-969 b,0.18692729917029915,0.5600352662611582,0.03432244009737288,0.003512823514145477,0.21520217095702432,synthetic_turbet2020_based
Kepler-1137 b,0.11766279442377149,0.4879530547132572,0.031258890474623005,0.0062041612146819585,0.3569210991736663,synthetic_turbet2020_based
Kepler-975 b,0.10067551041961598,0.5088473202554593,0.016041024265258077,0.002255892995855438,0.3721802520638111,synthetic_turbet2020_based
Kepler-995 b,0.15671916735711766,0.48865520142908137,0.01471908084426242,0.0099898452078786,0.32991670516165994,synthetic_turbet2020_based
Kepler-1054 b,0.08898747528335857,0.7584193261712528,0.034367438150076694,0.007435631501261336,0.11079012889405049,synthetic_turbet2020_based
Kepler-1033 b,0.13413783672494534,0.4723244780239876,0.04388206285810411,0.00845175489838106,0.34120386749458187,synthetic_turbet2020_based
Kepler-1040 b,0.20490563960508026,0.25277013928229275,0.031721610333777114,0.04636196562240259,0.46424064515644725,synthetic_turbet2020_based
Kepler-1138 b,0.1704236556955952,0.41639830792081234,0.04517103888765033,0.00971709776180641,0.3582898997341357,synthetic_turbet2020_based
Kepler-1139 b,0.16132343039376557,0.44796541233882725,0.04229503559348481,0.006827401383612273,0.34158872029031007,synthetic_turbet2020_based
Kepler-1060 b,0.10082394762829705,0.7536122204770668,0.03262266753812691,0.008676351379174621,0.10426481297733459,synthetic_turbet2020_based
Kepler-1003 b,0.15051706228763645,0.5154064414819713,0.049000747834441465,0.006139049931456027,0.27893669846449476,synthetic_turbet2020_based
Kepler-1055 b,0.12751328627396885,0.561403851301302,0.015453768123107494,0.007175915920325455,0.28845317838129625,synthetic_turbet2020_based
Kepler-998 b,0.11461987970087212,0.7738450041422569,0.048603886744755936,0.00790876769814956,0.05502246171396552,synthetic_turbet2020_based
Kepler-1017 b,0.08637421455538029,0.6863918723215865,0.01081687003860222,0.008437604525275536,0.20797943855915546,synthetic_turbet2020_based
Kepler-974 b,0.12404278506357938,0.7746958599540746,0.025110401653038603,0.003368562440354599,0.07278239088895289,synthetic_turbet2020_based
Kepler-1045 b,0.19925845081340593,0.6122711486048301,0.044527301696417526,0.00919951447618908,0.13474358440915735,synthetic_turbet2020_based
Kepler-980 b,0.12777030691721353,0.5822855702076751,0.032115438190894005,0.008629655525932728,0.24919902915828462,synthetic_turbet2020_based
Kepler-991 b,0.3893980694802399,0.16566442187394323,0.03954521528479387,0.02141497909159838,0.3839773142694246,synthetic_turbet2020_based
Kepler-1072 b,0.14164295619972583,0.7219158352873083,0.04545945298645174,0.005038445658513221,0.08594330986800092,synthetic_turbet2020_based
Kepler-490 b,0.10546335238488375,0.5013806448043552,0.015336686816727504,0.004284258117793067,0.3735350578762404,synthetic_turbet2020_based
Kepler-1018 b,0.1807966707121771,0.5675238064842554,0.02269172663244888,0.007652190201277734,0.22133560596984092,synthetic_turbet2020_based
Kepler-1004 b,0.08233767074389081,0.502514720995073,0.047436345933532104,0.0017343072335549506,0.3659769550939491,synthetic_turbet2020_based
Kepler-997 b,0.11219467703651351,0.6307004769579218,0.019210428624584226,0.0035291123581124777,0.234365305022868,synthetic_turbet2020_based
Kepler-1151 b,0.08327680471229967,0.5380742288242567,0.045940230203137936,0.004884286119144986,0.3278244501411607,synthetic_turbet2020_based
Kepler-1064 b,0.11267435247851477,0.5546323520697558,0.048564629077502974,0.002055694925978341,0.28207297144824806,synthetic_turbet2020_based
Kepler-971 b,0.180781313140905,0.5308644270911902,0.04826046366821414,0.0038370452161929297,0.23625675088349773,synthetic_turbet2020_based
Kepler-1051 b,0.062431154488448076,0.6080167537410064,0.019114623172396414,0.007776908339260384,0.30266056025888877,synthetic_turbet2020_based
Kepler-1007 b,0.14859584274919319,0.6745876631689507,0.017739579544425465,0.007377672383966265,0.15169924215346442,synthetic_turbet2020_based
Kepler-968 b,0.09669965404705061,0.7994696112240285,0.039270706522960254,0.006313703566676616,0.05824632463928403,synthetic_turbet2020_based
Kepler-1145 b,0.18006766688233222,0.6357246798877709,0.03210999467102134,0.0031358404252484163,0.14896181813362708,synthetic_turbet2020_based
Kepler-1147 b,0.15171679929881376,0.5498577712997846,0.011723305112485214,0.00834455616732962,0.27835756812158674,synthetic_turbet2020_based
Kepler-1029 b,0.05778097499731128,0.6689200491362104,0.01626883565939661,0.004893125649137775,0.2521370145579439,synthetic_turbet2020_based
Kepler-996 b,0.17886374878200811,0.4377678196456587,0.03668602714210484,0.006513568682374768,0.3401688357478536,synthetic_turbet2020_based
Kepler-966 b,0.18012946195344393,0.4690939485296267,0.0419915001854322,0.0050510907706719545,0.30373399856082517,synthetic_turbet2020_based
Kepler-1047 b,0.11429658687398683,0.54471374033595,0.025422965847836716,0.0056796366378270265,0.30988707030439944,synthetic_turbet2020_based
Kepler-1149 b,0.06601997343851987,0.5700263479491832,0.03607924860238092,0.0054837311809448315,0.3223906988289713,synthetic_turbet2020_based
Kepler-1148 b,0.07487442032744343,0.5452206807166529,0.02771846697703719,0.007019873331696714,0.34516655864716983,synthetic_turbet2020_based
Kepler-1057 b,0.1851149483806247,0.6201502050351274,0.037054725124694564,0.00169470662895464,0.1559854148305987,synthetic_turbet2020_based
Kepler-1059 b,0.19317005440213897,0.5260834761422092,0.02417166998751686,0.003005585025773614,0.25356921444236136,synthetic_turbet2020_based
Kepler-965 b,0.06270051076483238,0.7160187160567405,0.019619603268246914,0.003544189618107818,0.19811698029207236,synthetic_turbet2020_based
Kepler-999 b,0.0772694414909409,0.7899541121195521,0.041241391891168176,0.009369096849826307,0.08216595764851242,synthetic_turbet2020_based
Kepler-1112 b,0.1792585050580266,0.7625187198181047,0.029161362073967724,0.0025348729362139047,0.026526540113687047,synthetic_turbet2020_based
Kepler-952 b,0.09903205015363167,0.5169806067926814,0.038685353504054255,0.001231054176766082,0.3440709353728666,synthetic_turbet2020_based
Kepler-479 b,0.07130633223769657,0.6731540481019445,0.014937694152017657,0.001434626656933602,0.23916729885140775,synthetic_turbet2020_based
Kepler-934 b,0.06638227469167864,0.6762696612172385,0.015573010376188003,0.002316739250228333,0.23945831446466648,synthetic_turbet2020_based
Kepler-977 b,0.0845450295138649,0.7003642816786091,0.01801411649043104,0.0013183785705178648,0.1957581937465771,synthetic_turbet2020_based
Kepler-1021 b,0.18587950333639108,0.7505273697163691,0.017392760035858896,0.0033880833079610946,0.04281228360341982,synthetic_turbet2020_based
Kepler-979 b,0.07828363571654615,0.687813815584692,0.020000355367569285,0.00938304781640652,0.204519145514786,synthetic_turbet2020_based
Kepler-982 b,0.17414615365753536,0.6353604510278693,0.010357528988548527,0.00895302465775,0.17118284166829667,synthetic_turbet2020_based
Kepler-936 b,0.15916424697988313,0.7151629586164026,0.012873008182879642,0.007377041531966881,0.10542274468886792,synthetic_turbet2020_based
Kepler-938 b,0.17068842104362159,0.782654142462822,0.033218818911297424,0.005572376667993445,0.007866240914265576,synthetic_turbet2020_based
Kepler-1006 b,0.11380951849728678,0.6805150723858575,0.04683285218858455,0.006397795438444322,0.15244476148982677,synthetic_turbet2020_based
Kepler-1009 b,0.08409254622625098,0.40702958012367074,0.0347645247307011,0.008781380992171475,0.46533196792720566,synthetic_turbet2020_based
Kepler-976 b,0.11979258327202283,0.17951424179226919,0.04760187704323612,0.03006707983427221,0.6230242180581997,synthetic_turbet2020_based
Kepler-1052 b,0.08309873446828897,0.5414625647075394,0.02632558264779225,0.002055605629751129,0.3470575125466282,synthetic_turbet2020_based
Kepler-1120 b,0.1491188365772617,0.6368657316369906,0.035908915114623095,0.006497124118121692,0.171609392553003,synthetic_turbet2020_based
Kepler-1123 b,0.052500810243250956,0.46978513982652786,0.016622880077834423,0.001881563376681905,0.45920960647570486,synthetic_turbet2020_based
Kepler-940 b,0.16032136597974148,0.4480548857913967,0.03672776293801377,0.002605512786883079,0.35229047250396506,synthetic_turbet2020_based
Kepler-1035 b,0.06774652673718895,0.4650120194464318,0.030336138261520804,0.0068093425887198016,0.43009597296613866,synthetic_turbet2020_based
Kepler-1027 b,0.17178872900864553,0.45142488218585225,0.03464746989543321,0.007964556394701226,0.3341743625153678,synthetic_turbet2020_based
Kepler-986 b,0.09686077572618267,0.4318862317469751,0.016237838522660555,0.0018240278280441107,0.45319112617613755,synthetic_turbet2020_based
Kepler-1011 b,0.18308178965340172,0.5506806673440938,0.03093394420543144,0.007918193366238831,0.2273854054308343,synthetic_turbet2020_based
Kepler-1068 b,0.10572476331810858,0.6596410618510451,0.01306719412873751,0.005328150828117405,0.21623882987399146,synthetic_turbet2020_based
Kepler-917 b,0.06447784492554615,0.49931365627209123,0.021733633103818747,0.0074582542349825205,0.4070166114635615,synthetic_turbet2020_based
Kepler-918 b,0.1511156279433881,0.6988320355724263,0.012470201889493406,0.009945227909557423,0.12763690668513472,synthetic_turbet2020_based
Kepler-978 b,0.058163004306465343,0.7302991165756616,0.039610757339221425,0.006325856114426379,0.16560126566422517,synthetic_turbet2020_based
Kepler-1002 b,0.11582857477174809,0.7028529413080731,0.039594312130753845,0.002234605019408241,0.13948956677001678,synthetic_turbet2020_based
Kepler-493 b,0.16889487094413055,0.4314227989739861,0.030021845685141393,0.006805736439104749,0.36285474795763717,synthetic_turbet2020_based
Kepler-1128 b,0.17325332860628417,0.5852440872372215,0.019474323102605808,0.005415936539109459,0.21661232451477908,synthetic_turbet2020_based
Kepler-920 b,0.08753121656556803,0.6114901525824594,0.028500327324260714,0.008024540353753551,0.2644537631739583,synthetic_turbet2020_based
Kepler-919 b,0.08601351701637935,0.47999407367613584,0.028967413582678396,0.001454539286717656,0.40357045643808875,synthetic_turbet2020_based
Kepler-921 b,0.08440109426532588,0.5414819656750768,0.029505188502436414,0.0034249304010282766,0.34118682115613264,synthetic_turbet2020_based
Kepler-1015 b,0.13409547420626097,0.7513658665780687,0.031749098454304084,0.0035815556956278866,0.07920800506573833,synthetic_turbet2020_based
Kepler-1005 b,0.05929714580034724,0.4546665218993295,0.03244869474188763,0.007153379542939419,0.4464342580154963,synthetic_turbet2020_based
Kepler-972 b,0.05745019153311059,0.4742199318853927,0.022763250827062823,0.0038779579799245218,0.4416886677745093,synthetic_turbet2020_based
Kepler-1130 b,0.1937610521266942,0.48150823917696906,0.012500813979164357,0.004177133463810872,0.30805276125336145,synthetic_turbet2020_based
Kepler-1131 b,0.07016629565445193,0.45063278605431567,0.026298026444685138,0.0037575202532495384,0.4491453715932978,synthetic_turbet2020_based
Kepler-1025 b,0.06375901642330394,0.6417213717709798,0.030067990640814002,0.0016938970205617485,0.2627577241443405,synthetic_turbet2020_based
Kepler-497 b,0.1794116711021217,0.5138852232849331,0.048455231397887176,0.00938384769300693,0.24886402652205108,synthetic_turbet2020_based
Kepler-994 b,0.11511449393281292,0.491426776175334,0.0433941085012089,0.004251572574602022,0.345813048816042,synthetic_turbet2020_based
Kepler-1132 b,0.07453260420069474,0.6206430863275765,0.029576097708050628,0.008650160909325608,0.2665980508543526,synthetic_turbet2020_based
Kepler-1069 b,0.15939220697589984,0.7504557947347015,0.03938811649549498,0.006779574645830174,0.043984307148073554,synthetic_turbet2020_based
Kepler-1034 b,0.12502657284155194,0.795021315798579,0.04836659296000689,0.008639676833821747,0.022945841566040404,synthetic_turbet2020_based
Kepler-944 b,0.1662978820678292,0.6310238200474049,0.02039013442104827,0.008878951243791684,0.1734092122199259,synthetic_turbet2020_based
Kepler-942 b,0.05162242023184366,0.4909759867175733,0.026149297803378796,0.006275414397106649,0.42497688085009755,synthetic_turbet2020_based
Kepler-946 b,0.1341318980540534,0.4703263305541139,0.014191927992541271,0.0030009603482675173,0.378348883051024,synthetic_turbet2020_based
HD 50554 c,0.10230631833447255,0.4056214751680345,0.037698232821994235,0.0032295469216374233,0.45114442675386124,synthetic_turbet2020_based
Kepler-992 b,0.10271066548225437,0.5339606762335598,0.030473192035140872,0.0087381974988515,0.3241172687501934,synthetic_turbet2020_based
Kepler-1134 b,0.07240849302583119,0.536290845292508,0.03768115230927134,0.001398082719523931,0.3522214266528655,synthetic_turbet2020_based
Kepler-1135 b,0.1744967952743336,0.7847300561989706,0.03430548810327964,0.009608575339276493,-0.0031409149158603267,synthetic_turbet2020_based
Kepler-951 b,0.22391854882952433,0.18300634613102737,0.014249956376537498,0.011417877399990789,0.56740727126292,synthetic_turbet2020_based
Kepler-967 b,0.08667564772018009,0.5912514628404592,0.030307295634515563,0.0029581784356729,0.2888074153691722,synthetic_turbet2020_based
Kepler-1013 b,0.14192085119921416,0.4724823499353552,0.023048445610764006,0.0027613856367039473,0.3597869676179627,synthetic_turbet2020_based
Kepler-1233 b,0.15449953999852065,0.6066290032889248,0.03944404396290462,0.0015152335263248474,0.19791217922332516,synthetic_turbet2020_based
Kepler-1234 b,0.11380431203527122,0.7867834315925682,0.012144780588254545,0.00476540820726366,0.08250206757664236,synthetic_turbet2020_based
Kepler-523 b,0.05605973282834309,0.45866132838832,0.02850105806292206,0.0024176205791564733,0.4543602601412584,synthetic_turbet2020_based
Gl 725 B c,0.755626627489153,0.09304585144930627,0.01801630232789707,0.00196467858740978,0.13134654014623393,synthetic_turbet2020_based
Kepler-1180 b,0.17379148429744282,0.5841079389655022,0.04530444395376552,0.0037551096519884853,0.193041023131301,synthetic_turbet2020_based
Kepler-1181 b,0.14412980077806348,0.7693254217206658,0.016867831977916237,0.00820655703374863,0.061470388489605954,synthetic_turbet2020_based
Kepler-1189 b,0.14472751247676913,0.7251786978508215,0.016827733798124328,0.0049067782330331116,0.10835927764125208,synthetic_turbet2020_based
Kepler-1236 b,0.06932558427154291,0.7840328431941459,0.012507668918405379,0.0015893505819494947,0.1325445530339563,synthetic_turbet2020_based
Kepler-1235 b,0.18472342882725534,0.5203048592550701,0.033880801313886,0.003587279760165761,0.2575036308436228,synthetic_turbet2020_based
Kepler-518 b,0.14731375634412974,0.4769877477080109,0.028354778322058773,0.005801429573023551,0.341542288052777,synthetic_turbet2020_based
Kepler-1276 b,0.10004643354306951,0.5006802445075809,0.015608266706848672,0.00735529902677128,0.3763097562157297,synthetic_turbet2020_based
Kepler-1277 b,0.07524240739916349,0.5168505564752579,0.023476350584660695,0.005089301172817032,0.37934138436810083,synthetic_turbet2020_based
Kepler-1182 b,0.15538530493251007,0.5711780538614822,0.04484374485741934,0.007118070819581661,0.22147482552900655,synthetic_turbet2020_based
Kepler-549 b,0.175773007419527,0.6865415845323763,0.015945271993483986,0.009801345716776811,0.11193879033783594,synthetic_turbet2020_based
Kepler-1237 b,0.16798793986525484,0.629088707453605,0.01660923762952505,0.0025541258372107703,0.18375998921440428,synthetic_turbet2020_based
Kepler-1279 b,0.14214967622902125,0.5664788532008046,0.03703438002060583,0.004351849524097324,0.24998524102547104,synthetic_turbet2020_based
Kepler-1280 b,0.12692677571848926,0.4751832151855848,0.016208045771753065,0.0016808028732864155,0.3800011604508864,synthetic_turbet2020_based
Kepler-1076 b,0.17294589573478286,0.6221545006318645,0.047885641596266494,0.007745376532233953,0.1492685855048521,synthetic_turbet2020_based
Kepler-1077 b,0.1653144740374241,0.6036233736788063,0.04261815746102603,0.009478571007824354,0.1789654238149193,synthetic_turbet2020_based
Kepler-1193 b,0.15826103785031567,0.44223557635480054,0.03604079437014025,0.0020838989101698274,0.36137869251457366,synthetic_turbet2020_based
Kepler-1194 b,0.06158336336280018,0.6771601620463752,0.043391417276961546,0.0024295734165642995,0.21543548389729883,synthetic_turbet2020_based
Kepler-1238 b,0.06112229119490671,0.7546091576768176,0.015288373479634756,0.0013157748436936345,0.16766440280494732,synthetic_turbet2020_based
Kepler-1282 b,0.15815815531497335,0.7390862216381372,0.03057893365856905,0.0058593271968440915,0.06631736219147633,synthetic_turbet2020_based
Kepler-1078 b,0.1005290769091068,0.49538527954649303,0.04020928280702345,0.008643559673089385,0.35523280106428734,synthetic_turbet2020_based
Kepler-1079 b,0.09818671372477952,0.5095276739502606,0.020711668781802004,0.0014553587622012053,0.3701185847809568,synthetic_turbet2020_based
Kepler-1242 b,0.09216125372605716,0.410260366787602,0.041536304898734916,0.0033033414612786403,0.4527387331263273,synthetic_turbet2020_based
Kepler-1243 b,0.15352327840270458,0.6172753542162225,0.043498545199087954,0.009643408548013196,0.17605941363397182,synthetic_turbet2020_based
Kepler-1081 b,0.10509374211937476,0.43533632795585486,0.03998583057543691,0.0011917209357926505,0.4183923784135408,synthetic_turbet2020_based
Kepler-1199 b,0.08344450017293695,0.4213002673892554,0.04592593486479262,0.0010476737353141505,0.448281623837701,synthetic_turbet2020_based
Kepler-1202 b,0.1239113247522848,0.5695996508635921,0.03610978658192558,0.0036076967971232486,0.2667715410050743,synthetic_turbet2020_based
Kepler-519 b,0.18105431007041878,0.6937382966325574,0.027291777039689318,0.004222236245612873,0.09369338001172167,synthetic_turbet2020_based
Kepler-1284 b,0.1723832371246377,0.7028241194143083,0.0259600023209619,0.0040723467634911446,0.09476029437660105,synthetic_turbet2020_based
Kepler-1083 b,0.055833198449381324,0.43268289817605826,0.012156738222169387,0.0012197393771322413,0.4981074257752588,synthetic_turbet2020_based
Kepler-1203 b,0.07293085732111715,0.7428567270722299,0.04192637243023461,0.008610164630453776,0.13367587854596463,synthetic_turbet2020_based
Kepler-1204 b,0.1435700542138208,0.649625240496268,0.014957269862120665,0.007290688182781482,0.18455674724500903,synthetic_turbet2020_based
Kepler-1246 b,0.09200396163057095,0.6077013319144805,0.0481889041520343,0.008835538548865846,0.24327026375404848,synthetic_turbet2020_based
Kepler-1289 b,0.08497902609436883,0.6946602462801175,0.014163629998368444,0.0012406823716962934,0.20495641525544905,synthetic_turbet2020_based
Kepler-1087 b,0.054226141217279034,0.46809859368720497,0.03779793608375172,0.0042697530411221684,0.43560757597064215,synthetic_turbet2020_based
Kepler-1086 b,0.05239136584500377,0.7952090525507368,0.031335136129279725,0.004544921936001858,0.11651952353897777,synthetic_turbet2020_based
Kepler-1088 b,0.1278274842573247,0.60798836394342,0.028809463083719747,0.0065165401401847374,0.2288581485753507,synthetic_turbet2020_based
Kepler-1206 b,0.182843992980246,0.5206854768308347,0.029478744913838492,0.0010327959657709183,0.26595898930930995,synthetic_turbet2020_based
Kepler-1205 b,0.1789721421977304,0.5223615555652465,0.020851875933134756,0.009977834522899312,0.26783659178098895,synthetic_turbet2020_based
Kepler-1249 b,0.1376589408117782,0.44921729845639613,0.02062099879574284,0.004179039294396803,0.388323722641686,synthetic_turbet2020_based
Kepler-1250 b,0.19790900718059812,0.5722486711659432,0.019205359531712363,0.006127578706715355,0.204509383415031,synthetic_turbet2020_based
Kepler-1293 b,0.11071394870855157,0.4219841552567482,0.044436784498173024,0.0011411877455497353,0.42172392379097745,synthetic_turbet2020_based
Kepler-513 b,0.18477254536182153,0.716743481440721,0.013032928405696444,0.007512499700317486,0.07793854509144349,synthetic_turbet2020_based
Kepler-1092 b,0.16564125232089785,0.6409228293714738,0.03310683200624493,0.0014471832362317667,0.1588819030651516,synthetic_turbet2020_based
Kepler-1209 b,0.058924455773417386,0.6909154599342788,0.014222607156756394,0.003176596906358298,0.23276088022918906,synthetic_turbet2020_based
Kepler-1252 b,0.12482548907350383,0.46566546944507264,0.04159358242200103,0.008266402214011799,0.3596490568454107,synthetic_turbet2020_based
Kepler-1253 b,0.1763214816891338,0.419827248309882,0.027114926449344975,0.008622259054429024,0.36811408449721017,synthetic_turbet2020_based
Kepler-1156 b,0.10448290854600485,0.678328151329209,0.033569836167600384,0.004124877550364608,0.17949422640682122,synthetic_turbet2020_based
Kepler-1155 b,0.09146072436356356,0.6610972368397627,0.01534496548011588,0.00874110267178983,0.22335597064476798,synthetic_turbet2020_based
Kepler-1093 b,0.13646651616210553,0.4446014020503357,0.03814110580773455,0.004880012948941772,0.37591096303088245,synthetic_turbet2020_based
Kepler-1094 b,0.08061221230447636,0.7844277171699465,0.03878591140057702,0.006336942609951966,0.08983721651504806,synthetic_turbet2020_based
Kepler-1213 b,0.17733007715890425,0.6175479159528611,0.027658824493316157,0.002705021738746375,0.1747581606561721,synthetic_turbet2020_based
Kepler-1255 b,0.07300856376772681,0.5727877265487393,0.028238983161100635,0.007599812547076546,0.3183649139753567,synthetic_turbet2020_based
Kepler-1256 b,0.11631275150553147,0.6372636802261672,0.043300740963049845,0.009940012259594878,0.1931828150456567,synthetic_turbet2020_based
Kepler-1160 b,0.09837879727269239,0.7607817854913476,0.042242034874143956,0.001612060212875978,0.09698532214894018,synthetic_turbet2020_based
Kepler-1158 b,0.10012383962808369,0.48761718393375336,0.03657537089691992,0.005997692225959195,0.3696859133152839,synthetic_turbet2020_based
Kepler-1097 b,0.2484553157768661,0.2527127527615155,0.02333234783247934,0.025310091822130627,0.4501894918070085,synthetic_turbet2020_based
Kepler-1095 b,0.1798450922338174,0.7888834037040027,0.04105429363071329,0.0029536387729950367,-0.012736428341528327,synthetic_turbet2020_based
Kepler-1217 b,0.06689774482457711,0.48368205910632084,0.02691045460091586,0.0031302732497287445,0.4193794682184574,synthetic_turbet2020_based
Kepler-1216 b,0.18515617221080177,0.6682891607069761,0.026669169791320564,0.0034643055957540476,0.11642119169514753,synthetic_turbet2020_based
Kepler-1257 b,0.10709915077114467,0.5904202381466921,0.038552894087029145,0.0018040740240599102,0.26212364297107427,synthetic_turbet2020_based
Kepler-1260 b,0.1773249409683419,0.451024012452072,0.020498003278897517,0.009942309061953255,0.3412107342387354,synthetic_turbet2020_based
Kepler-1163 b,0.07853129510663767,0.4404568751145383,0.035536212076751936,0.0045381617186610245,0.44093745598341105,synthetic_turbet2020_based
Kepler-1100 b,0.06377531514027632,0.40149697133961804,0.013166463055259113,0.0057046202089471604,0.5158566302558993,synthetic_turbet2020_based
Kepler-1098 b,0.08463394176964134,0.71102085372758,0.04430034532286972,0.002303497159437649,0.1577413620204713,synthetic_turbet2020_based
Kepler-1261 b,0.10055298061017054,0.458629650187279,0.021467708143277888,0.003152839768755142,0.4161968212905174,synthetic_turbet2020_based
Kepler-1166 b,0.168029735140578,0.5381918712056265,0.029822591949767052,0.007065055949256834,0.25689074575477155,synthetic_turbet2020_based
Kepler-1167 b,0.17333849737282803,0.5204836361289807,0.018368826708160764,0.009806080363802809,0.27800295942622766,synthetic_turbet2020_based
Kepler-1103 b,0.09802213169712455,0.6684272396723503,0.03711364162711217,0.005626265010395869,0.19081072199301707,synthetic_turbet2020_based
Kepler-1221 b,0.08426711682268356,0.4565829683816705,0.02948064579657725,0.005598365830402394,0.42407090316866625,synthetic_turbet2020_based
Kepler-522 b,0.16600501351621966,0.6839333775808774,0.046481651153434674,0.009737745056988684,0.09384221269247961,synthetic_turbet2020_based
Kepler-1264 b,0.1591776989299311,0.4306044995321014,0.026204732368684105,0.006479221328566147,0.3775338478407172,synthetic_turbet2020_based
Kepler-1169 b,0.13852926071749366,0.47257751433223927,0.03331778917803486,0.004147124570932997,0.35142831120129914,synthetic_turbet2020_based
Kepler-1168 b,0.1008390267265574,0.7336028021204946,0.0268773263467288,0.005746563586580074,0.13293428121963913,synthetic_turbet2020_based
Kepler-1106 b,0.13443092915517182,0.6251987119406466,0.018524860551334885,0.006395080268341065,0.2154504180845057,synthetic_turbet2020_based
Kepler-1226 b,0.10019354134161795,0.6620081178384678,0.015827903958629083,0.009947040351703025,0.21202339650958213,synthetic_turbet2020_based
Kepler-1266 b,0.16580649371800937,0.566900573393723,0.022054074034571318,0.0044902183133606124,0.24074864054033573,synthetic_turbet2020_based
Kepler-1268 b,0.15818124091608127,0.662163119833826,0.0380837004800235,0.009000992759063853,0.13257094601100539,synthetic_turbet2020_based
Kepler-1171 b,0.11844428394656141,0.6678084593790659,0.027660318198394734,0.006742882703078889,0.17934405577289914,synthetic_turbet2020_based
Kepler-1172 b,0.12122354554444209,0.7106654509351573,0.010210404931349322,0.0029413986021080366,0.15495919998694319,synthetic_turbet2020_based
Kepler-1109 b,0.09446564377448669,0.7781578025004465,0.030281848518676713,0.004279166919983271,0.09281553828640687,synthetic_turbet2020_based
Kepler-1110 b,0.11064681734205079,0.5807289133730146,0.04471321560455884,0.009661022791121243,0.25425003088925446,synthetic_turbet2020_based
Kepler-1229 b,0.8532493919220692,0.08574910870770537,0.01796060443821845,0.003418102645860298,0.039622792286146735,synthetic_turbet2020_based
Kepler-436 c,0.13940737708371487,0.6624549653765244,0.018108214937843252,0.007716536854718657,0.17231290574719893,synthetic_turbet2020_based
Kepler-1270 b,0.07999453293793803,0.5052042586357657,0.022271821519264427,0.008613922748412856,0.383915464158619,synthetic_turbet2020_based
Kepler-804 c,0.15981258453063252,0.6122741742896726,0.04278997192539581,0.008316354226023313,0.17680691502827584,synthetic_turbet2020_based
Kepler-1230 b,0.10847496439230853,0.7125749149949681,0.0182497108800663,0.005529059649599584,0.1551713500830575,synthetic_turbet2020_based
Kepler-1271 b,0.06773625955830057,0.5707177942365033,0.030814630790687622,0.0017192652212446326,0.32901205019326396,synthetic_turbet2020_based
Kepler-1273 b,0.1193919142597625,0.6606682171840532,0.034563529389789516,0.0014891849910195131,0.18388715417537527,synthetic_turbet2020_based
Kepler-1177 b,0.06430095288623017,0.5405424983820565,0.04370742891664423,0.008827804478506264,0.3426213153365628,synthetic_turbet2020_based
Kepler-1179 b,0.0964419304561889,0.6875568340965825,0.033095623694065726,0.009850800328834893,0.173054811424328,synthetic_turbet2020_based
Kepler-1152 b,0.06419658684345377,0.619152296896102,0.03370150595485016,0.0037690171385600453,0.27918059316703414,synthetic_turbet2020_based
Kepler-1186 b,0.05704298712372062,0.42084181427513045,0.028144722168025528,0.007232264104995273,0.4867382123281282,synthetic_turbet2020_based
Kepler-535 b,0.15502636787046914,0.4723879398887297,0.044318885640231453,0.004394461833727705,0.323872344766842,synthetic_turbet2020_based
Kepler-1411 b,0.19465518529586268,0.44726385377025474,0.04345818794541927,0.00917504337920903,0.30544772960925437,synthetic_turbet2020_based
Kepler-1413 b,0.17340132892155974,0.7235364564798736,0.0244524006161978,0.007420087960488758,0.07118972602188012,synthetic_turbet2020_based
Kepler-1317 b,0.13690198490169508,0.5697916525724874,0.049724467842147194,0.0036140924633060794,0.23996780222036407,synthetic_turbet2020_based
Kepler-1318 b,0.7239432066563353,0.09125749336043057,0.021560331163850966,0.0023741302791568403,0.16086483854022637,synthetic_turbet2020_based
Kepler-1362 b,0.6929999249008455,0.0783380509391612,0.044394160388090645,0.00203000488860125,0.18223785888330135,synthetic_turbet2020_based
Kepler-536 b,0.143256902161224,0.6269147622378972,0.036751911420534605,0.007039507340141164,0.18603691684020307,synthetic_turbet2020_based
Kepler-1415 b,0.19392012053997926,0.5386116833706958,0.021990676869431153,0.006231027572396427,0.23924649164749745,synthetic_turbet2020_based
Kepler-1320 b,0.11441276888579927,0.5895017089250314,0.012771079740179712,0.002334179592582337,0.2809802628564074,synthetic_turbet2020_based
Kepler-1321 b,0.1903062404889293,0.42731658066804873,0.033605823707224834,0.007791175261161013,0.340980179874636,synthetic_turbet2020_based
Kepler-1366 b,0.05177952926612413,0.48909925917335395,0.025082881233975472,0.005561357023618017,0.42847697330292833,synthetic_turbet2020_based
Kepler-903 c,0.10123929421334907,0.65959970325962,0.019055900690028507,0.001229346427861171,0.21887575540914117,synthetic_turbet2020_based
Kepler-758 e,0.05023565762273813,0.5382048047798538,0.02446651196776989,0.009537437056478897,0.3775555885731594,synthetic_turbet2020_based
Kepler-1417 b,0.056717106878035446,0.6120260240540725,0.033112532570553854,0.007293475107079477,0.29085086139025873,synthetic_turbet2020_based
Kepler-1322 b,0.1458101900210991,0.4032557974895772,0.03527430693636047,0.0039014914572975895,0.4117582140956657,synthetic_turbet2020_based
Kepler-525 b,0.1659303442021703,0.47534615445427963,0.038648226079087175,0.00662945800320155,0.3134458172612614,synthetic_turbet2020_based
Kepler-722 c,0.14784363279912127,0.4703790748350217,0.03676696005329849,0.007632805677777235,0.33737752663478127,synthetic_turbet2020_based
Kepler-1422 b,0.12341153918567085,0.5361462731950182,0.016662193971527035,0.003609644725996665,0.3201703489217873,synthetic_turbet2020_based
Kepler-1327 b,0.16457425436787815,0.5637602898185023,0.0381085296797303,0.007660821924986382,0.22589610420890283,synthetic_turbet2020_based
Kepler-1368 b,0.15112553361864345,0.6694153694731795,0.034432328173042065,0.005665797808423422,0.1393609709267115,synthetic_turbet2020_based
Kepler-769 c,0.07967250303054046,0.7371213547687401,0.048570566899503814,0.005198356590401497,0.12943721871081415,synthetic_turbet2020_based
Kepler-770 c,0.18998581338269838,0.7991978150893134,0.029447836503432828,0.007519198363749713,-0.026150663339194358,synthetic_turbet2020_based
Kepler-1430 b,0.1465685507375784,0.4949059264002989,0.011883577750172751,0.005080197800570112,0.3415617473113798,synthetic_turbet2020_based
Kepler-1431 b,0.16808074960944086,0.5300538650758788,0.041377548847727375,0.006893215137666601,0.25359462132928634,synthetic_turbet2020_based
Kepler-1328 b,0.15433120277263812,0.5142963553509561,0.028801895313721876,0.0026353342002269544,0.2999352123624569,synthetic_turbet2020_based
Kepler-1329 b,0.08698707921195897,0.43594001723696607,0.015070936251848322,0.002894621313662529,0.45910734598556413,synthetic_turbet2020_based
Kepler-527 b,0.13703513170637555,0.576484447819056,0.02067758050262248,0.008750012022079203,0.25705282794986684,synthetic_turbet2020_based
Kepler-1371 b,0.12877215370129794,0.7692437894543175,0.03539859849110271,0.0011420883687584499,0.06544336998452349,synthetic_turbet2020_based
Kepler-770 d,0.18702135365235428,0.7429853342723306,0.03541084891123597,0.005812962001577362,0.028769501162501876,synthetic_turbet2020_based
Kepler-896 b,0.23587782199557553,0.19643496915336633,0.04076882563369399,0.030525664094347434,0.49639271912301675,synthetic_turbet2020_based
Kepler-1427 b,0.0764037048053661,0.4232710268691971,0.015047451051460499,0.0032629699795364755,0.4820148472944398,synthetic_turbet2020_based
Kepler-1332 b,0.105160118215956,0.7569664048700835,0.01956348928798672,0.0038763870220228135,0.11443360060395091,synthetic_turbet2020_based
Kepler-1330 b,0.08345218092901609,0.6182967274824533,0.034683467851779476,0.005789147787074447,0.25777847594967673,synthetic_turbet2020_based
Kepler-1373 b,0.19277849768254107,0.7981512070616498,0.043495839592222536,0.00824766530401272,-0.04267320964042609,synthetic_turbet2020_based
Kepler-1374 b,0.1049079165124413,0.6319134024647994,0.024058896757955407,0.008059202615563654,0.23106058164924015,synthetic_turbet2020_based
Kepler-1311 c,0.0757746708637754,0.48666868571785726,0.011547762834812354,0.006480457060041932,0.41952842352351294,synthetic_turbet2020_based
Kepler-1428 b,0.1532807388183436,0.40134491449255155,0.030431430559770024,0.004391870846407965,0.41055104528292685,synthetic_turbet2020_based
Kepler-1429 b,0.16885711727281516,0.4155562983994574,0.011942627552723142,0.00658188188853292,0.3970620748864714,synthetic_turbet2020_based
Kepler-1335 b,0.13874582818696463,0.7324360091992042,0.033690675566294445,0.009544337457323512,0.08558314959021318,synthetic_turbet2020_based
Kepler-528 b,0.09715769633516333,0.5591685625619202,0.04910698666011667,0.001967718190346003,0.29259903625245376,synthetic_turbet2020_based
Kepler-1321 c,0.16938572797944196,0.40462748586417613,0.02946052997613409,0.0023806210363180704,0.39414563514392975,synthetic_turbet2020_based
Kepler-1433 b,0.13982925555920978,0.7192679878831313,0.011321692094027492,0.0024739545393257074,0.12710710992430574,synthetic_turbet2020_based
Kepler-1337 b,0.10139155717428538,0.5023195863422696,0.025328795592250205,0.009566814698357066,0.36139324619283775,synthetic_turbet2020_based
Kepler-1339 b,0.06518091911603607,0.5693128434663088,0.028283654864303315,0.003523078466462465,0.3336995040868893,synthetic_turbet2020_based
Kepler-1377 b,0.09177598365313547,0.6859008646997282,0.03471375370603931,0.00831548817759838,0.17929390976349857,synthetic_turbet2020_based
Kepler-1378 b,0.11076098337170784,0.6426844107918692,0.04574352562730338,0.00866195624544747,0.19214912396367212,synthetic_turbet2020_based
Kepler-1370 c,0.18800350887499384,0.50759000901129,0.04941684738128481,0.00834750923924275,0.24664212549318854,synthetic_turbet2020_based
Kepler-1295 b,0.1692211709061955,0.6670314403834637,0.04933071893488262,0.004974069052418324,0.1094426007230398,synthetic_turbet2020_based
Kepler-1296 b,0.1612308957143616,0.6795245151954086,0.03928355625788262,0.007763183327523311,0.11219784950482392,synthetic_turbet2020_based
Kepler-1341 b,0.657226767336364,0.04141463227321621,0.0256901598330362,0.00773199832581966,0.267936442231564,synthetic_turbet2020_based
Kepler-529 b,0.15743719635789566,0.7333464820942878,0.041540766315613445,0.006364304914504698,0.06131125031769846,synthetic_turbet2020_based
Kepler-1380 b,0.07099227297311639,0.654182103692946,0.045482371345499165,0.006788569270507582,0.22255468271793089,synthetic_turbet2020_based
Kepler-1391 b,0.18434396428666128,0.7996212072547598,0.024368089320941318,0.007509607249130659,-0.015842868111493047,synthetic_turbet2020_based
Kepler-1392 b,0.13099379489007582,0.5819887202832663,0.019594683147698445,0.0032132313639633794,0.26420957031499614,synthetic_turbet2020_based
Kepler-1297 b,0.07774584301399566,0.6525934025995765,0.015682123865724124,0.004882478228353457,0.24909615229235027,synthetic_turbet2020_based
Kepler-1343 b,0.12849998589082912,0.575293790875588,0.04419718053895667,0.004988524238144743,0.24702051845648143,synthetic_turbet2020_based
Kepler-1344 b,0.0624248139446454,0.7968798164690589,0.04379934364240851,0.006940391368653999,0.08995563457523315,synthetic_turbet2020_based
Kepler-1383 b,0.16344854312129115,0.45127627990193764,0.04063659176412699,0.0028697404754088563,0.34176884473723534,synthetic_turbet2020_based
Kepler-1381 b,0.12334641943609638,0.47119311572971345,0.04015139857328767,0.0032134049246120224,0.36209566133629056,synthetic_turbet2020_based
Kepler-1393 b,0.08798126277375393,0.44368893973611967,0.03882425827855487,0.003662601677027901,0.4258429375345436,synthetic_turbet2020_based
Kepler-1300 b,0.12774200198029512,0.5328974229468157,0.040988050352889334,0.003038352908446012,0.29533417181155386,synthetic_turbet2020_based
Kepler-616 c,0.1911251750069588,0.5285359899558831,0.014154064851630026,0.0031627470953343923,0.2630220230901936,synthetic_turbet2020_based
Kepler-1347 b,0.061091139360076284,0.58749549239697,0.02001004882893876,0.008974414400003888,0.3224289050140111,synthetic_turbet2020_based
Kepler-1345 b,0.12756929303302197,0.49334737949171453,0.028050813196197656,0.0027639484492638193,0.34826856582980203,synthetic_turbet2020_based
Kepler-1385 b,0.07680940638873777,0.5202625880533777,0.014332058590757871,0.002697827832198016,0.38589811913492866,synthetic_turbet2020_based
Kepler-1384 b,0.1907070309493133,0.6667210538789847,0.04684410653829063,0.0033116224732100542,0.09241618616020131,synthetic_turbet2020_based
Kepler-1397 b,0.17855200037013857,0.5449091227415936,0.015767799244899426,0.008242363900037773,0.2525287137433305,synthetic_turbet2020_based
Kepler-1398 b,0.058947519779412524,0.5619411355739865,0.04277258674046574,0.006554664329018584,0.3297840935771167,synthetic_turbet2020_based
Kepler-1396 b,0.127709854309954,0.5414535686014323,0.013002233215520808,0.009918747874323088,0.3079155959987697,synthetic_turbet2020_based
Kepler-1302 b,0.07621605900875728,0.5021233899904176,0.01943663049978471,0.009171472660171327,0.393052447840869,synthetic_turbet2020_based
Kepler-1304 b,0.16455325890852956,0.5829319197757347,0.048216921358074365,0.0014750504270779757,0.2028228495305835,synthetic_turbet2020_based
Kepler-1350 b,0.18405055718324786,0.4241709342752637,0.025645227837382552,0.0014860439053884075,0.36464723679871747,synthetic_turbet2020_based
Kepler-1348 b,0.19984534876365284,0.7657558010002408,0.03339195820984925,0.00296060116598421,-0.0019537091397270334,synthetic_turbet2020_based
Kepler-1387 b,0.0915166587796204,0.5798173464228482,0.022911207299693828,0.0011918251489144666,0.3045629623489231,synthetic_turbet2020_based
Kepler-1398 c,0.1484384012175702,0.6453711616373206,0.046172428128753634,0.005291686360949054,0.15472632265540653,synthetic_turbet2020_based
Kepler-1400 b,0.10170634426975819,0.6046068731671068,0.017787799635833587,0.006629863166423078,0.2692691197608783,synthetic_turbet2020_based
Kepler-1307 b,0.16550493241852426,0.4613846853502769,0.022735328705413168,0.008810208814297588,0.34156484471148807,synthetic_turbet2020_based
Kepler-1351 b,0.1258297622950733,0.6127346586710187,0.03889632788213406,0.006201035336991939,0.21633821581478208,synthetic_turbet2020_based
Kepler-521 b,0.06043696521107288,0.7215846847452143,0.046913441489938715,0.00147949509691731,0.16958541345685674,synthetic_turbet2020_based
Kepler-1390 b,0.06818746346863265,0.6807900808829922,0.03417895730058102,0.004442652990745713,0.21240084535704828,synthetic_turbet2020_based
Kepler-531 b,0.13088729734105572,0.6813354272004235,0.03017905847523717,0.002261694921720843,0.1553365220615628,synthetic_turbet2020_based
Kepler-1389 b,0.12683080873998706,0.18777174703767635,0.04691539031395335,0.03231116698833975,0.6061708869200435,synthetic_turbet2020_based
Kepler-1401 b,0.10373301035267737,0.7634824678084142,0.025545286247157524,0.005582318328409377,0.10165691726334147,synthetic_turbet2020_based
Kepler-1402 b,0.06747489959430819,0.6949603782077525,0.038012118285748624,0.008148195935733963,0.19140440797645675,synthetic_turbet2020_based
Kepler-1308 b,0.09877869701416453,0.5744212876264768,0.016733668461087935,0.009680543884868494,0.30038580301340223,synthetic_turbet2020_based
Kepler-1309 b,0.06291160211118241,0.6596053214699229,0.03821029578260745,0.0024196282628588172,0.2368531523734284,synthetic_turbet2020_based
Kepler-1352 b,0.10479848087457348,0.41725062670499335,0.03226433030346564,0.009954443285412617,0.43573211883155494,synthetic_turbet2020_based
Kepler-1353 b,0.11448274352332384,0.7960032881491746,0.0150490169523585,0.004532089089410162,0.06993286228573281,synthetic_turbet2020_based
Kepler-532 b,0.18529474550727082,0.7506781926629889,0.022943663114791367,0.0071074952539149855,0.03397590346103396,synthetic_turbet2020_based
Kepler-1403 b,0.18292402573366862,0.7067509864612911,0.0351390478773167,0.002373180531040203,0.07281275939668341,synthetic_turbet2020_based
Kepler-1405 b,0.06095040388558452,0.6458488719266244,0.030011026627564323,0.0031423299375833596,0.26004736762264347,synthetic_turbet2020_based
Kepler-1310 b,0.09391546924385372,0.556834870880564,0.029820834084900223,0.004512330721795714,0.3149164950688863,synthetic_turbet2020_based
Kepler-1312 b,0.108093750812895,0.4462931245245412,0.044623616730213735,0.0064823867360028495,0.39450712119634723,synthetic_turbet2020_based
Kepler-517 b,0.07191532769030179,0.5695497611511744,0.02666863648118182,0.006405587906402105,0.32546068677094,synthetic_turbet2020_based
Kepler-1356 b,0.14133044267739975,0.658088854791905,0.0379161222937523,0.001930186415161148,0.16073439382178167,synthetic_turbet2020_based
Kepler-1354 b,0.09573833008592181,0.406939127669069,0.028185660483215316,0.0048648707004725865,0.4642720110613212,synthetic_turbet2020_based
Kepler-1050 c,0.16014903952692183,0.4668467786431445,0.035259778285020436,0.00376024778137137,0.3339841557635418,synthetic_turbet2020_based
Kepler-1407 b,0.10728747122145488,0.6877147449485816,0.012861921942943014,0.004085046000380463,0.18805081588663997,synthetic_turbet2020_based
Kepler-1313 b,0.1086984845209478,0.6862997247406675,0.017968976602828028,0.009526716943214168,0.17750609719234256,synthetic_turbet2020_based
Kepler-1359 b,0.19966429291912374,0.7275640563280221,0.021988500058541124,0.006974799886655692,0.043808350807657326,synthetic_turbet2020_based
Kepler-1360 b,0.06247220475468997,0.7485117262826043,0.03063971485041095,0.002587952496878072,0.15578840161541674,synthetic_turbet2020_based
Kepler-1611 b,0.0991124839342554,0.7202970977951899,0.04480907069708186,0.005677420482409812,0.130103927091063,synthetic_turbet2020_based
Kepler-1463 b,0.12204672504660098,0.7002938986213038,0.043047584900742196,0.007883621311562386,0.12672817011979065,synthetic_turbet2020_based
Kepler-1543 b,0.10766420753513116,0.6567703046437278,0.04429439633083711,0.0023658457064267766,0.18890524578387724,synthetic_turbet2020_based
Kepler-1578 b,0.10822050276724449,0.4226475535501059,0.026355091427495994,0.007950538755267841,0.43482631349988565,synthetic_turbet2020_based
Kepler-626 b,0.07955426651383812,0.6167548604497535,0.011463429336873086,0.009078849916584926,0.28314859378295043,synthetic_turbet2020_based
Kepler-1465 b,0.17300070423506772,0.6097636767148265,0.038231479838877994,0.0019352454838197303,0.17706889372740808,synthetic_turbet2020_based
Kepler-1466 b,0.1767814244596056,0.6861046124287086,0.01479869586900322,0.009826203566069,0.1124890636766136,synthetic_turbet2020_based
Kepler-1546 b,0.053379566630967004,0.6514043450371094,0.01687019986963267,0.007473318842975831,0.27087256961931505,synthetic_turbet2020_based
Kepler-1548 b,0.06056093809531685,0.4324403531372465,0.028651669622525293,0.009946085188617216,0.4684009539562942,synthetic_turbet2020_based
Kepler-1613 b,0.09147743596559768,0.6450112643026091,0.030743962974969417,0.008579076486853939,0.22418826026996985,synthetic_turbet2020_based
Kepler-1468 c,0.09328844115577403,0.6219777522845945,0.048024940604207235,0.003993272275024518,0.23271559368039962,synthetic_turbet2020_based
Kepler-1582 b,0.11591083719652717,0.7555253258014686,0.023299954289378314,0.004426063881704341,0.10083781883092158,synthetic_turbet2020_based
Kepler-1469 b,0.09561782133165475,0.7238125501300292,0.047215478817511196,0.006679889926002151,0.12667425979480273,synthetic_turbet2020_based
Kepler-633 b,0.14354451968894788,0.5560014478852701,0.010499349982859868,0.00256543838941216,0.2873892440535101,synthetic_turbet2020_based
Kepler-1550 b,0.14423150637707036,0.12317640056260735,0.03616189264213581,0.015453958094951904,0.6809762423232346,synthetic_turbet2020_based
Kepler-1552 b,0.1256901857610158,0.17651630131237164,0.019960906518715942,0.01583442182543529,0.6619981845824613,synthetic_turbet2020_based
Kepler-1584 b,0.0719191813337852,0.5024822827131064,0.03147399053504166,0.007822860400821263,0.3863016850172456,synthetic_turbet2020_based
Kepler-556 b,0.17791649648782093,0.7005671398955401,0.03512853038816683,0.00916862119767535,0.07721921203079674,synthetic_turbet2020_based
Kepler-629 b,0.1279605204101376,0.6533427363414765,0.026464822013274734,0.003946457807926715,0.18828546342718444,synthetic_turbet2020_based
Kepler-630 b,0.19951353383837606,0.12966345634245854,0.041863906026954056,0.012214723373341752,0.6167443804188697,synthetic_turbet2020_based
Kepler-1470 b,0.151202786564678,0.7457840771348143,0.029897133879414686,0.001631807036573952,0.071484195384519,synthetic_turbet2020_based
Kepler-1475 b,0.11426261924553364,0.53729064115294,0.04942157277197723,0.007221386814570499,0.29180378001497864,synthetic_turbet2020_based
Kepler-1476 b,0.158203970724338,0.6063307675848925,0.03837657017768386,0.007503138790499514,0.18958555272258626,synthetic_turbet2020_based
Kepler-154 f,0.05995383211191573,0.4890426097909082,0.010518702217155442,0.005588266653357148,0.4348965892266635,synthetic_turbet2020_based
Kepler-1165 b,0.18136997822540402,0.6438218138781314,0.03000830111230838,0.00933369262849576,0.1354662141556604,synthetic_turbet2020_based
Kepler-1587 b,0.07583277665326309,0.4298417232630743,0.04669222945638871,0.00912503579426932,0.4385082348330045,synthetic_turbet2020_based
Kepler-579 b,0.15244587293194245,0.4983916648384208,0.04879056098817483,0.007888117166234441,0.29248378407522757,synthetic_turbet2020_based
Kepler-1619 b,0.1510841875377004,0.4891645296061791,0.030523566865324626,0.008403186171672999,0.3208245298191228,synthetic_turbet2020_based
Kepler-132 e,0.17903903370984292,0.6245720463205072,0.030911753748770567,0.0072791544547687655,0.15819801176611048,synthetic_turbet2020_based
Kepler-1471 b,0.12923732664687093,0.5670724152262644,0.013416760456975547,0.002134447081440221,0.2881390505884489,synthetic_turbet2020_based
Kepler-1554 b,0.32808264046020025,0.10493281292485362,0.012092201031904346,0.046185743123456705,0.5087066024595851,synthetic_turbet2020_based
Kepler-541 b,0.15559956701820277,0.40168508876565845,0.02248173497419491,0.007869866145359904,0.41236374309658397,synthetic_turbet2020_based
Kepler-1589 b,0.11264011999658835,0.5875191291432447,0.028351962441842217,0.002819209629331366,0.26866957878899345,synthetic_turbet2020_based
Kepler-686 b,0.15820871568473915,0.4412025322085479,0.030290044221866846,0.0025296024471342564,0.3677691054377118,synthetic_turbet2020_based
Kepler-1473 b,0.056979921436573405,0.4572975537788673,0.04477339745246967,0.002585328983024151,0.43836379834906547,synthetic_turbet2020_based
Kepler-1472 b,0.09175538135185259,0.4552379152881625,0.039421804066310344,0.005009042505308514,0.40857585678836605,synthetic_turbet2020_based
Kepler-1474 b,0.19154525579676068,0.665729832899161,0.03125556881947087,0.006909678384653512,0.10455966409995388,synthetic_turbet2020_based
Kepler-1556 b,0.05606380748144962,0.7802641040514762,0.04825718441668993,0.003485258816999767,0.11192964523338444,synthetic_turbet2020_based
Kepler-542 b,0.14424432241147006,0.48076609765594985,0.03189887178401836,0.00793710315211954,0.3351536049964421,synthetic_turbet2020_based
Kepler-1592 b,0.19097325872080884,0.5356867693062688,0.03774021052171046,0.007447844029124615,0.2281519174220873,synthetic_turbet2020_based
Kepler-1623 b,0.08317232017471118,0.6516128525973569,0.03621685156751107,0.00787668495711431,0.22112129070330644,synthetic_turbet2020_based
Kepler-1622 b,0.19999208861818007,0.41609294777059225,0.018092201747102323,0.002305705887277666,0.3635170559768477,synthetic_turbet2020_based
Kepler-631 b,0.07316510786310539,0.581699464248786,0.0451414622645175,0.005038509421609796,0.29495545620198127,synthetic_turbet2020_based
Kepler-1477 b,0.150272059675162,0.5505996570120877,0.022786532612444607,0.008508116663461381,0.26783363403684435,synthetic_turbet2020_based
Kepler-1478 b,0.14833212651776295,0.5403581152330145,0.046566410449886596,0.005486604086058803,0.2592567437132771,synthetic_turbet2020_based
Kepler-1558 b,0.07824121209489328,0.5932887449870725,0.03698797751733903,0.004304013303305461,0.28717805209738967,synthetic_turbet2020_based
Kepler-1557 b,0.17656771044130903,0.6132575922424404,0.028710591197378656,0.008728402809373469,0.1727357033094985,synthetic_turbet2020_based
Kepler-544 b,0.11943767096992296,0.5657640567403266,0.01414865581333984,0.004262426909712687,0.29638718956669796,synthetic_turbet2020_based
Kepler-1442 b,0.10955724508446227,0.4722489276897959,0.03351292806852671,0.0022945786349531294,0.38238632052226207,synthetic_turbet2020_based
Kepler-1435 b,0.08355346829058366,0.6244367942900563,0.020759342588989482,0.006757014791155181,0.2644933800392154,synthetic_turbet2020_based
Kepler-1559 b,0.1535769699381057,0.5205161642426601,0.013495507259868797,0.005405066504460265,0.30700629205490504,synthetic_turbet2020_based
Kepler-1596 b,0.06393476301377257,0.6060942726095473,0.03904871368515841,0.006582968123237231,0.28433928256828456,synthetic_turbet2020_based
Kepler-403 d,0.11724014618180265,0.7783434191590191,0.01406988932328682,0.008920013562207382,0.08142653177368409,synthetic_turbet2020_based
Kepler-1443 b,0.1700193308961805,0.5678954321458338,0.01611468687602858,0.002402801071998771,0.24356774900995837,synthetic_turbet2020_based
Kepler-1438 b,0.18827086411141963,0.49348186571130404,0.04496462831951315,0.005529656979372601,0.2677529848783905,synthetic_turbet2020_based
Kepler-1562 b,0.11926019550910501,0.6478045070335283,0.01860156331572932,0.004855336066537246,0.20947839807510016,synthetic_turbet2020_based
Kepler-1561 b,0.19077266582073948,0.49530277159149994,0.046863342355190074,0.009947887269482609,0.2571133329630879,synthetic_turbet2020_based
Kepler-1598 b,0.05778607821132452,0.6125516490365487,0.016872771987747545,0.006595428303610097,0.30619407246076913,synthetic_turbet2020_based
Kepler-1445 b,0.19843139648223135,0.7587523581672824,0.04699393846425414,0.0029201483198088947,-0.007097841433576724,synthetic_turbet2020_based
Kepler-511 b,0.2626958796667905,0.14696620327899013,0.04597698830310605,0.01764615972296986,0.5267147690281435,synthetic_turbet2020_based
Kepler-1564 b,0.07309383686137998,0.4048650526856075,0.017277914403464868,0.0027078656216907955,0.5020553304278568,synthetic_turbet2020_based
Kepler-1563 b,0.061623528128841754,0.7470964413652637,0.04119991234784496,0.0032903334761253114,0.14678978468192438,synthetic_turbet2020_based
Kepler-1565 b,0.1674886554966804,0.5688658187187193,0.04102081237392738,0.003907068866516562,0.2187176445441562,synthetic_turbet2020_based
Kepler-1602 b,0.1346981339731816,0.5526442167816674,0.017507032680938766,0.0062706959560180076,0.2888799206081941,synthetic_turbet2020_based
Kepler-1448 b,0.16262461999667768,0.7012428498376596,0.024251576732769745,0.005668405915652453,0.10621254751724052,synthetic_turbet2020_based
Kepler-1449 b,0.16456678978776296,0.4217990378090364,0.012875533332034412,0.004386004659748696,0.39637263441141757,synthetic_turbet2020_based
Kepler-1566 b,0.08352074015434502,0.5498584078200882,0.013750123194384942,0.006328072276077588,0.3465426565551042,synthetic_turbet2020_based
Kepler-1567 b,0.3015221517983063,0.2583681015787812,0.03602091752301308,0.025855255800243032,0.37823357329965634,synthetic_turbet2020_based
Kepler-597 b,0.19023923372267865,0.6905328064111962,0.031107249833071025,0.00286165367502033,0.08525905635803388,synthetic_turbet2020_based
Kepler-1603 b,0.14734624801043236,0.6366882100343825,0.03733319995750186,0.008030122887774712,0.17060221910990858,synthetic_turbet2020_based
Kepler-1450 b,0.37451488569346725,0.28981131827162915,0.03520742008502385,0.04863824143013373,0.25182813451974606,synthetic_turbet2020_based
Kepler-1451 b,0.18671335985008514,0.40104574280608846,0.035504698649840315,0.0026062246885065724,0.37412997400547954,synthetic_turbet2020_based
Kepler-603 d,0.09427889816877477,0.5190000798942356,0.029325185585484297,0.0010977956019402979,0.35629804074956506,synthetic_turbet2020_based
Kepler-605 c,0.08536946120369848,0.4116483827839347,0.036022342628769514,0.009003588208235498,0.45795622517536183,synthetic_turbet2020_based
Kepler-1568 b,0.19966829897478983,0.579422756712839,0.02040564441176611,0.008677932370576232,0.19182536753002877,synthetic_turbet2020_based
Kepler-1606 b,0.13394755526214186,0.29484779621122814,0.03859349818872809,0.030157386614696566,0.5024537637232054,synthetic_turbet2020_based
Kepler-1452 b,0.064497580598635,0.40727837428390856,0.03178128789927757,0.004724654566960192,0.49171810265121874,synthetic_turbet2020_based
Kepler-1571 b,0.17639967415430552,0.6569221918773748,0.027275853859827802,0.003034063540910745,0.13636821656758114,synthetic_turbet2020_based
Kepler-1570 b,0.12206333132180093,0.46519771151446265,0.036680506498927415,0.006451561652191841,0.3696068890126172,synthetic_turbet2020_based
Kepler-1572 b,0.17151070521893044,0.5798117088969106,0.02114594132110116,0.0085275582331218,0.21900408632993607,synthetic_turbet2020_based
Kepler-1607 b,0.15364956221898274,0.68268366562374,0.031123382856253823,0.00888380753398186,0.1236595817670415,synthetic_turbet2020_based
Kepler-1609 b,0.08416752612073039,0.5606768101411683,0.04184930286659295,0.0021966481177181306,0.3111097127537902,synthetic_turbet2020_based
Kepler-1457 b,0.17121642395243222,0.5410380882923361,0.015020147961214678,0.0017123453698170616,0.2710129944242,synthetic_turbet2020_based
Kepler-1458 b,0.17645430781306015,0.7114462182502543,0.021521653815580657,0.002047259703137304,0.08853056041796747,synthetic_turbet2020_based
Kepler-217 d,0.08708516390565771,0.48519505427747034,0.039322226067687926,0.002940067759212258,0.3854574879899718,synthetic_turbet2020_based
Kepler-625 c,0.08241477826514378,0.4129072529995422,0.03387438753238072,0.007200815934304966,0.4636027652686283,synthetic_turbet2020_based
Kepler-653 c,0.1480235703422126,0.6274396624624314,0.04864299795363341,0.005254646609593794,0.17063912263212888,synthetic_turbet2020_based
Kepler-1575 b,0.17902047621818523,0.6584039641509356,0.01336647762751344,0.008290796148784804,0.14091828585458088,synthetic_turbet2020_based
Kepler-578 b,0.13765828125347274,0.6614102637301739,0.01720909742495408,0.004937410847281217,0.17878494674411816,synthetic_turbet2020_based
Kepler-1461 b,0.18208737115614265,0.48617247723452617,0.010004996261487747,0.0033175784090572757,0.31841757693878625,synthetic_turbet2020_based
Kepler-1541 b,0.12313136737646181,0.7285112173207686,0.03573163602293404,0.009271571220614585,0.10335420805922091,synthetic_turbet2020_based
Kepler-1576 b,0.11833466474418404,0.556326089182815,0.01925672866382853,0.0029625623608519375,0.30311995504832046,synthetic_turbet2020_based
Kepler-603 b,0.16041648455120908,0.43214364921812365,0.019708543393320347,0.008973057335861168,0.3787582655014857,synthetic_turbet2020_based
Kepler-640 b,0.13653812271494795,0.41863504362733295,0.03817020193319142,0.005560141309778048,0.4010964904147497,synthetic_turbet2020_based
Kepler-722 b,0.17817825912470237,0.6729735490165052,0.010177863519111546,0.002851651784574286,0.1358186765551067,synthetic_turbet2020_based
Kepler-634 b,0.08869455508474175,0.68089291566466,0.03037256710680377,0.007727027473820469,0.1923129346699739,synthetic_turbet2020_based
Kepler-701 b,0.12693007981751941,0.5309538442786405,0.014146425868347575,0.0028235988880186266,0.32514605114747397,synthetic_turbet2020_based
Kepler-709 b,0.11011701205185226,0.6205817232727115,0.04754549612762491,0.003157481593598511,0.2185982869542128,synthetic_turbet2020_based
Kepler-1625 b,0.14991274091700257,0.4610183645973207,0.03855012487689336,0.0011020678942958112,0.3494167017144876,synthetic_turbet2020_based
Kepler-1501 b,0.14838799248944237,0.46528706268580977,0.017212977855232934,0.006030168699831196,0.3630817982696838,synthetic_turbet2020_based
Kepler-1500 b,0.10631173188630687,0.5885220602203345,0.022355555302250314,0.009581203445754926,0.2732294491453534,synthetic_turbet2020_based
Kepler-1522 b,0.09359841501228333,0.6168189698942,0.04417422222163381,0.006977627310347391,0.23843076556153542,synthetic_turbet2020_based
Kepler-702 b,0.09841654204725811,0.6209746733467278,0.013319645049309096,0.00591117762436923,0.26137796193233576,synthetic_turbet2020_based
Kepler-641 b,0.1147083632530313,0.7031734828293776,0.043916113725364685,0.0027965486948269514,0.13540549149739955,synthetic_turbet2020_based
Kepler-1626 b,0.06223038581911446,0.5562227924979343,0.031366016328021884,0.004391217534835203,0.34578958782009417,synthetic_turbet2020_based
Kepler-609 b,0.14428417564971202,0.6022605118876301,0.047465041386603596,0.004684520109876338,0.2013057509661781,synthetic_turbet2020_based
Kepler-724 b,0.06237412594228737,0.5207740084565908,0.03423575449452978,0.0033042258874637753,0.3793118852191282,synthetic_turbet2020_based
Kepler-1504 b,0.09034826777084508,0.5358289936089404,0.03984567119636221,0.009461199108645655,0.32451586831520673,synthetic_turbet2020_based
Kepler-1505 b,0.102556495077167,0.4781952159041968,0.026825478086684125,0.004166557236816635,0.3882562536951355,synthetic_turbet2020_based
Kepler-1524 b,0.1985037371184764,0.5855473034071971,0.037171334112474565,0.009224092599803679,0.1695535327620482,synthetic_turbet2020_based
Kepler-495 b,0.14435923660458255,0.49975138996794155,0.03429640381333121,0.004616887024586045,0.31697608258955867,synthetic_turbet2020_based
Kepler-710 b,0.11335248041582106,0.7917298325481621,0.021143640543794105,0.005220416318304798,0.06855363017391791,synthetic_turbet2020_based
Kepler-540 b,0.07398005685488004,0.47141767947419555,0.03413937696343336,0.007759141373374433,0.4127037453341166,synthetic_turbet2020_based
Kepler-1644 b,0.1454689810425268,0.5317135991611883,0.012384726902600791,0.005232374759338229,0.3052003181343458,synthetic_turbet2020_based
Kepler-1507 b,0.12564044796409463,0.7082606431839275,0.035611582491678194,0.008841327648408882,0.12164599871189097,synthetic_turbet2020_based
Kepler-1506 b,0.16744743180426375,0.5463511135243788,0.03528885694098793,0.00772557876509614,0.24318701896527328,synthetic_turbet2020_based
Kepler-1086 c,0.8870641107518236,0.048011694636002133,0.035931279692445445,0.0045339745175347074,0.024458940402194207,synthetic_turbet2020_based
Kepler-604 b,0.16067422683046806,0.7647972685242229,0.046769040628783,0.0024137876564875906,0.025345676360038483,synthetic_turbet2020_based
Kepler-1627 b,0.08061448964313184,0.7019717803159196,0.035240395437696075,0.009145965581694594,0.17302736902155802,synthetic_turbet2020_based
Kepler-1510 b,0.09707008391233032,0.7392083244585053,0.0373510342793544,0.0027591067914093954,0.12361145055840062,synthetic_turbet2020_based
Kepler-1511 b,0.0689741553493459,0.6810894408034431,0.01633846050897072,0.008148961357688334,0.22544898198055185,synthetic_turbet2020_based
Kepler-1526 b,0.1335642560190976,0.590746824985116,0.021021161436856787,0.00985461035432374,0.24481314720460579,synthetic_turbet2020_based
Kepler-643 b,0.15832506663657897,0.7112254588659508,0.04074843710661353,0.00625614019458937,0.08344489719626724,synthetic_turbet2020_based
Kepler-642 b,0.1909548262938317,0.6335286013530708,0.030801823404165977,0.0034633939818058054,0.14125135496712582,synthetic_turbet2020_based
Kepler-711 b,0.09226038797625102,0.6947535623928174,0.023390696865584218,0.007558396706320102,0.18203695605902726,synthetic_turbet2020_based
Kepler-726 b,0.19290601382222378,0.5757229747115036,0.013893025715185678,0.006998918331964926,0.21047906741912192,synthetic_turbet2020_based
Kepler-401 d,0.051428454754322846,0.7148014085089187,0.031026124681548736,0.005407589836077894,0.19733642221913172,synthetic_turbet2020_based
Kepler-1512 b,0.2708326481733062,0.20328170878694318,0.022951090871840905,0.02126035638716968,0.48167419578074,synthetic_turbet2020_based
Kepler-1528 b,0.11229461909358429,0.7579637127662268,0.015414818391513721,0.00392288137017925,0.11040396837849598,synthetic_turbet2020_based
Kepler-1529 b,0.07884506419241066,0.5708547906949528,0.015339936764926846,0.00784716052512009,0.32711304782258954,synthetic_turbet2020_based
Kepler-1388 d,0.06552010888768621,0.6661048374469083,0.02070841299476094,0.005249709971718965,0.24241693069892567,synthetic_turbet2020_based
Kepler-622 b,0.07999819425763122,0.6920894717902877,0.047931039570732976,0.0029957075865369638,0.17698558679481113,synthetic_turbet2020_based
Kepler-1530 b,0.1929729811569243,0.5301095204045736,0.03231388668207606,0.007314309559770186,0.2372893021966559,synthetic_turbet2020_based
Kepler-1530 c,0.07989029240977905,0.5779055749730511,0.012713099226562004,0.0072734839842521805,0.3222175494063556,synthetic_turbet2020_based
Kepler-1632 b,0.11249241795867178,0.7566578130558363,0.020959675542925518,0.009312411918915343,0.10057768152365099,synthetic_turbet2020_based
Kepler-1631 b,0.07115597670242677,0.6427865864055533,0.022312327194887155,0.0026360344985795867,0.2611090751985531,synthetic_turbet2020_based
Kepler-1534 b,0.06409057575787483,0.662257023531476,0.01932671733036982,0.0061553297086394294,0.24817035367163998,synthetic_turbet2020_based
Kepler-1531 b,0.19691280842529169,0.5263847281118127,0.011397771108669153,0.0022854035295677847,0.26301928882465875,synthetic_turbet2020_based
Kepler-1093 c,0.06789830141167562,0.5853134108820943,0.03978602278642509,0.003667999472036726,0.3033342654477682,synthetic_turbet2020_based
Kepler-714 b,0.07187641562657648,0.6563067065315709,0.0220472083539697,0.006176533143810095,0.24359313634407287,synthetic_turbet2020_based
Kepler-1633 b,0.1900679839509128,0.5165387819706105,0.03049966457945074,0.008261307222680947,0.25463226227634495,synthetic_turbet2020_based
Kepler-713 b,0.15375771687464423,0.7005912699116743,0.04090277499424401,0.005859244183006388,0.09888899403643103,synthetic_turbet2020_based
Kepler-1480 b,0.13040931618533977,0.687555832179379,0.03790593080454223,0.007030518976267167,0.13709840185447186,synthetic_turbet2020_based
Kepler-1479 b,0.10732020382139955,0.7314170582419508,0.01944811557483557,0.0024015876971744104,0.13941303466463972,synthetic_turbet2020_based
Kepler-1481 b,0.10177433286735524,0.5015324961619825,0.03652730048812625,0.0030791606603496483,0.3570867098221864,synthetic_turbet2020_based
Kepler-990 c,0.14847347575263037,0.6052891179363155,0.016098002723010384,0.0033255663770892065,0.2268138372109545,synthetic_turbet2020_based
Kepler-969 c,0.12825901764548342,0.6932421215694793,0.02593006576698704,0.0030954937796023605,0.14947330123844782,synthetic_turbet2020_based
Kepler-489 b,0.09426173136406832,0.43804687570935874,0.011005980043609323,0.00975816380797169,0.44692724907499193,synthetic_turbet2020_based
Kepler-1532 b,0.06446149015488731,0.44995493804426,0.044838563403185705,0.0069715471214733225,0.43377346127619365,synthetic_turbet2020_based
Kepler-605 b,0.11541087968679896,0.6596093622903398,0.04739939294121641,0.0018943958029213536,0.17568596927872338,synthetic_turbet2020_based
Kepler-1635 b,0.6731133081525996,0.08742703631236669,0.04122557381204428,0.00994831049401472,0.18828577122897472,synthetic_turbet2020_based
Kepler-1483 b,0.09708632226082889,0.7779545588554181,0.02374755325180017,0.007435838720669439,0.09377572691128333,synthetic_turbet2020_based
Kepler-545 b,0.182411442143238,0.46831283810334473,0.01822554620140801,0.00622862783229112,0.3248215457197181,synthetic_turbet2020_based
Kepler-636 b,0.17657371550532713,0.4315798140888447,0.04403523239023614,0.004088084765905869,0.3437231532496863,synthetic_turbet2020_based
Kepler-1016 c,0.11093399209587529,0.5359444382750225,0.0464591961843075,0.002177148939245552,0.30448522450554916,synthetic_turbet2020_based
Kepler-1535 b,0.1361411721764515,0.4592432322503167,0.047143785203793656,0.008181381821820575,0.3492904285476175,synthetic_turbet2020_based
Kepler-600 b,0.0850728911391617,0.5191113072352614,0.0252606131185071,0.0046487590776589285,0.36590642942941076,synthetic_turbet2020_based
Kepler-717 b,0.17260142879480828,0.6258133421236762,0.027117972595669122,0.0074750019124271766,0.16699225457341904,synthetic_turbet2020_based
Kepler-1485 b,0.118679731451571,0.45129600675391623,0.014299567370781134,0.003933610118156546,0.4117910843055752,synthetic_turbet2020_based
Kepler-1484 b,0.14043053564227584,0.45393653105929377,0.032005366827896294,0.003426486803278602,0.37020107966725546,synthetic_turbet2020_based
Kepler-1486 b,0.15431201234124378,0.41130508047054826,0.02876093725922292,0.0014703773411280934,0.40415159258785693,synthetic_turbet2020_based
Kepler-342 e,0.09957616629129809,0.4062300577147517,0.028763950423117253,0.007903142816302104,0.4575266827545308,synthetic_turbet2020_based
Kepler-582 b,0.06503300566189169,0.6940890767976109,0.033367810683693246,0.005541447458224181,0.20196865939858,synthetic_turbet2020_based
Kepler-1129 c,0.13992248934203627,0.5343588526916783,0.038413582150731575,0.008016992577286951,0.2792880832382669,synthetic_turbet2020_based
Kepler-1538 b,0.3334671596760632,0.1538919578787377,0.0361562803875941,0.015923829029811057,0.46056077302779397,synthetic_turbet2020_based
Kepler-644 b,0.12431294203944007,0.4010517040238071,0.017743470360333646,0.006685607042493451,0.45020627653392575,synthetic_turbet2020_based
Kepler-1487 b,0.1811542257804694,0.41961131943440977,0.0323421116869732,0.006730975180945275,0.3601613679172023,synthetic_turbet2020_based
Kepler-581 b,0.18985864717741197,0.6620575178579826,0.014121308098829534,0.0023206981829003246,0.13164182868287555,synthetic_turbet2020_based
Kepler-1516 b,0.14536461933304967,0.4862478707052931,0.047132218995091534,0.009286184807072974,0.3119691061594927,synthetic_turbet2020_based
Kepler-1047 c,0.19229837902358204,0.5171810431248773,0.03867799631841266,0.006967125162413646,0.2448754563707144,synthetic_turbet2020_based
Kepler-1409 b,0.05534056720066582,0.5062260305385119,0.018270669187178734,0.0043372774156450605,0.41582545565799844,synthetic_turbet2020_based
Kepler-585 b,0.1929580574817838,0.7382406555833354,0.021736983654731076,0.005770283779893908,0.04129401950025591,synthetic_turbet2020_based
Kepler-1488 b,0.0788399182379993,0.5109735969183753,0.01260012996059538,0.00678345850825153,0.3908028963747785,synthetic_turbet2020_based
Kepler-697 b,0.14853811617444934,0.7354006483213774,0.04486207253709017,0.0024405345927435056,0.06875862837433955,synthetic_turbet2020_based
Kepler-1425 b,0.1614561419244481,0.45388305313093297,0.024948600469832438,0.005639829144032991,0.35407237533075353,synthetic_turbet2020_based
Kepler-1350 c,0.05742048711306141,0.46270548461818173,0.020844643999601526,0.002147880966707704,0.4568815033024477,synthetic_turbet2020_based
Kepler-719 b,0.19011444083094997,0.5153276752348466,0.030046866580356546,0.009968808141331175,0.2545422092125158,synthetic_turbet2020_based
Kepler-1491 b,0.13499640153968662,0.5645983099968339,0.047191696236971406,0.003002479798299477,0.2502111124282086,synthetic_turbet2020_based
Kepler-1492 b,0.07692511112580619,0.6141457476163135,0.027092069513255608,0.008172874695839185,0.27366419704878553,synthetic_turbet2020_based
Kepler-698 b,0.05630150619565509,0.647090329764488,0.03842716571591506,0.009747250847415703,0.24843374747652613,synthetic_turbet2020_based
Kepler-1454 b,0.07186448003597533,0.4984972874837871,0.04729772926276969,0.006675659609349706,0.37566484360811825,synthetic_turbet2020_based
Kepler-460 c,0.055707354910326745,0.4309376009023116,0.041417622425106736,0.006107270486107742,0.46583015127614724,synthetic_turbet2020_based
Kepler-720 b,0.1348123222428311,0.7519462573245141,0.01964391677484913,0.00244387883639818,0.09115362482140743,synthetic_turbet2020_based
Kepler-547 b,0.1420708921433121,0.7529692390615534,0.020610025786704726,0.007131649283122168,0.0772181937253077,synthetic_turbet2020_based
Kepler-1494 b,0.07285685477874113,0.4687634783316596,0.0460604023145095,0.0020616849541573784,0.41025757962093246,synthetic_turbet2020_based
Kepler-1520 b,0.05365183049827921,0.7099761792443138,0.024500381941007215,0.004569926969819178,0.20730168134658067,synthetic_turbet2020_based
Kepler-1065 c,0.16997863173622935,0.4719743166309393,0.03601307766084143,0.0038217549595387108,0.3182122190124512,synthetic_turbet2020_based
Kepler-707 b,0.06564026909702662,0.6749984195880352,0.022746565382037447,0.008799436938520637,0.22781530899438018,synthetic_turbet2020_based
Kepler-602 b,0.18785534753478517,0.7396207047683812,0.022894069897418476,0.0031292436192369055,0.046500634180178246,synthetic_turbet2020_based
Kepler-606 b,0.18392009636117002,0.5811787935505845,0.03830958894232063,0.00844447781269571,0.18814704333322907,synthetic_turbet2020_based
Kepler-721 b,0.0916529982301734,0.4476389711739161,0.03499310253373143,0.006311730301869026,0.41940319776031,synthetic_turbet2020_based
Kepler-937 c,0.09053001089878637,0.6338826885541369,0.04161429017913372,0.004150098841097147,0.22982291152684586,synthetic_turbet2020_based
Kepler-638 b,0.08634765783883583,0.6900004854438224,0.041434880667271794,0.009588604940820283,0.17262837110924978,synthetic_turbet2020_based
Kepler-1073 c,0.07213787343762068,0.7557056407552779,0.0406039524475961,0.007317099171377991,0.12423543418812732,synthetic_turbet2020_based
HATS-30 b,0.09695804437855673,0.40887718047526167,0.030302019764777692,0.0035719243883714463,0.4602908309930326,synthetic_turbet2020_based
K2-84 c,0.09347315283900369,0.7708554308770614,0.016118755682128366,0.009408091416314986,0.11014456918549154,synthetic_turbet2020_based
K2-88 b,0.12557100650161102,0.7353117104243747,0.021343502857676416,0.006705285976762617,0.11106849423957532,synthetic_turbet2020_based
Kepler-615 b,0.13348825935851255,0.7696664357671336,0.017171937073696842,0.0028411290076823166,0.07683223879297474,synthetic_turbet2020_based
Kepler-506 b,0.19234465991803174,0.439185848314442,0.035387298761759854,0.0015450770189372781,0.3315371159868291,synthetic_turbet2020_based
Kepler-668 b,0.0615486212180905,0.6388594971606888,0.03205471848616235,0.006157235788782335,0.261379927346276,synthetic_turbet2020_based
Kepler-669 b,0.12104781448249145,0.6969437362326419,0.049687541454595946,0.003482031217513201,0.1288388766127574,synthetic_turbet2020_based
HATS-15 b,0.09851595009724227,0.5292198169372859,0.040530757852234096,0.004132139510113554,0.3276013356031241,synthetic_turbet2020_based
HATS-16 b,0.1515105601373976,0.5783550228047716,0.0343121866809205,0.008461138355244095,0.2273610920216662,synthetic_turbet2020_based
K2-89 b,0.1271088031331309,0.5900692803386822,0.020678983344212122,0.005643141236378055,0.25649979194759664,synthetic_turbet2020_based
K2-91 b,0.08936184093644059,0.7374280822871835,0.025554561074463356,0.002161968686514585,0.14549354701539796,synthetic_turbet2020_based
Kepler-737 b,0.17199025837790802,0.20691629349345125,0.0466515006331901,0.022022459942991186,0.5524194875524595,synthetic_turbet2020_based
Kepler-670 b,0.08965793061489674,0.5626239339240542,0.04871017913168586,0.008606977070152186,0.29040097925921093,synthetic_turbet2020_based
Kepler-671 b,0.07245019266120374,0.6455013148401056,0.041674568133761386,0.007912093072332139,0.23246183129259712,synthetic_turbet2020_based
K2-5 c,0.12332682376319239,0.6927325542696169,0.03334346442371935,0.0028130048456698246,0.14778415269780154,synthetic_turbet2020_based
K2-5 b,0.0584080460954763,0.5477998720201349,0.012477560077901595,0.00455512063528803,0.3767594011711991,synthetic_turbet2020_based
Kepler-223 c,0.174331850235614,0.7377176593614326,0.011362956853600715,0.0016258192075854472,0.07496171434176724,synthetic_turbet2020_based
WASP-98 b,0.15048006313868673,0.59999947797688,0.015974335709215637,0.00824976655958884,0.22529635661562875,synthetic_turbet2020_based
Kepler-223 b,0.0824744244059633,0.43125970187828433,0.03998028552400034,0.006473133771687677,0.43981245442006434,synthetic_turbet2020_based
Kepler-672 b,0.10916641080969855,0.6770904815134138,0.046455227547648116,0.0013076419848998297,0.1659802381443397,synthetic_turbet2020_based
Kepler-571 b,0.1441519156513003,0.48726691880622397,0.028965510397655353,0.0048158301599503265,0.33479982498487004,synthetic_turbet2020_based
K2-16 b,0.10849695017517948,0.4761424400989848,0.04210599745779929,0.004415685264349303,0.36883892700368703,synthetic_turbet2020_based
K2-16 c,0.18307943914047198,0.5418673091785964,0.04358853378716614,0.005900196983722191,0.2255645209100433,synthetic_turbet2020_based
K2-8 c,0.10784378522896884,0.6816128858391984,0.04146618498413689,0.005344217112470337,0.16373292683522545,synthetic_turbet2020_based
Kepler-223 d,0.11381306425753053,0.630967588148929,0.033406535140228726,0.004829312942692187,0.21698349951061957,synthetic_turbet2020_based
Kepler-653 b,0.16364943176639568,0.5598885791015232,0.028119933715299708,0.006447864018515613,0.24189419139826573,synthetic_turbet2020_based
Kepler-742 b,0.1980273352895997,0.5042744444056413,0.019278111996460994,0.0025919853986168446,0.2758281229096812,synthetic_turbet2020_based
Kepler-673 b,0.15341663214622003,0.5796378549673631,0.02554425360297099,0.002836813367339818,0.23856444591610615,synthetic_turbet2020_based
Kepler-154 d,0.18367075661050075,0.5772692140889544,0.034307732459453164,0.002012766204632756,0.202739530636459,synthetic_turbet2020_based
HD 87646 b,0.06619583250273517,0.42694181666559833,0.024693843233531743,0.005255979419727204,0.47691252817840757,synthetic_turbet2020_based
Kepler-80 e,0.08668672241738554,0.5398710023509239,0.01025040136095079,0.004159796187352554,0.3590320776833873,synthetic_turbet2020_based
Kepler-654 b,0.06787570022462713,0.45135379134955583,0.010180243902400132,0.007267425094585962,0.4633228394288309,synthetic_turbet2020_based
Kepler-148 d,0.18969256610740765,0.6486182243408629,0.013848082077116386,0.009906845044532538,0.13793428243008055,synthetic_turbet2020_based
Kepler-676 b,0.19633777563147703,0.5872938142629955,0.014314768736251838,0.007486653786824841,0.19456698758245072,synthetic_turbet2020_based
WASP-85 A b,0.1942202306725156,0.7114798416554771,0.03496811418283924,0.006497487121339695,0.052834326367828366,synthetic_turbet2020_based
Kepler-80 f,0.19668771713084432,0.4292477347279078,0.015982240783625045,0.008477303002657132,0.34960500435496566,synthetic_turbet2020_based
Kepler-656 b,0.07176696204796386,0.5533185947716119,0.021259970242190014,0.003191002447963539,0.3504634704902706,synthetic_turbet2020_based
Kepler-655 b,0.053858292666264004,0.6265005054139245,0.026049580833338436,0.005964311913733102,0.28762730917273993,synthetic_turbet2020_based
Kepler-678 b,0.09567623097462555,0.7765843420217051,0.0336538876896611,0.009650863418790404,0.08443467589521791,synthetic_turbet2020_based
Kepler-572 b,0.10250089313879882,0.40091581493852885,0.04125062259849763,0.008446409691045782,0.4468862596331289,synthetic_turbet2020_based
WASP-114 b,0.0588055095800504,0.6501476913849276,0.036440714681604806,0.002311604803428088,0.2522944795499892,synthetic_turbet2020_based
WASP-113 b,0.13287868292788718,0.4972795522719775,0.010658068128180646,0.00880219981338506,0.3503814968585697,synthetic_turbet2020_based
HD 59686 A b,0.12375427568396963,0.7126796403642846,0.03891572128916435,0.009943347349130764,0.11470701531345084,synthetic_turbet2020_based
Kepler-679 b,0.11569301058517899,0.5710202427028711,0.02127022268204681,0.006626324920628933,0.2853901991092741,synthetic_turbet2020_based
Kepler-680 b,0.12291687508329265,0.6915044488566675,0.02426046793765709,0.0021776026744839334,0.15914060544789876,synthetic_turbet2020_based
K2-47 b,0.17936531781791815,0.7312187767858739,0.02404000748462977,0.007213165457607994,0.0581627324539703,synthetic_turbet2020_based
K2-48 b,0.12386043594134179,0.7043888388524401,0.025605294746580496,0.005820753118521067,0.14032467734111664,synthetic_turbet2020_based
Kepler-617 b,0.05867241560971209,0.4699639926352326,0.041270624311004124,0.004434089339555898,0.4256588781044953,synthetic_turbet2020_based
Kepler-588 b,0.055265813634438526,0.4670545142847787,0.026463921283424584,0.007461217963150948,0.4437545328342073,synthetic_turbet2020_based
Kepler-573 b,0.10452275627108465,0.6980743017515476,0.04432242349180334,0.0040702295278514135,0.14901028895771296,synthetic_turbet2020_based
Kepler-681 b,0.1700563356281638,0.4507522663720758,0.026611341002866384,0.0018780615665343332,0.3507019954303596,synthetic_turbet2020_based
K2-49 b,0.05787919831921636,0.42581095099417876,0.014190081083265457,0.008521533310747589,0.4935982362925918,synthetic_turbet2020_based
K2-58 b,0.1315515685450535,0.7789552751108043,0.03152001205250054,0.0066584019907934815,0.05131474230084809,synthetic_turbet2020_based
Kepler-1600 b,0.6553451883421479,0.058652291857033766,0.025412101952133073,0.009382918079263333,0.2512074997694219,synthetic_turbet2020_based
Kepler-727 b,0.19008818236726882,0.47939944500089643,0.03480523455753464,0.006743582226738803,0.2889635558475614,synthetic_turbet2020_based
Kepler-589 b,0.1343802619187027,0.44973188319805973,0.036160612753634476,0.008191767564317803,0.37153547456528524,synthetic_turbet2020_based
Kepler-660 b,0.10178390507796953,0.6058206807776629,0.014653117853971116,0.00937619840338325,0.26836609788701316,synthetic_turbet2020_based
K2-58 c,0.06643067797584801,0.48335084266729883,0.021939139032001398,0.008432112152638198,0.41984722817221354,synthetic_turbet2020_based
K2-58 d,0.15509838807535326,0.40280577520124106,0.01734246188637642,0.007751360612727117,0.41700201422430216,synthetic_turbet2020_based
Kepler-560 b,0.22115034730024374,0.105242706493452,0.04855667513280099,0.016049316517622484,0.6090009545558808,synthetic_turbet2020_based
Kepler-550 b,0.12656999600702418,0.4993264390579374,0.039498772809014385,0.007990534891425594,0.32661425723459847,synthetic_turbet2020_based
Kepler-496 b,0.10958306052873397,0.6633798485836128,0.04636294338185942,0.008333282066433457,0.17234086543936034,synthetic_turbet2020_based
KELT-10 b,0.11223465764673721,0.5765904215586553,0.04547513096108083,0.0013093552038370864,0.2643904346296896,synthetic_turbet2020_based
Kepler-712 c,0.6068434716941479,0.02852158074085199,0.043104865787413744,0.0023789186885548076,0.3191511630890316,synthetic_turbet2020_based
K2-59 c,0.09279189274225291,0.6516274760560703,0.01736971240245523,0.0037280470711921615,0.2344828717280295,synthetic_turbet2020_based
K2-59 b,0.12003690906847884,0.4912437135071753,0.04969654735911733,0.0024710141558914106,0.33655181590933714,synthetic_turbet2020_based
Kepler-650 b,0.177490565738038,0.5880399325994877,0.015164947188807539,0.0020663754144632255,0.2172381790592035,synthetic_turbet2020_based
Kepler-728 b,0.12504440840762832,0.5414080685876841,0.019384091964519748,0.00963045223449174,0.3045329788056761,synthetic_turbet2020_based
Kepler-663 b,0.11950696109497864,0.7715243925489311,0.016559989042592753,0.0026511946050701103,0.08975746270842744,synthetic_turbet2020_based
Kepler-1629 b,0.13940415364136777,0.5079502570467291,0.017397514224450416,0.0018521684687197997,0.33339590661873286,synthetic_turbet2020_based
K2-64 b,0.06144060054607458,0.7012673541653706,0.02128652585479266,0.009805772379768714,0.20619974705399347,synthetic_turbet2020_based
K2-63 b,0.07746816912186873,0.5417786600095392,0.02499634477929334,0.005501375134631469,0.35025545095466726,synthetic_turbet2020_based
Kepler-729 b,0.18059538034691802,0.733908083985675,0.010398253234551813,0.004683295602624364,0.07041498683023084,synthetic_turbet2020_based
Kepler-487 b,0.17419050965608732,0.4000791231306841,0.03134558288872975,0.0033352805919988175,0.3910495037324999,synthetic_turbet2020_based
Kepler-618 b,0.1119152823863151,0.5681218799515233,0.02567017762870058,0.009027551099901367,0.2852651089335596,synthetic_turbet2020_based
WASP-129 b,0.1304695413454302,0.7614986895311939,0.03906969629285404,0.004160080638766051,0.06480199219175575,synthetic_turbet2020_based
WASP-133 b,0.12403455223234325,0.5559434152821168,0.043142971128012866,0.0026883803077386737,0.2741906810497884,synthetic_turbet2020_based
K2-69 b,0.19046184233923275,0.6321697977007665,0.03447031815872336,0.005651212602267742,0.13724682919900955,synthetic_turbet2020_based
K2-68 b,0.13317447155673764,0.6670701665691309,0.03620141020403439,0.0029273237998296785,0.16062662787026738,synthetic_turbet2020_based
Kepler-590 b,0.1373660241309611,0.541850576275377,0.03548121223211515,0.005930511222411269,0.2793716761391354,synthetic_turbet2020_based
Kepler-664 b,0.07695199005687389,0.6938935670156144,0.028280537899179607,0.005962973970575234,0.1949109310577568,synthetic_turbet2020_based
K2-75 b,0.15089642973872197,0.6611487095668549,0.039957152803601785,0.002860765557788057,0.14513694233303331,synthetic_turbet2020_based
K2-71 b,0.06655868506060354,0.6676718298697377,0.019439397866627288,0.0020314438169484403,0.24429864338608298,synthetic_turbet2020_based
Kepler-591 b,0.0696856239214112,0.5251200495598056,0.04967148192196981,0.002415342940183765,0.35310750165662963,synthetic_turbet2020_based
HATS-25 b,0.09478048434477018,0.7682936607528572,0.04853232252563211,0.0030595902503636626,0.0853339421263769,synthetic_turbet2020_based
HATS-26 b,0.18206790455759864,0.45556717780920547,0.04046145645202063,0.0011170734458263438,0.32078638773534895,synthetic_turbet2020_based
K2-80 b,0.11099294438614402,0.49893408268695527,0.03816032056636491,0.0011445051821966621,0.35076814717833915,synthetic_turbet2020_based
K2-75 c,0.11973525590772997,0.6786916098979741,0.011868194930007316,0.009076601639169752,0.18062833762511887,synthetic_turbet2020_based
Kepler-736 b,0.10417961110946734,0.46610633289689707,0.019018579841218432,0.004050153359024169,0.40664532279339294,synthetic_turbet2020_based
Kepler-735 b,0.07975626527334383,0.6042315015660812,0.03531726945997424,0.004900870979949923,0.2757940927206508,synthetic_turbet2020_based
Kepler-569 b,0.11405482248426835,0.7126798077474811,0.022040668518315404,0.006604919505165179,0.14461978174476997,synthetic_turbet2020_based
Kepler-592 b,0.1839382377565209,0.4886057460384049,0.03479602920097829,0.00953174602049306,0.2831282409836029,synthetic_turbet2020_based
HATS-27 b,0.12946928824331816,0.7907590894788521,0.022401841767391857,0.006078645033995783,0.05129113547644204,synthetic_turbet2020_based
K2-83 c,0.09665536268014294,0.4014877700269603,0.04989232401782633,0.003160540612335489,0.448804002662735,synthetic_turbet2020_based
K2-84 b,0.19596529778550975,0.6612131306588509,0.04615734435794291,0.009704824723482698,0.08695940247421374,synthetic_turbet2020_based
Kepler-562 b,0.13517438095129747,0.7998765377205033,0.040693196371014796,0.005714331004842161,0.01854155395234225,synthetic_turbet2020_based
Kepler-651 b,0.1482414926286329,0.47770854293063975,0.010441304857613996,0.003311104128464279,0.36029755545464914,synthetic_turbet2020_based
Kepler-593 b,0.11524562925798605,0.49122103474470163,0.03056143591944792,0.006921497280021999,0.3560504027978424,synthetic_turbet2020_based
Kepler-570 b,0.14836907736500565,0.7575057722132514,0.048652763859328395,0.009016255120238997,0.03645613144217552,synthetic_turbet2020_based
Kepler-1650 b,0.14302624390203894,0.4823056618364516,0.04773804636679708,0.0025737435529057592,0.3243563043418066,synthetic_turbet2020_based
K2-178 b,0.07271410737656978,0.527027731162174,0.03294422245353153,0.007133253687872238,0.36018068531985237,synthetic_turbet2020_based
K2-72 c,0.1039878032036908,0.25560445434395,0.017000781963489687,0.02185939406052085,0.6015475664283487,synthetic_turbet2020_based
WASP-53 b,0.09831300886934774,0.532978399559497,0.040414704088378856,0.0013684992598196161,0.3269253882229567,synthetic_turbet2020_based
K2-60 b,0.07947767275884793,0.40892769246097926,0.04113197826847065,0.009853501045286112,0.460609155466416,synthetic_turbet2020_based
Kepler-1651 b,0.14893207388998464,0.6360556723675246,0.04632264853554011,0.003294585877271345,0.16539501932967926,synthetic_turbet2020_based
BD+03 2562 b,0.05996934577070079,0.6039879619888864,0.02041394812695315,0.005059734532128119,0.3105690095813315,synthetic_turbet2020_based
K2-72 e,0.23688995517454284,0.1637663648136139,0.029452983263322137,0.02520607522199607,0.5446846215265251,synthetic_turbet2020_based
K2-72 d,0.06695890051728151,0.746690282962312,0.03805094857720904,0.001371779784998565,0.1469280881581989,synthetic_turbet2020_based
K2-81 b,0.06736796379069596,0.4386057882848096,0.012469741880353108,0.0015315109825649294,0.4800249950615765,synthetic_turbet2020_based
WASP-81 b,0.07356684994043006,0.7391477634119713,0.043129331847927034,0.008048318277505469,0.13610773652216612,synthetic_turbet2020_based
HD 177565 b,0.14220597598078594,0.6893974212854539,0.03953924843361225,0.009003815832769005,0.119853538467379,synthetic_turbet2020_based
GJ 1148 b,0.8197029088907297,0.0762813377218869,0.042163246908539356,0.0060071937033486875,0.055845312775495315,synthetic_turbet2020_based
HD 17674 b,0.1639086370127828,0.11690849551381166,0.02676174241527595,0.013667426867442503,0.6787536981906871,synthetic_turbet2020_based
HATS-22 b,0.07539560473314968,0.40953600470497403,0.022008251641460395,0.009729980401618165,0.4833301585187977,synthetic_turbet2020_based
TYC 4282-00605-1 b,0.10683969089966161,0.49635704242043255,0.026137979085529263,0.0037120466818600967,0.36695324091251647,synthetic_turbet2020_based
K2-132 b,0.15108152343925413,0.6537867044636323,0.011093716310819847,0.0056019084022610665,0.17843614738403257,synthetic_turbet2020_based
WASP-153 b,0.055429953151315575,0.67094530656571,0.04743233322509034,0.009167390908546773,0.21702501614933722,synthetic_turbet2020_based
HATS-23 b,0.08085681681363899,0.6970580590885573,0.04172263884162261,0.00877930779798446,0.17158317745819662,synthetic_turbet2020_based
HD 219134 b,0.08893980062007817,0.580333938388864,0.018860177161463616,0.0012187851149007224,0.31064729871469343,synthetic_turbet2020_based
HD 40956 b,0.1488518941797436,0.5725854471572582,0.019924675222542692,0.008623935525696508,0.2500140479147589,synthetic_turbet2020_based
Ross 128 b,0.2487041919937609,0.2989315354425181,0.041734313077558684,0.0447684479894368,0.3658615114967255,synthetic_turbet2020_based
HD 34445 c,0.1659998373196508,0.44236995958024866,0.012601160026146828,0.009235708953530174,0.3697933341204235,synthetic_turbet2020_based
HD 219134 d,0.07072957820597031,0.5564904602697042,0.034396440462237235,0.002907085149117961,0.33547643591297027,synthetic_turbet2020_based
HD 219134 f,0.08379275655616653,0.5864965369165507,0.024435803658397086,0.00708918100317824,0.2981857218657076,synthetic_turbet2020_based
HD 113996 b,0.06126142932809413,0.595503467791128,0.016970396708620678,0.006460525081006733,0.3198041810911506,synthetic_turbet2020_based
HD 34445 d,0.06743199376405147,0.4790527466117655,0.04215555931373254,0.0031165029103421243,0.4082431974001084,synthetic_turbet2020_based
HD 34445 g,0.8211196016381477,0.03457564297193719,0.019401100209353244,0.003692393045931407,0.12121126213463052,synthetic_turbet2020_based
Kepler-20 g,0.18213979766341232,0.5588662637346913,0.01975042119535895,0.005829755263272219,0.23341376214326526,synthetic_turbet2020_based
Kepler-80 g,0.10784621176777036,0.7160790079086653,0.04961782473252111,0.0057391699839925035,0.12071778560705082,synthetic_turbet2020_based
GJ 3293 c,0.7355246692958548,0.04087318584824971,0.04893354929080551,0.005349549484042138,0.16931904608104786,synthetic_turbet2020_based
GJ 3293 b,0.15339905798081482,0.2938431810769352,0.04843528503997428,0.027429002093403064,0.4768934738088726,synthetic_turbet2020_based
Wolf 1061 b,0.10222790195494358,0.6721749786754542,0.0431569652314244,0.005486789190551748,0.17695336494762604,synthetic_turbet2020_based
Kepler-1652 b,0.19924389731591002,0.16027880217260268,0.023063949088576723,0.014721317604896401,0.6026920338180142,synthetic_turbet2020_based
Wolf 1061 c,0.33358613090656264,0.12099197270382729,0.02593257979735411,0.0433977334856346,0.47609158310662136,synthetic_turbet2020_based
HATS-50 b,0.110615884353785,0.517904719170381,0.04793014895213069,0.002138893781797096,0.3214103537419063,synthetic_turbet2020_based
tau Cet f,0.8654561708353423,0.015586911886312414,0.0265411765141028,0.006685489499480804,0.08573025126476164,synthetic_turbet2020_based
WASP-91 b,0.10550575762125214,0.6138425683845834,0.01816006666348729,0.0061213106572015315,0.25637029667347566,synthetic_turbet2020_based
HD 9174 b,0.6403676150697715,0.08164866844806187,0.03335159653768519,0.005337389033369674,0.23929473091111186,synthetic_turbet2020_based
HD 68402 b,0.6164000387499243,0.05497969023250501,0.03254277721444961,0.0033910076206644813,0.2926864861824565,synthetic_turbet2020_based
GJ 3138 b,0.1516385511362333,0.43070605948540824,0.01834756325793983,0.007637936655918117,0.39166988946450043,synthetic_turbet2020_based
WASP-105 b,0.07208333283890363,0.49821952784904644,0.036034213916175374,0.007559575334300012,0.3861033500615746,synthetic_turbet2020_based
HD 147873 c,0.05772338819351481,0.45063576530088606,0.02784472023373051,0.006335154503489767,0.45746097176837885,synthetic_turbet2020_based
HD 128356 b,0.7361343703036832,0.06823629935305822,0.040239716260878355,0.009545894627571123,0.14584371945480912,synthetic_turbet2020_based
GJ 3138 d,0.7049642139388341,0.024679429165401952,0.020563360171528156,0.0023334800054661195,0.24745951671876965,synthetic_turbet2020_based
TYC 3318-01333-1 b,0.10913684629593742,0.7490269063606263,0.023882395877774264,0.002339404320003371,0.1156144471456586,synthetic_turbet2020_based
GJ 625 b,0.2567898646068908,0.298388763332028,0.01752724874675038,0.041114998070268874,0.38617912524406195,synthetic_turbet2020_based
GJ 3323 c,0.8470076830722908,0.04612045091509017,0.034782057546580994,0.004891361056760698,0.06719844740927727,synthetic_turbet2020_based
BD+48 740 b,0.08934904048099579,0.5704475200289442,0.013811605465202863,0.007362605022948035,0.3190292290019091,synthetic_turbet2020_based
K2-21 b,0.17437895474439563,0.5229599733481931,0.0326590729751993,0.003089336788354928,0.266912662143857,synthetic_turbet2020_based
K2-4 b,0.06911906752592176,0.665447426044864,0.015364303860316494,0.008037811622855506,0.2420313909460422,synthetic_turbet2020_based
K2-21 c,0.09076318231263862,0.7274053572010644,0.02474018297561708,0.004319583333786864,0.15277169417689307,synthetic_turbet2020_based
WASP-141 b,0.16258591410087264,0.6041063098541886,0.018039097056394955,0.008653676932480916,0.20661500205606298,synthetic_turbet2020_based
K2-31 b,0.10102298138536395,0.4411107043353606,0.026640041796915107,0.006165655868527111,0.4250606166138332,synthetic_turbet2020_based
GJ 3293 e,0.14148280009086464,0.7342431381215281,0.031656272951738985,0.003013394347606151,0.08960439448826207,synthetic_turbet2020_based
GJ 3293 d,0.6784998992207724,0.01907565294649624,0.03943697156945047,0.001953473918497822,0.261034002344783,synthetic_turbet2020_based
K2-149 b,0.14087189484121934,0.6387789576186453,0.04142014227901431,0.00167166729716879,0.17725733796395216,synthetic_turbet2020_based
KELT-21 b,0.0804367015266757,0.7638249508092554,0.03288947317848049,0.005119211917990707,0.11772966256759776,synthetic_turbet2020_based
K2-125 b,0.32430287963868454,0.2805060902178317,0.020520385477981958,0.046059025152453734,0.32861161951304807,synthetic_turbet2020_based
V830 Tau b,0.06630419390611306,0.7910732190919513,0.016594073003984407,0.003396127317420646,0.12263238668053056,synthetic_turbet2020_based
HATS-31 b,0.0644890910137462,0.7214706027546403,0.04936928248166716,0.0036727885771279133,0.16099823517281842,synthetic_turbet2020_based
Kepler-150 f,0.6976835881205381,0.03510819130420023,0.016193124008597005,0.008086997950648234,0.2429280986160165,synthetic_turbet2020_based
Qatar-3 b,0.05910797600136837,0.7871096521897132,0.04709262098036193,0.002065951767558218,0.10462379906099828,synthetic_turbet2020_based
K2-128 b,0.12942857768157237,0.7971405434577348,0.04410476996193706,0.0074362035336270355,0.021889905365128803,synthetic_turbet2020_based
HATS-34 b,0.05336914181613529,0.4273509781472966,0.041760683937707696,0.0043880036877187185,0.47313119241114165,synthetic_turbet2020_based
KELT-18 b,0.15026478161885715,0.6956726508172633,0.026887367101003562,0.0022904357563070157,0.12488476470656895,synthetic_turbet2020_based
K2-35 c,0.10800417546188179,0.7484193769274419,0.02324343116127915,0.0015638449833511574,0.11876917146604604,synthetic_turbet2020_based
HATS-35 b,0.1938697125777173,0.6722707635895474,0.031634270077502635,0.008461966120131142,0.09376328763510156,synthetic_turbet2020_based
K2-116 b,0.1116741017145644,0.7940463176042382,0.04430292277591295,0.003524902674903917,0.04645175523038059,synthetic_turbet2020_based
XO-6 b,0.10565719807664599,0.5102971856793783,0.03637363371392955,0.0067539873796066425,0.3409179951504395,synthetic_turbet2020_based
HD 6434 b,0.12837588102690756,0.7863361498291325,0.028891011527107588,0.008053501547769088,0.0483434560690833,synthetic_turbet2020_based
HD 68988 b,0.14871426757650047,0.6072739760578674,0.011683804288455932,0.006917455214381185,0.22541049686279502,synthetic_turbet2020_based
HD 220074 b,0.14638926264143381,0.44994959783701927,0.041836599014426636,0.005202946751005379,0.3566215937561149,synthetic_turbet2020_based
WASP-58 b,0.09862190216072131,0.7295837543383864,0.02373483837991295,0.006596657121554438,0.14146284799942488,synthetic_turbet2020_based
HATS-39 b,0.14268722021847385,0.4211223930293068,0.02691334522298864,0.0030050087493876084,0.40627203277984314,synthetic_turbet2020_based
HD 137388 b,0.6598711985703167,0.0689465699764489,0.010456399811430149,0.009721710803930469,0.2510041208378738,synthetic_turbet2020_based
HD 13931 b,0.7186173018014463,0.036892317560041465,0.0467989759974983,0.005380049278961605,0.19231135536205224,synthetic_turbet2020_based
HD 7199 b,0.7842975754455833,0.07262656737732653,0.04485645093937854,0.002167677908353505,0.09605172832935815,synthetic_turbet2020_based
HD 75289 b,0.06224797686380355,0.7974843137338957,0.01035535206504282,0.0073737527825352344,0.12253860455472265,synthetic_turbet2020_based
WASP-72 b,0.14165980429379316,0.6210204086836668,0.04143311836720374,0.009932256528719128,0.18595441212661723,synthetic_turbet2020_based
HATS-40 b,0.05703287322408911,0.6458121970572721,0.03867110674156203,0.0037534537555571675,0.2547303692215196,synthetic_turbet2020_based
HATS-41 b,0.1839292077381397,0.5827971365798847,0.01657913847807787,0.008689670344182701,0.208004846859715,synthetic_turbet2020_based
HD 142022 A b,0.8828776861273933,0.018956342653186926,0.040067234686182125,0.0029351279724869773,0.055163608560750754,synthetic_turbet2020_based
HD 145377 b,0.05100833265035326,0.5042455291541553,0.04419639340882988,0.0022706548910535916,0.3982790898956079,synthetic_turbet2020_based
HD 76700 b,0.0696003324497691,0.6956190824800625,0.026254385542585523,0.002336374652811418,0.20618982487477133,synthetic_turbet2020_based
HD 82886 b,0.08450005647232578,0.7178407699942418,0.034930751602320786,0.007848358953098487,0.15488006297801316,synthetic_turbet2020_based
HD 24040 b,0.6293319716964113,0.05122938545647413,0.04188425003125329,0.0033921347578158793,0.2741622580580454,synthetic_turbet2020_based
HD 222155 b,0.6507566905128086,0.044360550443547295,0.02333519895355123,0.0026692550099398325,0.2788783050801531,synthetic_turbet2020_based
HD 158996 b,0.19309173880343883,0.5932393618221761,0.03432305424439699,0.0020899621787463557,0.17725588295124184,synthetic_turbet2020_based
KPS-1 b,0.14150526321972695,0.6221290772833855,0.047277173110921306,0.004710851209648394,0.18437763517631778,synthetic_turbet2020_based
HD 154672 b,0.1673093150714326,0.5216723913848489,0.033157614253115225,0.009342733575197784,0.26851794571540544,synthetic_turbet2020_based
KELT-6 b,0.14376069661383445,0.6844634735066033,0.04503938100810362,0.009328819269779198,0.11740762960167939,synthetic_turbet2020_based
HAT-P-49 b,0.08124123128046007,0.4783352126516741,0.032019045076351435,0.00995964738675725,0.39844486360475706,synthetic_turbet2020_based
K2-155 c,0.123522848496617,0.5323619852413709,0.03149045099732354,0.0015795619670413168,0.31104515329764726,synthetic_turbet2020_based
HD 158038 b,0.07658101554648711,0.45956816693860403,0.011116621802842074,0.007499910727407556,0.4452342849846592,synthetic_turbet2020_based
HR 810 b,0.1976423637585471,0.13370726224841795,0.03048975082102494,0.022937776238882594,0.6152228469331273,synthetic_turbet2020_based
BD-13 2130 b,0.10895266561971187,0.5262127268247245,0.010159340574353286,0.007194959779770326,0.34748030720143996,synthetic_turbet2020_based
HD 285507 b,0.06660357181010895,0.4876569588251878,0.01761268174255326,0.003982305659488368,0.42414448196266163,synthetic_turbet2020_based
WASP-117 b,0.07402965192445342,0.5387808496751817,0.01973057383230937,0.0015509360185516994,0.3659079885495038,synthetic_turbet2020_based
K2-155 d,0.1805844465754744,0.5222324428394847,0.013811285855055222,0.005693737410569107,0.27767808731941657,synthetic_turbet2020_based
HD 16175 b,0.13698265551064098,0.2546186402913694,0.012463117729593583,0.028585437997769254,0.5673501484706268,synthetic_turbet2020_based
HD 16141 b,0.19157394951736678,0.4635876214633654,0.01805474707621992,0.006404184202556942,0.320379497740491,synthetic_turbet2020_based
WASP-11 b,0.19697811073930094,0.5543342993142375,0.03594580371108826,0.0023708535650347057,0.21037093267033857,synthetic_turbet2020_based
WASP-13 b,0.14620956998964535,0.5010648259819573,0.03453150429965322,0.001797950872752485,0.31639614885599154,synthetic_turbet2020_based
WASP-95 b,0.1287453532557994,0.4949619978692962,0.03726834813317653,0.00772902808361484,0.3312952726581131,synthetic_turbet2020_based
WASP-97 b,0.1772213795839096,0.7969581475676328,0.02837419118612928,0.0070353497548659195,-0.009589068092537678,synthetic_turbet2020_based
11 UMi b,0.052763557437818256,0.7620348133224845,0.03462972582114316,0.004792104813459134,0.14577979860509493,synthetic_turbet2020_based
BD-08 2823 b,0.11514691141409761,0.7031982585441583,0.04333880014143576,0.008271133086833667,0.13004489681347464,synthetic_turbet2020_based
HD 1690 b,0.12658769795705357,0.5484586550272127,0.04782157445662143,0.00670779572293189,0.2704242768361804,synthetic_turbet2020_based
WASP-14 b,0.13154801134913174,0.6393275728113171,0.035194660327451305,0.007417655956962137,0.1865120995551377,synthetic_turbet2020_based
WASP-101 b,0.1329777042561749,0.7501421417829914,0.04438856857094865,0.004980319701875537,0.06751126568800958,synthetic_turbet2020_based
BD-10 3166 b,0.07528041681883049,0.6306622855084404,0.034829580885247284,0.005710416165583617,0.25351730062189826,synthetic_turbet2020_based
GJ 86 b,0.18358667199109496,0.43720810280974637,0.02149674019340802,0.008792108616903568,0.3489163763888471,synthetic_turbet2020_based
WASP-22 b,0.19091199695333083,0.5703700298810275,0.017705759273637517,0.004782965468589414,0.21622924842341484,synthetic_turbet2020_based
HD 95127 b,0.11842496681362041,0.6078277512650201,0.020974123207318045,0.0038136466640514024,0.24895951204999012,synthetic_turbet2020_based
WASP-82 b,0.1483381447019138,0.6487176603986557,0.036484100604613386,0.00439556484877823,0.16206452944603877,synthetic_turbet2020_based
HD 204941 b,0.7009370515499677,0.04163848056756451,0.048047059419586736,0.004557205928298906,0.20482020253458222,synthetic_turbet2020_based
WASP-29 b,0.14091985945068886,0.6091372748666155,0.045048872639779684,0.0043220512070153115,0.20057194183590066,synthetic_turbet2020_based
WASP-26 b,0.11512166665342559,0.7371177155128842,0.016438304561196233,0.0063486509308777,0.12497366234161633,synthetic_turbet2020_based
HAT-P-22 b,0.1099862311465706,0.7943166235700911,0.03885536467202479,0.0010950063652551537,0.05574677424605834,synthetic_turbet2020_based
HAT-P-24 b,0.1759210850669966,0.6812718624725247,0.032438436623305734,0.003125156282958854,0.10724345955421422,synthetic_turbet2020_based
HD 212301 b,0.07239749756115355,0.6513598251433672,0.027597610912550558,0.008754582810080168,0.2398904835728486,synthetic_turbet2020_based
WASP-38 b,0.0893560355416507,0.6550079923384996,0.019953721466360708,0.0067268537118395965,0.22895539694164946,synthetic_turbet2020_based
HAT-P-29 b,0.057251696332357,0.5566829707257539,0.016907424634630054,0.006453405966011272,0.36270450234124774,synthetic_turbet2020_based
HD 213240 b,0.19501841595331953,0.2543065235353499,0.01458377441720073,0.03224852267676969,0.5038427634173601,synthetic_turbet2020_based
HD 215497 b,0.13905167944124824,0.4088416398880264,0.011439428434019945,0.0037741615509521657,0.4368930906857533,synthetic_turbet2020_based
WASP-41 b,0.14136131591178683,0.7850519980648827,0.013631340399546521,0.007328464958897252,0.052626880664886744,synthetic_turbet2020_based
WASP-48 b,0.15390741831841653,0.6677896974013908,0.030645893661288073,0.009701433555491294,0.13795555706341323,synthetic_turbet2020_based
HAT-P-5 b,0.1252662707733022,0.7353188316796831,0.020500824114986556,0.008256776493761697,0.11065729693826643,synthetic_turbet2020_based
HAT-P-6 b,0.19948186009084,0.7640343951095041,0.022162868750077815,0.008615417282635596,0.005705458766942506,synthetic_turbet2020_based
HD 218566 b,0.12857713690861594,0.23554151192261052,0.02368584931946746,0.036346803583823924,0.5758486982654821,synthetic_turbet2020_based
HD 240237 b,0.11183735113691981,0.403613259930129,0.01925106216191804,0.001381476095724844,0.4639168506753083,synthetic_turbet2020_based
XO-1 b,0.11409048841997771,0.7360285146912733,0.03951987035900313,0.008100209676196592,0.10226091685354921,synthetic_turbet2020_based
XO-4 b,0.1710799473207094,0.5487759152173902,0.030241029179735944,0.00557606053076861,0.2443270477513958,synthetic_turbet2020_based
HD 101930 b,0.06698127754041086,0.6392568488513097,0.03880719116001342,0.006498710372019649,0.24845597207624637,synthetic_turbet2020_based
HD 2638 b,0.16189489020642842,0.4475565072499427,0.04045635785336709,0.0028732609303162883,0.34721898375994553,synthetic_turbet2020_based
HD 30562 b,0.8630480468518599,0.0320438181115716,0.029679695347617607,0.005385396669909709,0.0698430430190412,synthetic_turbet2020_based
KELT-2 A b,0.09032754805880203,0.5446838337678378,0.01742386996302368,0.006130906277126946,0.34143384193320947,synthetic_turbet2020_based
Pr0201 b,0.18695420380002203,0.5266430289446602,0.030322504390858304,0.008756925507177847,0.24732333735728163,synthetic_turbet2020_based
HD 102195 b,0.1178748570418209,0.7325041313831678,0.02785562660679479,0.0049621822003978605,0.11680320276781864,synthetic_turbet2020_based
HD 102117 b,0.0735859943269013,0.4499915297706456,0.03445986977177951,0.008446001722108486,0.4335166044085651,synthetic_turbet2020_based
HD 330075 b,0.07031097302752905,0.7640375784427951,0.024355192074573456,0.0048273148586873964,0.13646894159641498,synthetic_turbet2020_based
HD 34445 b,0.8683360206054387,0.09066668052892658,0.03099435507646288,0.003490884500080068,0.0065120592890918205,synthetic_turbet2020_based
HD 77338 b,0.07579092085072639,0.5086320189722187,0.041225095905005,0.003921317219922846,0.37043064705212714,synthetic_turbet2020_based
HAT-P-40 b,0.1541842191549513,0.4780803289118389,0.029140145307555987,0.0041689559445294,0.33442635068112436,synthetic_turbet2020_based
HD 215152 c,0.12554184849803462,0.6279781163680707,0.04963739858537781,0.00909905542470282,0.18774358112381406,synthetic_turbet2020_based
HD 215152 d,0.15437997162862863,0.4614973882121675,0.046761142253568734,0.009033274636371998,0.32832822326926303,synthetic_turbet2020_based
HD 103197 b,0.18300551451113584,0.5916067457412224,0.016828268442442274,0.007789628934720295,0.20076984237047923,synthetic_turbet2020_based
HD 108874 b,0.21655451169712708,0.16891365793844698,0.025631280502371095,0.03236282229863249,0.5565377275634223,synthetic_turbet2020_based
HD 40979 b,0.10002782461162385,0.6759682443992474,0.0359089518297465,0.005579763524442104,0.1825152156349401,synthetic_turbet2020_based
HD 4203 b,0.11619196950564858,0.2873085364742345,0.026467851324815606,0.02797812777143549,0.5420535149238659,synthetic_turbet2020_based
WASP-49 b,0.11840487683647487,0.5460111832953877,0.03698351642472039,0.0011252592624146436,0.2974751641810024,synthetic_turbet2020_based
HD 121504 b,0.18102624939660183,0.44097561010782416,0.0499885470041927,0.0066527436625904894,0.32135684982879076,synthetic_turbet2020_based
HD 47186 b,0.059936971115702606,0.6249748237707364,0.023252311698624586,0.009577389008136105,0.2822585044068002,synthetic_turbet2020_based
WASP-66 b,0.16332065071728274,0.6028058674593746,0.02719109598029898,0.00996281979210583,0.19671956605093788,synthetic_turbet2020_based
WASP-67 b,0.15010761274411416,0.6055718969564964,0.025917764696811812,0.003921245716965057,0.2144814798856125,synthetic_turbet2020_based
K2-197 b,0.1558129135702444,0.6351542059624109,0.0439273934121573,0.0059820465097303694,0.15912344054545702,synthetic_turbet2020_based
HD 185269 b,0.1373497085197716,0.5909425979372722,0.04050483785164266,0.004734929584886664,0.22646792610642685,synthetic_turbet2020_based
HD 181342 b,0.17779094070948726,0.53081790446192,0.03770500185523862,0.009036738091896871,0.2446494148814573,synthetic_turbet2020_based
K2-240 b,0.1653610795544182,0.5370432570063806,0.03825356011803092,0.002862863331489763,0.2564792399896805,synthetic_turbet2020_based
CoRoT-20 c,0.6174495238355427,0.08122435656803657,0.04232036460926662,0.0012063784502403775,0.25779937653691365,synthetic_turbet2020_based
HD 89345 b,0.19216925208049607,0.5783599307620677,0.04621088589741557,0.008093570730804162,0.1751663605292164,synthetic_turbet2020_based
WASP-158 b,0.18509802917130685,0.7333502532468275,0.04895981478347297,0.006661909011482082,0.02592999378691052,synthetic_turbet2020_based
HD 200964 b,0.08408882705787532,0.555825252293195,0.04007516994476325,0.002412723509227554,0.3175980271949389,synthetic_turbet2020_based
K2-238 b,0.18947635042685296,0.48211156545157263,0.045038989527184416,0.005353515503547291,0.27801957909084263,synthetic_turbet2020_based
WASP-162 b,0.17609302225570111,0.7833182789911116,0.026885898083028992,0.007269440868261133,0.006433359801897187,synthetic_turbet2020_based
WASP-168 b,0.08400764051140278,0.7203142866714154,0.0427970259713243,0.0036572113362951645,0.14922383550956242,synthetic_turbet2020_based
HD 28678 b,0.05362111437060348,0.5724821007119298,0.01680002136980848,0.008366959722419857,0.3487298038252383,synthetic_turbet2020_based
HD 30856 b,0.08916459170257343,0.7774771170186109,0.04887235844307557,0.009179523316634155,0.07530640951910594,synthetic_turbet2020_based
K2-244 b,0.13994217165592615,0.5069712015943664,0.04229033659332144,0.00731435843087213,0.30348193172551385,synthetic_turbet2020_based
K2-266 b,0.1965752520575394,0.5509008029264955,0.012350719966708806,0.009985476959550519,0.23018774808970577,synthetic_turbet2020_based
K2-266 c,0.17573954591583135,0.48859587531941967,0.03902511463598616,0.0010062115755830037,0.29563325255317985,synthetic_turbet2020_based
WASP-173 A b,0.1336713586825371,0.5451352964006514,0.025253321649505077,0.0032006782555486827,0.2927393450117577,synthetic_turbet2020_based
HD 5319 b,0.09122678234500162,0.5818674655424605,0.019925801419111024,0.005197959521824942,0.301781991171602,synthetic_turbet2020_based
K2-159 b,0.13660215808556836,0.684444569141004,0.03708582602731272,0.0031779034579407102,0.13868954328817418,synthetic_turbet2020_based
K2-266 e,0.05587843856421697,0.7330727464372523,0.04489251371858373,0.009810005677599445,0.15634629560234758,synthetic_turbet2020_based
K2-266 d,0.1939567335854282,0.6535256106771936,0.04577086815766313,0.005032075773892498,0.10171471180582248,synthetic_turbet2020_based
WASP-147 b,0.16810034595875645,0.7821338169026871,0.04185114228830657,0.004741888293566204,0.003172806556683616,synthetic_turbet2020_based
WASP-160 B b,0.10666388706001476,0.516617101674929,0.0246825409725531,0.008385189956129828,0.3436512803363734,synthetic_turbet2020_based
HD 95089 c,0.3104500963655731,0.1499758359083449,0.03846140514331001,0.025175818641599686,0.4759368439411723,synthetic_turbet2020_based
K2-166 b,0.13366587605549682,0.5481477091077385,0.030865174115433602,0.007568235055832903,0.2797530056654981,synthetic_turbet2020_based
HATS-36 b,0.15966959759307486,0.701273031720438,0.025641551819607845,0.007214458986220186,0.10620135988065915,synthetic_turbet2020_based
WASP-165 b,0.0858067447170624,0.5909713681679463,0.03332427667213106,0.00717833968544823,0.2827192707574121,synthetic_turbet2020_based
HD 96063 b,0.18679939876313761,0.5219074546159164,0.043811436585798384,0.003800118268083977,0.24368159176706372,synthetic_turbet2020_based
K2-228 b,0.13278641285529907,0.7312399389699198,0.03892598421078762,0.008765827019895967,0.08828183694409752,synthetic_turbet2020_based
K2-283 b,0.17223217887745604,0.5105389047738149,0.04971746686847245,0.009432985889863656,0.258078463590393,synthetic_turbet2020_based
K2-151 b,0.11452619318574347,0.4188837902755505,0.022139866927565206,0.008525372775367843,0.435924776835773,synthetic_turbet2020_based
K2-281 b,0.19263056292482506,0.7326687817039531,0.025869729464183845,0.0015088284971769813,0.04732209740986104,synthetic_turbet2020_based
K2-216 b,0.12763742660143113,0.550553003545263,0.014918895487123392,0.0019526801175019496,0.3049379942486805,synthetic_turbet2020_based
HD 5319 c,0.14591106509682875,0.14116473467692794,0.04015145637461888,0.025268138820028315,0.6475046050315961,synthetic_turbet2020_based
K2-230 b,0.11554071952927682,0.6393525339932472,0.048405339097280654,0.0078082214401030475,0.1888931859400923,synthetic_turbet2020_based
K2-188 b,0.14685689208218017,0.6975328534431272,0.038771700844743504,0.007212243348948492,0.10962631028100067,synthetic_turbet2020_based
GJ 96 b,0.24892213584995704,0.21336941602799572,0.028459658657957874,0.02579833988187992,0.4834504495822094,synthetic_turbet2020_based
HD 94834 b,0.1812304215268759,0.17104264025247803,0.027141184692386175,0.03317517619937944,0.5874105773288805,synthetic_turbet2020_based
K2-153 b,0.1249812645804521,0.44317958171090366,0.023598946218290416,0.004385741217414671,0.4038544662729392,synthetic_turbet2020_based
HATS-11 b,0.15603889476696386,0.5331568337421818,0.010318232623385515,0.001759029609970375,0.2987270092574985,synthetic_turbet2020_based
K2-241 b,0.1245497626955345,0.47539820170894825,0.02978489645116931,0.006167848348775103,0.3640992907955728,synthetic_turbet2020_based
K2-117 c,0.1900156853854032,0.662231969739528,0.011241628905337309,0.004426574664563601,0.13208414130516788,synthetic_turbet2020_based
K2-284 b,0.1690185456172308,0.5042249823959712,0.046998922860009645,0.0057610963770727405,0.2739964527497155,synthetic_turbet2020_based
HD 12648 b,0.06386715377333088,0.49666821607211215,0.046251967963546504,0.00992313776057329,0.3832895244304372,synthetic_turbet2020_based
K2-243 b,0.17945238388510304,0.5282706738607685,0.04075276050040394,0.0030000487923663014,0.24852413296135833,synthetic_turbet2020_based
K2-117 b,0.10767834311721916,0.6788672514402789,0.048756053567382475,0.004952784491032664,0.15974556738408685,synthetic_turbet2020_based
K2-312 c,0.748750926310001,0.029815167605594904,0.026128909709974606,0.0015671674692607994,0.19373782890516877,synthetic_turbet2020_based
K2-245 b,0.17878788434402582,0.40933383568568016,0.03734098338373407,0.0034589953130875037,0.3710783012734725,synthetic_turbet2020_based
K2-270 c,0.12141641480497427,0.512623376039903,0.026002826721076178,0.005921000977771413,0.3340363814562751,synthetic_turbet2020_based
HATS-59 b,0.1461340117148292,0.7761144572396466,0.023288036071025916,0.006263717616763768,0.04819977735773451,synthetic_turbet2020_based
KELT-15 b,0.18525832208123666,0.5160927231801371,0.04460199924501924,0.009617995867508642,0.24442895962609823,synthetic_turbet2020_based
K2-247 b,0.17712405584403706,0.6279442005366388,0.0388846215997318,0.005329592816959394,0.15071752920263282,synthetic_turbet2020_based
EPIC 211945201 b,0.13958837066746027,0.7897896267913089,0.020044822246221797,0.008132924102865797,0.04244425619214309,synthetic_turbet2020_based
CoRoT-21 b,0.1259349724632205,0.47074930137274906,0.03574141522817776,0.00813184215881569,0.359442468777037,synthetic_turbet2020_based
70 Vir b,0.13531337289850542,0.7349731203966637,0.024634744563479492,0.009223914690886983,0.09585484745046435,synthetic_turbet2020_based
K2-39 b,0.1472480149979491,0.7212637299726252,0.02091940499433232,0.00501515480712625,0.10555369522796709,synthetic_turbet2020_based
K2-248 b,0.18644261176102184,0.42035822020075264,0.026159268542527224,0.008022867922484522,0.35901703157321374,synthetic_turbet2020_based
K2-276 b,0.16157220352670032,0.7406491323077465,0.03957561338714973,0.009523829342521058,0.048679221435882325,synthetic_turbet2020_based
HD 102956 b,0.12473893330250689,0.6497159347413164,0.043908230342409066,0.007315218548707125,0.17432168306506057,synthetic_turbet2020_based
HD 108863 b,0.06530850783105038,0.5467985810379167,0.03210363193327488,0.007792457894754121,0.3479968213030039,synthetic_turbet2020_based
HATS-46 b,0.131535135322786,0.7110196965535168,0.04350437905851632,0.00338615443265663,0.11055463463252424,synthetic_turbet2020_based
HATS-7 b,0.14241472597431704,0.6228441509923133,0.01909269010619471,0.005408902803131483,0.2102395301240435,synthetic_turbet2020_based
K2-252 b,0.1322852426853076,0.7269359500823459,0.02843957498569121,0.001728243842283545,0.11061098840437178,synthetic_turbet2020_based
K2-188 c,0.1230943937348311,0.7351803777505731,0.032850218093101825,0.0038697870493199617,0.105005223372174,synthetic_turbet2020_based
HD 131496 b,0.3762912843952776,0.13113027692521234,0.02307510609973209,0.027485387625183197,0.4420179449545948,synthetic_turbet2020_based
HD 1502 b,0.16069668318888147,0.7342987168503045,0.012342419049807977,0.008128322384172352,0.0845338585268337,synthetic_turbet2020_based
NGTS-3 A b,0.1580792622875995,0.7578609219247265,0.04601771963302169,0.007997730027944037,0.030044366126708244,synthetic_turbet2020_based
K2-254 b,0.07853040263955306,0.5255486026624203,0.04745278795393992,0.006383559698684721,0.342084647045402,synthetic_turbet2020_based
K2-192 b,0.13081411015839317,0.7662837760175994,0.04496794296398659,0.007547465379847428,0.05038670548017343,synthetic_turbet2020_based
K2-239 c,0.18233784562393157,0.4455339908781936,0.04030175866399632,0.009690761819771812,0.3221356430141067,synthetic_turbet2020_based
K2-258 b,0.05734651884221066,0.4892182607162537,0.04175873555461676,0.005680424479875872,0.40599606040704306,synthetic_turbet2020_based
HD 70642 b,0.6259855063623784,0.03411622262404191,0.022962383996905908,0.0038895644966135392,0.31304632252006037,synthetic_turbet2020_based
HATS-69 b,0.18165091242032477,0.6648145829432166,0.03939669113476048,0.0011221307999969643,0.11301568270170115,synthetic_turbet2020_based
HD 202696 b,0.11412680044406479,0.5271282512262108,0.04407701608960695,0.009584826885278667,0.30508310535483896,synthetic_turbet2020_based
HD 202696 c,0.1135011274380508,0.7892242458285195,0.010574368161750725,0.003931474637877453,0.08276878393380149,synthetic_turbet2020_based
HD 117618 b,0.16623967668949252,0.5440398521900133,0.046838493215116656,0.0029661840324831748,0.2399157938728943,synthetic_turbet2020_based
NGTS-4 b,0.16935000909921663,0.4806809009610098,0.017884196706913505,0.005011744225449469,0.3270731490074106,synthetic_turbet2020_based
K2-295 b,0.19174108824954988,0.6341819847609393,0.035401315794943204,0.0010875940522175457,0.13758801714235003,synthetic_turbet2020_based
HIP 79098 AB b,0.05849228069476478,0.4267736102644094,0.04278568698644929,0.0031316690958250203,0.4688167529585515,synthetic_turbet2020_based
Kepler-730 b,0.09932572769581136,0.6439811114515923,0.03335817270613277,0.0046947654781159635,0.2186402226683476,synthetic_turbet2020_based
K2-133 c,0.05064503090522578,0.5798410300203263,0.03955530462880093,0.0031171538379290986,0.3268414806077179,synthetic_turbet2020_based
K2-133 d,0.1562537015410727,0.4060611279269113,0.04632031217258127,0.009550352868902118,0.38181450549053253,synthetic_turbet2020_based
HAT-P-25 b,0.0503692225136839,0.583127365522605,0.026552877609546763,0.00857695020327556,0.3313735841508888,synthetic_turbet2020_based
HD 89744 b,0.1311082386984903,0.6445461879744204,0.018100240123456898,0.0016935820119737281,0.20455175119165858,synthetic_turbet2020_based
HD 65216 c,0.8076993291547876,0.06586083927724856,0.04329314935933112,0.0086021510269785,0.07454453118165416,synthetic_turbet2020_based
K2-133 e,0.289310582191881,0.2076722765900576,0.04656033076047404,0.04205056543409269,0.41440624502349466,synthetic_turbet2020_based
K2-290 c,0.18236374924513676,0.7983363593095971,0.0261402315106605,0.007452411960616758,-0.014292752026011213,synthetic_turbet2020_based
HAT-P-34 b,0.15321017228473677,0.46965708533312,0.03546194398772173,0.004852803482910135,0.3368179949115113,synthetic_turbet2020_based
HAT-P-36 b,0.11759533851705668,0.4720551959416228,0.03978957384543875,0.007281468907104303,0.3632784227887773,synthetic_turbet2020_based
K2-52 b,0.12984352085032455,0.4626876764903286,0.03227459141428507,0.0019012007993231834,0.3732930104457385,synthetic_turbet2020_based
K2-53 b,0.10090580392133848,0.5489431371170852,0.04533701570162579,0.004740058678999467,0.300073984580951,synthetic_turbet2020_based
K2-293 b,0.13977048029386957,0.7499115951615936,0.027030377550225186,0.00895333168063659,0.07433421531367512,synthetic_turbet2020_based
TOI-172 b,0.07046919687899597,0.545937262863984,0.013789089962658582,0.006048366663531563,0.3637560836308298,synthetic_turbet2020_based
HAT-P-9 b,0.19359230906117036,0.6627807341285061,0.035043024693949945,0.003503427690188245,0.10508050442618522,synthetic_turbet2020_based
HATS-24 b,0.1896660137934683,0.5886139139102778,0.02068008212183277,0.00988929982389707,0.1911506903505239,synthetic_turbet2020_based
K2-90 b,0.11346859006921087,0.5485995929638177,0.011398450691953377,0.0026046547583021434,0.323928711516716,synthetic_turbet2020_based
K2-294 b,0.1713787032608421,0.5930780418408601,0.04819498907700775,0.001754972229012232,0.18559329359227794,synthetic_turbet2020_based
GJ 685 b,0.14239151635976477,0.6879936590173261,0.03484732505858414,0.0057688980411327,0.1289986015231923,synthetic_turbet2020_based
K2-308 b,0.13674474805080666,0.6758198365505681,0.04453054174550117,0.004027101798562173,0.13887777185456196,synthetic_turbet2020_based
Kepler-9 c,0.11894811206625017,0.6543638346468683,0.0225686380930579,0.002609045793520258,0.20151036940030342,synthetic_turbet2020_based
K2-124 b,0.19492531351672,0.47789155551849494,0.019309323816090032,0.006568174904343332,0.3013056322443516,synthetic_turbet2020_based
HD 92788 b,0.12321049297645084,0.10680953076304132,0.012560544152213944,0.014930545831430733,0.7424888862768632,synthetic_turbet2020_based
Kepler-25 c,0.11437952932012808,0.7317042573857966,0.023678875723821095,0.004847782731826778,0.1253895548384275,synthetic_turbet2020_based
WASP-33 b,0.14003766392538006,0.5208577702495045,0.02730151515071922,0.004476805181779247,0.3073262454926169,synthetic_turbet2020_based
HD 134060 c,0.7025650624950059,0.044955385253383384,0.010444708416482533,0.008976346013094261,0.23305849782203392,synthetic_turbet2020_based
WASP-177 b,0.19660201961730367,0.7449984765664553,0.010229690962169666,0.007757969920251598,0.04041184293381983,synthetic_turbet2020_based
WASP-181 b,0.13596502588800705,0.43766996440310013,0.047314365395183904,0.007985954163003732,0.3710646901507052,synthetic_turbet2020_based
Kepler-25 b,0.07179444296721406,0.7856165718773984,0.015047950112425604,0.005092118906583552,0.12244891613637832,synthetic_turbet2020_based
WASP-161 b,0.07384635989887595,0.4600763180231618,0.04871222953498441,0.006149105032531062,0.41121598751044675,synthetic_turbet2020_based
WASP-163 b,0.08887623765395039,0.7105597483466134,0.0450097759721003,0.00925843543109001,0.14629580259624586,synthetic_turbet2020_based
HD 20781 b,0.1899477456450308,0.7622327319021182,0.035557295837062824,0.004082199848263515,0.008180026767524717,synthetic_turbet2020_based
HD 20003 b,0.18883515161583236,0.44899861120015444,0.016751992602032702,0.004904447864461245,0.34050979671751924,synthetic_turbet2020_based
Kepler-47 c,0.18509948266395448,0.22314656284477427,0.04621207691858493,0.029641253054897905,0.5159006245177884,synthetic_turbet2020_based
Gl 49 b,0.13308058901277986,0.569253491592437,0.03830276639903755,0.0019061990186159247,0.25745695397712975,synthetic_turbet2020_based
HD 21693 b,0.057288482888984235,0.6565353897732651,0.03139514180616608,0.004666222261174399,0.25011476327041016,synthetic_turbet2020_based
HD 20781 c,0.10009889628187581,0.42072297761725025,0.03722224649655991,0.0047932078223864565,0.4371626717819276,synthetic_turbet2020_based
Kepler-47 d,0.23358041185588505,0.2786889702823784,0.039501915300939154,0.01877772594773166,0.42945097661306575,synthetic_turbet2020_based
LSPM J2116+0234 b,0.1485749744782674,0.4529021274014631,0.017762554714085728,0.007427343166591912,0.37333300023959193,synthetic_turbet2020_based
K2-285 e,0.06888356273748464,0.5120775805483913,0.045922410719341576,0.0076448393045339125,0.3654716066902486,synthetic_turbet2020_based
K2-285 d,0.18941892764615298,0.7527333367844814,0.0225031768790125,0.00669139691032933,0.02865316178002375,synthetic_turbet2020_based
HD 31527 b,0.10680435171826601,0.6788417326504439,0.02393828086603652,0.0010118563469205329,0.189403778418333,synthetic_turbet2020_based
HD 31527 d,0.12818146455153565,0.2542024652445548,0.013360209790890441,0.033976907329609694,0.5702789530834094,synthetic_turbet2020_based
HD 21749 c,0.17866677685387888,0.6964404947368451,0.02653755179278163,0.002877437937638377,0.095477738678856,synthetic_turbet2020_based
HD 114729 b,0.8767612463225483,0.06097597136065539,0.026216802370682232,0.009478519291209506,0.026567460654904673,synthetic_turbet2020_based
K2-286 b,0.1645053231615733,0.18845637449072428,0.014345828366540254,0.014995210435981527,0.6176972635451807,synthetic_turbet2020_based
Qatar-9 b,0.10978943839952528,0.6798641423940397,0.023555757766167335,0.00720638175342702,0.17958427968684065,synthetic_turbet2020_based
NGTS-5 b,0.1707785703878589,0.7510311658613346,0.011788780162149477,0.007963584894757824,0.05843789869389926,synthetic_turbet2020_based
HD 126525 b,0.6441426366672054,0.07284360639694008,0.024866498624000068,0.007370139679253757,0.25077711863260077,synthetic_turbet2020_based
HD 117207 b,0.6641472733523991,0.06804916470108957,0.015020563482477623,0.0025277099289112625,0.25025528853512247,synthetic_turbet2020_based
HD 143361 b,0.7843385775493679,0.040309434248532464,0.03815112292455234,0.007166434918624187,0.13003443035892304,synthetic_turbet2020_based
K2-288 B b,0.7864901970765235,0.0757486487110886,0.04175740962654655,0.009202809542246417,0.0868009350435951,synthetic_turbet2020_based
HATS-60 b,0.062077374422264034,0.62861960591138,0.03995107334481604,0.002952473110028896,0.26639947321151103,synthetic_turbet2020_based
HD 20781 e,0.08954317144654189,0.5067857377341684,0.03289331885898073,0.0042955351161909384,0.36648223684411807,synthetic_turbet2020_based
HD 45184 c,0.14991421101823987,0.6440958727871746,0.03628447332412194,0.0032708585512830376,0.16643458431918046,synthetic_turbet2020_based
HD 152079 b,0.8302114127468991,0.06976319956918246,0.015225984505258038,0.0028015556716815973,0.0819978475069788,synthetic_turbet2020_based
HATS-62 b,0.09514477194596976,0.7744166031354925,0.023053994544169336,0.0011789117439878732,0.10620571863038042,synthetic_turbet2020_based
HATS-63 b,0.07124386064882748,0.41286872946032516,0.026113569765728664,0.008174380608727338,0.4815994595163914,synthetic_turbet2020_based
HATS-70 b,0.11756536708835051,0.7355976539172587,0.011901172854429496,0.005227505777302876,0.12970830036265835,synthetic_turbet2020_based
K2-264 b,0.16806130581941314,0.6698888870615802,0.04411302148561868,0.003464512515186176,0.11447227311820174,synthetic_turbet2020_based
HD 103949 b,0.25025523888641465,0.23537571566844562,0.016739598246351503,0.04263226858708148,0.45499717861170674,synthetic_turbet2020_based
HIP 35173 b,0.09672050761864592,0.43732292156627794,0.04062805162727842,0.007345161817587822,0.41798335737020986,synthetic_turbet2020_based
HD 23127 b,0.8651039259853317,0.09028672708934117,0.0211410313832631,0.00677226497696038,0.016696050565103704,synthetic_turbet2020_based
HD 25171 b,0.8997368988515977,0.03194258936149649,0.028915066742344724,0.009191497281764577,0.03021394776279651,synthetic_turbet2020_based
HATS-65 b,0.06546194622898946,0.771299959022478,0.02952622378247105,0.009037367097148016,0.12467450386891343,synthetic_turbet2020_based
HATS-66 b,0.14320571162403203,0.6685742188092314,0.040919430057119725,0.0016042248278575124,0.1456964146817593,synthetic_turbet2020_based
HD 1397 b,0.14416525085594595,0.7695748979087436,0.04824494895839828,0.009714892996030174,0.028300009280882166,synthetic_turbet2020_based
HD 64114 b,0.14687493189019057,0.6533147392499461,0.03209860267109175,0.006467980232365204,0.16124374595640645,synthetic_turbet2020_based
HD 206255 b,0.14181768955747412,0.4169633074086755,0.013554851437336835,0.006574749145878245,0.4210894024506353,synthetic_turbet2020_based
HD 38801 b,0.19426492901154563,0.16028509700198015,0.01773762557259879,0.04204279877736355,0.5856695496365119,synthetic_turbet2020_based
HATS-67 b,0.19464927555809453,0.6511032012786544,0.04781679582425689,0.008954957408593488,0.09747576993040064,synthetic_turbet2020_based
HATS-68 b,0.0826890467649547,0.46141036047074857,0.01846347142114453,0.001865884454790174,0.43557123688836197,synthetic_turbet2020_based
Gl 378 b,0.13743187504804383,0.5130600171350252,0.04651666779005719,0.006520669959045122,0.2964707700678286,synthetic_turbet2020_based
WASP-190 b,0.10394158336530972,0.7938562527857527,0.04812777983567482,0.008007537117782803,0.04606684689548002,synthetic_turbet2020_based
Kepler-1610 c,0.16875255131594524,0.790908052609796,0.03401824890559842,0.008920178643986691,-0.0025990314753263632,synthetic_turbet2020_based
XO-7 b,0.059724158344998605,0.6216250077817289,0.030100653578732983,0.0013395147599876412,0.287210665534552,synthetic_turbet2020_based
HATS-55 b,0.06304279779861996,0.4087355696067493,0.021760600179457856,0.0014816010656464877,0.5049794313495264,synthetic_turbet2020_based
Kepler-1996 c,0.2269479054282405,0.2625492822745835,0.03455319233745931,0.036951596491865385,0.4389980234678512,synthetic_turbet2020_based
Kepler-1988 b,0.054726003066445386,0.7358105441023469,0.01584761517531963,0.003723857884292383,0.18989197977159566,synthetic_turbet2020_based
TOI-813 b,0.12751908424000796,0.7719973724052634,0.04992596673493851,0.008043946152592688,0.04251363046719736,synthetic_turbet2020_based
GJ 433 b,0.15939713355912039,0.6110729322848127,0.03662509351996648,0.002299817578855184,0.19060502305724514,synthetic_turbet2020_based
HATS-58 A b,0.0903794180862274,0.7938571453988339,0.04918460092582154,0.003906751551965317,0.06267208403715185,synthetic_turbet2020_based
HR 5183 b,0.6723145717714678,0.030656626733567664,0.029394575340167983,0.0030138992181199505,0.2646203269366767,synthetic_turbet2020_based
Kepler-1991 b,0.14727449488260416,0.42992792454157414,0.014147088896769069,0.0034924084744222057,0.4051580832046304,synthetic_turbet2020_based
Kepler-1471 c,0.16661648500676424,0.5293158156168049,0.028832671291354063,0.006909598414082634,0.26832542967099415,synthetic_turbet2020_based
GJ 180 b,0.3365619765918922,0.16142180424493052,0.03923877644656888,0.021442696174053304,0.4413347465425551,synthetic_turbet2020_based
WASP-169 b,0.1466699312549909,0.5803520563178767,0.0470651127740241,0.009838840475990145,0.21607405917711808,synthetic_turbet2020_based
Kepler-1998 b,0.16611846615354384,0.7661857342573728,0.015460169680967643,0.0068901756179312315,0.04534545429018444,synthetic_turbet2020_based
Kepler-164 e,0.07975519123586124,0.5107874019889793,0.030912929648625125,0.0076778854213959925,0.37086659170513825,synthetic_turbet2020_based
Kepler-1994 b,0.1582241111293217,0.7477837367828173,0.032370994085063484,0.009337083880506167,0.05228407412229141,synthetic_turbet2020_based
Kepler-1984 b,0.183183289353049,0.7396229957921963,0.01918080431217397,0.00578303193868477,0.05222987860389605,synthetic_turbet2020_based
GJ 433 d,0.32087097911307316,0.295220501568918,0.010465890949484411,0.02308458135780395,0.3503580470107205,synthetic_turbet2020_based
GJ 3082 b,0.10135253788787729,0.5154138279127427,0.04269697199051781,0.0014056429297906368,0.33913101927907163,synthetic_turbet2020_based
WASP-175 b,0.10391521250126952,0.684673843310414,0.026269588764279338,0.0022965722532302443,0.18284478317080688,synthetic_turbet2020_based
Kepler-619 d,0.14162787091386314,0.6090440945574476,0.04927355344463475,0.007736735972090883,0.19231774511196353,synthetic_turbet2020_based
Kepler-1126 c,0.3958527963537053,0.13727052822320035,0.0404638003711161,0.032065528787996664,0.3943473462639817,synthetic_turbet2020_based
EPIC 249893012 b,0.15687642488018266,0.5870205850031558,0.01849563278851668,0.0014116299711861206,0.23619572735695882,synthetic_turbet2020_based
Kepler-1661 b,0.8514864771980085,0.08333275137279934,0.016501589351453454,0.006806628095894565,0.041872553981844085,synthetic_turbet2020_based
Kepler-1987 c,0.16066005507982423,0.6230499981524763,0.022689156123844215,0.008928513119672146,0.18467227752418314,synthetic_turbet2020_based
Kepler-1985 b,0.1463660956312146,0.6880870048055402,0.03608458118009328,0.007491598044265792,0.12197072033888612,synthetic_turbet2020_based
Kepler-1987 b,0.07176007174016662,0.7690377593245254,0.021432431918340066,0.008528961007269622,0.1292407760096982,synthetic_turbet2020_based
Kepler-1801 c,0.18400763061453712,0.6604894426640164,0.033932030483549806,0.0019814339005442294,0.11958946233735246,synthetic_turbet2020_based
EPIC 249893012 c,0.11543318391194426,0.6446577538592567,0.01327477089931091,0.002003158103297896,0.22463113322619022,synthetic_turbet2020_based
EPIC 249893012 d,0.19902218826608137,0.5328936603850378,0.023989299491646555,0.0032637623553990283,0.24083108950183518,synthetic_turbet2020_based
WASP-180 A b,0.14690296542414155,0.5892303547227188,0.04161723829494017,0.005612453486702082,0.21663698807149756,synthetic_turbet2020_based
WASP-2 b,0.05231239704255736,0.5930749561307183,0.012207491623790983,0.008441077424332847,0.3339640777786005,synthetic_turbet2020_based
Kepler-949 c,0.0670487127477051,0.48678160598632636,0.028398609711793157,0.002756656498603731,0.4150144150555717,synthetic_turbet2020_based
Kepler-311 d,0.2617659880591095,0.19213968488934105,0.04810090443669156,0.013534942532984547,0.4844584800818733,synthetic_turbet2020_based
WASP-44 b,0.13650980724028258,0.6881598438575935,0.015105080362234253,0.006728159149816614,0.153497109390073,synthetic_turbet2020_based
WASP-45 b,0.17963585812547395,0.7150222573712625,0.04740682761716232,0.007485271270668505,0.050449785615432785,synthetic_turbet2020_based
Kepler-1834 c,0.10909802445084762,0.7681805538363244,0.01901427070459203,0.006253320506725129,0.0974538305015108,synthetic_turbet2020_based
HATS-47 b,0.16484869176420042,0.7489124667981917,0.046661685243756405,0.0017647808453412684,0.03781237534851023,synthetic_turbet2020_based
GJ 15 A c,0.8178177508362585,0.028369386409691395,0.04116477765947401,0.00730620758740248,0.1053418775071735,synthetic_turbet2020_based
Kepler-763 c,0.07720285379004654,0.7331320689678114,0.028471552160742465,0.005894705367109393,0.15529881971429027,synthetic_turbet2020_based
Kepler-347 d,0.19571056303152,0.6626502350077196,0.033542525800991096,0.001150864951273909,0.10694581120849533,synthetic_turbet2020_based
EPIC 248847494 b,0.6597644505281819,0.012390887894494398,0.023332497028645982,0.0041005751772459145,0.30041158937143175,synthetic_turbet2020_based
WASP-184 b,0.12954951055877661,0.6759073787970069,0.017173806875852526,0.006414889787287682,0.17095441398107625,synthetic_turbet2020_based
WASP-185 b,0.18754644117933605,0.4740031424636832,0.036363521210614556,0.0014103022712671665,0.30067659287509907,synthetic_turbet2020_based
Kepler-290 d,0.12967214514366865,0.6966157028423119,0.011361671247605721,0.004002988520282809,0.15834749224613098,synthetic_turbet2020_based
Kepler-549 d,0.18169354780879843,0.49019191832001546,0.03891498217582785,0.006510144465347453,0.2826894072300108,synthetic_turbet2020_based
Kepler-865 c,0.07455314989392424,0.6966830055927326,0.03128323972128791,0.0020082322065365487,0.19547237258551875,synthetic_turbet2020_based
TOI-150.01,0.1924057104897905,0.5967848116574137,0.03980323339212013,0.00295930238973162,0.16804694207094406,synthetic_turbet2020_based
GJ 682 c,0.6411549628213056,0.07671760985169268,0.036952967142335286,0.0034669691893350328,0.2417074909953315,synthetic_turbet2020_based
Kepler-2000 c,0.16194251532735734,0.6019969044074011,0.023943890265896252,0.008082026357316944,0.20403466364202838,synthetic_turbet2020_based
Kepler-448 c,0.7850348242626624,0.055654152937479696,0.040924283870038526,0.005903455238254084,0.11248328369156535,synthetic_turbet2020_based
TOI-4562 c,0.8815603298800766,0.08362501235087297,0.02432750290960788,0.005184273254916327,0.005302881604526299,synthetic_turbet2020_based
HD 50554 d,0.19359996030430826,0.7580817579175667,0.01764742150537246,0.0034687344954101394,0.02720212577734238,synthetic_turbet2020_based
HD 97048 b,0.7093261558085916,0.08918641325295135,0.047096692475810574,0.008221062167223394,0.1461696762954231,synthetic_turbet2020_based
7 CMa b,0.09135626690903934,0.7548259226540927,0.011315245037627939,0.004805231328014664,0.13769733407122542,synthetic_turbet2020_based
Kepler-1983 b,0.10664429484976065,0.6140958423618296,0.032425622289393156,0.0030286403815911306,0.24380560011742547,synthetic_turbet2020_based
NGTS-8 b,0.08068335541786344,0.7214266367168621,0.013047871913593743,0.005439574394758409,0.17940256155692236,synthetic_turbet2020_based
EPIC 205950854 c,0.07874696098965185,0.5278268900483911,0.021091776766880326,0.0073767000335248365,0.36495767216155184,synthetic_turbet2020_based
7 CMa c,0.11840309049418242,0.5197767337784416,0.0432540799192082,0.0017721562716172183,0.31679393953655066,synthetic_turbet2020_based
Kepler-1990 c,0.16495409682104606,0.49932510316011913,0.046720768905071305,0.0010500317683259396,0.2879499993454375,synthetic_turbet2020_based
HD 220197 b,0.7669990012078018,0.06600384856248344,0.033092013305876015,0.008335137629791113,0.12556999929404766,synthetic_turbet2020_based
K2-43 c,0.0668246012125717,0.5662224017170338,0.04454947092079895,0.008998617596760919,0.31340490855283465,synthetic_turbet2020_based
Kepler-763 d,0.12475166048581483,0.623186757548032,0.040556337619596025,0.008016493548687775,0.20348875079786932,synthetic_turbet2020_based
Kepler-1162 c,0.18321219492587915,0.7375429596732173,0.02657693251457177,0.006847779938244911,0.045820132948086956,synthetic_turbet2020_based
HD 213885 b,0.12248528867926012,0.4471845865680527,0.04286723680020251,0.006415871767304561,0.3810470161851801,synthetic_turbet2020_based
Kepler-896 c,0.05870078057088689,0.670747311603589,0.021324041435884074,0.0016233868784501268,0.2476044795111899,synthetic_turbet2020_based
Kepler-1982 b,0.14098833720254672,0.6928834616516975,0.03069137177285968,0.0010508344621308321,0.13438599491076542,synthetic_turbet2020_based
HD 213885 c,0.13653241054139054,0.402643630127184,0.04705633205188472,0.0034057464195254685,0.4103618808600151,synthetic_turbet2020_based
HAT-P-69 b,0.18065099052455363,0.40484371544674824,0.013888660419686812,0.005062674741423913,0.3955539588675874,synthetic_turbet2020_based
Kepler-2000 b,0.16379110685790038,0.7770246802002547,0.03084379260673719,0.0041991464229993655,0.024141273912108407,synthetic_turbet2020_based
TOI-763 c,0.05668318098757716,0.6334837886954847,0.025201750579941347,0.009182201362075367,0.2754490783749214,synthetic_turbet2020_based
TOI-905 b,0.12200888342600012,0.7061787932519104,0.04392842112859583,0.0018844985050997887,0.1259994036883939,synthetic_turbet2020_based
TOI-564 b,0.11612694616343673,0.7574869724049249,0.02697821193278766,0.006086388492706469,0.09332148100614412,synthetic_turbet2020_based
Kepler-29 b,0.18096559209482715,0.4930374346759171,0.04578326651293854,0.0045732557907065385,0.27564045092561074,synthetic_turbet2020_based
Kepler-1674 b,0.1389549992988598,0.5312157928263413,0.031084762150383603,0.0014435722272025226,0.2973008734972128,synthetic_turbet2020_based
Kepler-1675 b,0.05978899628581451,0.5658891047750343,0.02339807693734314,0.0065421262924759745,0.3443816957093321,synthetic_turbet2020_based
HD 108236 b,0.055686525056570936,0.46706746789475656,0.018383675765031686,0.0049644259167682045,0.4538979053668727,synthetic_turbet2020_based
HD 164922 c,0.08702521435684292,0.4550650743230923,0.033902946951297516,0.007694847800228998,0.4163119165685383,synthetic_turbet2020_based
HD 108236 e,0.15279021001958326,0.5104720380910085,0.044177793454678566,0.006506399614846621,0.28605355881988304,synthetic_turbet2020_based
WASP-150 b,0.14220000515111358,0.4851393806865829,0.019688515493446142,0.005272751956942943,0.34769934671191427,synthetic_turbet2020_based
NGTS-13 b,0.08567315465608769,0.6752310945941506,0.02234218049023033,0.0023672453856521426,0.2143863248738792,synthetic_turbet2020_based
Kepler-1685 b,0.07274207806602087,0.45089111148446426,0.02759000315865498,0.0010273603271286026,0.4477494469637313,synthetic_turbet2020_based
Kepler-1686 b,0.13135584324537963,0.5193211691678202,0.03209915323840859,0.00941882872097425,0.3078050056274173,synthetic_turbet2020_based
NGTS-14 A b,0.18035714152752258,0.6305719359753823,0.026722812505549004,0.00728526403974256,0.15506284595180353,synthetic_turbet2020_based
HD 13808 b,0.1884708998936782,0.5958188271758199,0.013972308963412745,0.00789479380381591,0.19384317016327324,synthetic_turbet2020_based
Kepler-1687 b,0.05157187308415762,0.7058553918562696,0.013396664155462798,0.0019595491692965825,0.22721652173481333,synthetic_turbet2020_based
Kepler-1689 b,0.16725603050172894,0.6758086819581621,0.032476125173465514,0.008385266734391744,0.11607389563225157,synthetic_turbet2020_based
Kepler-462 b,0.1777052766115645,0.5830049022625148,0.0498519474821815,0.004218219456751966,0.18521965418698727,synthetic_turbet2020_based
HD 4760 b,0.07572616499311974,0.7383905772479566,0.02662281118237321,0.00887049686105753,0.1503899497154928,synthetic_turbet2020_based
HD 110113 c,0.059174951673560613,0.4444208446026567,0.011610906448958498,0.0064180986427216915,0.47837519863210254,synthetic_turbet2020_based
HD 96992 b,0.17477962716747497,0.5610643134434687,0.01362781798684095,0.004361219446878581,0.24616702195533668,synthetic_turbet2020_based
Kepler-1691 b,0.1022069198509595,0.657388769905646,0.03608606515185336,0.0019272134552621777,0.20239103163627903,synthetic_turbet2020_based
Kepler-1692 b,0.11302651662882912,0.6570058107275062,0.02035444836760139,0.0046637225787562984,0.20494950169730708,synthetic_turbet2020_based
EPIC 201170410.02,0.14205423974675285,0.5611482804979608,0.011234438862622716,0.003003543958865553,0.282559496933798,synthetic_turbet2020_based
Kepler-160 d,0.16641213716982858,0.49940163150001227,0.04270845784258457,0.005202170431316416,0.2862756030562581,synthetic_turbet2020_based
Kepler-160 c,0.12093817057959172,0.7082064861325512,0.025331740520635804,0.0031463253293713385,0.1423772774378499,synthetic_turbet2020_based
Kepler-1694 b,0.06575485650761498,0.6687639504675073,0.02879770159171534,0.008284661926301142,0.2283988295068612,synthetic_turbet2020_based
Kepler-716 c,0.11865120628614596,0.5659242700459364,0.021954083362989492,0.0027948508564632204,0.29067558944846483,synthetic_turbet2020_based
EPIC 201757695.02,0.17456554169726973,0.4380845483787066,0.04608510893406584,0.0012421823611361545,0.34002261862882166,synthetic_turbet2020_based
HD 110082 b,0.1283378502848313,0.42333142486043374,0.04118428485238532,0.0029034687165320205,0.40424297128581765,synthetic_turbet2020_based
Kepler-1664 b,0.13488838643548035,0.7665784410363778,0.03597035742449705,0.0026048796847652394,0.059957935418879504,synthetic_turbet2020_based
Kepler-1001 c,0.16950166531323513,0.5765918427233397,0.010527069533710267,0.005380884730970516,0.23799853769874424,synthetic_turbet2020_based
TOI-954 b,0.17187270158950108,0.5719830523334453,0.040337122019199693,0.007349732960809648,0.2084573910970443,synthetic_turbet2020_based
K2-329 b,0.11853684760074272,0.529313034010179,0.039061600062486254,0.00432026575964529,0.30876825256694673,synthetic_turbet2020_based
HATS-49 b,0.07551306600929776,0.5283452246111918,0.04507356771712193,0.0035505020092364706,0.3475176396531521,synthetic_turbet2020_based
TYC 8998-760-1 c,0.08524408022671043,0.4533680282922249,0.01220711378270896,0.009790231187796684,0.4393905465105591,synthetic_turbet2020_based
Wendelstein-1 b,0.1305165240890916,0.691857784248279,0.04091893787474821,0.004170852952484253,0.1325359008353969,synthetic_turbet2020_based
BD-11 4672 c,0.3396717730483664,0.29229684888400975,0.03967047400962137,0.03846932506651116,0.2898915789914913,synthetic_turbet2020_based
BD-11 4672 b,0.7296701359746061,0.08571881132279154,0.013553495004933986,0.0077471534101775374,0.16331040428749088,synthetic_turbet2020_based
HIP 65 A b,0.10429903132142859,0.6263895663191166,0.045718550795881094,0.006445176039590278,0.2171476755239835,synthetic_turbet2020_based
TOI-481 b,0.053837229554369925,0.6890419382092385,0.04716098024814557,0.0067781075077950345,0.203181744480451,synthetic_turbet2020_based
TIC 237913194 b,0.1792130116189361,0.7301183021367738,0.0444516913193585,0.0040969036242304736,0.04212009130070116,synthetic_turbet2020_based
TOI-157 b,0.12112452906630218,0.7392134020118927,0.04641594299725821,0.0023215734933377183,0.09092455243120923,synthetic_turbet2020_based
TOI-169 b,0.0772298569387226,0.5387318400219738,0.04081191312717432,0.008874830415321056,0.33435155949680806,synthetic_turbet2020_based
Kepler-1700 b,0.27407204242100364,0.1226536350786462,0.022149929198686642,0.044280920259105266,0.5368434730425583,synthetic_turbet2020_based
Kepler-1666 b,0.10213324674050225,0.4411228972357583,0.02208273864452313,0.008260357170698276,0.426400760208518,synthetic_turbet2020_based
Gl 686 b,0.12402192995287135,0.46862911021997655,0.022505294903197522,0.009582231517062459,0.3752614334068921,synthetic_turbet2020_based
HD 180617 b,0.7295872464295879,0.04974393293254838,0.01612278408176853,0.0037409887415285636,0.20080504781456654,synthetic_turbet2020_based
HATS-37 A b,0.172202919941007,0.7144795897613053,0.027419951957721928,0.009042870359414121,0.07685466798055163,synthetic_turbet2020_based
GJ 687 b,0.21407767511884673,0.2728659159643868,0.011262622023388107,0.02388921160918843,0.47790457528418995,synthetic_turbet2020_based
GJ 2056 b,0.35652054340595063,0.28026191229486563,0.0402569616488153,0.036794632675828026,0.28616594997454037,synthetic_turbet2020_based
TOI-237 b,0.1723257364193449,0.6830232752888518,0.020168838178607134,0.005196132106253777,0.11928601800694238,synthetic_turbet2020_based
HD 216520 c,0.2982114993658479,0.21756055142366088,0.04540390428492242,0.028953785615513136,0.4098702593100557,synthetic_turbet2020_based
CoRoT-30 b,0.07669810670348096,0.4858328149651527,0.043842262354371636,0.0010784885880080082,0.3925483273889868,synthetic_turbet2020_based
CoRoT-31 b,0.18036955429952506,0.4222352342415939,0.025666338723576217,0.008201586047010663,0.36352728668829404,synthetic_turbet2020_based
HIP 38594 b,0.22228461304671973,0.26446963741081053,0.014011953381031325,0.03046168905740746,0.46877210710403094,synthetic_turbet2020_based
WASP-186 b,0.1373711026998514,0.7563474388948965,0.013744856253567734,0.004047406167546979,0.0884891959841374,synthetic_turbet2020_based
Kepler-29 c,0.1489022142345258,0.7919720327440312,0.043930972958314274,0.008618455555263006,0.006576324507865827,synthetic_turbet2020_based
Kepler-783 c,0.12757737941371822,0.6257196488345993,0.044343203763226084,0.008826630276310837,0.19353313771214553,synthetic_turbet2020_based
Kepler-1667 b,0.17034118482081678,0.7274285100738302,0.045185194360035284,0.0020240373798273686,0.055021073365490336,synthetic_turbet2020_based
HIP 4845 b,0.09389590653574564,0.790445413581443,0.03179104639855981,0.0025881747403752285,0.08127945874387632,synthetic_turbet2020_based
HIP 48714 b,0.12545834497992908,0.6583136701214365,0.0431288793575063,0.008309590534211212,0.16478951500691685,synthetic_turbet2020_based
TOI-251 b,0.057386223999862505,0.5814099947889634,0.010822762247480324,0.008993405112996258,0.3413876138506975,synthetic_turbet2020_based
HAT-P-68 b,0.07608591132779374,0.6499498780670554,0.03282473485121601,0.006629764911785792,0.2345097108421491,synthetic_turbet2020_based
Kepler-177 b,0.13451249342471122,0.6862354709466431,0.03504439864092666,0.0018127022209373286,0.14239493476678178,synthetic_turbet2020_based
Kepler-36 b,0.10501519265111604,0.6186373743738608,0.023007897035927087,0.007842977963261957,0.24549655797583414,synthetic_turbet2020_based
KOI-1783.01,0.09768465725824879,0.7314736697212159,0.015869348839259348,0.007924533084872874,0.1470477910964031,synthetic_turbet2020_based
Kepler-1668 b,0.07751981611777833,0.611206112164865,0.022820974918556905,0.006736009923793356,0.2817170868750064,synthetic_turbet2020_based
Kepler-598 c,0.08191106147623961,0.718163893340757,0.03294335465465761,0.009615458386834069,0.15736623214151169,synthetic_turbet2020_based
Kepler-1514 c,0.15676554933736925,0.6429582158013004,0.04316634761785365,0.00297714310985599,0.15413274413362066,synthetic_turbet2020_based
KOI-1783.02,0.28982273825933724,0.17808076991897032,0.039751639165857534,0.010978776379650635,0.48136607627618433,synthetic_turbet2020_based
HD 156668 c,0.7283136289580743,0.06865317116496274,0.028425573457686412,0.0031417443614237587,0.17146588205785285,synthetic_turbet2020_based
HD 211403 b,0.11965238775191539,0.7398978101958105,0.018273560691925286,0.004304549472666789,0.1178716918876821,synthetic_turbet2020_based
K2-344 b,0.19855032822501917,0.7651268675561798,0.011358733685066227,0.00577298770841813,0.019191082825316674,synthetic_turbet2020_based
HD 24040 c,0.11962390805436507,0.2847809847315421,0.027661796507401235,0.026737480157120068,0.5411958305495714,synthetic_turbet2020_based
HD 3765 b,0.6818838095517932,0.06119370823529385,0.015799948919735712,0.008190595004819924,0.23293193828835745,synthetic_turbet2020_based
HD 213472 b,0.7473631034539752,0.060981660218274454,0.04363218990618083,0.0026663389649645413,0.14535670745660512,synthetic_turbet2020_based
K2-348 c,0.07627746100131735,0.5683206691479386,0.041445129647784025,0.0015269099816813151,0.3124298302212787,synthetic_turbet2020_based
CD Cet b,0.16927553058481187,0.600302637436724,0.03247053799792898,0.006079473444512559,0.19187182053602259,synthetic_turbet2020_based
G 264-012 b,0.058425108343658036,0.49990831908725797,0.04021189806058791,0.004710413075403553,0.3967442614330926,synthetic_turbet2020_based
K2-352 d,0.13407754733777816,0.7779474488106188,0.01185087073269445,0.005047123291064378,0.07107700982784415,synthetic_turbet2020_based
K2-339 b,0.10419111992718473,0.4425797704778965,0.04803177395039192,0.009653136307736891,0.39554419933678997,synthetic_turbet2020_based
K2-282 b,0.09672322312841104,0.7786866442756315,0.011406944268971424,0.00982806391302582,0.10335512441396022,synthetic_turbet2020_based
K2-156 b,0.1753898024612997,0.48573208832448556,0.03398188615738354,0.008184694261323726,0.29671152879550755,synthetic_turbet2020_based
TOI-257 b,0.09789484460116686,0.5415007168371319,0.035158911023717064,0.002323846458400941,0.3231216810795834,synthetic_turbet2020_based
HAT-P-58 b,0.0677315914583613,0.49992211124776975,0.039650389813881255,0.00429939303770401,0.38839651444228374,synthetic_turbet2020_based
HAT-P-59 b,0.12610373324776916,0.4781802227230131,0.017764226693982876,0.00685406133311329,0.3710977560021216,synthetic_turbet2020_based
K2-268 d,0.06625628778026807,0.6671362908865626,0.02602807409395625,0.007041438222558631,0.2335379090166545,synthetic_turbet2020_based
TOI-269 b,0.1072594215523233,0.7384208734597993,0.012222246768626169,0.009039675806309592,0.13305778241294164,synthetic_turbet2020_based
K2-268 f,0.09029917658571429,0.4170168839861927,0.0324961768752873,0.0030191880734298676,0.457168574479376,synthetic_turbet2020_based
K2-187 b,0.11888046847761798,0.7209256824248415,0.04166187042992607,0.006403470546550733,0.11212850812106367,synthetic_turbet2020_based
K2-32 b,0.1966807862986471,0.5855004380983988,0.011575535614192533,0.008374826348294263,0.19786841364046737,synthetic_turbet2020_based
K2-32 e,0.08319408050852911,0.4704955235988098,0.012800396878659664,0.00395109949274775,0.4295588995212537,synthetic_turbet2020_based
HAT-P-64 b,0.0989238450581282,0.5211086127865809,0.0337277175907471,0.007763879523952953,0.33847594504059075,synthetic_turbet2020_based
Kepler-129 c,0.19066500779710088,0.4376200314720591,0.01601527329952588,0.006308582594721106,0.3493911048365931,synthetic_turbet2020_based
K2-331 b,0.06472033908158906,0.5483057138477052,0.03498208922184148,0.008024905288349756,0.34396695256051457,synthetic_turbet2020_based
EPIC 228836835 b,0.08263989311870475,0.6671942256388048,0.03583478663388853,0.008736545136324832,0.20559454947227707,synthetic_turbet2020_based
K2-223 c,0.09706212436459857,0.7000367459552707,0.04007999457765978,0.0031527508779213174,0.15966838422454965,synthetic_turbet2020_based
K2-32 c,0.14317367566376415,0.6700648350673857,0.020977136504890952,0.005066199958281754,0.16071815280567747,synthetic_turbet2020_based
K2-32 d,0.11536665908847396,0.7094038273484145,0.010027650236549746,0.00550923950311024,0.15969262382345162,synthetic_turbet2020_based
K2-350 b,0.07765112203457172,0.6587367872221737,0.03721475451883799,0.00551013857824225,0.22088719764617448,synthetic_turbet2020_based
K2-353 b,0.13130443126766156,0.5260232756220675,0.02253290717201486,0.007706053538653245,0.3124333323996028,synthetic_turbet2020_based
K2-137 b,0.06975970511394797,0.7086013258773173,0.03620052726407702,0.008960272161899485,0.1764781695827582,synthetic_turbet2020_based
NGTS-15 b,0.08902170382996963,0.6024716207264816,0.011559580461169276,0.00921255917549307,0.28773453580688646,synthetic_turbet2020_based
K2-354 b,0.15130871910187377,0.6491500996285767,0.03930756803946413,0.0035589597108342808,0.15667465351925114,synthetic_turbet2020_based
K2-330 b,0.14057904031283516,0.7203687641620982,0.013611777788162568,0.009629352003612694,0.11581106573329136,synthetic_turbet2020_based
TOI-1333 b,0.18378302037519773,0.7852075335624857,0.04233394036126418,0.003648799831953883,-0.014973294130901538,synthetic_turbet2020_based
HD 238090 b,0.13723332014519818,0.4480649688953595,0.040166669266642245,0.002382756993935324,0.37215228469886474,synthetic_turbet2020_based
NGTS-18 b,0.18002359023863485,0.4962227810051245,0.0164164762913171,0.0016381392732187528,0.30569901319170467,synthetic_turbet2020_based
HD 136352 b,0.15670476920762175,0.47448151076200934,0.017906712482468796,0.0025272694347650048,0.34837973811313516,synthetic_turbet2020_based
K2-336 b,0.09586926837027415,0.7764845736513575,0.02946486711697288,0.003347901453751901,0.09483338940764363,synthetic_turbet2020_based
GJ 414 A b,0.15111722791133766,0.10378028394108761,0.0245997058827339,0.014402458969043287,0.7061003232957975,synthetic_turbet2020_based
BD+55 362 b,0.10810359870074877,0.1205959411871666,0.022740860655696256,0.04003454805753154,0.7085250513988568,synthetic_turbet2020_based
HD 136352 d,0.06004793767527895,0.6714695695026329,0.034821701152049855,0.008937911849201091,0.22472287982083716,synthetic_turbet2020_based
K2-337 b,0.07759805127080886,0.7177070822715896,0.04459460868192301,0.009788357184865634,0.1503119005908129,synthetic_turbet2020_based
K2-138 c,0.17128240370287373,0.44950728032767345,0.04788516040653723,0.008334928475234055,0.32299022708768155,synthetic_turbet2020_based
KOI-1831 d,0.08184877766820156,0.4660789602185181,0.04745656601601526,0.0024012876349529064,0.40221440846231216,synthetic_turbet2020_based
K2-340 b,0.16656550781136303,0.5621037017052634,0.03895221061971035,0.0018266624214998387,0.2305519174421634,synthetic_turbet2020_based
K2-138 d,0.1587587431607704,0.6047645509276323,0.04601513541355391,0.002695585755195608,0.18776598474284778,synthetic_turbet2020_based
K2-138 e,0.06640341169625022,0.4784881193939463,0.0131430146899752,0.009821354867755695,0.43214409935207254,synthetic_turbet2020_based
EPIC 212297394 c,0.06842849388669187,0.48034037823787756,0.042387429891055574,0.0032207895613160795,0.4056229084230589,synthetic_turbet2020_based
K2-138 f,0.08334400102858068,0.6689239121630737,0.025950609217593158,0.008519312384202813,0.21326216520654973,synthetic_turbet2020_based
K2-100 b,0.14574040184938944,0.5152858868337908,0.03391693102478786,0.008798154593931034,0.2962586256981008,synthetic_turbet2020_based
TOI-2202 c,0.1046724440828693,0.6945882886096935,0.026633319215086153,0.005887660580006498,0.1682182875123447,synthetic_turbet2020_based
K2-349 b,0.16005500416973556,0.4242109485239376,0.028197980893667644,0.0018569216439335758,0.38567914476872567,synthetic_turbet2020_based
K2-350 c,0.158750831670814,0.6431225060740556,0.023077186415571136,0.0016865336205355197,0.1733629422190237,synthetic_turbet2020_based
K2-351 b,0.1888703693044877,0.5260014882190649,0.02101507109586961,0.001909044738258253,0.26220402664231945,synthetic_turbet2020_based
GJ 740 b,0.13660298136448706,0.5062613821558455,0.043714123288471116,0.00714490105264134,0.30627661213855495,synthetic_turbet2020_based
HD 60292 b,0.05058723587141101,0.6262698446664114,0.019273387072789167,0.0011383040802501994,0.30273122830913823,synthetic_turbet2020_based
TOI-1749 b,0.1429050744481169,0.48196574408217074,0.045985432398129175,0.006160426668580031,0.3229833224030032,synthetic_turbet2020_based
TOI-1749 d,0.08137776645800544,0.7916509758748966,0.03185766266444462,0.002489249549137377,0.09262434545351594,synthetic_turbet2020_based
K2-185 b,0.12758632552536112,0.7837396232892397,0.026968409233688748,0.004828109607052643,0.056877532344657866,synthetic_turbet2020_based
EPIC 212587672 c,0.1191690083337198,0.5120414204617956,0.016471344521746062,0.006210349330315838,0.34610787735242277,synthetic_turbet2020_based
HD 221420 b,0.8682600590152655,0.07621567677112775,0.013847496305502057,0.004607640784498853,0.03706912712360588,synthetic_turbet2020_based
K2-185 c,0.05079438198582531,0.5231761543548306,0.03677506370456344,0.0036121085514190924,0.3856422914033616,synthetic_turbet2020_based
TOI-1201 b,0.176083747864275,0.5909536854162847,0.0367667265135977,0.008954787009533352,0.18724105319630935,synthetic_turbet2020_based
HD 136925 b,0.8048430925948268,0.09075935838569255,0.04232261423701216,0.006103578208549515,0.05597135657391894,synthetic_turbet2020_based
HD 109286 b,0.18916993000524235,0.1596284809302712,0.04501324359433424,0.012155369189540074,0.5940329762806121,synthetic_turbet2020_based
Kepler-1771 b,0.19121552721452362,0.5308239200768711,0.03955484239253622,0.003970267773737035,0.23443544254233206,synthetic_turbet2020_based
Kepler-1786 b,0.19299520838497414,0.41458961206269035,0.02413275506561266,0.008807149423245198,0.35947527506347765,synthetic_turbet2020_based
Kepler-1834 b,0.09110848087054607,0.5102477906373104,0.04595007264274465,0.008475240278553271,0.34421841557084565,synthetic_turbet2020_based
TOI-559 b,0.06586567929445838,0.6320719639477387,0.018935807533597023,0.0029362444458837225,0.2801903047783222,synthetic_turbet2020_based
Kepler-418 c,0.1423105980355344,0.4495464656660051,0.028791160040119043,0.0033023956083659206,0.3760493806499756,synthetic_turbet2020_based
Kepler-1801 b,0.17808837088660362,0.6217976929472528,0.018604353250464608,0.00933819087449625,0.1721713920411826,synthetic_turbet2020_based
Kepler-1838 b,0.17343447956101277,0.5061168921463655,0.048442036312164476,0.0034096502542784153,0.2685969417261789,synthetic_turbet2020_based
Kepler-1839 b,0.09389646830704647,0.5543853417219111,0.0165922088181827,0.007183145248414912,0.32794283590444484,synthetic_turbet2020_based
TOI-530 b,0.13360059887416909,0.7577849926207694,0.01963500902586133,0.002532077979392795,0.08644732149980738,synthetic_turbet2020_based
Kepler-1749 b,0.10379350890192947,0.4584434734032355,0.04784604112666441,0.0074570202718246765,0.382459956296346,synthetic_turbet2020_based
Kepler-1841 b,0.16942874819737452,0.6992174493488352,0.019712766990907474,0.002265909742182129,0.10937512572070063,synthetic_turbet2020_based
Kepler-1842 b,0.11441503745141735,0.7316076487097926,0.02322061314403074,0.001086066480054829,0.12967063421470448,synthetic_turbet2020_based
HAT-P-43 b,0.1490091053182206,0.48002522834126565,0.0317134064956656,0.00113392045023057,0.33811833939461766,synthetic_turbet2020_based
Kepler-1742 b,0.1263274783432366,0.5574433943068839,0.045216479479308014,0.007496324194996271,0.2635163236755752,synthetic_turbet2020_based
Kepler-1743 b,0.05540422323543434,0.7158089586555307,0.041649098175026426,0.006970685934998034,0.18016703399901046,synthetic_turbet2020_based
Kepler-1741 b,0.18939451038554933,0.7213014110664545,0.01875594658407817,0.004433912965218903,0.06611421899869907,synthetic_turbet2020_based
Kepler-1810 b,0.10248848336545599,0.6019631265757615,0.04814854480790542,0.006540385316030307,0.2408594599348468,synthetic_turbet2020_based
Kepler-1812 b,0.09694085891301932,0.7766070953541755,0.03801085891318789,0.003394724711338031,0.08504646210827926,synthetic_turbet2020_based
Kepler-1845 b,0.18597691532033445,0.5376851591211063,0.030648451023379368,0.0053130056112077545,0.24037646892397224,synthetic_turbet2020_based
Kepler-1716 b,0.18854463099487806,0.5062653437603938,0.023332269874652506,0.00694144165003579,0.2749163137200399,synthetic_turbet2020_based
K2-95 b,0.1829923554370531,0.4459536362675414,0.01839534075621818,0.009532310342358068,0.34312635719682927,synthetic_turbet2020_based
Kepler-1746 b,0.3331891313213292,0.1692139534975766,0.02430539232318513,0.02878135482665342,0.44451016803125554,synthetic_turbet2020_based
Kepler-1745 b,0.1510699249629041,0.6244164418605465,0.041044798099938176,0.0014875011260212735,0.1819813339505899,synthetic_turbet2020_based
Kepler-1814 b,0.1728561113772755,0.4232205407009863,0.045238957000870786,0.0013892899181274895,0.35729510100274,synthetic_turbet2020_based
Kepler-1813 b,0.0691748647068204,0.4720737487268192,0.018922031285585953,0.004615858653312282,0.4352134966274621,synthetic_turbet2020_based
Kepler-1815 b,0.14832230103159175,0.7570413527631112,0.030980112405459004,0.005792407667624874,0.05786382613221319,synthetic_turbet2020_based
Kepler-1856 b,0.09789576469245265,0.7202721697223395,0.014419449124727897,0.003709928625923684,0.16370268783455622,synthetic_turbet2020_based
K2-101 b,0.06454721206087148,0.48567232753048556,0.033463916462231354,0.0021336434918282103,0.4141829004545834,synthetic_turbet2020_based
Kepler-1669 c,0.06509266928952825,0.7303643245758388,0.014731965123765494,0.006472480149209379,0.183338560861658,synthetic_turbet2020_based
Kepler-1165 c,0.10280167743412555,0.7585468487104985,0.03830200147232874,0.0015348720836175435,0.09881460029942957,synthetic_turbet2020_based
Kepler-1816 b,0.3686404331527944,0.18277977890720715,0.021929097959363937,0.03691128086251463,0.3897394091181199,synthetic_turbet2020_based
Kepler-1847 b,0.1576960881849092,0.5213003107483443,0.024066261839881815,0.002406974585560214,0.29453036464130455,synthetic_turbet2020_based
K2-355 b,0.13901653472137615,0.7827636213326488,0.026664978493735732,0.009965855634349912,0.04158900981788949,synthetic_turbet2020_based
K2-356 b,0.07646219067437589,0.718439783616714,0.04712433014457027,0.007192489173969257,0.15078120639037051,synthetic_turbet2020_based
Kepler-1757 b,0.06639894339662987,0.5306165415353821,0.013426632527091665,0.006415733088242207,0.38314214945265423,synthetic_turbet2020_based
Kepler-1758 b,0.19972232137383972,0.5499018452941037,0.016517801701050452,0.0034177617520032267,0.2304402698790029,synthetic_turbet2020_based
Kepler-1819 b,0.13562029538152837,0.6275847147337079,0.019192833317452244,0.007756342664840426,0.20984581390247103,synthetic_turbet2020_based
Kepler-1817 b,0.06320184372400407,0.6492161131056089,0.027027957958015277,0.002144575178589221,0.25840951003378254,synthetic_turbet2020_based
K2-357 b,0.14515771281434814,0.6692197672779718,0.027600811825247658,0.008181935375188736,0.14983977270724358,synthetic_turbet2020_based
K2-358 b,0.12639748766157283,0.514301780839417,0.04814405111752629,0.009496396339748837,0.30166028404173506,synthetic_turbet2020_based
Kepler-1731 b,0.06434320920775174,0.7784325130193535,0.04101929522953266,0.0019597974630151116,0.11424518508034709,synthetic_turbet2020_based
Kepler-1762 b,0.1278987907778322,0.41398052403103963,0.03355428282243507,0.009398688776813682,0.4151677135918793,synthetic_turbet2020_based
Kepler-1820 b,0.10523146062281871,0.6034500696204632,0.019102413036107043,0.005868516159360034,0.266347540561251,synthetic_turbet2020_based
Kepler-1821 b,0.17038620031150464,0.48610330957489195,0.032139470478580685,0.004191789494061229,0.3071792301409616,synthetic_turbet2020_based
Kepler-1788 b,0.1621808117110637,0.6808154647828812,0.0379515862445634,0.0044002282035195545,0.11465190905797207,synthetic_turbet2020_based
Kepler-1859 b,0.13989189544557173,0.660434073474589,0.037232558894789165,0.0061773071863381514,0.15626416499871199,synthetic_turbet2020_based
Kepler-1860 b,0.18002071202348374,0.49951943170800106,0.012232271574455061,0.009662531084864201,0.29856505360919594,synthetic_turbet2020_based
K2-184 b,0.05911005899358029,0.7611822623167819,0.03449139747816894,0.009268663467831395,0.1359476177436375,synthetic_turbet2020_based
Kepler-1712 b,0.13474308958439585,0.7284034901971229,0.038851610529381346,0.0057260092029460365,0.0922758004861538,synthetic_turbet2020_based
Kepler-1763 b,0.1044985384930429,0.40114360827533696,0.02003621098277508,0.009565901276265491,0.46475574097257966,synthetic_turbet2020_based
Kepler-1764 b,0.09131927717974869,0.7007409770648801,0.030339904581253435,0.003776629461893194,0.17382321171222448,synthetic_turbet2020_based
Kepler-1790 b,0.19866401734435712,0.41878975100991767,0.033283084258960954,0.005153663944087402,0.3441094834426768,synthetic_turbet2020_based
Kepler-1791 b,0.06147896145530925,0.48563848232614204,0.03776967894711565,0.0019749576681409014,0.41313791960329205,synthetic_turbet2020_based
K2-273 b,0.17015376658245687,0.6500243975808454,0.014034303795344276,0.0035813316588692266,0.16220620038248423,synthetic_turbet2020_based
K2-104 b,0.07057667935202967,0.7190405182231069,0.03131838500502668,0.0010254694304492784,0.17803894798938746,synthetic_turbet2020_based
Kepler-1792 b,0.1314355470842229,0.5931214737059805,0.035723056119700204,0.0013135964993829649,0.23840632659071348,synthetic_turbet2020_based
Kepler-1090 c,0.055313868789957095,0.5397472420381427,0.037541523846459486,0.006999022833298262,0.3603983424921424,synthetic_turbet2020_based
Kepler-1760 b,0.09173953688153821,0.4864270178251584,0.03732502389524251,0.0012440146252042236,0.38326440677285667,synthetic_turbet2020_based
Kepler-1777 b,0.1335174997541682,0.5696394568176508,0.019563472717408405,0.005682682803992184,0.2715968879067804,synthetic_turbet2020_based
K2-275 c,0.08257514849342046,0.6257286422196969,0.015958953449053737,0.004651236208822207,0.2710860196290067,synthetic_turbet2020_based
K2-275 b,0.12656395029572082,0.412680411217531,0.03442868961878457,0.007752837641477531,0.41857411122648613,synthetic_turbet2020_based
Kepler-1775 b,0.19341103442165591,0.4812505409857639,0.01834781468998315,0.0037434774180595365,0.3032471324845374,synthetic_turbet2020_based
Kepler-1797 b,0.18361460561853582,0.5627428654771489,0.022071752523038196,0.007670627036914385,0.22390014934436275,synthetic_turbet2020_based
Kepler-1798 b,0.05569852663664637,0.6195258045233226,0.028007599643050426,0.006623723896683903,0.29014434530029665,synthetic_turbet2020_based
TIC 172900988 b,0.15966495102356187,0.5299953542181086,0.0354566874409297,0.005718958326648952,0.26916404899075086,synthetic_turbet2020_based
HD 93385 d,0.0700951715585415,0.7526904832038643,0.040183606713234205,0.009294887208061261,0.12773585131629872,synthetic_turbet2020_based
Kepler-487 d,0.15806068871959994,0.4979226241884306,0.027221049005439577,0.004481815829003821,0.312313822257526,synthetic_turbet2020_based
Kepler-1822 b,0.05537328989482343,0.5642192611915547,0.023822778159911323,0.0010353140758079186,0.35554935667790255,synthetic_turbet2020_based
Kepler-1823 b,0.1770684888636938,0.4575497700031413,0.03003808669541056,0.008062100408206409,0.32728155402954795,synthetic_turbet2020_based
HD 96700 c,0.14067220536497138,0.4677404901530604,0.034728445026604465,0.007818372050038627,0.3490404874053251,synthetic_turbet2020_based
HD 96700 d,0.178214677421627,0.5274615038950126,0.011356856021440773,0.006471533857986164,0.2764954288039335,synthetic_turbet2020_based
TOI-2257 b,0.16773055304317203,0.25617901478891825,0.03719526837464498,0.04092747418703711,0.4979676896062276,synthetic_turbet2020_based
Kepler-1769 b,0.19512968004821024,0.6338189580594166,0.046172542016404396,0.0067770404422664,0.11810177943370248,synthetic_turbet2020_based
Kepler-1778 b,0.07726165192980261,0.7197232718035835,0.03774794496854861,0.009801457999074246,0.15546567329899097,synthetic_turbet2020_based
Kepler-1824 b,0.08651479834111162,0.533250206513573,0.04285964106409488,0.0015660063823022237,0.33580934769891824,synthetic_turbet2020_based
HD 189567 b,0.14497996469224111,0.6141904210931501,0.016752874890702273,0.0024860953833421885,0.22159064394056416,synthetic_turbet2020_based
HD 189567 c,0.17152964318809694,0.4061780621750699,0.03987365761239768,0.007594005043040383,0.37482463198139504,synthetic_turbet2020_based
HD 137496 c,0.1474519964552982,0.5638070652325065,0.011132827340968281,0.008215990014637155,0.26939212095658993,synthetic_turbet2020_based
Kepler-1782 b,0.0688560805709662,0.5123149936638823,0.047871317071648135,0.003716749238645541,0.36724085945485774,synthetic_turbet2020_based
Kepler-1784 b,0.08827087255923825,0.7893482221513618,0.013437288083826755,0.0024462134912561274,0.10649740371431704,synthetic_turbet2020_based
Kepler-1828 b,0.1157476272322678,0.7150692511366203,0.04537435755773106,0.007800721504144894,0.1160080425692358,synthetic_turbet2020_based
Kepler-1829 b,0.19642625474042807,0.40673845704278344,0.03478026219965758,0.0020471158169644045,0.36000791020016654,synthetic_turbet2020_based
Kepler-1776 b,0.18655441109073057,0.774122882943757,0.022121128708151905,0.008449376816646986,0.008752200440713565,synthetic_turbet2020_based
Kepler-1709 b,0.14454133630809474,0.4401955137940233,0.03411072637313777,0.009784513354219017,0.3713679101705253,synthetic_turbet2020_based
Kepler-1833 b,0.09621410735085847,0.40045631045840097,0.049071667088127165,0.004725850757054529,0.4495320643455588,synthetic_turbet2020_based
TOI-3362 b,0.11463991517650744,0.6850448468374954,0.03417541548577697,0.003717879510807901,0.16242194298941226,synthetic_turbet2020_based
Kepler-1738 b,0.0649966817983951,0.7309450079788784,0.029335087053856103,0.007052268642820492,0.16767095452604985,synthetic_turbet2020_based
Kepler-1739 b,0.17907570501787184,0.407088951714089,0.044375411077707656,0.007766157337810913,0.3616937748525205,synthetic_turbet2020_based
Kepler-1924 b,0.19202326249796958,0.49343632210751354,0.0228968934879167,0.006953308683512677,0.2846902132230875,synthetic_turbet2020_based
Kepler-1925 b,0.188868948299185,0.7970677445797563,0.026669506023427242,0.005853067081486696,-0.018459265983855166,synthetic_turbet2020_based
HATS-76 b,0.07558265114205974,0.6775901468954393,0.04349481691571658,0.00818784381199978,0.19514454123478464,synthetic_turbet2020_based
Kepler-1130 d,0.1018764567134155,0.7853056062855759,0.014813863481521253,0.005445730135865439,0.0925583433836219,synthetic_turbet2020_based
Kepler-1802 c,0.13318956952896582,0.6146055428214618,0.04031563118715776,0.0064864650922952655,0.2054027913701194,synthetic_turbet2020_based
Kepler-1942 b,0.0615694149941262,0.47194066137469853,0.03128956082620415,0.00725092840957077,0.42794943439540034,synthetic_turbet2020_based
Kepler-1943 b,0.12712617983158675,0.542203113376186,0.012045382469834581,0.008072928094016002,0.3105523962283766,synthetic_turbet2020_based
Kepler-1927 b,0.1245791359847133,0.6155156522188371,0.028758325610716645,0.00338810874171172,0.2277587774440213,synthetic_turbet2020_based
Kepler-1722 b,0.09145601971160722,0.4254003148999963,0.03830396064807731,0.0034468558582016976,0.4413928488821175,synthetic_turbet2020_based
HD 69123 b,0.09478420222614167,0.7974000484011361,0.025432502232967953,0.00559627486978608,0.07678697226996811,synthetic_turbet2020_based
Kepler-1266 c,0.10797096511417725,0.5160764452977502,0.010234029529870617,0.008693977129977295,0.3570245829282246,synthetic_turbet2020_based
Kepler-394 d,0.12097305131600926,0.6879561214837668,0.048346267665182824,0.0010254820595836356,0.1416990774754575,synthetic_turbet2020_based
Kepler-1944 b,0.15125594102663859,0.4474562816135755,0.028318602307300864,0.008621038728023042,0.36434813632446206,synthetic_turbet2020_based
Kepler-1945 b,0.06072437734767024,0.7958453939514538,0.03323343312473452,0.004554941130254397,0.10564185444588703,synthetic_turbet2020_based
Kepler-1946 b,0.05292653980031065,0.634729231264554,0.029795618560300212,0.0029378530195523994,0.2796107573552826,synthetic_turbet2020_based
Kepler-1929 b,0.12356713003812513,0.4051157056091946,0.04997910456115176,0.003989029970490656,0.41734902982103794,synthetic_turbet2020_based
Kepler-913 c,0.12203332220917848,0.7139112672201627,0.0385111337437367,0.008997031366318912,0.11654724546060313,synthetic_turbet2020_based
Kepler-324 e,0.1911988605299827,0.47567113238654657,0.025615993849030985,0.0071813529276615225,0.3003326603067782,synthetic_turbet2020_based
Kepler-1727 b,0.0567536413145622,0.6867779624717192,0.01019533760004991,0.009226796286407806,0.237046262327261,synthetic_turbet2020_based
Kepler-1931 b,0.15772541746124047,0.6261996689859931,0.027156038892049005,0.009892222916917704,0.17902665174379973,synthetic_turbet2020_based
Kepler-1530 d,0.16047676000392086,0.7229171830055569,0.0430153996093919,0.001196874399590215,0.07239378298154009,synthetic_turbet2020_based
Kepler-1932 b,0.05820265775933897,0.4793459942880467,0.036208703843482605,0.006615542765794725,0.41962710134333703,synthetic_turbet2020_based
YZ Cet b,0.09877453322053653,0.789199505269784,0.013724265685124993,0.007990481104944188,0.09031121471961034,synthetic_turbet2020_based
YZ Cet c,0.12213156795278654,0.5675336799890113,0.011022599727795939,0.007550196774581989,0.2917619555558242,synthetic_turbet2020_based
Kepler-281 d,0.33147265323009234,0.1637914993577358,0.030678514823833825,0.034257684929394495,0.4397996476589435,synthetic_turbet2020_based
Kepler-495 c,0.10514678642954299,0.6462328024637447,0.02736508237666991,0.008902628699458615,0.21235270003058382,synthetic_turbet2020_based
Kepler-501 c,0.1577769840035922,0.44419999325742726,0.04198412734634985,0.00403755068255508,0.3520013447100756,synthetic_turbet2020_based
Kepler-196 d,0.38067052660960266,0.2206742559556107,0.011103118425631858,0.03937450820404239,0.34817759080511235,synthetic_turbet2020_based
Kepler-1950 b,0.06961015534565697,0.7509069931829115,0.047933212302296094,0.0072573026772640775,0.12429233649187132,synthetic_turbet2020_based
Kepler-1899 b,0.12993091650739158,0.640825203133192,0.027154206847837294,0.0017522450381313114,0.2003374284734477,synthetic_turbet2020_based
Kepler-1869 b,0.1893265248251475,0.531674613901777,0.02251391094801612,0.0027219229824954126,0.25376302734256406,synthetic_turbet2020_based
Kepler-1312 c,0.19886123732516936,0.7770257749121167,0.023977294794150318,0.0033400484285041844,-0.0032043554599405777,synthetic_turbet2020_based
Kepler-1952 b,0.17080542945235405,0.5690440200784559,0.048711522003525715,0.009110950566484019,0.2023280778991804,synthetic_turbet2020_based
Kepler-1728 b,0.1639177013390289,0.43596971604574675,0.03808510946222001,0.009885289481747883,0.3521421836712564,synthetic_turbet2020_based
Kepler-1926 b,0.10599387994756503,0.7526276012197257,0.026325673573847734,0.009741916006384438,0.10531092925247709,synthetic_turbet2020_based
Kepler-1729 b,0.14803870573813355,0.4386001931655171,0.02916182955178493,0.0014475587805794598,0.382751712763985,synthetic_turbet2020_based
Kepler-1972 b,0.10926135855291623,0.7661524856564326,0.0192880877792545,0.009555110002735515,0.09574295800866117,synthetic_turbet2020_based
Kepler-1321 d,0.06498845669527108,0.6659246188296686,0.048627422246020055,0.006887382163599258,0.21357212006544102,synthetic_turbet2020_based
Kepler-1600 c,0.1848505930632925,0.7964121898583192,0.035673737441698564,0.008040374625615465,-0.024976894988925746,synthetic_turbet2020_based
Kepler-1954 b,0.05479777906696057,0.5709241514076177,0.021530614140196483,0.008417668005974412,0.3443297873792508,synthetic_turbet2020_based
Kepler-1730 b,0.15163670188719588,0.6457656889520756,0.04726234751275671,0.001799810245732981,0.1535354514022388,synthetic_turbet2020_based
Kepler-1721 b,0.1930761908321859,0.44030588286768846,0.0238807018753007,0.006672462983174642,0.33606476144165043,synthetic_turbet2020_based
Kepler-1887 b,0.10122143058012142,0.6730145113177463,0.04101674476782266,0.008456552469472054,0.17629076086483753,synthetic_turbet2020_based
Kepler-1958 b,0.07690155513559999,0.47283067847553867,0.012092561117156383,0.005417666550161437,0.43275753872154354,synthetic_turbet2020_based
Kepler-1726 b,0.07063004282689761,0.5274387965548446,0.04361737277133189,0.009537930484459153,0.34877585736246675,synthetic_turbet2020_based
Kepler-1723 b,0.17331139210205176,0.40025935326498224,0.03272096965355088,0.002499941166102441,0.3912083438133127,synthetic_turbet2020_based
Kepler-1705 b,0.10636203668101367,0.5711675776580702,0.04771763031248151,0.006703648587015618,0.2680491067614189,synthetic_turbet2020_based
Kepler-1890 b,0.09014825779702637,0.6571179362533759,0.048074619102156914,0.0015324321168287802,0.20312675473061204,synthetic_turbet2020_based
Kepler-1892 b,0.17239815017639365,0.4867590222856557,0.016124318082558278,0.009089802268061054,0.3156287071873314,synthetic_turbet2020_based
Kepler-1959 b,0.050277418549684594,0.696434296149157,0.013489136395575523,0.006561957655365548,0.23323719125021736,synthetic_turbet2020_based
Kepler-1960 b,0.14313453520858527,0.7451104197965847,0.042904259889181943,0.0071664790877743415,0.06168430601787389,synthetic_turbet2020_based
Kepler-457 d,0.1070821385631398,0.4665622988190281,0.03542731704397139,0.005472728188371214,0.38545551738548955,synthetic_turbet2020_based
Kepler-633 c,0.06169133934220812,0.7822247561875411,0.02257678079647249,0.0010192668849307478,0.13248785678884756,synthetic_turbet2020_based
Kepler-1861 b,0.1852535455756163,0.6308203519482666,0.0393224269420127,0.0023739961626584633,0.14222967937144604,synthetic_turbet2020_based
Kepler-1863 b,0.1106908511039063,0.6580244919254986,0.02003858832652708,0.007313490506657421,0.20393257813741061,synthetic_turbet2020_based
Kepler-1895 b,0.08504223840108137,0.48365113085594913,0.010464986010415313,0.003537160708179761,0.41730448402437437,synthetic_turbet2020_based
Kepler-1911 b,0.08701051880447276,0.7057426226721393,0.03278839624671683,0.0026004203535885087,0.17185804192308263,synthetic_turbet2020_based
Kepler-1865 b,0.1352191206423256,0.4901774362299084,0.027020091202167813,0.008993872555475919,0.3385894793701223,synthetic_turbet2020_based
Kepler-1866 b,0.15788843292747406,0.6604400066804892,0.021259337972885553,0.002121234984069206,0.15829098743508185,synthetic_turbet2020_based
Kepler-1897 b,0.16294234764499016,0.6271561538191159,0.03491040679296949,0.009776019874412359,0.16521507186851203,synthetic_turbet2020_based
Kepler-1896 b,0.10224813802508069,0.7202990116816615,0.0323582736348892,0.003117339513342482,0.14197723714502608,synthetic_turbet2020_based
Kepler-1967 b,0.05793324979798876,0.6464043567955843,0.021904645455102935,0.007259305118327872,0.2664984428329962,synthetic_turbet2020_based
Kepler-1867 b,0.15510907426076032,0.5821841871277311,0.031455884673583914,0.006638921719011169,0.2246119322189134,synthetic_turbet2020_based
Kepler-1868 b,0.7405814831400224,0.08896335453541648,0.013037383009990458,0.009818363434876892,0.14759941587969383,synthetic_turbet2020_based
Kepler-1903 b,0.05501763671124219,0.4832385423585537,0.03833231418617443,0.001764642334074498,0.42164686440995525,synthetic_turbet2020_based
Kepler-1969 b,0.08932591297254112,0.461590671619551,0.03894286255264851,0.006210400521791305,0.40393015233346796,synthetic_turbet2020_based
Kepler-1968 b,0.05967179176880941,0.5840536941606429,0.018340117120641822,0.009709287381841618,0.32822510956806417,synthetic_turbet2020_based
Kepler-1871 b,0.06618769209635779,0.6392220701456142,0.029273889433872727,0.0062027604729854285,0.2591135878511699,synthetic_turbet2020_based
Kepler-1872 b,0.19347392760592208,0.5365127511265945,0.039950654928443144,0.005027198294579623,0.22503546804446062,synthetic_turbet2020_based
Kepler-1906 b,0.14911424220883035,0.5462630185218311,0.019084888210092625,0.001752547234397657,0.28378530382484835,synthetic_turbet2020_based
Kepler-1907 b,0.06526268769813168,0.7837721275054067,0.041538264786991796,0.0032046332497390655,0.10622228675973067,synthetic_turbet2020_based
Kepler-1913 b,0.12937208552561946,0.6856930897400269,0.024101516080099708,0.004959892523438061,0.15587341613081585,synthetic_turbet2020_based
HD 79181 b,0.157757287935906,0.4909817259012535,0.031053774338666316,0.002890793545176091,0.31731641827899815,synthetic_turbet2020_based
HD 10975 b,0.0504616401523289,0.6761054942260016,0.0382905943848497,0.009961504287372282,0.22518076694944744,synthetic_turbet2020_based
HD 99283 b,0.07715231665921994,0.695832130026296,0.047918696974505515,0.006801223031299953,0.1722956333086787,synthetic_turbet2020_based
Kepler-1873 b,0.19447108407051283,0.7977763941111138,0.04206497607086157,0.00999357317835289,-0.04430602743084111,synthetic_turbet2020_based
Kepler-1874 b,0.14387366889616424,0.598822277045471,0.04670545017480876,0.008478602572905867,0.2021200013106501,synthetic_turbet2020_based
Kepler-1909 b,0.06651681100156034,0.5210890587195061,0.020425804817199425,0.008697354934399378,0.3832709705273347,synthetic_turbet2020_based
Kepler-1717 b,0.08498680314602056,0.521617908989638,0.030751546171829534,0.0016850753804238442,0.36095866631208806,synthetic_turbet2020_based
Kepler-1917 b,0.19418444639568766,0.5964251106143623,0.017617348961169652,0.0034373866404136737,0.1883357073883667,synthetic_turbet2020_based
Kepler-1918 b,0.16971256206307428,0.653602592071369,0.028585040968935813,0.003984412306492135,0.14411539259012884,synthetic_turbet2020_based
ups Leo b,0.18510265445132912,0.7090258161168719,0.038724481493994475,0.005014004541555098,0.06213304339624948,synthetic_turbet2020_based
HD 219139 b,0.19717402261397188,0.6840281187145225,0.02694498899946636,0.00964496839358311,0.08220790127845612,synthetic_turbet2020_based
Kepler-616 d,0.18435874947965253,0.6959860774177333,0.04067984486480327,0.004812647497245146,0.07416268074056565,synthetic_turbet2020_based
Kepler-534 c,0.12610257554452592,0.4766189356147372,0.03381584982135394,0.004329248935231649,0.35913339008415124,synthetic_turbet2020_based
Kepler-1919 b,0.10211574883555298,0.7792912804552264,0.016591337327359894,0.008469762256841921,0.09353187112501882,synthetic_turbet2020_based
Kepler-1488 c,0.09222028565121412,0.4114622516080102,0.011618523193153098,0.0048625974332728444,0.47983634211434967,synthetic_turbet2020_based
gam Psc b,0.11816913592227106,0.5281004513777394,0.03675118422257464,0.0053680850064347484,0.3116111434709802,synthetic_turbet2020_based
HIP 34222 b,0.6222339198993471,0.041326407542194805,0.014078509353996158,0.001566241245012178,0.3207949219594498,synthetic_turbet2020_based
Kepler-1881 b,0.16249198749923266,0.2401150922323134,0.03784006582902911,0.04445556508414245,0.5150972893552823,synthetic_turbet2020_based
Kepler-1879 b,0.16346289387356094,0.6141982749044584,0.022504483520370436,0.0010523034565097563,0.19878204424510038,synthetic_turbet2020_based
Kepler-1934 b,0.1470706221931692,0.5158852750459388,0.020004004069116718,0.009773429866967859,0.30726666882480735,synthetic_turbet2020_based
Kepler-1935 b,0.07613602886093768,0.4129738959397588,0.04797561580768466,0.0037540604985079103,0.459160398893111,synthetic_turbet2020_based
Kepler-1921 b,0.10901300759309758,0.43237396157736874,0.026162608578132837,0.009749991616916955,0.4227004306344839,synthetic_turbet2020_based
Kepler-1883 b,0.15410295767571147,0.5895299379332799,0.02229886584049412,0.004294395633529378,0.2297738429169851,synthetic_turbet2020_based
Kepler-1938 b,0.1416842224940298,0.5017800250421239,0.016077901019808005,0.007266058065492834,0.33319179337854543,synthetic_turbet2020_based
TOI-1268 b,0.1804204665678274,0.7606155633683255,0.04365674127512041,0.005775397135299273,0.009531831653427414,synthetic_turbet2020_based
K2-25 b,0.16832464535061262,0.7705422927069546,0.010934503584285368,0.0047088839593737285,0.045489674398773605,synthetic_turbet2020_based
TOI-2136 b,0.08061882193552924,0.7987075141698092,0.04718264038532698,0.008219673559683881,0.06527134994965067,synthetic_turbet2020_based
iot Dra b,0.09438197076892485,0.7808409058180523,0.01117001760248577,0.0026923573586581807,0.11091474845187888,synthetic_turbet2020_based
CoRoT-35 b,0.14253106313463898,0.7172026848233234,0.04534523412462282,0.0037045774963113294,0.09121644042110355,synthetic_turbet2020_based
CoRoT-36 b,0.1086206901604354,0.5819309607814986,0.011078952741356595,0.00877572327746892,0.28959367303924044,synthetic_turbet2020_based
iot Dra c,0.7013845246158544,0.027935060837982875,0.026367882523998118,0.0073950703740912225,0.23691746164807326,synthetic_turbet2020_based
HD 160691 c,0.8612746738181433,0.029383881959406034,0.01690451868141583,0.009494046710383088,0.08294287883065177,synthetic_turbet2020_based
HD 160691 d,0.13263395287453517,0.5463088075967695,0.017972778202564915,0.009957230399785948,0.2931272309263445,synthetic_turbet2020_based
TOI-620 b,0.15787764306373275,0.4871541232708661,0.013650377793086116,0.0027935410957142127,0.33852431477660094,synthetic_turbet2020_based
AB Aur b,0.6743227811722734,0.019997708433544266,0.019186054828549466,0.002051017344396378,0.2844424382212364,synthetic_turbet2020_based
HD 33142 b,0.1066597551329844,0.5944781036679369,0.02821139890323672,0.008462890615141582,0.26218785168070036,synthetic_turbet2020_based
K2-371 b,0.08809930795020672,0.7548375295553386,0.04632491274115209,0.0096381974080328,0.10110005234526975,synthetic_turbet2020_based
TYC 2187-512-1 b,0.6542949701654655,0.03211760316118342,0.034953291094296284,0.0022680246988458002,0.2763661108802091,synthetic_turbet2020_based
TOI-1246 b,0.06284319955046368,0.4294788848125791,0.034245985386649955,0.00824210327808988,0.46518982697221745,synthetic_turbet2020_based
HD 160691 e,0.17766569879775662,0.2867067774251577,0.041677420315962034,0.013098416214602851,0.48085168724652083,synthetic_turbet2020_based
HIP 94235 b,0.11109546927872223,0.4272059464137035,0.046607766311739796,0.007685219300253809,0.4074055986955807,synthetic_turbet2020_based
KOI-984 c,0.15298176955320758,0.6730807386456794,0.021407300075829742,0.009401852396806378,0.1431283393284769,synthetic_turbet2020_based
K2-390 b,0.18841649873305927,0.6957955237496923,0.02875720828287172,0.0014240415771164367,0.08560672765726018,synthetic_turbet2020_based
HD 73583 b,0.05424670252055536,0.45525373316954715,0.0338305877477223,0.008182894412842246,0.44848608214933294,synthetic_turbet2020_based
HD 103891 b,0.8845397280820857,0.025782587134853215,0.021021115231846334,0.0014869025834897355,0.06716966696772497,synthetic_turbet2020_based
HD 105779 b,0.8967141500642639,0.08028235712899658,0.029228565167601098,0.00618008819772201,-0.012405160558583761,synthetic_turbet2020_based
HD 33142 d,0.1343261616999638,0.5017443012572602,0.017415627771736785,0.003672781449599188,0.34284112782144005,synthetic_turbet2020_based
HD 19615 b,0.0870730324694225,0.6230112359457445,0.02232811223359428,0.007560503124541086,0.2600271162266977,synthetic_turbet2020_based
HD 73583 c,0.13519095992855534,0.612905506165619,0.048051750683569865,0.0039016858184228917,0.19995009740383296,synthetic_turbet2020_based
GJ 411 b,0.2905809589719784,0.10001012540548573,0.03947694589109077,0.03010175716067045,0.5398302125707747,synthetic_turbet2020_based
TOI-1064 c,0.08125774359266896,0.4006042225714469,0.03827775856015015,0.006964306331955166,0.4728959689437787,synthetic_turbet2020_based
K2-316 b,0.14981106747193507,0.5749819292481845,0.03557189303079795,0.006142013110954543,0.23349309713812794,synthetic_turbet2020_based
HD 95735 c,0.6716685133833806,0.05668912373215858,0.03058371178475581,0.008412605994100365,0.2326460451056046,synthetic_turbet2020_based
TOI-2669 b,0.1150233534006104,0.5744341743065109,0.04937617885099266,0.0090501748557304,0.25211611858615557,synthetic_turbet2020_based
TOI-4329 b,0.08634289850656127,0.7641172378674669,0.015518666253841311,0.008680519528660006,0.12534067784347047,synthetic_turbet2020_based
K2-316 c,0.0774985065095026,0.5702413395593456,0.049356865250733586,0.001873440428970073,0.3010298482514481,synthetic_turbet2020_based
TOI-2046 b,0.17596817299520084,0.5978935798110638,0.014439654631004415,0.009572422411945027,0.20212617015078593,synthetic_turbet2020_based
Kepler-1656 c,0.7647694104417677,0.0892576919731902,0.044764277679470034,0.0011317112464662808,0.10007690865910579,synthetic_turbet2020_based
TOI-206 b,0.0897261055348754,0.534768631845261,0.03139456182166021,0.0016467940885697267,0.34246390670963367,synthetic_turbet2020_based
K2-319 b,0.10834503474945349,0.7258552494492387,0.016927644600290663,0.007311488271187445,0.14156058292982976,synthetic_turbet2020_based
mu2 Sco b,0.7380988228161821,0.016363460700683632,0.01709496262515819,0.0022692765856046917,0.22617347727237136,synthetic_turbet2020_based
TOI-1693 b,0.14295767694781297,0.43492975955312874,0.04292187123109972,0.008259932178432074,0.3709307600895265,synthetic_turbet2020_based
K2-323 b,0.12401859913623474,0.27763943954603665,0.048366433027047954,0.011738723927249804,0.5382368043634309,synthetic_turbet2020_based
HD 81040 b,0.8850988704410495,0.03515159524507173,0.036590477632127624,0.0025733417161327007,0.04058571496561847,synthetic_turbet2020_based
HD 171238 b,0.845236754881381,0.08577220074043816,0.04913365620785981,0.009932801159537496,0.009924587010783581,synthetic_turbet2020_based
HD 87883 b,0.6227573123328084,0.06921672411502672,0.020921847086091697,0.0021302000706803067,0.28497391639539293,synthetic_turbet2020_based
TOI-2411 b,0.07231931280726471,0.7745748955713622,0.037345969533813805,0.0014541485587213701,0.11430567352883791,synthetic_turbet2020_based
TOI-2427 b,0.19763451172191393,0.723124894544286,0.022367172226029002,0.0052378002424513055,0.05163562126531973,synthetic_turbet2020_based
K2-325 b,0.15898639688030636,0.6704128343357786,0.028523235952569434,0.005611509106291602,0.136466023725054,synthetic_turbet2020_based
HD 106515 A b,0.6129623041249297,0.05505699200382538,0.023609875668961458,0.0035654608042746077,0.3048053673980089,synthetic_turbet2020_based
K2-326 b,0.0904433637152279,0.6595787589425794,0.027170304828852743,0.0048322216758513205,0.21797535083748865,synthetic_turbet2020_based
TOI-5153 b,0.07387804870272181,0.7847454272974468,0.018957048098022056,0.004654982859407062,0.11776449304240233,synthetic_turbet2020_based
NGTS-20 b,0.07853071462696085,0.6812571409556591,0.027445149858434173,0.004722849451162914,0.20804414510778302,synthetic_turbet2020_based
HD 29021 b,0.8625284656167201,0.0783531864814108,0.030795002115567238,0.005217313636370234,0.023106032149931677,synthetic_turbet2020_based
K2-199 b,0.1939852096695584,0.7825848658764948,0.038190834716395505,0.007841331338377897,-0.022602241600826467,synthetic_turbet2020_based
Ross 508 b,0.3697278724461448,0.2928617511741475,0.013290990650832932,0.04989355329882327,0.2742258324300515,synthetic_turbet2020_based
HD 136118 b,0.8109066644908196,0.0633470368772465,0.02652668501307591,0.004027509043174338,0.09519210457568361,synthetic_turbet2020_based
HD 140901 b,0.1706315312785966,0.661774022618645,0.018028206752859762,0.0064891993342060545,0.14307704001569244,synthetic_turbet2020_based
HD 93351 c,0.6423498305164396,0.05471873438555158,0.03333830551338594,0.006721156636696292,0.26287197294792664,synthetic_turbet2020_based
GJ 2030 b,0.07178932845851528,0.43823941146030815,0.020348326639014314,0.006463268489391522,0.4631596649527707,synthetic_turbet2020_based
TOI-2570 b,0.18975242209563842,0.7116494123601415,0.0398284210068971,0.003972091101019443,0.054797653436303495,synthetic_turbet2020_based
HD 113337 b,0.06675610696627379,0.7567757624481009,0.030034140200665152,0.001904597615838268,0.1445293927691219,synthetic_turbet2020_based
HIP 97233 b,0.1302453095175769,0.6701640970661025,0.022796001184093535,0.0010832403851527225,0.17571135184707443,synthetic_turbet2020_based
HD 144899 b,0.14324104432216433,0.41603820737179403,0.027311731634847493,0.008422977053141625,0.40498603961805246,synthetic_turbet2020_based
HD 142 A d,0.19982714485137204,0.5481211655936671,0.010805077060007884,0.005436127917448949,0.2358104845775041,synthetic_turbet2020_based
GJ 2030 c,0.6828826192295977,0.09034975122302732,0.03846012601310776,0.004638909419253573,0.18366859411501357,synthetic_turbet2020_based
GJ 3222 b,0.16430423463772545,0.536482347569173,0.030870543404551594,0.009305067518192534,0.2590378068703574,synthetic_turbet2020_based
GJ 680 b,0.6600471798711088,0.038175220171603554,0.04542373650107838,0.005156905242793706,0.2511969582134156,synthetic_turbet2020_based
TOI-3540 A b,0.09768332430103682,0.4149194680735762,0.02675812150347604,0.005505410002319282,0.45513367611959166,synthetic_turbet2020_based
TOI-3331 A b,0.11094993009816312,0.5109836935082236,0.024765206942154644,0.006782003186983478,0.3465191662644751,synthetic_turbet2020_based
TOI-3693 b,0.18369195799445037,0.6598703290310008,0.035846497438950645,0.0083518737578279,0.11223934177777029,synthetic_turbet2020_based
HD 145934 b,0.14954283331997992,0.1602195258916277,0.012023639318994838,0.023985511874929623,0.6542284895944679,synthetic_turbet2020_based
HD 151450 b,0.19982356733997586,0.5317249581462304,0.04439091984103628,0.001771999425373892,0.22228855524738356,synthetic_turbet2020_based
HD 149806 b,0.7379137090007999,0.0416316578843473,0.018063314529256625,0.004352556313511776,0.1980387622720845,synthetic_turbet2020_based
HD 151450 c,0.7953834334241842,0.05412772674001837,0.04377336124833847,0.009144519461635036,0.09757095912582403,synthetic_turbet2020_based
HD 115404 A b,0.12228392467541674,0.792690525660448,0.012880830541463358,0.0034870529920262333,0.06865766613064572,synthetic_turbet2020_based
TOI-2196 b,0.1125066905612864,0.633080604143331,0.03183718965252842,0.006111790874038664,0.21646372476881548,synthetic_turbet2020_based
HD 191806 b,0.8688752167825894,0.03498086727579754,0.04267414982354515,0.006022004987148934,0.047447761130919086,synthetic_turbet2020_based
HD 153557 c,0.12357357243840371,0.5197653702501877,0.022162752110400114,0.0044963188430039835,0.3300019863580046,synthetic_turbet2020_based
HD 153557 d,0.8290531464299075,0.052905959883304404,0.01615334741025,0.0078387685960852,0.09404877768045294,synthetic_turbet2020_based
HD 12235 c,0.7990139963747606,0.09543148915610504,0.031176564064781732,0.006889799282120238,0.0674881511222325,synthetic_turbet2020_based
HD 56414 b,0.12189954091418173,0.6723120833111857,0.027444682528007337,0.00224070830862242,0.1761029849380027,synthetic_turbet2020_based
GJ 896 A b,0.8960049708897393,0.07483273325162698,0.03434503300919406,0.005332786751669675,-0.010515523902230095,synthetic_turbet2020_based
GJ 676 A c,0.8134287006565996,0.021409742992166286,0.023044535925667766,0.0021222941568659727,0.13999472626870046,synthetic_turbet2020_based
HD 219828 c,0.6378075288294612,0.011921279038948074,0.04023573660566202,0.003045777621626613,0.306989677904302,synthetic_turbet2020_based
HD 72892 b,0.17480115786045308,0.7617738056654929,0.016742642386075708,0.00737977638102347,0.03930261770695487,synthetic_turbet2020_based
HD 155918 b,0.11904585927350915,0.7675844629624204,0.029376687752066102,0.004409864977984993,0.07958312503401921,synthetic_turbet2020_based
TOI-2048 b,0.09418476785452401,0.761448576091263,0.019047172136341127,0.00844943312448538,0.11687005079338642,synthetic_turbet2020_based
HD 111232 b,0.6582562342733813,0.06790571688281423,0.02804262558896785,0.0019414780751501144,0.2438539451796865,synthetic_turbet2020_based
HD 10697 b,0.13777990129511572,0.15630182998313394,0.04066606739816281,0.03915760009062607,0.6260946012329615,synthetic_turbet2020_based
HD 125612 b,0.1615360754222102,0.19524043891337994,0.01387947850707981,0.03863785144732811,0.590706155710002,synthetic_turbet2020_based
HIP 67537 b,0.3379906105052203,0.2787024000074054,0.04542983865560695,0.023515692285840238,0.3143614585459271,synthetic_turbet2020_based
HD 156098 c,0.6763601500320068,0.0906930437271732,0.015840278992780395,0.0015340966452336402,0.21557243060280595,synthetic_turbet2020_based
HD 156098 b,0.09713644670371618,0.7041200175658652,0.03776799168621854,0.00988349751124171,0.15109204653295827,synthetic_turbet2020_based
HD 168863 b,0.7078600713323807,0.03482625833711915,0.025128304369797065,0.008040306352874088,0.22414505960782893,synthetic_turbet2020_based
HIP 19976 b,0.08214499266817071,0.7790991936985812,0.0305019733011878,0.008048304961970228,0.10020553537009014,synthetic_turbet2020_based
HD 203387 c,0.17408927367258753,0.5915260469351,0.03965485521610348,0.004282248915419148,0.19044757526078981,synthetic_turbet2020_based
HIP 35965 b,0.8432784042819613,0.08415127077556875,0.032648232777536756,0.0029633303428573364,0.036958761822075914,synthetic_turbet2020_based
HD 125612 c,0.19553347627705475,0.7787919480700991,0.03479282178317347,0.009854929007029192,-0.018973175137356524,synthetic_turbet2020_based
HD 125612 d,0.7508388889173695,0.04379359374334293,0.028420120630786513,0.0014131631636695903,0.17553423354483155,synthetic_turbet2020_based
HD 156279 c,0.7647365544574085,0.06996091965068778,0.014380798949225962,0.0033003781452655276,0.1476213487974123,synthetic_turbet2020_based
HD 27894 d,0.8163552329552443,0.08142311605229788,0.04943468197377781,0.0032790131730167597,0.049507955845663365,synthetic_turbet2020_based
HD 181234 b,0.8524318414993743,0.025489266860274994,0.015235135815945697,0.007562832230580586,0.09928092359382434,synthetic_turbet2020_based
HD 18143 b,0.11688085571617311,0.7175693993388005,0.021302591813375835,0.002918744893897288,0.14132840823775328,synthetic_turbet2020_based
HIP 948 b,0.764639623146915,0.020377942720383777,0.02114996855965985,0.0024961331031245976,0.19133633246991677,synthetic_turbet2020_based
HD 139357 b,0.09800709406586622,0.7061994823406192,0.014829693488313849,0.006506820272542338,0.17445690983265838,synthetic_turbet2020_based
HD 25015 b,0.775429821144968,0.05843175662505576,0.029369904138942464,0.006974745437694396,0.12979377265333947,synthetic_turbet2020_based
HD 188641 b,0.8555431966367268,0.02458329745139569,0.042565252894863716,0.0015532807990964676,0.07575497221791738,synthetic_turbet2020_based
HD 168443 b,0.12231866747640589,0.6045862083563438,0.017903433264566504,0.0018070579482088376,0.2533846329544751,synthetic_turbet2020_based
HD 156279 b,0.06123664631929597,0.41489359401731524,0.0329437209647593,0.002399271494991453,0.4885267672036381,synthetic_turbet2020_based
HD 168443 c,0.8426114248289824,0.0909057448930053,0.021696326408004653,0.002480197869808378,0.042306306000199245,synthetic_turbet2020_based
GJ 229 A c,0.7228835626860248,0.08934131811561034,0.02599276733364929,0.0019750266641226067,0.15980732520059293,synthetic_turbet2020_based
HD 81817 b,0.19770021391437592,0.5998701884877087,0.023694858847636467,0.009042587108597844,0.16969215164168105,synthetic_turbet2020_based
HD 204313 e,0.8782210481618079,0.05471240198577905,0.022268655751736317,0.0053437043760594105,0.03945418972461723,synthetic_turbet2020_based
HD 169830 c,0.6657845853510561,0.05304142881450383,0.019177244227044185,0.006599824849706599,0.2553969167576894,synthetic_turbet2020_based
HIP 56640 b,0.8279667543209039,0.09724850094479995,0.04370281877217535,0.001775213603258983,0.02930671235886184,synthetic_turbet2020_based
HD 213519 b,0.08172843199124884,0.6126767431514822,0.02030363976755996,0.0011292868637497052,0.2841618982259593,synthetic_turbet2020_based
HD 217786 c,0.16321864248665308,0.5431088030350284,0.012644001296794475,0.005579527748703727,0.27544902543282035,synthetic_turbet2020_based
TOI-3629 b,0.19658130697225856,0.6714154505691043,0.016350644529707147,0.005628660273367276,0.11002393765556262,synthetic_turbet2020_based
HD 183263 c,0.8705167364680457,0.014881930025687955,0.035515728030597465,0.0074914569080280794,0.07159414856764079,synthetic_turbet2020_based
HD 66428 c,0.8112035097943527,0.023515337669237635,0.04629114126861046,0.003900441994417654,0.11508956927338154,synthetic_turbet2020_based
HD 80869 b,0.6155226070173015,0.01748988410342938,0.02830309527198794,0.001359838018711424,0.33732457558856976,synthetic_turbet2020_based
HD 25912 b,0.16693287766523957,0.7463294023881273,0.010534927000852195,0.008290121529945195,0.06791267141583568,synthetic_turbet2020_based
HD 217958 b,0.8943619407298193,0.012733134499517452,0.03899868978478466,0.009991846709178735,0.0439143882766998,synthetic_turbet2020_based
HD 25912 c,0.8391355758881863,0.05548213027316239,0.04539291888292499,0.0073713918241228235,0.052617983131603485,synthetic_turbet2020_based
HD 109988 b,0.6877354951381189,0.03018878038695428,0.030501775708184818,0.004356914716194494,0.2472170340505475,synthetic_turbet2020_based
HD 28192 b,0.09942019862120027,0.47116992669075397,0.04381144012686792,0.007345130505803891,0.37825330405537394,synthetic_turbet2020_based
HD 43197 c,0.699396440897623,0.031390037342666814,0.015125516520345435,0.0020126165920511764,0.2520753886473136,synthetic_turbet2020_based
HD 38529 b,0.1438217277825635,0.44352687122677015,0.048408504959078696,0.003512215914508601,0.3607306801170791,synthetic_turbet2020_based
HD 38529 c,0.1077414581745495,0.271065944768637,0.02470349583401201,0.023718635318998385,0.5727704659038031,synthetic_turbet2020_based
HD 110537 b,0.6355861835449149,0.06943798523970175,0.02435173486357734,0.008406950766100506,0.2622171455857054,synthetic_turbet2020_based
HD 56957 b,0.7891854910890388,0.08919211173345697,0.03490244631952305,0.00801350406747774,0.07870644679050354,synthetic_turbet2020_based
HD 62364 c,0.8089617854714175,0.051633318217659964,0.03754695967842205,0.006972553158025091,0.0948853834744754,synthetic_turbet2020_based
TOI-712 c,0.05100554298891867,0.6794551754911407,0.020486380072913833,0.005876405398000278,0.24317649604902658,synthetic_turbet2020_based
TOI-712 d,0.1333997165232565,0.10460450031446802,0.010604788351022808,0.016327780494917437,0.7350632143163353,synthetic_turbet2020_based
HD 43197 b,0.10596775198304549,0.1264794841702037,0.03236694421435897,0.026010913262919842,0.709174906369472,synthetic_turbet2020_based
HD 4113 b,0.3942244367771961,0.26173887204344043,0.01587103017954522,0.02667157573844222,0.301494085261376,synthetic_turbet2020_based
HD 111232 c,0.7292912389689962,0.042590510105615716,0.029823591227021447,0.007028870909009188,0.1912657887893574,synthetic_turbet2020_based
HD 62549 b,0.7922669146978958,0.04213892477201981,0.0382018249259409,0.0036053685879708936,0.12378696701617253,synthetic_turbet2020_based
TOI-1452 b,0.3506403532679141,0.2928744086528051,0.02178946617795581,0.04138754211081725,0.29330822979050764,synthetic_turbet2020_based
HD 73267 b,0.8440277411573182,0.054168703708139115,0.013509892466121767,0.008075637010893557,0.08021802565752745,synthetic_turbet2020_based
HD 11505 b,0.722243471469756,0.02872641479515769,0.03506600930243118,0.004932442951126878,0.2090316614815283,synthetic_turbet2020_based
HD 80913 b,0.6262717346040546,0.09853071661600364,0.019786474809765815,0.00559868549931681,0.24981238847085907,synthetic_turbet2020_based
HD 81817 c,0.15009323925965357,0.44603574575947663,0.039576403754430355,0.0068345994685521305,0.3574600117578872,synthetic_turbet2020_based
TOI-2207 b,0.12406293459602027,0.6113319966674724,0.0481918010976131,0.009198080535420677,0.20721518710347353,synthetic_turbet2020_based
HD 86264 b,0.6335949971613861,0.04318768477602105,0.030670857270784745,0.009279782613116034,0.283266678178692,synthetic_turbet2020_based
HD 7449 b,0.8449689988362138,0.04478344326949728,0.04544841622042582,0.004403420160689111,0.06039572151317407,synthetic_turbet2020_based
HD 8673 b,0.6813578807412928,0.06489033639018396,0.024236070192592135,0.0066016680393032705,0.2229140446366279,synthetic_turbet2020_based
HD 127506 b,0.11145261125678368,0.7183076558507528,0.048172438934956534,0.0034327826098428603,0.11863451134766412,synthetic_turbet2020_based
HD 135872 b,0.7530030252732844,0.07519891917723298,0.016340763808285988,0.008163155332696317,0.1472941364085003,synthetic_turbet2020_based
HD 86065 b,0.7748915884936282,0.023476647152087336,0.0447291834721635,0.004840311335732286,0.1520622695463888,synthetic_turbet2020_based
HD 88072 b,0.6529858037773946,0.027585672790478535,0.041420255990653,0.009421445445264805,0.2685868219962091,synthetic_turbet2020_based
HD 93351 b,0.10673748833812241,0.43153123012289313,0.014032923178154296,0.0068903065827446595,0.44080805177808546,synthetic_turbet2020_based
TOI-2421 b,0.10561275658845135,0.5704525989383175,0.023481895125937555,0.005189847093906203,0.29526290225338736,synthetic_turbet2020_based
HD 142 c,0.7930648358640194,0.058702524751430736,0.016569656966059103,0.005421597867494236,0.12624138455099654,synthetic_turbet2020_based
TOI-2583 A b,0.11909195886595124,0.6182948992214564,0.014426801241615356,0.0023817441073846167,0.24580459656359244,synthetic_turbet2020_based
TOI-2796 b,0.12953662671619204,0.5101740170198534,0.03516126754845388,0.004354762444112442,0.3207733262713882,synthetic_turbet2020_based
TOI-2096 b,0.08311021214981537,0.6625579153309313,0.02575630678570058,0.0024185122345875215,0.2261570534989651,synthetic_turbet2020_based
GJ 338 B b,0.1713213468905435,0.5727034847762458,0.046602813588905743,0.0027406083566386226,0.20663174638766646,synthetic_turbet2020_based
TOI-2842 b,0.181452535190971,0.7263639882796277,0.014156632963529234,0.005785131840852857,0.07224171172501936,synthetic_turbet2020_based
TOI-4603 b,0.14805242902196702,0.598192877890902,0.02561052336743743,0.009494579146273333,0.21864959057342015,synthetic_turbet2020_based
MASCARA-1 b,0.15512312896133296,0.7863479510257965,0.04384921243412766,0.008354182583945402,0.006325524994797549,synthetic_turbet2020_based
K2-38 b,0.15884484354500145,0.6584316968581068,0.045474483644494475,0.006520687953967571,0.13072828799842984,synthetic_turbet2020_based
TOI-3364 b,0.06129326013877875,0.6330254075973206,0.014113406063470987,0.009543709631101842,0.28202421656932775,synthetic_turbet2020_based
K2-414 b,0.14700034641519294,0.6222585133653428,0.01791284530932351,0.005641903448873024,0.20718639146126783,synthetic_turbet2020_based
TOI-4582 b,0.10137965057440135,0.6701544672034564,0.034176391898374285,0.005493763810063528,0.18879572651370446,synthetic_turbet2020_based
TOI-3688 A b,0.08791115021665263,0.6102972521604486,0.02846787542980899,0.008661392897160933,0.2646623292959288,synthetic_turbet2020_based
TOI-942 c,0.18415060120441779,0.7036996616433637,0.02278559826449244,0.0013428055937633832,0.08802133329396256,synthetic_turbet2020_based
TOI-733 b,0.18880039388658182,0.7968049006634678,0.015080830492900321,0.007170544214048822,-0.007856669256998572,synthetic_turbet2020_based
Kepler-20 c,0.11377198032345806,0.45940816193563183,0.04992405243862268,0.009399059690155968,0.3674967456121315,synthetic_turbet2020_based
HIP 21152 b,0.19739133144240706,0.45755850174805807,0.02967698101291978,0.009061967469892278,0.3063112183267228,synthetic_turbet2020_based
TOI-3976 A b,0.15127376686685612,0.5738407213166336,0.030667769635183112,0.0013474144423095062,0.24287032773901773,synthetic_turbet2020_based
TOI-4087 b,0.14172757652214385,0.7438862066801049,0.010111745061651276,0.0024396820988295165,0.10183478963727055,synthetic_turbet2020_based
TOI-942 b,0.12769851830079826,0.6243857304083463,0.023734093806657038,0.0012514103199508671,0.22293024716424747,synthetic_turbet2020_based
TOI-4791 b,0.16154001433247583,0.4971700472980572,0.03578309207603205,0.006032320669698826,0.2994745256237361,synthetic_turbet2020_based
EPIC 229004835 b,0.11462571236898882,0.636115801311346,0.03780154975882648,0.006150198861513658,0.20530673769932506,synthetic_turbet2020_based
HD 23472 b,0.13362881481540234,0.5744310987428347,0.02720138089888461,0.005418693865264725,0.25932001167761365,synthetic_turbet2020_based
HD 191939 c,0.11781168682340598,0.5756098337228057,0.01841480284841654,0.007523541289500123,0.2806401353158715,synthetic_turbet2020_based
TIC 279401253 b,0.06994287033642567,0.7634841690673293,0.03499384843088635,0.0014401061121094732,0.13013900605324924,synthetic_turbet2020_based
HD 23472 c,0.14884980496223812,0.5446057046023269,0.04719059377522582,0.009424679378407373,0.24992921728180173,synthetic_turbet2020_based
HD 23472 f,0.17688925727792698,0.6271395607895809,0.046767107652208456,0.006848273701655729,0.14235580057862784,synthetic_turbet2020_based
TIC 279401253 c,0.1812693583206666,0.46402127970845697,0.046167212537248155,0.006954316251089207,0.301587833182539,synthetic_turbet2020_based
TOI-1811 b,0.09549108847080846,0.7991254108723601,0.03747535869417892,0.009175744522186561,0.05873239744046588,synthetic_turbet2020_based
HD 23472 d,0.050837828146552626,0.6209353638196744,0.03850130494290812,0.0011236320020684026,0.2886018710887964,synthetic_turbet2020_based
HD 23472 e,0.16438388376842747,0.6605792772670588,0.020990386143707858,0.007200504517129738,0.14684594830367614,synthetic_turbet2020_based
HATS-54 b,0.06963515584954158,0.7296148795075227,0.044649004690340166,0.005369292372506476,0.15073166758008905,synthetic_turbet2020_based
HD 45364 c,0.2522326503844965,0.1804108721732703,0.023813359408151998,0.04491593115413791,0.49862718687994334,synthetic_turbet2020_based
TOI-2152 A b,0.09573097636813094,0.5611400047417567,0.021996651857780495,0.006910414847134539,0.31422195218519733,synthetic_turbet2020_based
NGTS-23 b,0.17213274966673742,0.4657343307776565,0.02018970063580927,0.0019369693767586978,0.34000624954303804,synthetic_turbet2020_based
NGTS-24 b,0.07402759355403382,0.5627526497822861,0.04103505158836556,0.005874561414720234,0.3163101436605944,synthetic_turbet2020_based
NGTS-25 b,0.05799144168307451,0.6500346998735913,0.0418121667555328,0.004541210214189068,0.24562048147361237,synthetic_turbet2020_based
TOI-2497 b,0.086751890205825,0.7055750912788351,0.01095624955843702,0.008340319219741602,0.18837644973716128,synthetic_turbet2020_based
TOI-5542 b,0.17063893723162998,0.755194372277683,0.013579197624944986,0.001969826337141624,0.058617666528600454,synthetic_turbet2020_based
TOI-2338 b,0.18091292358907152,0.5901051068648796,0.0256935402964346,0.006159642086173292,0.19712878716344107,synthetic_turbet2020_based
PZ Tel b,0.617574921046932,0.06793445529064727,0.04780332614357592,0.007081479047503467,0.25960581847134134,synthetic_turbet2020_based
TOI-2364 b,0.11968026684637754,0.7843523954445955,0.03754065655613654,0.0015126439213905985,0.05691403723149979,synthetic_turbet2020_based
TOI-969 c,0.8010139595439395,0.015372627647764835,0.02228919531159872,0.006541151323624457,0.15478306617307258,synthetic_turbet2020_based
K2-3 d,0.16468480485605905,0.10763783691885982,0.034718147551195476,0.021434291315320445,0.6715249193585653,synthetic_turbet2020_based
K2-3 c,0.12994463365087974,0.5044582315618484,0.03745715387715249,0.009061312520437338,0.319078668389682,synthetic_turbet2020_based
HD 111998 b,0.1259694408386926,0.25726373709095174,0.016243802204813963,0.023176391487172446,0.5773466283783693,synthetic_turbet2020_based
HIP 70849 b,0.7072095887474871,0.028567899011643486,0.013009373634521499,0.007916378322365317,0.24329676028398262,synthetic_turbet2020_based
HD 114783 c,0.8380882617819827,0.09971499613402214,0.04738416995981309,0.004911781810463402,0.00990079031371871,synthetic_turbet2020_based
Kepler-409 b,0.070008202181266,0.4042800032078101,0.03126070153988601,0.008745097697495631,0.4857059953735422,synthetic_turbet2020_based
Kepler-20 f,0.09018556093707807,0.4795765471952277,0.02755813487083289,0.009041795208570111,0.39363796178829125,synthetic_turbet2020_based
TOI-411 c,0.1177510747655667,0.6890851623990858,0.028501048406987736,0.004356629932986498,0.1603060844953733,synthetic_turbet2020_based
HD 140901 c,0.7322736163488428,0.07915604794060414,0.04017624223512039,0.004885823607538604,0.143508269867894,synthetic_turbet2020_based
Kepler-102 c,0.09014261381429983,0.45565081563349813,0.01005478777500927,0.002019318247659607,0.44213246452953325,synthetic_turbet2020_based
K2-416 b,0.0746982897787847,0.6759751163924355,0.04271663507715024,0.007632510996080881,0.1989774477555487,synthetic_turbet2020_based
TOI-411 b,0.1584849150803533,0.7977282458896476,0.04850390957283963,0.00341962475616313,-0.008136695299003627,synthetic_turbet2020_based
HIP 54597 b,0.643530224864507,0.02379684141421194,0.04582426682845131,0.001921121631602058,0.28492754526122777,synthetic_turbet2020_based
HD 75302 b,0.7020432506644261,0.057731187557896524,0.0345380201473275,0.006361593740333874,0.199325947890016,synthetic_turbet2020_based
Kepler-68 c,0.16796115832098873,0.6286773054171069,0.044041861573257096,0.0017616720166496631,0.1575580026719976,synthetic_turbet2020_based
HD 15906 b,0.17884481803402164,0.6360012643108015,0.01891730263401402,0.009799688698280799,0.15643692632288198,synthetic_turbet2020_based
HIP 81208 C b,0.19096014105932452,0.7382903286694846,0.04646384542453885,0.004439275489407759,0.019846409357244243,synthetic_turbet2020_based
HD 108202 b,0.6683414617348769,0.026461347549330876,0.044950398740436694,0.008439682140109782,0.2518071098352458,synthetic_turbet2020_based
Kepler-323 b,0.19714075750024063,0.7393008405816388,0.03529463655705961,0.0022805357578439506,0.025983229603216973,synthetic_turbet2020_based
HD 15906 c,0.07472713075313456,0.5894798107185504,0.040711821245774625,0.00255947851159977,0.29252175877094067,synthetic_turbet2020_based
TOI-622 b,0.1873276261893279,0.6735162921947424,0.02249236361785678,0.008971836329444954,0.10769188166862786,synthetic_turbet2020_based
TOI-4201 b,0.13979455522714113,0.6932633928100507,0.02541768825022231,0.004541954853819948,0.136982408858766,synthetic_turbet2020_based
HD 99492 b,0.05189263557222056,0.6151608091020038,0.04043187223335467,0.009719420622279436,0.28279526247014153,synthetic_turbet2020_based
Kepler-454 b,0.18383402550623568,0.434796436541102,0.049220804814272344,0.002345326201007655,0.3298034069373822,synthetic_turbet2020_based
Kepler-109 b,0.05616714475881246,0.6995719341872901,0.04623545801316605,0.009548046154226709,0.18847741688650466,synthetic_turbet2020_based
GJ 1252 b,0.1737464161649318,0.4819624862845522,0.016160116579776444,0.0015307162981430759,0.3266002646725965,synthetic_turbet2020_based
TOI-4600 b,0.27459072396823697,0.1974442352326082,0.01437134433745486,0.028593084746862514,0.48500061171483744,synthetic_turbet2020_based
TOI-858 B b,0.13509853858017307,0.6891818574041995,0.026567902801336828,0.0038651720237059574,0.1452865291905847,synthetic_turbet2020_based
K2-36 b,0.14985187972311947,0.6736894572182182,0.020817142266792748,0.0011784077401341404,0.15446311305173555,synthetic_turbet2020_based
K2-36 c,0.19185358546137793,0.7021145625836689,0.01804417337853416,0.006090990858944786,0.08189668771747427,synthetic_turbet2020_based
Kepler-538 b,0.1392421296014104,0.4503954527982717,0.01766628349358233,0.009610358648174094,0.3830857754585615,synthetic_turbet2020_based
TOI-1235 b,0.12620162900313467,0.47657688775739043,0.04190299016376034,0.005235159722801255,0.3500833333529133,synthetic_turbet2020_based
TOI-1052 b,0.14576181249090409,0.5190006134554316,0.012316163930251221,0.002484498012076399,0.32043691211133674,synthetic_turbet2020_based
K2-110 b,0.19595553547189776,0.6494353743312862,0.04324340794297622,0.0011936760213143729,0.11017200623252543,synthetic_turbet2020_based
TOI-2018 b,0.1648193751731551,0.5939808266167456,0.03661231507484789,0.004223845363066974,0.20036363777218447,synthetic_turbet2020_based
TOI-1052 c,0.14313032402283357,0.41424790711510323,0.011823548501468432,0.008189527689146332,0.4226086926714484,synthetic_turbet2020_based
TOI-519 b,0.06866979017006604,0.40559357383445466,0.046498259585466134,0.003389785864691837,0.47584859054532136,synthetic_turbet2020_based
TOI-244 b,0.13735732449446575,0.735566788215402,0.039836283177017144,0.0014196503872984,0.08581995372581674,synthetic_turbet2020_based
TOI-2084 b,0.13414230512882652,0.6167191468381759,0.024003207128418483,0.0077820668323151645,0.2173532740722639,synthetic_turbet2020_based
TOI-4184 b,0.194600848696328,0.4588746615743656,0.01580896014977449,0.007612624175147823,0.323102905404384,synthetic_turbet2020_based
TOI-470 b,0.11816246152494174,0.7180875722318865,0.015643104385882824,0.001358717897279891,0.14674814396000913,synthetic_turbet2020_based
TOI-1470 b,0.15469011122774617,0.7978844211816442,0.013791928411828023,0.00877904100505423,0.024854498173727424,synthetic_turbet2020_based
Kepler-21 b,0.10779346111601222,0.4067158181172429,0.030400871718848428,0.0035096878641233792,0.4515801611837731,synthetic_turbet2020_based
Kepler-78 b,0.15401047122802705,0.5151322489740369,0.029268004937321845,0.0028050872620977033,0.29878418759851655,synthetic_turbet2020_based
WISE J033605.05-014350.4 b,0.3484305274130681,0.2850862923736216,0.02613343016865855,0.0279552013027193,0.3123945487419324,synthetic_turbet2020_based
HD 6860 b,0.19740255098172982,0.4568461906898654,0.04234478058360155,0.006105507452652172,0.2973009702921511,synthetic_turbet2020_based
TOI-1470 c,0.18211016313562822,0.5169714179307648,0.021846318648813732,0.003932379532498664,0.27513972075229454,synthetic_turbet2020_based
K2-12 b,0.05249466234844331,0.4679571596312233,0.04978346564479301,0.003240537164055393,0.426524175211485,synthetic_turbet2020_based
GJ 649 b,0.6059751293281918,0.035068628263464616,0.026335606719383467,0.005930085513541453,0.3266905501754187,synthetic_turbet2020_based
HD 36384 b,0.06028490297981397,0.7161715678819065,0.04302005072788231,0.0029184452098453125,0.177605033200552,synthetic_turbet2020_based
MWC 758 c,0.1697627282352468,0.5445707629765026,0.026924407115305374,0.009427494288826149,0.24931460738411904,synthetic_turbet2020_based
GJ 849 b,0.8675713172880052,0.04375996418714402,0.029524412228904104,0.003578714092296933,0.05556559220364976,synthetic_turbet2020_based
GJ 849 c,0.7546302775045985,0.07137171125514488,0.01370670789102526,0.00927857013558121,0.15101273321365016,synthetic_turbet2020_based
Kepler-68 b,0.157831095221702,0.43870107326462887,0.0447595596791537,0.007693145796185491,0.35101512603832996,synthetic_turbet2020_based
Kepler-107 d,0.09696902252491232,0.6085732353191512,0.04440522636758664,0.009713130607812509,0.24033938518053732,synthetic_turbet2020_based
TOI-139 b,0.09216160939214486,0.6602232729309299,0.04440987695971043,0.009893501639586508,0.19331173907762833,synthetic_turbet2020_based
HD 62364 b,0.6212155465938937,0.055325976923874566,0.04494663047357928,0.001028423118695754,0.27748342288995675,synthetic_turbet2020_based
BD-210397 b,0.731170565881633,0.06257788517076694,0.03105961234226457,0.007594954177008235,0.1675969824283272,synthetic_turbet2020_based
WASP-79 b,0.05982831304309715,0.7141666894343373,0.021326821445339338,0.008418064478715601,0.19626011159851064,synthetic_turbet2020_based
Kepler-454 d,0.7258463780337777,0.013862673262269677,0.04855659062685526,0.008024943614473423,0.20370941446262392,synthetic_turbet2020_based
HD 74698 b,0.10217240484235242,0.5080109472873453,0.033558549138002165,0.009885651425415202,0.3463724473068849,synthetic_turbet2020_based
HD 74698 c,0.6870500472539243,0.09534440050715376,0.023215484784743563,0.0073368798873202,0.18705318756685818,synthetic_turbet2020_based
GJ 9404 b,0.10726015366880598,0.4340208896034595,0.04744757462453156,0.0024753519524493635,0.4087960301507536,synthetic_turbet2020_based
GJ 832 b,0.8834074403992795,0.01929761433359695,0.020677897798259952,0.009288311488251,0.06732873598061251,synthetic_turbet2020_based
Kepler-323 c,0.14878112943613597,0.47579337433667823,0.03368373245821126,0.002623520872319986,0.3391182428966546,synthetic_turbet2020_based
TOI-5803 b,0.1811663101505513,0.41993144293540907,0.031191107911099934,0.0015712572324651632,0.3661398817704745,synthetic_turbet2020_based
TOI-1680 b,0.1542534126601438,0.774318894077467,0.04324265798686614,0.004345550426373717,0.02383948484914933,synthetic_turbet2020_based
HD 100777 b,0.17107147164392777,0.12420549847737661,0.04494495949530132,0.013244365161896497,0.6465337052214979,synthetic_turbet2020_based
HD 215497 c,0.78864875747333,0.04305407225470363,0.049831132734838565,0.005579409821665105,0.11288662771546276,synthetic_turbet2020_based
Kepler-107 c,0.13231864245551167,0.7671555140059405,0.04878547613003291,0.006252728149850857,0.04548763925866406,synthetic_turbet2020_based
K2-3 b,0.16942731121135252,0.6539066996433787,0.027096018559744743,0.0015158382154722716,0.14805413237005183,synthetic_turbet2020_based
Kepler-107 b,0.15766158103126754,0.6801051089442597,0.014668092267549011,0.003070619874607292,0.14449459788231644,synthetic_turbet2020_based
Kepler-122 d,0.15981922803120585,0.45988479103781593,0.03763740137730947,0.007461794720843898,0.335196784832825,synthetic_turbet2020_based
HD 167677 b,0.7060031567819778,0.03323636648014844,0.024921576444144528,0.004232769592536046,0.23160613070119318,synthetic_turbet2020_based
HD 165131 b,0.7821059417113747,0.07694634697469771,0.04447010539401455,0.0012699305560190267,0.09520767536389407,synthetic_turbet2020_based
HIP 39017 b,0.8179654672108109,0.038276741646024424,0.04354568042841887,0.001681452637669101,0.09853065807707673,synthetic_turbet2020_based
Kepler-415 c,0.13267617652595998,0.6194694359016054,0.023060458487009133,0.009732759376180289,0.21506116970924527,synthetic_turbet2020_based
omi UMa b,0.06603847267530313,0.45455889341396893,0.035770383927531006,0.005628693021792879,0.43800355696140403,synthetic_turbet2020_based
omi CrB b,0.08967006928280702,0.5217087185829767,0.01628093234835277,0.00880987725020686,0.3635304025356566,synthetic_turbet2020_based
TOI-544 b,0.13542783097095357,0.49793383046153267,0.02573683030837371,0.00916016548874395,0.33174134277039613,synthetic_turbet2020_based
Teegarden's Star d,0.8660523484959189,0.0162196022001887,0.03616400553118812,0.0023767405387275144,0.07918730323397671,synthetic_turbet2020_based
TOI-782 b,0.08163250483223858,0.7456830368985665,0.045807612699038325,0.001744227243045537,0.12513261832711098,synthetic_turbet2020_based
HD 4732 c,0.8621769988436081,0.07556441975589022,0.04102841453066796,0.008126337948812295,0.013103828921021354,synthetic_turbet2020_based
HD 4732 b,0.12608499076069934,0.7787630571952807,0.01801438415922381,0.0055446859676578876,0.0715928819171382,synthetic_turbet2020_based
ome Ser b,0.0977828869832607,0.728972497121003,0.013308028485151096,0.004903106382318412,0.15503348102826686,synthetic_turbet2020_based
TOI-2010 b,0.16602164843679945,0.5249363646230958,0.01961905137081795,0.0033629423931540656,0.28605999317613273,synthetic_turbet2020_based
TOI-1273 b,0.1570385161109818,0.5147130703355324,0.026107341818519196,0.0059110127869526,0.296230058948014,synthetic_turbet2020_based
TOI-904 b,0.19111401184200383,0.7177390239547716,0.017411266568960693,0.008947758092809923,0.0647879395414539,synthetic_turbet2020_based
HD 2952 b,0.17671511497778053,0.6980898078219475,0.03067623899087779,0.0016283345973158007,0.09289050361207829,synthetic_turbet2020_based
TOI-2416 b,0.1567257862083749,0.6073368681691307,0.02239099703271824,0.0010894420001644645,0.2124569065896117,synthetic_turbet2020_based
TOI-2373 b,0.08465734711645234,0.642276071031757,0.01449226345327825,0.006898768359505411,0.251675550039007,synthetic_turbet2020_based
TOI-904 c,0.8459016266466035,0.03863605066626264,0.013279421578198568,0.0022572891138359667,0.0999256119950993,synthetic_turbet2020_based
TOI-4860 b,0.10368633988023576,0.7253737011033711,0.03537114878851021,0.008810988832865666,0.12675782139501723,synthetic_turbet2020_based
TOI-4633 c,0.3983281337893374,0.1405132405798319,0.037792857449471744,0.028660668002517466,0.39470510017884153,synthetic_turbet2020_based
gam Lib b,0.12402170914202307,0.5302325614243218,0.02370048859997642,0.007086537535579908,0.31495870329809883,synthetic_turbet2020_based
HD 47366 b,0.14312043757940252,0.5274014282509732,0.014743236752763435,0.006204171585773822,0.308530725831087,synthetic_turbet2020_based
HD 47366 c,0.1609094517447328,0.623448716085804,0.010146026938265652,0.0035408396122642246,0.20195496561893334,synthetic_turbet2020_based
Kepler-100 e,0.16678690094525178,0.6970192821106953,0.01041641010165971,0.005232666094841606,0.1205447407475515,synthetic_turbet2020_based
NGTS-27 b,0.11559772589755102,0.6609125505163769,0.014999201602599911,0.0065927370959404305,0.20189778488753174,synthetic_turbet2020_based
HD 134606 d,0.8840754060483152,0.0434574581153725,0.023494256706390326,0.0012544616293469018,0.04771841750057504,synthetic_turbet2020_based
HATS-2 b,0.058609258843314735,0.7726289787718874,0.049020073861547574,0.0010507753039292807,0.11869091321932101,synthetic_turbet2020_based
gam Cep b,0.3702039059029495,0.13479200613616418,0.03245434874625718,0.037125636941149974,0.42542410227347915,synthetic_turbet2020_based
TOI-5398 c,0.10385880658408689,0.6115952367082869,0.03510168752621221,0.0027453366944631442,0.24669893248695085,synthetic_turbet2020_based
HD 134606 f,0.19913849323785238,0.4815527342341944,0.010413538587464749,0.009498561328942733,0.2993966726115457,synthetic_turbet2020_based
HD 134606 e,0.11436915512962148,0.5594478875705915,0.021026852738652936,0.0012324873411205088,0.3039236172200136,synthetic_turbet2020_based
TOI-238 c,0.08968522900702268,0.5573201370263928,0.030813169954668894,0.0051187979810978414,0.3170626660308178,synthetic_turbet2020_based
2MASS J11550485-7919108 b,0.18185543115560343,0.7645319447720597,0.0226861968726286,0.009635991344879136,0.02129043585482915,synthetic_turbet2020_based
2MASS J21252752-8138278 b,0.1797401258180532,0.7710539266138998,0.03825323529551188,0.0027844465899298735,0.008168265682605313,synthetic_turbet2020_based
HIP 66074 b,0.6585683377973324,0.0917786406775549,0.03028181839737773,0.00901420576438364,0.21035699736335134,synthetic_turbet2020_based
HAT-P-19 b,0.15808218187839757,0.4850049217340271,0.02539039280251815,0.009710426935202576,0.3218120766498547,synthetic_turbet2020_based
Kepler-849 b,0.052937414216525654,0.6858335452370976,0.04915118788300824,0.0019373225133126515,0.21014053015005585,synthetic_turbet2020_based
TOI-1853 b,0.09079892824203181,0.6188052482724764,0.04375059710986797,0.0055586068285395545,0.2410866195470842,synthetic_turbet2020_based
TOI-5126 b,0.05893940704918575,0.4508737293324614,0.02503773475330258,0.003902866063844941,0.4612462628012053,synthetic_turbet2020_based
Kepler-1513 b,0.16590358935376343,0.2680257472371581,0.011075267349949427,0.04317376991108311,0.5118216261480459,synthetic_turbet2020_based
HAT-P-51 b,0.18825202604686447,0.6520444098204257,0.035014015943510564,0.0023411594168693366,0.1223483887723299,synthetic_turbet2020_based
Kepler-553 c,0.2704953214632496,0.17503487878761248,0.01916199046080783,0.033333182234221256,0.5019746270541088,synthetic_turbet2020_based
Kepler-111 c,0.050178570059351946,0.5105651166168634,0.03624168097153751,0.005095365494566077,0.397919266857681,synthetic_turbet2020_based
14 And b,0.07184608107566734,0.40052724469998313,0.020817572562798634,0.00594153375359615,0.5008675679079547,synthetic_turbet2020_based
18 Del b,0.13018183476704384,0.45242875974876795,0.03454788572066748,0.009990319404025675,0.37285120035949504,synthetic_turbet2020_based
GJ 724 b,0.1377300359391655,0.6110552702837018,0.034905324943716655,0.008917038012346598,0.20739233082106945,synthetic_turbet2020_based
Kepler-553 b,0.1918999017043453,0.41641340630106355,0.01819975211660615,0.0020418765760536785,0.3714450633019313,synthetic_turbet2020_based
6 Lyn b,0.165853067855396,0.4182251435807784,0.046105397879645224,0.0011849982841281774,0.36863139240005216,synthetic_turbet2020_based
4 UMa b,0.14038202194236854,0.5102304775921069,0.028822540997642435,0.004976973226043943,0.31558798624183804,synthetic_turbet2020_based
TOI-4641 b,0.16233399060859746,0.5986568404239674,0.026848833205062032,0.007572493923259189,0.20458784183911394,synthetic_turbet2020_based
CI Tau c,0.18887103789572834,0.7175689606094267,0.03946868126010216,0.005389498730220864,0.04870182150452196,synthetic_turbet2020_based
TOI-1994 b,0.18503236974219972,0.5945253829686754,0.04721143141262147,0.00822630036179449,0.16500451551470885,synthetic_turbet2020_based
TOI-4515 b,0.07253903534151944,0.4187968690909409,0.039634227474642625,0.007172552454403047,0.46185731563849397,synthetic_turbet2020_based
HD 145457 b,0.14031333193729636,0.7904957120069385,0.031816121910878445,0.004131098803912267,0.03324373534097447,synthetic_turbet2020_based
HD 167042 b,0.13474487762338688,0.41136470100218253,0.033170569382811994,0.009121871845369209,0.4115979801462494,synthetic_turbet2020_based
LHS 1678 c,0.05064951027772105,0.7381215248712467,0.04207715576396453,0.0019549281681647676,0.16719688091890295,synthetic_turbet2020_based
HD 173416 b,0.17702457396825766,0.7054181062933639,0.02964185830239382,0.0032069254455979585,0.08470853599038664,synthetic_turbet2020_based
HD 32518 b,0.09321506237717783,0.6449099701887961,0.019852159975019865,0.003928201081065715,0.23809460637794044,synthetic_turbet2020_based
HS Psc b,0.1896257646725461,0.6917314466025011,0.03944296198867924,0.009603427799095114,0.0695963989371785,synthetic_turbet2020_based
HD 81688 b,0.05086910297046897,0.4977943373490605,0.03631895851841581,0.004944443805434273,0.41007315735662053,synthetic_turbet2020_based
kap CrB b,0.13384148443971122,0.2562467372143322,0.01188290136319707,0.03175404448757953,0.56627483249518,synthetic_turbet2020_based
TOI-4559 b,0.13436964973137758,0.6543845278442615,0.022625052108872522,0.00121240847108631,0.18740836184440213,synthetic_turbet2020_based
11 Com b,0.1833474929121024,0.7716819179313824,0.029279549076162627,0.0011857631813337545,0.014505276899018815,synthetic_turbet2020_based
nu Oph b,0.13713067403351736,0.5263719406651686,0.017299423073347874,0.0025205739074308487,0.31667738832053527,synthetic_turbet2020_based
TOI-4377 b,0.07688831604997513,0.5323364002317248,0.02122480862770696,0.008527823492078708,0.36102265159851443,synthetic_turbet2020_based
HD 76920 b,0.12429720610850366,0.5710589969860194,0.015833342284578732,0.008883017138090477,0.2799274374828077,synthetic_turbet2020_based
75 Cet b,0.05822333086906836,0.49581254354979215,0.034858891029412704,0.007320811852093319,0.40378442269963344,synthetic_turbet2020_based
LHS 3154 b,0.3403469724457442,0.18205826029402145,0.02386960346565671,0.021542064718517096,0.43218309907606056,synthetic_turbet2020_based
TOI-1269 b,0.13521420066165896,0.539454246058145,0.023123769627037324,0.001152017680918569,0.30105576597224026,synthetic_turbet2020_based
Kepler-23 d,0.1922473981312412,0.42423769772821607,0.02083486073243758,0.009292776646066266,0.3533872667620389,synthetic_turbet2020_based
TOI-3919 b,0.16030222928935184,0.631255921674976,0.036432556527814915,0.0018735404753151596,0.17013575203254194,synthetic_turbet2020_based
TOI-1288 b,0.17129710154828334,0.5000427047130412,0.04824855911515483,0.003082371434146169,0.27732926318937445,synthetic_turbet2020_based
GJ 238 b,0.14380466243477386,0.6181297968048678,0.01572412375874675,0.00426634451035131,0.21807507249126024,synthetic_turbet2020_based
Kepler-49 c,0.16719391321083993,0.48503522959964324,0.04851429259367812,0.003659352747828462,0.29559721184801024,synthetic_turbet2020_based
TOI-5301 b,0.14400824892201286,0.6475468158359461,0.02883112968660661,0.006898244177491833,0.17271556137794253,synthetic_turbet2020_based
TOI-5232 b,0.16153654157401573,0.6476011885363554,0.03239978477335916,0.006459646672654873,0.15200283844361484,synthetic_turbet2020_based
TOI-1410.01,0.110293388060294,0.4283492668526201,0.01638793516731128,0.006460336387357252,0.4385090735324174,synthetic_turbet2020_based
TOI-1386 b,0.18907608386261637,0.41029621942847294,0.03176140788248783,0.0032685528970827077,0.3655977359293401,synthetic_turbet2020_based
TOI-6029 b,0.13426098582267698,0.6998629430934806,0.03941812528678371,0.007523972180363206,0.11893397361669555,synthetic_turbet2020_based
Kepler-128 c,0.16683851989091558,0.4290442747283831,0.03038311335671809,0.003356006368349334,0.370378085655634,synthetic_turbet2020_based
TOI-1451 b,0.188190584150362,0.7131516888077886,0.014301793894335592,0.0031892151612716198,0.0811667179862422,synthetic_turbet2020_based
TIC 4672985 b,0.1182830383247217,0.7851634487225703,0.014386927364842074,0.006111751316879167,0.0760548342709868,synthetic_turbet2020_based
TOI-5218 b,0.10119312697618377,0.6585361366930229,0.03594826908090818,0.0031653233801561672,0.20115714386972894,synthetic_turbet2020_based
Kepler-305 d,0.16787141004590994,0.43650498853392317,0.04272555484349332,0.0029077017272154467,0.3499903448494581,synthetic_turbet2020_based
TOI-1601 b,0.13843689477374793,0.538923890761108,0.034391193064875786,0.003406760634469397,0.28484126076579874,synthetic_turbet2020_based
TOI-1444 b,0.13534455079257662,0.40327930408542567,0.024978178304688077,0.008437504411559703,0.42796046240575003,synthetic_turbet2020_based
TOI-1736 b,0.11945098797582618,0.5997044395959863,0.03486307351655972,0.004907886389505842,0.241073612522122,synthetic_turbet2020_based
TOI-5634 A b,0.18006150915857205,0.5613298679392755,0.04770209736973003,0.008892442209918326,0.20201408332250403,synthetic_turbet2020_based
TOI-1683.01,0.11316316739884778,0.5463203498394549,0.037065120756006736,0.007797760738066563,0.29565360126762397,synthetic_turbet2020_based
TOI-1298 b,0.07787923659868821,0.49641808127459297,0.01585010066593972,0.007846226903694867,0.4020063545570842,synthetic_turbet2020_based
TOI-1751 b,0.15716027974686275,0.4756215257273505,0.031474991446173724,0.0078781542328306,0.32786504884678247,synthetic_turbet2020_based
K2-419 A b,0.19205429941150592,0.4714090616524126,0.02217319119558757,0.004135058052751665,0.31022838968774225,synthetic_turbet2020_based
TOI-2095 b,0.2874932077399628,0.12728377004179742,0.017737162770055714,0.041217473495679446,0.5262683859525046,synthetic_turbet2020_based
HIP 97166 b,0.1313080498784106,0.4641544926113833,0.025537309920329015,0.0022104477579855952,0.3767896998318915,synthetic_turbet2020_based
TOI-1776 b,0.1044035001855263,0.5600797180846543,0.01448441646501585,0.0015385008356743784,0.3194938644291292,synthetic_turbet2020_based
BD-14 3065 b,0.18224028353862964,0.7550592358560876,0.010103155008505995,0.006770836867817228,0.04582648872895956,synthetic_turbet2020_based
HIP 97166 c,0.06405185113084698,0.7240566582125272,0.04518249568615006,0.006549536398332034,0.16015945857214375,synthetic_turbet2020_based
TOI-1794 b,0.14197331858044132,0.5485926036214898,0.019978758774514466,0.005493437462379218,0.2839618815611752,synthetic_turbet2020_based
2MASS J03590986+2009361 b,0.07005758352148311,0.6688899579443655,0.028803475815188738,0.0025984135542783766,0.2296505691646843,synthetic_turbet2020_based
TOI-663 c,0.13824713791839244,0.7181311346342917,0.033551978466685235,0.005766952704908898,0.10430279627572181,synthetic_turbet2020_based
TOI-1246 c,0.17715762171962152,0.404302154000332,0.03466990511338518,0.004687229648751108,0.37918308951791013,synthetic_turbet2020_based
TOI-1842 b,0.0790349222986504,0.7918311400344399,0.026152553165887577,0.004017365311980003,0.09896401918904207,synthetic_turbet2020_based
TOI-1824 b,0.07535126596109701,0.7991063804981937,0.04424205424118707,0.0016297517680745608,0.07967054753144764,synthetic_turbet2020_based
HIP 77900 b,0.13486308141907752,0.4589604843501864,0.03863125660051788,0.005356750863343934,0.36218842676687424,synthetic_turbet2020_based
2MASS J11011926-7732383 b,0.0665583446298914,0.622815556505716,0.046427026044112495,0.004070752140998373,0.2601283206792817,synthetic_turbet2020_based
SPECULOOS-3 b,0.05762084221429685,0.7780828445058577,0.015671967520378024,0.005275468007931104,0.14334887775153626,synthetic_turbet2020_based
TOI-3071 b,0.13170156917724266,0.4948349852725027,0.017096721281525562,0.002018249925533737,0.3543484743431954,synthetic_turbet2020_based
TOI-1246 e,0.060493292353096015,0.603250619072138,0.04368083107337266,0.002140828942299412,0.29043442855909407,synthetic_turbet2020_based
TOI-2019 b,0.1550928542668248,0.56504830816944,0.011408969558823446,0.005823750790042494,0.2626261172148693,synthetic_turbet2020_based
TIC 139270665 c,0.6756024798399529,0.06447286837364521,0.023972920433554847,0.006998070864366632,0.22895366048848043,synthetic_turbet2020_based
HD 48948 b,0.18777550443965435,0.4978178248325837,0.047593618759507905,0.0028387797422529874,0.2639742722260011,synthetic_turbet2020_based
HD 93963 A c,0.06060423233350447,0.4770803949552319,0.042596667980621936,0.007098006207380877,0.4126206985232609,synthetic_turbet2020_based
HD 93963 A b,0.1956251229892147,0.6839309241699723,0.026505250601465358,0.009031878767195887,0.08490682347215173,synthetic_turbet2020_based
TOI-815 c,0.193719277731269,0.7166619683840424,0.03226558343340404,0.008431892031750066,0.04892127841953453,synthetic_turbet2020_based
HD 48948 c,0.07685670610014224,0.7601400091717546,0.04998235929946144,0.0069862614980981085,0.1060346639305435,synthetic_turbet2020_based
HD 48948 d,0.15876671187400254,0.12888733243906436,0.04837657622401389,0.04485411285473302,0.6191152666081863,synthetic_turbet2020_based
HIP 8152 c,0.16230182773471508,0.7796477014461646,0.030136150114735652,0.00898971762702128,0.018924603077363322,synthetic_turbet2020_based
HIP 8152 b,0.07442304709825688,0.473123887242945,0.030493721826415597,0.003992586947600719,0.4179667568847817,synthetic_turbet2020_based
TOI-1669 b,0.7297557804043973,0.08183772876704799,0.012136298837690362,0.007487594508522068,0.16878259748234226,synthetic_turbet2020_based
TOI-329 b,0.06323439026800484,0.7390004201121682,0.018075992261427004,0.007614450283131961,0.17207474707526804,synthetic_turbet2020_based
TOI-480 b,0.13878190984815336,0.5542488428291391,0.020701450016756613,0.001517133846397682,0.28475066345955313,synthetic_turbet2020_based
TOI-1410 c,0.10300703103695108,0.4802115026404704,0.015436500158079292,0.007646483103302208,0.39369848306119704,synthetic_turbet2020_based
TOI-757 b,0.08187724865198008,0.4892632190864674,0.02361925807016175,0.005163878436595924,0.4000763957547948,synthetic_turbet2020_based
GJ 900 b,0.75411382328691,0.06980916419563718,0.03354088191351709,0.005335154917539776,0.1372009756863959,synthetic_turbet2020_based
TOI-1450 A c,0.10909103219562055,0.5063144847716938,0.03839770454732158,0.0038575118835437296,0.34233926660182024,synthetic_turbet2020_based
TOI-1855 b,0.17743720902888432,0.6344649823551947,0.035357771141127224,0.005579112077899601,0.14716092539689418,synthetic_turbet2020_based
TOI-3261 b,0.18928340969780721,0.5686382274470978,0.027078738136752503,0.009037130461946472,0.205962494256396,synthetic_turbet2020_based
TOI-669 b,0.14073603814402574,0.5796594862896562,0.020486044580669237,0.0032054000054672596,0.2559130309801816,synthetic_turbet2020_based
HD 25463 b,0.17021514706328542,0.5117864310494881,0.010229507612134628,0.001175145753684913,0.30659376852140696,synthetic_turbet2020_based
HD 73344 b,0.19676039173948473,0.6239351746491778,0.02956098527437582,0.009260884621974972,0.14048256371498669,synthetic_turbet2020_based
TOI-2368 b,0.10275310984854392,0.7179990238620932,0.03887239251120555,0.005293868340896542,0.13508160543726078,synthetic_turbet2020_based
TOI-2107 b,0.16619478461880366,0.786311355037055,0.018024295031482826,0.0011575847305091936,0.028311980582149343,synthetic_turbet2020_based
TOI-1248 b,0.17321816093964493,0.5614348291379255,0.031776099740600326,0.0030021608865927886,0.2305687492952364,synthetic_turbet2020_based
TOI-837 b,0.1762683142779316,0.6884824996290846,0.04813466512779193,0.005277266844397158,0.08183725412079479,synthetic_turbet2020_based
Kepler-24 c,0.19648475191412418,0.6043421571895595,0.0348568836345109,0.007067146958395215,0.15724906030341024,synthetic_turbet2020_based
Kepler-57 b,0.12346571835802624,0.6251120763875698,0.0189322825880596,0.004261267523196175,0.22822865514314816,synthetic_turbet2020_based
TOI-3894 b,0.15529898676383724,0.4155955840071737,0.038016524798691,0.003733980800882396,0.3873549236294157,synthetic_turbet2020_based
TOI-3321 b,0.09077537545613333,0.6773953857410444,0.01859780650883025,0.009655150923003827,0.20357628137098815,synthetic_turbet2020_based
TOI-1744.01,0.19860185505696076,0.5832401631405835,0.02605673343369172,0.0017113371075885954,0.19038991126117533,synthetic_turbet2020_based
K2-360 c,0.16673280256912718,0.46508959861849525,0.04732191441904324,0.009915334650596894,0.31094034974273743,synthetic_turbet2020_based
WASP-132 b,0.06836146701225673,0.673202352837083,0.02863967966270909,0.0058703126878946795,0.22392618780005646,synthetic_turbet2020_based
TOI-469.01,0.07693620194821729,0.6894083597779656,0.0166645088386048,0.00896769979969364,0.20802322963551867,synthetic_turbet2020_based
K2-260 b,0.11809619215147413,0.6539472397470178,0.04687164428193316,0.007641455543222831,0.17344346827635204,synthetic_turbet2020_based
K2-237 b,0.13112718251749542,0.561071059137344,0.02848540487974817,0.004075057536494854,0.27524129592891755,synthetic_turbet2020_based
TOI-1772.01,0.1919275737878608,0.5011431376590596,0.026373851303878898,0.008004015321859684,0.27255142192734105,synthetic_turbet2020_based
WASP-132 c,0.10465125089390963,0.7546443585752478,0.019722905605881955,0.001282103575384635,0.11969938134957603,synthetic_turbet2020_based
BD-17 63 b,0.7886253336755606,0.05574281119616174,0.047322323195632905,0.004808190933063656,0.10350134099958108,synthetic_turbet2020_based
K2-261 b,0.0703385386937291,0.5318982148985401,0.025728472398416927,0.006248186324432244,0.3657865876848817,synthetic_turbet2020_based
K2-321 b,0.0911750736633764,0.620125328069522,0.04632183462263855,0.004813573148187162,0.23756419049627586,synthetic_turbet2020_based
TOI-1777.01,0.1477354240906447,0.49155943485031844,0.0420530818018409,0.003427035673240531,0.31522502358395543,synthetic_turbet2020_based
HD 20794 d,0.1369704190258335,0.5200989878930741,0.012696094002473882,0.003876964665049277,0.3263575344135693,synthetic_turbet2020_based
HD 175167 b,0.6636091982134048,0.09034063915623662,0.02064648458552573,0.009769808635920297,0.2156338694089126,synthetic_turbet2020_based
Kepler-289 d,0.1238518717587298,0.4884259866270597,0.025653765326627824,0.0026508800574782864,0.35941749623010444,synthetic_turbet2020_based
Kepler-289 c,0.1750524880768181,0.44798770772259017,0.04494111005981653,0.001413253436068794,0.33060544070470643,synthetic_turbet2020_based
K2-167 b,0.09494118972939995,0.45595468809711076,0.03741062183682949,0.00561089557893737,0.4060826047577224,synthetic_turbet2020_based
K2-265 b,0.19090093592718066,0.5464723044322597,0.01162996374001974,0.007854931568756201,0.24314186433178364,synthetic_turbet2020_based
Kepler-289 b,0.1369250974513576,0.7309741220977656,0.027045542882944328,0.007643630452208057,0.09741160711572439,synthetic_turbet2020_based
KELT-24 b,0.07565985592242022,0.7998106219327364,0.01694587899476436,0.008468205648929795,0.09911543750114915,synthetic_turbet2020_based
TOI-3568 b,0.08186572534440893,0.7130031938376672,0.04445009668109892,0.008889768155887913,0.15179121598093703,synthetic_turbet2020_based
K2-57 b,0.12135776703697648,0.5715251892466504,0.04335164520522946,0.006215403006557327,0.25754999550458624,synthetic_turbet2020_based
K2-54 b,0.14319152472327926,0.49442684848344864,0.027846280568104266,0.004325039992601084,0.33021030623256686,synthetic_turbet2020_based
TOI-4638.01,0.14979823386320512,0.4785933120076784,0.02623007706889155,0.00863858853098342,0.33673978852924147,synthetic_turbet2020_based
TOI-5076 b,0.13196685156327986,0.7584175909299248,0.01930109775826723,0.004959130029384426,0.08535532971914372,synthetic_turbet2020_based
K2-77 b,0.12506243347926577,0.5602269629224745,0.03737974249390121,0.0023384783043412334,0.27499238280001725,synthetic_turbet2020_based
K2-180 b,0.12791005852577866,0.4555089401904037,0.035167899551502194,0.008472233199470203,0.37294086853284514,synthetic_turbet2020_based
TOI-2458 c,0.05299955700403461,0.5827744886815738,0.029708143672411806,0.007482287895878236,0.3270355227461016,synthetic_turbet2020_based
K2-97 b,0.06120798979625537,0.5624083125080385,0.04141924924690224,0.005789301053597869,0.32917514739520604,synthetic_turbet2020_based
K2-182 b,0.16247692821698922,0.5456039121086633,0.046803507275434204,0.0016961073239756342,0.24341954507493757,synthetic_turbet2020_based
NGTS-33 b,0.06367466087041963,0.6113943619636186,0.0288329539614261,0.006746207747184115,0.28935181545735145,synthetic_turbet2020_based
Kepler-105 b,0.08435842021088272,0.49041131639075025,0.03996438271078815,0.0036258868063420587,0.3816399938812368,synthetic_turbet2020_based
TOI-2537 b,0.3181875205480007,0.22814139701591596,0.013333086133166945,0.03844518558944296,0.4018928107134734,synthetic_turbet2020_based
K2-98 b,0.18192730619088887,0.726658502939049,0.010354474635591004,0.0058574251552476145,0.0752022910792235,synthetic_turbet2020_based
K2-114 b,0.18700058176601325,0.6394902696796666,0.021613042826124064,0.0027509017779981763,0.1491452039501978,synthetic_turbet2020_based
TOI-4994 b,0.1527421294032443,0.7085015738851492,0.04650339059669602,0.00915144925179795,0.08310145686311254,synthetic_turbet2020_based
Kepler-105 c,0.10089202491735741,0.6415507726023136,0.014060767434359751,0.0018501629514741773,0.24164627209449496,synthetic_turbet2020_based
TOI-2295 c,0.621440570040164,0.0934429821479121,0.01609729704909974,0.005340935786397658,0.2636782149764265,synthetic_turbet2020_based
TOI-5110 b,0.11496085471916109,0.5299084438506618,0.03150922609405746,0.0010251180142622975,0.3225963573218573,synthetic_turbet2020_based
TOI-2537 c,0.7140448014958792,0.05314096544226887,0.042132175448212024,0.007308670863714809,0.1833733867499251,synthetic_turbet2020_based
K2-115 b,0.1774642706026936,0.5505192941060485,0.01563622111189554,0.004609508175397478,0.2517707060039649,synthetic_turbet2020_based
K2-277 b,0.19445894508875117,0.4857310376229074,0.01699021451896253,0.009499035485431684,0.29332076728394707,synthetic_turbet2020_based
TOI-406 c,0.19248846272153197,0.4596947417719663,0.04077811446204797,0.004867682537671935,0.30217099850678186,synthetic_turbet2020_based
TOI-5005 b,0.12383235740073827,0.5994752585832586,0.04873486244473375,0.0026619500282507973,0.2252955715430186,synthetic_turbet2020_based
HD 86728 b,0.16595956028792275,0.40226964334384335,0.03514440427635223,0.006874101790291537,0.3897522903015901,synthetic_turbet2020_based
TOI-5688 A b,0.1630559314176032,0.7703849451224503,0.04015340422622557,0.00758929587255558,0.01881642336116529,synthetic_turbet2020_based
HD 222237 b,0.6761362548962925,0.09935557382543315,0.028736352436957033,0.004757050920513008,0.1910147679208043,synthetic_turbet2020_based
HD 21520 b,0.12528163599156406,0.5576225823014734,0.033745502849038184,0.004146621308065238,0.2792036575498591,synthetic_turbet2020_based
TOI-2768 b,0.08599172734168939,0.7711979607182958,0.047113139198832484,0.005466208715026199,0.09023096402615605,synthetic_turbet2020_based
TOI-1174 b,0.19432210159164554,0.566286863937743,0.02549515473866474,0.009252155221427572,0.20464372451051926,synthetic_turbet2020_based
TOI-2981 b,0.1449375504534761,0.705006947998753,0.026509753262560852,0.004663014980284137,0.11888273330492594,synthetic_turbet2020_based
TOI-1180 b,0.06249555573171507,0.7866975538455093,0.019118358673684242,0.00544840357270538,0.12624012817638597,synthetic_turbet2020_based
TOI-5713 b,0.13438308155382117,0.22939072267087326,0.02563501800991068,0.04070647496369711,0.5698847028016978,synthetic_turbet2020_based
TOI-6002 b,0.2585135963463895,0.12589586303698755,0.010429620343797841,0.01849794729201218,0.5866629729808129,synthetic_turbet2020_based
HD 135694 b,0.15865197422306837,0.7314056510403455,0.023653401426384578,0.005823325641095691,0.08046564766910591,synthetic_turbet2020_based
TOI-1295 b,0.08600199356878341,0.7521772963679844,0.048608285836367275,0.00777646021354246,0.10543596401332256,synthetic_turbet2020_based
TOI-6130 b,0.06333300808877468,0.5748474322475676,0.049620227269999075,0.003064463463819383,0.3091348689298393,synthetic_turbet2020_based
TOI-1437 b,0.15057075052632185,0.7754253925710627,0.040928135530535495,0.006479741400978511,0.026595979971101413,synthetic_turbet2020_based
HD 183579 b,0.1260057738343344,0.7715257449348133,0.025789334684307816,0.009111420998960978,0.0675677255475835,synthetic_turbet2020_based
K2-203 b,0.11465793935113562,0.7026180095035313,0.04662855597069907,0.005955786177653976,0.13013970899698002,synthetic_turbet2020_based
TOI-6651 b,0.09648197725013871,0.42039468786346973,0.04237039854019101,0.006598089286240755,0.4341548470599599,synthetic_turbet2020_based
TOI-1630.01,0.08945684717382438,0.7509646612646359,0.04681211055103206,0.008984494715615885,0.10378188629489171,synthetic_turbet2020_based
TOI-1467 b,0.14022768475342756,0.7906326428677174,0.04499222524807072,0.0019383436445109343,0.022209103486273474,synthetic_turbet2020_based
TOI-1659.01,0.1971658963939017,0.6195225490679404,0.046801436142318874,0.007843072913494138,0.12866704548234487,synthetic_turbet2020_based
HD 101581 c,0.1471350013033128,0.5306689526625454,0.011081200943373367,0.003490626271978752,0.30762421881878965,synthetic_turbet2020_based
K2-208 b,0.15287304843103933,0.7452459627486321,0.010093863884619183,0.0028717639640814005,0.088915360971628,synthetic_turbet2020_based
TOI-1716.01,0.15096015731031304,0.5134540417281626,0.01566811416214462,0.0017374248840117089,0.3181802619153681,synthetic_turbet2020_based
TOI-6038 A b,0.1456818495236834,0.6379439268113379,0.04434454288598677,0.003833539005207383,0.1681961417737845,synthetic_turbet2020_based
HIP 116454 b,0.07050779275033292,0.7196620354760739,0.04952743699409332,0.004243505865563969,0.15605922891393587,synthetic_turbet2020_based
TOI-2420 b,0.17980244213598956,0.7050181883043449,0.04646341179034993,0.004819352289228364,0.06389660548008713,synthetic_turbet2020_based
K2-225 b,0.06519522572357364,0.44734248254597153,0.04052793681832168,0.008769986555485311,0.43816436835664785,synthetic_turbet2020_based
TOI-1739 b,0.11855251114055766,0.4238283556948584,0.012668241614391586,0.006387403150561815,0.43856348839963044,synthetic_turbet2020_based
HD 73344 d,0.8755873050644911,0.045962516233532494,0.03602479260796623,0.005878069920610944,0.036547316173399236,synthetic_turbet2020_based
TOI-2485 b,0.18346367666780927,0.7329550446568942,0.017973942406776147,0.0070978878870374676,0.058509448381482865,synthetic_turbet2020_based
K2-7 b,0.17712547787143074,0.7720997527250156,0.03359708562100888,0.00258320111644465,0.014594482666100195,synthetic_turbet2020_based
HD 118203 c,0.7674696252253337,0.06992371104925156,0.020899562460802698,0.009757013339131208,0.1319500879254808,synthetic_turbet2020_based
TOI-4734 b,0.0843989376962111,0.7645410086924154,0.02700723030098571,0.0010049874834961354,0.12304783582689172,synthetic_turbet2020_based
TOI-1453 c,0.1314933610024968,0.6513143463669386,0.044774534128331905,0.005865069146232371,0.1665526893560002,synthetic_turbet2020_based
TOI-3493 b,0.06411940732290974,0.7707254237225112,0.03261419163701893,0.0034437807277496115,0.12909719658981045,synthetic_turbet2020_based
TOI-2969 b,0.1848287924732741,0.44836538894681377,0.013899313560534466,0.005815081844205236,0.3470914231751725,synthetic_turbet2020_based
TOI-5300 b,0.14373263417093146,0.6043836669565893,0.0471596818844973,0.003365387512534878,0.20135862947544714,synthetic_turbet2020_based
TOI-4794 b,0.1985352613814093,0.407739733778395,0.014741359786406108,0.0026710867542467085,0.3763125582995429,synthetic_turbet2020_based
TOI-2443 b,0.061936359058179,0.5752871465716058,0.04461488702848479,0.008386833941921175,0.3097747733998092,synthetic_turbet2020_based
TOI-5340 b,0.1617135284071426,0.4029637607741831,0.044628241070249125,0.004568491827596934,0.38612597792082837,synthetic_turbet2020_based
Kepler-10 c,0.15974566317858185,0.6907674737854914,0.017100841088741447,0.005638553628258935,0.12674746831892636,synthetic_turbet2020_based
TOI-2407 b,0.18892714384191117,0.505219452032752,0.038601113920061395,0.009622459353644839,0.2576298308516307,synthetic_turbet2020_based
TOI-5386 A b,0.10409467634440887,0.5550534690766609,0.028102500368342942,0.008281353175024994,0.3044680010355624,synthetic_turbet2020_based
TOI-2015 c,0.11589270826042415,0.5944983824029502,0.018892699590811086,0.009895105588169716,0.2608211041576448,synthetic_turbet2020_based
TOI-2015 b,0.18385312309548474,0.6401017252113831,0.04842240285839675,0.0071829799007264205,0.12043976893400898,synthetic_turbet2020_based
GJ 3998 b,0.19386584487787445,0.4646143466958519,0.019018296276123232,0.008966642172745547,0.31353486997740476,synthetic_turbet2020_based
TOI-1117 b,0.11298115874399309,0.5484630816410273,0.040173414255360425,0.006672930941524238,0.29170941441809495,synthetic_turbet2020_based
GJ 3998 c,0.1016107399650864,0.5591442350210908,0.026335350332006166,0.002136981952621398,0.3107726927291953,synthetic_turbet2020_based
TOI-640 b,0.08443308942052677,0.6150121126410015,0.041273086091139985,0.004771434559862989,0.2545102772874688,synthetic_turbet2020_based
K2-157 d,0.10750291993789388,0.660206461412207,0.016290154555208516,0.004426752919753928,0.21157371117493673,synthetic_turbet2020_based
TOI-1117 c,0.08122043542954908,0.6606584937311659,0.014494560596643096,0.005030405376421986,0.23859610486621996,synthetic_turbet2020_based
TOI-1117 d,0.1394273085638613,0.7334701771512961,0.0389820510570442,0.009485768089124765,0.0786346951386736,synthetic_turbet2020_based
Proxima Cen d,0.3039635221758836,0.16983792698003597,0.01926895530057688,0.012263296146353611,0.4946662993971499,synthetic_turbet2020_based
Proxima Cen b,0.68327628501299,0.022316381996203068,0.024768991109667272,0.00732320325327345,0.26231513862786626,synthetic_turbet2020_based
LP 261-75 b,0.15380510363197192,0.5272665717455769,0.03034209482464352,0.0029509441282161925,0.2856352856695915,synthetic_turbet2020_based
TIC 88785435 b,0.12544650778010275,0.6040327504920457,0.022051873556736074,0.0033352101661653076,0.24513365800495002,synthetic_turbet2020_based
TOI-1238 c,0.1969361695972523,0.6148494044395015,0.03248306526309264,0.001070146813312557,0.15466121388684095,synthetic_turbet2020_based
TOI-1238 b,0.07727611724531752,0.5426487847280091,0.04863922970075075,0.0025771756085835183,0.32885869271733914,synthetic_turbet2020_based
KOI-1843.03,0.09549345669903016,0.7960627975139918,0.02924434569343585,0.0038656699792320387,0.07533373011431022,synthetic_turbet2020_based
TOI-5143 c,0.145153838073023,0.5985209138065776,0.04829796366565832,0.0017487554319284074,0.20627852902281274,synthetic_turbet2020_based
TOI-1803 b,0.16858218807764921,0.5116345513851941,0.04226677323960927,0.008629483065245799,0.2688870042323016,synthetic_turbet2020_based
TOI-5882 b,0.17738342870350982,0.7466782795553688,0.03872510027132363,0.0022816373204337425,0.034931554149364,synthetic_turbet2020_based
TOI-4465 b,0.05778538902481654,0.5363060975123431,0.0298027943444431,0.003723588106655974,0.3723821310117412,synthetic_turbet2020_based
TOI-1478 b,0.16133104008883942,0.6889773911071699,0.04887698004454978,0.004605157814494686,0.09620943094494616,synthetic_turbet2020_based
HIP 67851 b,0.16785914912146455,0.6964799882961228,0.04954998068969175,0.007962537260884285,0.07814834463183673,synthetic_turbet2020_based
HIP 67851 c,0.18507235921061865,0.10305447982554679,0.048726646179151116,0.03864276175378988,0.6245037530308936,synthetic_turbet2020_based
TOI-2346 b,0.17189099419037726,0.717297661771501,0.039430443599726764,0.007763270217257578,0.06361763022113742,synthetic_turbet2020_based
HD 94890 b,0.18941872771608032,0.7656445127713896,0.025169069833599317,0.001278653712695631,0.01848903596623508,synthetic_turbet2020_based
HD 87816 b,0.055802239024410005,0.5786553458093875,0.043399181196016295,0.008628501039539698,0.3135147329306466,synthetic_turbet2020_based
TOI-2886 b,0.11065843718448867,0.5206446501391869,0.030264057777261835,0.008492888861829438,0.3299399660372332,synthetic_turbet2020_based
TOI-2876 b,0.14547441795157523,0.45592232546381395,0.02448935774634231,0.005998833236723842,0.3681150656015447,synthetic_turbet2020_based
TOI-2986 b,0.13073936469307582,0.732253608035483,0.04728687055362628,0.0019041678475773022,0.08781598887023767,synthetic_turbet2020_based
WASP-116 b,0.08366113855188326,0.5568627642557686,0.021855923258041116,0.004674614454625986,0.33294555947968096,synthetic_turbet2020_based
HD 102888 b,0.0561081842922848,0.426405308065126,0.04353445911748298,0.0019232360570069832,0.47202881246809925,synthetic_turbet2020_based
HD 94890 c,0.17361126679921246,0.5226048007212141,0.022368934795554234,0.0019067232531412644,0.279508274430878,synthetic_turbet2020_based
TOI-3135 b,0.05198950722252481,0.5421154433781541,0.04341427625175933,0.00927959918084256,0.35320117396671924,synthetic_turbet2020_based
WASP-188 b,0.05923783341954944,0.4123632255222435,0.01635202480521334,0.007896608278171263,0.5041503079748224,synthetic_turbet2020_based
WASP-154 b,0.08073241490352122,0.4923241497577864,0.04555770791565158,0.008874541348826814,0.37251118607421396,synthetic_turbet2020_based
TIC 434398831 b,0.15054338291302533,0.4656055121925916,0.025245967586062873,0.003125596655431947,0.3554795406528882,synthetic_turbet2020_based
TOI-3464 b,0.15077683727646932,0.7119724216722512,0.015685348880702225,0.00908160249616317,0.11248378967441408,synthetic_turbet2020_based
HR 858 c,0.11942388607757551,0.7180023417979794,0.012065504341678492,0.004245230683174939,0.14626303709959165,synthetic_turbet2020_based
WASP-197 b,0.05221714215459878,0.6873938925742598,0.013178038809247408,0.004044572119238001,0.243166354342656,synthetic_turbet2020_based
WASP-102 b,0.16726230209582102,0.6995865913731656,0.03561158481491371,0.007246185749572501,0.09029333596652722,synthetic_turbet2020_based
TOI-3486 b,0.14768469876553592,0.6565103836027322,0.02398618560165599,0.0012534913366917004,0.1705652406933842,synthetic_turbet2020_based
TOI-2328 b,0.11627387747236702,0.4181838606361379,0.028754695804945676,0.00517671079056781,0.43161085529598153,synthetic_turbet2020_based
TOI-3837 b,0.0768082305895729,0.7137046521476744,0.03816837367641725,0.006035855866308499,0.16528288772002697,synthetic_turbet2020_based
Gl 410 b,0.1888862870182531,0.5148748452840843,0.02048128885859974,0.002650922339971501,0.27310665649909127,synthetic_turbet2020_based
HD 219666 b,0.131665968167255,0.4821428730794322,0.04475582313606473,0.003738787934354236,0.3376965476828938,synthetic_turbet2020_based
TOI-3682 b,0.12363965153540908,0.611804305972065,0.02230586189741994,0.007645776589627194,0.23460440400547877,synthetic_turbet2020_based
TOI-6628 b,0.1538109404350635,0.7043244112884979,0.03423681879163976,0.0051416406303389,0.10248618885445993,synthetic_turbet2020_based
Kepler-289 e,0.2346751289627549,0.2433069123236931,0.02508140964222064,0.02749039124448744,0.46944615782684396,synthetic_turbet2020_based
TOI-4214 b,0.07455066788330517,0.671852182528552,0.013076989969391727,0.009914609447924338,0.23060555017082673,synthetic_turbet2020_based
GJ 581 c,0.14312127315088471,0.17659567922368527,0.019511225315931253,0.02162632503935366,0.6391454972701451,synthetic_turbet2020_based
G 192-15 c,0.6967359747912194,0.0746502975148941,0.017069970926177958,0.00337470887961406,0.20816904788809443,synthetic_turbet2020_based
G 268-110 b,0.06518091354056663,0.5325839994856307,0.047649669734420884,0.004420980844150036,0.35016443639523176,synthetic_turbet2020_based
TOI-2449 b,0.1666007456069799,0.5846815752000377,0.027983987372481263,0.008415738496030733,0.21231795332447034,synthetic_turbet2020_based
GJ 508.2 b,0.6080458360721324,0.08783978492885319,0.029408338064007437,0.004160144666656533,0.27054589626835046,synthetic_turbet2020_based
GJ 3512 c,0.8720504852876703,0.04058734165961819,0.04910789420344785,0.009427208493546592,0.028827070355717077,synthetic_turbet2020_based
HD 28471 b,0.0901884818325113,0.5362410879294727,0.04248670184068206,0.0027604907403825383,0.3283232376569515,synthetic_turbet2020_based
HD 28471 c,0.15979273461072838,0.4516604588034093,0.01822422106983864,0.005504552286298011,0.3648180332297256,synthetic_turbet2020_based
NGTS-32 b,0.16188225902246345,0.695771457420473,0.03435689088986981,0.003449014065063153,0.10454037860213061,synthetic_turbet2020_based
HD 143811 AB b,0.11230667962151294,0.49848570663366415,0.021080697001631874,0.0039090161862870955,0.36421790055690395,synthetic_turbet2020_based
AF Lep b,0.13982715665502837,0.48303795542046635,0.011702780767363903,0.007232091866192465,0.358200015290949,synthetic_turbet2020_based
TOI-238 b,0.053270960090873044,0.7883139271436275,0.024011420409866827,0.0010592323508726439,0.13334446000475997,synthetic_turbet2020_based
HD 152843 b,0.1826877967121781,0.6399218133347312,0.04269569179364027,0.00491522244072369,0.1297794757187266,synthetic_turbet2020_based
HD 28471 d,0.10312728245209002,0.6620757772191721,0.026240034995645138,0.006005877382188293,0.20255102795090452,synthetic_turbet2020_based
HD 152843 c,0.1833468634344232,0.16652908134615502,0.013287630528868855,0.041254879468734615,0.5955815452218183,synthetic_turbet2020_based
TOI-6054.02,0.10232762404608459,0.7899996581724499,0.020390352964751675,0.005275474122425732,0.08200689069428824,synthetic_turbet2020_based
WASP-110 b,0.09582983008075868,0.6775701499662695,0.042334636784816825,0.005383096574660899,0.17888228659349414,synthetic_turbet2020_based
K2-233 d,0.10503913361093181,0.6979005276255386,0.01765820176256101,0.006395197043909189,0.1730069399570594,synthetic_turbet2020_based
K2-233 c,0.16004366904093797,0.5077078445516291,0.03622797360456078,0.0076170353057823355,0.28840347749708983,synthetic_turbet2020_based
BEBOP-4 AB b,0.6352249888452217,0.039151673590525286,0.02625224191736753,0.007983616573539081,0.2913874790733464,synthetic_turbet2020_based
2MASS J22501512+2325342 b,0.13512576993688102,0.5798245892547642,0.022750897946835845,0.0010365523050239534,0.2612621905564949,synthetic_turbet2020_based
WASP-4 b,0.05303301364453805,0.49617849029450345,0.014667624233403705,0.002076279373249979,0.4340445924543048,synthetic_turbet2020_based
Kepler-391 b,0.14041094360996698,0.6421821292880778,0.01179088437749372,0.00634541726620372,0.1992706254582577,synthetic_turbet2020_based
GJ 251 b,0.14374557821011047,0.1754451469614479,0.049587354386703295,0.030880214528817958,0.6003417059129204,synthetic_turbet2020_based
TOI-1438 b,0.05512820200435177,0.5390632806716833,0.03683592635347065,0.0030213809617158104,0.3659512100087785,synthetic_turbet2020_based
GJ 536 c,0.389334771087573,0.18505873957818308,0.010843492269708422,0.031622646584518355,0.38314035048001727,synthetic_turbet2020_based
TOI-1438 c,0.15142844365288058,0.5823964708206943,0.047126833590954646,0.009117389507190456,0.20993086242828007,synthetic_turbet2020_based
Kepler-391 c,0.07084401097291368,0.43197926693778277,0.02249235989723161,0.006473193960409179,0.46821116823166276,synthetic_turbet2020_based
TOI-756 b,0.14023929714730093,0.5086572398900093,0.04804402187108002,0.003765985450439807,0.2992934556411698,synthetic_turbet2020_based
TOI-756 c,0.8412598308303469,0.08487821625262315,0.013937400757093701,0.003092976209627668,0.05683157595030852,synthetic_turbet2020_based
HD 224018 d,0.08227872619253657,0.7678605267099199,0.02404419695755741,0.008528242000523566,0.11728830813946245,synthetic_turbet2020_based
TOI-2141 c,0.12170270032659126,0.5828876176776082,0.04613685430372977,0.004968112664749844,0.24430471502732098,synthetic_turbet2020_based
TOI-6448 b,0.16172778758463896,0.5697510007161469,0.014074789463052503,0.0014778531504770333,0.25296856908568466,synthetic_turbet2020_based
K2-214 b,0.08123602654680469,0.6889072144908416,0.02494598880401979,0.005086968232487729,0.19982380192584615,synthetic_turbet2020_based
51 Eri b,0.06528145977763225,0.6492150399152239,0.04213792841607808,0.006622149196039258,0.23674342269502657,synthetic_turbet2020_based
TOI-1203.01,0.19769211227379596,0.4065365566049885,0.010626793090020849,0.005500050428035363,0.3796444876031593,synthetic_turbet2020_based
TOI-2093 c,0.17992241766311706,0.23730208107020076,0.0417284061421253,0.014097436351319988,0.526949658773237,synthetic_turbet2020_based
HD 135344 A b,0.18760073041193537,0.41196917512244047,0.03753615711177987,0.004460506896315603,0.35843343045752873,synthetic_turbet2020_based
K2-10 b,0.15011588192148234,0.4390545286443586,0.047483212777551555,0.009436675058560166,0.35390970159804735,synthetic_turbet2020_based
TOI-1203 b,0.12791012212641678,0.6038338136260579,0.03539232751254817,0.00622062055492784,0.2266431161800493,synthetic_turbet2020_based
HIP 18606 b,0.13153198502412672,0.6356764595543734,0.04434520688714678,0.006499601016227059,0.181946747518126,synthetic_turbet2020_based
HIP 111909 c,0.07937515321951172,0.7655648161516834,0.01863842474331383,0.0024864552531192238,0.13393515063237194,synthetic_turbet2020_based
TIC 257060897 b,0.19955867435957925,0.48536667778121134,0.014003734346376296,0.006058064897823706,0.29501284861500954,synthetic_turbet2020_based
BD+37 3172 b,0.17407906155124897,0.4243002879453209,0.029604167008730933,0.0016165210641129022,0.37039996243058626,synthetic_turbet2020_based
TOI-654.01,0.11430366768339245,0.53758405150813,0.015485176725322259,0.009379189210871944,0.3232479148722833,synthetic_turbet2020_based
K2-37 b,0.1452330469178546,0.7372225202312829,0.0462377811672604,0.009371667978896388,0.06193498370470574,synthetic_turbet2020_based
K2-37 d,0.16221719245540683,0.5227793260936789,0.04315730475421414,0.005681646203338629,0.2661645304933613,synthetic_turbet2020_based
K2-55 b,0.09074808827401559,0.5543095239975679,0.022048941230924345,0.005195836360027247,0.3276976101374648,synthetic_turbet2020_based
TOI-5261 b,0.16720027071813684,0.5939469367370134,0.020714343123639258,0.0017866276721112768,0.21635182174909928,synthetic_turbet2020_based
TOI-4773 b,0.17836341306943987,0.5669474427105379,0.02767690181498471,0.007873494132093147,0.21913874827294444,synthetic_turbet2020_based
BD+42 2315 b,0.17745897437972147,0.6044579631898682,0.035294713352343486,0.003152410304850852,0.17963593877321604,synthetic_turbet2020_based
Ross 176 b,0.190260191834904,0.6271685072246969,0.03878419561980772,0.0020279174891731375,0.14175918783141817,synthetic_turbet2020_based
K2-62 c,0.1455381428536575,0.5475799129614133,0.028002519007139605,0.007139458291081626,0.271739966886708,synthetic_turbet2020_based
K2-61 b,0.16944913148126672,0.5397460953340127,0.04492947408938523,0.002970912737725256,0.24290438635761014,synthetic_turbet2020_based
TOI-6420 b,0.13443473498939273,0.4605061921338957,0.02156999089577548,0.009058703224575335,0.37443037875636076,synthetic_turbet2020_based
TOI-5350 b,0.0517335164112432,0.7662444754581788,0.023136081356554407,0.007262158778893756,0.15162376799512978,synthetic_turbet2020_based
TOI-5817 b,0.06375774416512517,0.6565085849346567,0.046378451190607545,0.005996817328599848,0.2273584023810108,synthetic_turbet2020_based
K2-73 b,0.10431822474252139,0.7174310480384776,0.03850901697486371,0.0020592330482974283,0.13768247719583981,synthetic_turbet2020_based
TOI-5799 b,0.1498552305314955,0.6658623384339519,0.04007684669438792,0.003846761786262309,0.1403588225539023,synthetic_turbet2020_based
TOI-1346 b,0.11019169724611941,0.7840152226143248,0.03293827683111171,0.005576544793883302,0.06727825851456082,synthetic_turbet2020_based
TOI-1346 c,0.19802745383031467,0.4918230527584223,0.025917476402352792,0.007838952054362101,0.2763930649545481,synthetic_turbet2020_based
K2-105 b,0.1569650871929067,0.7866802572303528,0.03617201363212337,0.003817854759238174,0.016364787185378926,synthetic_turbet2020_based
TOI-5799 c,0.21929559011640248,0.11794258480335798,0.046948810332883194,0.015146720909847696,0.6006662938375087,synthetic_turbet2020_based
TOI-6223 b,0.13185555861146714,0.5605580498469872,0.015368944521309498,0.003636930282623183,0.288580516737613,synthetic_turbet2020_based
KOI-351 g,0.29007070477123753,0.10625029822217316,0.04863958133405171,0.04636382471880202,0.5086755909537356,synthetic_turbet2020_based
HD 63433 c,0.06269021694897546,0.7473414193415561,0.023142848741929876,0.001607540036731968,0.1652179749308067,synthetic_turbet2020_based
HD 17156 b,0.09591692514378436,0.723554997686914,0.0366332580867169,0.0031470364060334987,0.1407477826765512,synthetic_turbet2020_based
TOI-6000 b,0.1578764714855363,0.6831284458042157,0.039714454540277756,0.005865910008973657,0.11341471816099657,synthetic_turbet2020_based
K2-189 c,0.17284184781810547,0.6565448871827654,0.015015968389775699,0.008292303889798017,0.14730499271955544,synthetic_turbet2020_based
GJ 317 b,0.69713043151334,0.07345312463775643,0.03700526824367223,0.0040232126893303905,0.18838796291590099,synthetic_turbet2020_based
TOI-6303 b,0.07425254877330233,0.677983235176143,0.04396093412317641,0.008544081852410818,0.19525920007496744,synthetic_turbet2020_based
LHS 1903 d,0.14397572627995492,0.49096290789391395,0.022648398692118047,0.00779164912845439,0.3346213180055586,synthetic_turbet2020_based
LHS 1903 e,0.22325617891207838,0.24649948369363608,0.022377999703725025,0.010252729861469278,0.49761360782909125,synthetic_turbet2020_based
WASP-120 b,0.14052350969844865,0.6403665420421603,0.035102187311199864,0.003413670721916337,0.18059409022627493,synthetic_turbet2020_based
WASP-140 b,0.17166064254673835,0.5949867355321462,0.040495516359393885,0.006499841179386383,0.18635726438233524,synthetic_turbet2020_based
HD 85426 c,0.11241062222034812,0.6718507386562449,0.032999094240482224,0.005596400200580986,0.17714314468234382,synthetic_turbet2020_based
TOI-1774.01,0.14728407888789605,0.4343755905467718,0.046410443574217156,0.0040157384147412436,0.3679141485763737,synthetic_turbet2020_based
HD 176986 b,0.08370394453805441,0.7087185430704712,0.01924887548370073,0.00996192660880954,0.17836671029896412,synthetic_turbet2020_based
KOINTREAU-3 b,0.7261477624690329,0.0366961967796829,0.012482602905042942,0.0013762375962743812,0.2232972002499668,synthetic_turbet2020_based
PDS 70 b,0.0642710841710552,0.40201313152484475,0.02308359917623761,0.0037940896009072537,0.5068380955269551,synthetic_turbet2020_based
HD 176986 d,0.11451376181578839,0.4931691692964393,0.012509646317764793,0.001640462751576539,0.37816695981843096,synthetic_turbet2020_based
TOI-6692 b,0.07732195629577746,0.5266358107476459,0.015919682008620494,0.004286060412529864,0.37583649053542634,synthetic_turbet2020_based
TOI-4342 b,0.18833302300432975,0.5046412038118467,0.016735972680505876,0.006982986277020087,0.28330681422629755,synthetic_turbet2020_based
PDS 70 c,0.12363215569410481,0.4189016063237029,0.041512293246655556,0.0074380867466839855,0.4085158579888528,synthetic_turbet2020_based
V2376 Ori b,0.19659475426105122,0.7753226478249183,0.03336993174500976,0.007174191642225514,-0.012461525473204782,synthetic_turbet2020_based
TOI-5489 b,0.11142602359802409,0.7553868746116187,0.032112353007973916,0.00392996193701541,0.09714478684536787,synthetic_turbet2020_based
HD 208487 b,0.051423723786437385,0.6345799059907999,0.03101735562059578,0.00830689460076793,0.27467212000139896,synthetic_turbet2020_based
HD 181433 b,0.07805069394599547,0.7261605071389365,0.010611344410222543,0.006285820399297592,0.17889163410554787,synthetic_turbet2020_based
TOI-1135 b,0.10952786018673218,0.5326082085369568,0.027331838686668823,0.003012323375791654,0.3275197692138506,synthetic_turbet2020_based
TOI-5716 b,0.07751384796499627,0.7220427536005799,0.019110332009225895,0.007632747950467295,0.17370031847473066,synthetic_turbet2020_based
HD 181433 d,0.8134081633327896,0.013006037413630224,0.045242896807501806,0.008104196170840423,0.1202387062752378,synthetic_turbet2020_based
HD 181433 c,0.8388201748270153,0.08282719469971242,0.033302129163002556,0.009940427801989862,0.03511007350827977,synthetic_turbet2020_based
DMPP-1 b,0.07687282107161827,0.4289343723766699,0.03816669889517688,0.0036454351365611763,0.4523806725199738,synthetic_turbet2020_based
HD 202206 b,0.28246996717901585,0.17834032258776852,0.02334096634004014,0.0457299449837949,0.4701187989093806,synthetic_turbet2020_based
TOI-4940 b,0.07130651879178979,0.47559426175745967,0.036713634114803224,0.00804340911488617,0.40834217622106117,synthetic_turbet2020_based
TOI-5734 b,0.17483217379773824,0.49245988653690076,0.04528453673157816,0.006485955907820999,0.2809374470259618,synthetic_turbet2020_based
GJ 480 b,0.1734827628371065,0.4274087760812879,0.02427577343941686,0.00572377586041602,0.36910891178177263,synthetic_turbet2020_based
DMPP-1 d,0.1365435548873429,0.43962862162948246,0.03154632978408702,0.006989377897837222,0.38529211580125033,synthetic_turbet2020_based
DMPP-2 b,0.10423926286470092,0.6002956977122523,0.021702656865762397,0.008834502446847869,0.26492788011043633,synthetic_turbet2020_based
K2-19 d,0.13988099100350398,0.6205095584543583,0.04777429703510841,0.006984383712940983,0.18485076979408843,synthetic_turbet2020_based
NGTS-35 b,0.09197351623091421,0.6567012324775797,0.04846493826612886,0.001212024303345687,0.20164828872203155,synthetic_turbet2020_based
TOI-2267 c,0.14398865105164915,0.46273398435457974,0.042658380442655575,0.006766160766771313,0.3438528233843442,synthetic_turbet2020_based
TOI-2267 b,0.19054842394543497,0.667831144838972,0.010688755726305788,0.00559318459960751,0.12533849088967974,synthetic_turbet2020_based
HD 39194 c,0.1855502095424233,0.49292120166853165,0.013315856167195394,0.007478990822996577,0.30073374179885315,synthetic_turbet2020_based
DMPP-3 A b,0.125376285040868,0.41903810455788065,0.02119660929757696,0.0039407378287878575,0.4304482632748865,synthetic_turbet2020_based
TOI-5007 b,0.1501792216981253,0.5886400882843065,0.029487613062443407,0.008259433296351197,0.2234336436587736,synthetic_turbet2020_based
TOI-7166 b,0.683525129550439,0.07053154674177782,0.024702292193148997,0.004765330427919439,0.21647570108671466,synthetic_turbet2020_based
TOI-375 b,0.13338536197561413,0.6782587219209169,0.04780781043597498,0.0034211004630244567,0.13712700520446963,synthetic_turbet2020_based
TOI-5422 b,0.06556178294631132,0.5715167690690415,0.03186863995270692,0.0030520324363530085,0.32800077559558727,synthetic_turbet2020_based
HD 28185 b,0.3671487321894257,0.25976940317591135,0.029746556537687756,0.028002557321423545,0.3153327507755517,synthetic_turbet2020_based
XO-3 b,0.05611118850569188,0.6147558931105106,0.033829883816955494,0.009024686033072049,0.28627834853377,synthetic_turbet2020_based
DMPP-6 c,0.12516470986197234,0.4629509690712517,0.017202276048933957,0.002438806766710878,0.39224323825113105,synthetic_turbet2020_based
TOI-7510 b,0.1907802311083342,0.717355702944163,0.042990645052802146,0.008563901669294088,0.0403095192254066,synthetic_turbet2020_based
TOI-5788 c,0.06434519638848879,0.6808707424726448,0.038173468500881005,0.003023395371376705,0.21358719726660869,synthetic_turbet2020_based
TOI-5788 b,0.12359986553588563,0.6649723536473939,0.04589345747650522,0.001993829598369852,0.16354049374184543,synthetic_turbet2020_based
DMPP-9 b,0.18382897310099527,0.7689659866375358,0.0469443933929619,0.0010435140289466046,-0.0007828671604395154,synthetic_turbet2020_based
HD 72659 c,0.6662996318264456,0.07221207124228342,0.022869591239531105,0.001549749623642765,0.23706895606809708,synthetic_turbet2020_based
HD 95338 b,0.16444131208239066,0.41143687698603476,0.027840853117285756,0.009528184816799404,0.38675277299748934,synthetic_turbet2020_based
TOI-1243 b,0.11603492395461273,0.7647549141611226,0.026360169837168816,0.0041201749819176365,0.08872981706517824,synthetic_turbet2020_based
TOI-5938 b,0.06610742038985352,0.5432363636108797,0.02347945960087226,0.008618960673792865,0.35855779572460167,synthetic_turbet2020_based
TOI-7009 b,0.18798727613239796,0.40877203430133197,0.01393025642188003,0.00678905620381165,0.3825213769405784,synthetic_turbet2020_based
HD 28109 b,0.12271143321357417,0.5187514540188385,0.02039628238865312,0.003022071305667579,0.3351187590732667,synthetic_turbet2020_based
TOI-5388.01,0.12881763038872057,0.406991974594864,0.03955537505875832,0.00370349207101658,0.42093152788664057,synthetic_turbet2020_based
HD 100508 b,0.7280494353706711,0.05743469780578528,0.018454384109105958,0.008953323826813318,0.18710815888762433,synthetic_turbet2020_based
HD 114386 c,0.8046279765534802,0.08832667078626998,0.029018024210569385,0.004892144121904687,0.07313518432777577,synthetic_turbet2020_based
HD 28109 d,0.08557138527637126,0.6179361444829837,0.033726542932716264,0.0047793103933765355,0.25798661691455227,synthetic_turbet2020_based
TOI-6716 b,0.07180738404689585,0.5092417849182413,0.010570060380694671,0.003872248910361228,0.404508521743807,synthetic_turbet2020_based
HD 154345 b,0.774227692987262,0.09601399880533047,0.01711587185557714,0.0014991807747473172,0.11114325557708304,synthetic_turbet2020_based
HD 217107 b,0.09444669318071933,0.46271907926744127,0.03782075987576225,0.0010517424807399906,0.40396172519533713,synthetic_turbet2020_based
TOI-1472 b,0.19713006384093196,0.7422666701049404,0.029626823683015148,0.009288479978262165,0.021687962392850202,synthetic_turbet2020_based
TOI-1648 b,0.1442088998985916,0.7975059506756679,0.021132248056378696,0.009972155283557622,0.02718074608580423,synthetic_turbet2020_based
HD 164604 b,0.6540741876366216,0.041807653087513635,0.04741296321360378,0.004334880567283466,0.25237031549497746,synthetic_turbet2020_based
HD 164604 c,0.66295091312096,0.01535383949259062,0.01595832838888428,0.004197010962890673,0.30153990803467445,synthetic_turbet2020_based
HIP 54515 b,0.7263696157406127,0.05882060209782158,0.04254351978108723,0.0011207336483654573,0.17114552873211308,synthetic_turbet2020_based
TOI-1518 b,0.17616741968458655,0.6308997372092437,0.04025912233138008,0.007812812986367719,0.14486090778842187,synthetic_turbet2020_based
GJ 4274 b,0.18548040189609288,0.4373520835337393,0.03286061153425619,0.009181265755553388,0.33512563728035827,synthetic_turbet2020_based
LHS 1903 b,0.15788094710573292,0.4386339645986152,0.034558572435190275,0.008198928182808502,0.3607275876776531,synthetic_turbet2020_based
LHS 1903 c,0.09122926794585483,0.6529972940066855,0.04361648885576577,0.005714802603173392,0.20644214658852056,synthetic_turbet2020_based
TOI-1080 b,0.07912808012681385,0.6198728488466977,0.03352015732619794,0.004625674950106538,0.26285323875018396,synthetic_turbet2020_based
TOI-2145 b,0.1519424936791396,0.5733331578753578,0.04509620350617896,0.008124629207609637,0.22150351573171412,synthetic_turbet2020_based
TIC 231949697 b,0.17071577987737252,0.6104306821093142,0.017853912823626823,0.007519796371974985,0.19347982881771153,synthetic_turbet2020_based
CWISEP J193518.59-154620.3 b,0.060338202736914745,0.6070299744611949,0.012119163259260697,0.005755768186213106,0.3147568913564166,synthetic_turbet2020_based
HD 202772 A b,0.1528883253693358,0.5676792985677195,0.026676126662172825,0.0021051446524674436,0.25065110474830443,synthetic_turbet2020_based
TOI-4588 b,0.09527744079475395,0.5777094882340027,0.04454248554520904,0.009081819121051687,0.27338876630498266,synthetic_turbet2020_based
TOI-4513 b,0.19303701530113782,0.4401054788506722,0.021848432450755503,0.005166216268780132,0.33984285712865436,synthetic_turbet2020_based
TOI-4127 b,0.14626157365850787,0.6811193958397974,0.04144065154475666,0.005462864290541385,0.12571551466639663,synthetic_turbet2020_based
TOI-697 b,0.13348763999403424,0.7842282756206179,0.019601131191587837,0.008233837685957573,0.054449115507802515,synthetic_turbet2020_based
TOI-4561 b,0.15677270515361819,0.4560359346912425,0.04705966770872418,0.008698205405138036,0.3314334870412772,synthetic_turbet2020_based
GJ 1137 c,0.16692569793450895,0.45070943350142373,0.015586821243714018,0.0071487861237871705,0.359629261196566,synthetic_turbet2020_based
TIC 87422071 b,0.06609050227686482,0.44532624236113166,0.026011178678164368,0.0010484009989805967,0.4615236756848585,synthetic_turbet2020_based
TOI-883 b,0.15822251042239924,0.6160827972699306,0.013126965968586033,0.005892244736161084,0.20667548160292304,synthetic_turbet2020_based
TOI-4640 b,0.05811318093153919,0.42827844239929297,0.02941864760605816,0.005498409254640807,0.4786913198084688,synthetic_turbet2020_based
TIC 147027702 b,0.10084921593398051,0.6487085833247327,0.02549433610619164,0.006282645211116887,0.2186652194239782,synthetic_turbet2020_based
TIC 245076932 b,0.10246774060994515,0.6859867858635902,0.03317144469838271,0.002440391921580048,0.17593363690650188,synthetic_turbet2020_based
TOI-921 b,0.152940328276658,0.7135743690133834,0.012634962718243306,0.006489645357705486,0.11436069463400977,synthetic_turbet2020_based
TOI-4930 b,0.1685644484019609,0.4458611591114414,0.04606609678940125,0.004733189076274805,0.3347751066209217,synthetic_turbet2020_based
TOI-941 b,0.16067597316480775,0.759619938731707,0.049585486034811325,0.006255325576281608,0.023863276492392393,synthetic_turbet2020_based
TOI-5159 b,0.15564108927547315,0.500679869646968,0.02160185488741547,0.008656924842123354,0.31342026134802004,synthetic_turbet2020_based
K2-19 b,0.10973658554785094,0.7289735817712152,0.01202387258153811,0.0029642807961362118,0.14630167930325955,synthetic_turbet2020_based
TOI-5335 b,0.07551411334552294,0.610826987880983,0.013221221902265184,0.0040948339367917735,0.29634284293443713,synthetic_turbet2020_based
TOI-1752 b,0.19793676647758945,0.7176868546801489,0.040423656516798454,0.002216032294964885,0.04173669003049818,synthetic_turbet2020_based
TOI-1269 c,0.104683865987302,0.6722351885149016,0.010865009489735851,0.0049057884187851475,0.20731014758927535,synthetic_turbet2020_based
TOI-5486 b,0.18928846838341618,0.43293592275984316,0.04625037354824002,0.0027506946206893247,0.3287745406878113,synthetic_turbet2020_based
TOI-5624 c,0.0783660835016197,0.4781743835054173,0.047250243292128465,0.006433704949542965,0.3897755847512916,synthetic_turbet2020_based
TOI-1718 b,0.16261834179453097,0.5465630424338687,0.04493003743892447,0.006237434223234438,0.23965114410944155,synthetic_turbet2020_based
TOI-5532 b,0.1399752399809812,0.700928420831255,0.040945704933566474,0.00713677214427661,0.1110138621099207,synthetic_turbet2020_based
TOI-1232 c,0.0678364900393813,0.74669063709329,0.020435964643410548,0.009965747425086276,0.15507116079883188,synthetic_turbet2020_based
TOI-1732 b,0.10782618976528899,0.44799891903957106,0.022643460103567832,0.006161808192406276,0.4153696228991658,synthetic_turbet2020_based
TOI-5605 b,0.10871693573036299,0.7314726755876885,0.03728825181681905,0.0029210550904367545,0.11960108177469275,synthetic_turbet2020_based
TOI-1756 b,0.13082799574449433,0.7150128000792938,0.04564935006210258,0.004554499014172375,0.10395535509993692,synthetic_turbet2020_based
TOI-5630 b,0.18866970802271588,0.41438778384778857,0.037067648087190735,0.008037862703579722,0.351836997338725,synthetic_turbet2020_based
TOI-198 b,0.11377120709630832,0.4043897903675304,0.037481406410779086,0.004083078182841919,0.44027451794254024,synthetic_turbet2020_based
TOI-1839 b,0.0727719432038771,0.46284351060632417,0.04076656223325285,0.002686504817911967,0.42093147913863393,synthetic_turbet2020_based
TOI-5926 b,0.122614744721325,0.7881557438626234,0.040352747914733665,0.005924742838432601,0.04295202066288528,synthetic_turbet2020_based
TOI-672 b,0.12924130289362995,0.46693097661864685,0.027856943000610958,0.002304096885157019,0.3736666806019553,synthetic_turbet2020_based
TOI-2071 b,0.06253731728465653,0.4436548943836938,0.03426444626607113,0.002741976844856707,0.4568013652207218,synthetic_turbet2020_based
TOI-4156 c,0.07240182724866258,0.7468523848387949,0.014880518529378117,0.007350716025179192,0.15851455335798514,synthetic_turbet2020_based
TOI-2518 b,0.11255003932210948,0.6316318951059838,0.010934216579880331,0.001000173155649209,0.24388367583637705,synthetic_turbet2020_based
TOI-6393 b,0.1725872816028387,0.5901764634039066,0.01285227745796771,0.004091104928714935,0.22029287260657215,synthetic_turbet2020_based
EPIC 220674823 b,0.12595316543761786,0.45419739073879994,0.03185351799110151,0.005758756478535378,0.38223716935394536,synthetic_turbet2020_based
EPIC 220674823 c,0.1404252749516339,0.7241047221021755,0.026511152535474473,0.008997040256140641,0.0999618101545755,synthetic_turbet2020_based
TOI-2654 b,0.12120106293649073,0.5828595856857252,0.03622742793615918,0.006557690937923053,0.25315423250370195,synthetic_turbet2020_based
TOI-6699 b,0.051715240813838916,0.792972236089678,0.047707743445778716,0.0035315734824690028,0.10407320616823523,synthetic_turbet2020_based
K2-111 c,0.1337875010248628,0.7081940694358598,0.04681871296391833,0.006273159761120496,0.10492655681423846,synthetic_turbet2020_based
TOI-4156 b,0.05284101994072737,0.6722711790148981,0.013723122755961556,0.0070405999618383995,0.2541240783265747,synthetic_turbet2020_based
TOI-7333 b,0.13811414030459507,0.6562678511659239,0.017570307959416033,0.005442488765307607,0.1826052118047573,synthetic_turbet2020_based
rho CrB e,0.14269351917000933,0.5201171645656651,0.017264930456939907,0.0030041266499766925,0.31692025915740896,synthetic_turbet2020_based
K2-79 b,0.1787025003664669,0.5858174081180003,0.03644293507906215,0.005633999777340957,0.19340315665912977,synthetic_turbet2020_based
K2-111 b,0.1751190877811123,0.6033979468589146,0.013733012516865229,0.0027818622417983777,0.2049680906013096,synthetic_turbet2020_based
TOI-4363 b,0.05198981227580318,0.7326097132238911,0.036530913332307374,0.007832817263094989,0.1710367439049033,synthetic_turbet2020_based
HD 5388 b,0.31450607040887524,0.26489593774733944,0.04947878012469012,0.03613885319642292,0.3349803585226723,synthetic_turbet2020_based
Kepler-79 b,0.08783984044406581,0.4405560168839377,0.0335899171357861,0.007936813551527314,0.4300774119846831,synthetic_turbet2020_based
Kepler-79 c,0.13423575713019195,0.5214219072219799,0.03878939391622944,0.005031752464626982,0.3005211892669717,synthetic_turbet2020_based
HD 16760 b,0.6859767303876972,0.085697603922197,0.03306075124472828,0.00355103198097661,0.1917138824644009,synthetic_turbet2020_based
TOI-3457 b,0.09929065014783783,0.6286660461539045,0.02691694375967809,0.0024446720632096105,0.24268168787536992,synthetic_turbet2020_based
TOI-6884 b,0.141570489858812,0.6756440264208982,0.01000435185133738,0.005831823844840444,0.1669493080241119,synthetic_turbet2020_based
TOI-4602.01,0.13657422198238506,0.5328256216915873,0.023549250361525352,0.0038589299409638876,0.3031919760235384,synthetic_turbet2020_based
TOI-791 b,0.1167992102491979,0.72477595154372,0.028761042683717146,0.009942838360129547,0.11972095716323539,synthetic_turbet2020_based
eps Eri b,0.7128476024300499,0.07293360305505747,0.03195862685563054,0.007860597590102984,0.17439957006915918,synthetic_turbet2020_based
TOI-791 c,0.1832546853514645,0.604673317248127,0.02977916836714585,0.009484471269041679,0.17280835776422088,synthetic_turbet2020_based
HD 190360 b,0.8800978717890042,0.09972970566339046,0.016259036611511797,0.0010321185127174974,0.0028812674233760216,synthetic_turbet2020_based
HD 190360 c,0.11559654531096564,0.6933360653440193,0.012914240405151994,0.004362414689560473,0.17379073425030267,synthetic_turbet2020_based
HD 190360 d,0.13721892151814036,0.48501897002046634,0.03924567991112944,0.0030658388947817617,0.33545058965548213,synthetic_turbet2020_based
TOI-3664 b,0.1761008022820728,0.5393093350711828,0.03394593789588442,0.005897386063900054,0.24474653868695995,synthetic_turbet2020_based
TOI-4034 b,0.09446700747164058,0.5756286495237425,0.04383892367568772,0.005935098570633074,0.280130320758296,synthetic_turbet2020_based
HD 126105 b,0.05833804412410068,0.6852129163685297,0.017298099911847747,0.00537456487156163,0.2337763747239603,synthetic_turbet2020_based
TIC 52059926 b,0.7405616642121339,0.05378382356952508,0.011240560253039758,0.0034514966728128246,0.19096245529248845,synthetic_turbet2020_based
TOI-4427 b,0.05761032090783419,0.5659826810483567,0.03485346909144862,0.006886667131383559,0.33466686182097705,synthetic_turbet2020_based
TOI-2049 b,0.05968220054892883,0.44755564198597564,0.03646027114651482,0.005780688845980578,0.4505211974726001,synthetic_turbet2020_based
TOI-4458 b,0.1750118012342861,0.4820568668857368,0.014813691503055329,0.004258217315236124,0.3238594230616857,synthetic_turbet2020_based
TOI-159 b,0.14556007024899076,0.5943868965421414,0.01394373064391596,0.0016416288003378182,0.2444676737646141,synthetic_turbet2020_based
COCONUTS-2 b,0.15165404407382851,0.5187872845666894,0.03677929884068783,0.0036542339476899038,0.2891251385711042,synthetic_turbet2020_based
HD 30177 c,0.6944382635530627,0.028883325827201385,0.04934867846092258,0.001144632610842047,0.22618509954797117,synthetic_turbet2020_based
TOI-1710 b,0.06908786507924523,0.7345160723766945,0.015526469362420844,0.003526272027469659,0.17734332115416973,synthetic_turbet2020_based
K2-370 b,0.08941774524164886,0.6787942329031527,0.02644804712159296,0.008565290403678904,0.1967746843299265,synthetic_turbet2020_based
HIP 8923 b,0.8242281587217222,0.05779911980870347,0.019962471024762972,0.008131769285824285,0.08987848115898711,synthetic_turbet2020_based
TOI-201 c,0.859797166228352,0.08526542599977445,0.012068550704460081,0.007281628145698958,0.0355872289217144,synthetic_turbet2020_based
XO-2 S d,0.8111815908846232,0.0948767985906554,0.020539134669161338,0.00807712146558933,0.06532535438997078,synthetic_turbet2020_based
TOI-237 c,0.15336447502434702,0.7514907884755465,0.03773232121256492,0.008672090830601008,0.04874032445694043,synthetic_turbet2020_based
bet Pic b,0.1039363020555492,0.46304976829284095,0.024534081385836973,0.008335465199607203,0.40014438306616573,synthetic_turbet2020_based
bet Pic c,0.06974749665179342,0.6551780717180311,0.049502242207385236,0.009055133882159897,0.21651705554063028,synthetic_turbet2020_based
bet Pic d,0.15067749924934254,0.7170521307312648,0.014659058162624868,0.005489503862622129,0.1121218079941455,synthetic_turbet2020_based
Kepler-484 b,0.12978686349094876,0.7130783038503693,0.021303733828462637,0.0019583675779755428,0.13387273125224375,synthetic_turbet2020_based
Kepler-758 c,0.15471707638807508,0.5970376518285322,0.04369176238874866,0.005333407241848164,0.19922010215279595,synthetic_turbet2020_based
TOI-4311 b,0.17694061687824936,0.6031340007273677,0.041307940392916576,0.0074867066102779,0.1711307353911884,synthetic_turbet2020_based
TOI-2147 b,0.08991238105701961,0.5237593300348163,0.045967820900769174,0.003079064148670039,0.33728140385872485,synthetic_turbet2020_based
TOI-6019 b,0.15462508343914125,0.4580480527989219,0.040206334849969674,0.003009608646213938,0.3441109202657532,synthetic_turbet2020_based
Kepler-929 b,0.13910980591269742,0.6256973950948151,0.018140570121340648,0.005422629890131209,0.21162959898101563,synthetic_turbet2020_based
Kepler-1767 b,0.18188720381643814,0.6722117392608106,0.04970617596396664,0.008060988348965771,0.08813389260981885,synthetic_turbet2020_based
Kepler-223 e,0.14651831514545072,0.6252808256621673,0.047497145841149134,0.005743120936172762,0.17496059241506012,synthetic_turbet2020_based
Kepler-1127 b,0.11040091559537293,0.7337974317476414,0.04760977675681407,0.005310252027101541,0.10288162387306998,synthetic_turbet2020_based
Kepler-1793 b,0.0705857785418904,0.6433491272848676,0.0396352904771626,0.004362724748650963,0.2420670789474284,synthetic_turbet2020_based
HD 141937 b,0.8243636572693898,0.05779462083780621,0.022054245216391846,0.0066656910559854485,0.08912178562042672,synthetic_turbet2020_based
Kepler-1367 b,0.10834213482745772,0.7147302015821004,0.010123201116674344,0.008363603043579804,0.15844085943018782,synthetic_turbet2020_based
Kepler-1900 b,0.09598629162961403,0.7838506253919922,0.040366594704974536,0.003169362562892102,0.0766271257105271,synthetic_turbet2020_based
Kepler-1364 b,0.19681987380972216,0.5998322367986887,0.03091695189058391,0.009185663206844788,0.16324527429416058,synthetic_turbet2020_based
Kepler-482 b,0.18776046012226782,0.6787530016866532,0.04913798558249015,0.003959832786286746,0.08038871982230211,synthetic_turbet2020_based
Kepler-1646 b,0.08485048766028994,0.41170268857888226,0.0238537975391115,0.006423700089808765,0.47316932613190754,synthetic_turbet2020_based
HD 6718 b,0.6916137149749892,0.06216582314188852,0.011935430086554706,0.00418681958181608,0.23009821221475135,synthetic_turbet2020_based
Kepler-32 c,0.16220073597210422,0.44173074407638685,0.03859349822622062,0.007869800017085402,0.34960522170820296,synthetic_turbet2020_based
Kepler-259 c,0.13531422636753107,0.7544350212283879,0.048182540489026045,0.0013120973465834069,0.06075611456847152,synthetic_turbet2020_based
Kepler-222 d,0.15186245361058112,0.4948698009894118,0.026327332360193106,0.006608388542587293,0.32033202449722664,synthetic_turbet2020_based
Kepler-165 c,0.15684084054882147,0.7360763718965105,0.03821547673134371,0.0079965909447698,0.060870719878554524,synthetic_turbet2020_based
K2-263 b,0.13986067990391177,0.44682363348864995,0.010857212595411734,0.005768047440293764,0.3966904265717328,synthetic_turbet2020_based
Kepler-166 d,0.15733115719277002,0.4435462353765427,0.027171837915024616,0.0033055965708008034,0.3686451729448619,synthetic_turbet2020_based
Kepler-52 b,0.13506395752053618,0.5562011009695312,0.018058700017365856,0.0010395344236550014,0.28963670706891165,synthetic_turbet2020_based
K2-187 e,0.09822876430713959,0.606464858674525,0.04716836332013837,0.003047284133976961,0.24509072956422007,synthetic_turbet2020_based
K2-187 c,0.126838259894545,0.6265986137897406,0.03596910627435944,0.003957097157870067,0.2066369228834849,synthetic_turbet2020_based
K2-189 b,0.06492227292349663,0.7685424960728969,0.048110217154143785,0.004944080244222287,0.11348093360524036,synthetic_turbet2020_based
K2-280 b,0.13708624428767785,0.41161055731172685,0.011888625644606994,0.001690006742439237,0.43772456601354903,synthetic_turbet2020_based
Kepler-229 b,0.16081194722733816,0.49089379643573994,0.017377888918975137,0.001075017994811059,0.3298413494231357,synthetic_turbet2020_based
K2-222 b,0.05343463164103832,0.5621535009339972,0.03166711722708767,0.006211532635911277,0.34653321756196553,synthetic_turbet2020_based
K2-220 b,0.11868667717713727,0.5838245088571353,0.04012568741065108,0.003606131211401058,0.25375699534367535,synthetic_turbet2020_based
Kepler-491 b,0.08565767270134095,0.7417296752127324,0.0375705523086434,0.0052917980417458346,0.12975030173553748,synthetic_turbet2020_based
Kepler-197 b,0.09131072383010105,0.4546327278314474,0.011496847869999058,0.008671288221921175,0.4338884122465313,synthetic_turbet2020_based
Kepler-216 b,0.13900782520957872,0.4183317971647518,0.016343495915790176,0.0035160784133790174,0.42280080329650027,synthetic_turbet2020_based
K2-223 b,0.08946073815707212,0.6193563956885076,0.025977744927474608,0.0089399494383577,0.2562651717885879,synthetic_turbet2020_based
Kepler-1732 b,0.15791160509117325,0.7642930277240318,0.04451274500637809,0.009292322201441102,0.02399029997697566,synthetic_turbet2020_based
14 Her b,0.8940034350866293,0.038052679425351635,0.018387224154146398,0.002486371259941688,0.04707029007393104,synthetic_turbet2020_based
16 Cyg B b,0.7884265395047353,0.07128700283587604,0.013513499768425863,0.008389644370593708,0.11838331352036902,synthetic_turbet2020_based
Kepler-261 b,0.16745997971646476,0.6513895732823156,0.02742449917878534,0.0023829155953839633,0.15134303222705037,synthetic_turbet2020_based
1RXS J160929.1-210524 b,0.12583884063978307,0.4636677182165938,0.034199151403557344,0.0037896825729076228,0.3725046071671583,synthetic_turbet2020_based
CoRoT-4 b,0.08709593934556953,0.5764205519819878,0.033228512010346586,0.004307176590142415,0.29894782007195364,synthetic_turbet2020_based
K2-224 c,0.1945405101707432,0.4023590543700121,0.0465144407379071,0.0010061564453437372,0.3555798382759938,synthetic_turbet2020_based
24 Sex c,0.0825067907995136,0.7985404899418249,0.03912381502854758,0.006800485345426077,0.0730284188846878,synthetic_turbet2020_based
CoRoT-7 b,0.1589139321283096,0.5633184748077498,0.0413683892530517,0.002393812296264516,0.2340053915146243,synthetic_turbet2020_based
K2-226 b,0.16908385810933974,0.775810671964438,0.044307474020262326,0.00765694857973054,0.0031410473262294403,synthetic_turbet2020_based
2MASS J12073346-3932539 b,0.14770659697425156,0.608436866128651,0.025808931181447524,0.008790882317738558,0.20925672339791124,synthetic_turbet2020_based
CoRoT-7 c,0.14711878619721153,0.5739601255658795,0.04139166872457433,0.001486933786345133,0.23604248572598951,synthetic_turbet2020_based
eps Tau b,0.1719678876399448,0.7242808690977841,0.01914117653289281,0.0013390443092070692,0.08327102242017126,synthetic_turbet2020_based
gam1 Leo b,0.1570561933294695,0.47994865137188647,0.04984087162884263,0.001082642007183965,0.31207164166261736,synthetic_turbet2020_based
K2-229 b,0.08446879718734862,0.4168249589089991,0.04130622941800878,0.00620825942956504,0.45119175505607845,synthetic_turbet2020_based
Kepler-752 b,0.17726518018188714,0.785045348269171,0.03440459441501617,0.003085781532562108,0.0001990956013634415,synthetic_turbet2020_based
CoRoT-9 b,0.06389741611964152,0.7465044179918001,0.01980453020074389,0.009041664022282698,0.1607519716655318,synthetic_turbet2020_based
K2-343 b,0.18174313994214125,0.6511236849081041,0.03415983282300639,0.009557438216741994,0.12341590411000625,synthetic_turbet2020_based
51 Peg b,0.16340226526774232,0.6733127084722296,0.027429630080739127,0.005355986011631953,0.13049941016765687,synthetic_turbet2020_based
K2-331 c,0.10833816474975028,0.7785284081439721,0.03552476852773085,0.008023272289514001,0.06958538628903266,synthetic_turbet2020_based
K2-334 b,0.05557996026238259,0.7409705208567372,0.026705531897783227,0.007634443373345471,0.1691095436097515,synthetic_turbet2020_based
61 Vir d,0.05600379722311635,0.757549273314386,0.03639382358396778,0.005117507117841946,0.14493559876068784,synthetic_turbet2020_based
K2-343 c,0.09553371485151743,0.5244096569794872,0.022135924979055976,0.0021792326747063703,0.3557414705152331,synthetic_turbet2020_based
K2-342 b,0.11957143070436156,0.5813945416536275,0.026477466371602698,0.007327848137361569,0.26522871313304663,synthetic_turbet2020_based
Kepler-260 b,0.11297222940176263,0.4356014867334483,0.044082384892547524,0.0048259077863253945,0.40251799118591614,synthetic_turbet2020_based
K2-348 b,0.1482928481428895,0.7719585418761146,0.0406966041146322,0.005849189840603835,0.03320281602575992,synthetic_turbet2020_based
81 Cet b,0.13175333857636864,0.7398124148365628,0.042945291723632255,0.0026078745891468147,0.08288108027428953,synthetic_turbet2020_based
K2-352 c,0.14397516222776555,0.7462862633740446,0.042132297080362514,0.002122444146810635,0.0654838331710168,synthetic_turbet2020_based
BD+14 4559 b,0.7307078467010031,0.056640979414846256,0.020312382182113467,0.007115494469953735,0.18522329723208342,synthetic_turbet2020_based
K2-204 b,0.1214339738841994,0.5190034834611863,0.023474581025364517,0.008710015195059815,0.32737794643419005,synthetic_turbet2020_based
Kepler-1736 b,0.17992997082263829,0.7249502629651351,0.046554752847317464,0.00957075857813313,0.038994254786775984,synthetic_turbet2020_based
Kepler-8 b,0.12377418661698636,0.4386814489398669,0.042002840292391555,0.006700887355659656,0.3888406367950955,synthetic_turbet2020_based
Kepler-745 b,0.10707757853444025,0.7902132610495549,0.023547408108145457,0.00916870580799492,0.06999304649986449,synthetic_turbet2020_based
K2-211 b,0.13888766720879633,0.4146567936303539,0.044413404323205924,0.007859907777297708,0.3941822270603461,synthetic_turbet2020_based
Kepler-262 c,0.14637313194940882,0.6458348560307887,0.01875341970623612,0.0029303751627941027,0.1861082171507722,synthetic_turbet2020_based
Kepler-119 b,0.05437586425951892,0.4616549852214764,0.023459250571860116,0.00586652406707647,0.4546433758800681,synthetic_turbet2020_based
K2-394 b,0.0696212836246583,0.6230288721093472,0.020532804848471812,0.0032856501244812575,0.28353138929304145,synthetic_turbet2020_based
CoRoT-19 b,0.19219163111095694,0.796937817535387,0.0424575438640371,0.0014895278266006153,-0.03307652033698161,synthetic_turbet2020_based
Kepler-748 b,0.15929475658155928,0.47137029271932707,0.03276885254883562,0.009043422662881797,0.3275226754873962,synthetic_turbet2020_based
HD 113538 b,0.714058689523244,0.09359575165605097,0.03833488869357251,0.0037091063202190065,0.1503015638069135,synthetic_turbet2020_based
Kepler-112 b,0.064237579831916,0.7261405139073429,0.02832237633971981,0.0016542413934397073,0.17964528852758155,synthetic_turbet2020_based
HD 114386 b,0.6309367071405156,0.0970265243705932,0.019720078179822645,0.009699320600716415,0.24261736970835202,synthetic_turbet2020_based
HD 136418 b,0.15217393695468562,0.5201964407314678,0.02534911496973915,0.007993345996972013,0.2942871613471355,synthetic_turbet2020_based
GJ 676 A b,0.7306244936776187,0.016727569989785765,0.019192565182787478,0.008743104756975019,0.22471226639283304,synthetic_turbet2020_based
HAT-P-31 b,0.154426120546723,0.6004064444699065,0.019819826744624666,0.005271315535809972,0.22007629270293583,synthetic_turbet2020_based
HD 11506 b,0.8366547173332544,0.017338887742795468,0.049790712749408876,0.00873786289473042,0.08747781927981091,synthetic_turbet2020_based
HD 11506 c,0.0976948674272344,0.7482306855528867,0.03726858119613185,0.006997189843893962,0.109808675979853,synthetic_turbet2020_based
GJ 581 e,0.0709564653416345,0.7623578562820555,0.02801367187685501,0.00822904982505835,0.13044295667439665,synthetic_turbet2020_based
HAT-P-35 b,0.09492856855391144,0.5232014662409992,0.04858756719927649,0.005469939321970898,0.327812458683842,synthetic_turbet2020_based
HD 116029 b,0.05898360700745034,0.7342826588128201,0.019089200893989546,0.008908783775281228,0.17873574951045879,synthetic_turbet2020_based
HD 142245 b,0.3749319633921474,0.11455320264760063,0.033297169102975394,0.049260964223073855,0.42795670063420266,synthetic_turbet2020_based
GJ 876 b,0.8792758843937596,0.057271895745181,0.037219727810769425,0.0064383583164316725,0.0197941337338583,synthetic_turbet2020_based
HD 118203 b,0.08048800193595544,0.6611990298086285,0.023325647340032528,0.004041747362762425,0.23094557355262113,synthetic_turbet2020_based
HD 142 b,0.11299822414107827,0.7408707533350877,0.019533833030476302,0.0032571250007089017,0.1233400644926489,synthetic_turbet2020_based
GJ 876 d,0.05110098704098283,0.46200274756757453,0.04914717149619746,0.004904829509558283,0.4328442643856868,synthetic_turbet2020_based
HD 125595 b,0.07927470384712677,0.7862727243027771,0.0110847147214777,0.005357497479760569,0.11801035964885798,synthetic_turbet2020_based
GQ Lup b,0.17069032034412746,0.7091300818454553,0.017568690619832777,0.007370107060399884,0.09524080013018454,synthetic_turbet2020_based
GJ 876 e,0.786686582593755,0.07077485945343401,0.02064419262510947,0.008296609492286073,0.11359775583541554,synthetic_turbet2020_based
HD 100655 b,0.13388562639631024,0.6900312190021339,0.04758294039545458,0.008699475456014757,0.11980073875008634,synthetic_turbet2020_based
Kepler-744 b,0.16735062057904104,0.5158594997725051,0.0121633245063247,0.0061718001669047486,0.29845475497522433,synthetic_turbet2020_based
HD 10180 f,0.05517695798290869,0.6856759096874849,0.03947286685185083,0.006066201351147945,0.2136080641266076,synthetic_turbet2020_based
HD 126614 b,0.6504455737624029,0.08881492911115389,0.03383684928019088,0.005634027550666989,0.22126862029558536,synthetic_turbet2020_based
HD 10180 g,0.27027752786261644,0.11657741736272619,0.03961748218955706,0.012431023355561762,0.5610965492295386,synthetic_turbet2020_based
HD 12661 b,0.27351644755477256,0.13385141741409087,0.01830807755865336,0.019330170028313574,0.5549938874441696,synthetic_turbet2020_based
HAT-P-15 b,0.052145845773268806,0.756735532445471,0.042169410859594296,0.0012815780289978898,0.14766763289266804,synthetic_turbet2020_based
HAT-P-16 b,0.058547913199920025,0.7131507389906778,0.010272131502788042,0.005220990223373334,0.2128082260832408,synthetic_turbet2020_based
Kepler-764 b,0.0660945881441462,0.6366528908074234,0.04993361671537629,0.0025481936398733347,0.2447707106931808,synthetic_turbet2020_based
Kepler-123 b,0.19350257710390933,0.746191417574378,0.04943419872575125,0.007895697702422669,0.0029761088935386093,synthetic_turbet2020_based
HD 104985 b,0.17854913771796876,0.6378390558301303,0.044691363246980496,0.0020036103029147136,0.13691683290200563,synthetic_turbet2020_based
HD 104067 b,0.16124814565526385,0.651489434800463,0.012393859309514591,0.003624313342137861,0.17124424689262063,synthetic_turbet2020_based
HD 13189 b,0.08241602005587798,0.5620701803195403,0.01793413366094926,0.003473466797367866,0.3341061991662647,synthetic_turbet2020_based
HD 106252 b,0.6888090405728537,0.06398298056120774,0.015394950402805465,0.003169911112498972,0.22864311735063403,synthetic_turbet2020_based
HD 132406 b,0.6951444182940296,0.05041611444484655,0.011523545313199324,0.00999290306865485,0.2329230188792697,synthetic_turbet2020_based
HD 108874 c,0.6901176007656076,0.035861037466205135,0.03219482346364751,0.008686289613899046,0.23314024869064065,synthetic_turbet2020_based
HD 10647 b,0.7370428104182392,0.03239552807557713,0.03263502012781417,0.005346482950231568,0.19258015842813803,synthetic_turbet2020_based
HD 134060 b,0.11346122405334438,0.7935531803136894,0.0498380105787426,0.006057494456118345,0.03709009059810531,synthetic_turbet2020_based
HAT-P-21 b,0.060200589060771637,0.6267670321931573,0.048098885935315416,0.009331232776252169,0.2556022600345035,synthetic_turbet2020_based
HD 215152 b,0.08232512741469841,0.4760477928121138,0.016090234200462798,0.008378059144711129,0.41715878642801385,synthetic_turbet2020_based
HD 37124 c,0.747016517096842,0.04042419135933212,0.02299228675358802,0.003478719186589491,0.18608828560364843,synthetic_turbet2020_based
HD 159868 b,0.36478593223432254,0.18193597854942103,0.019760709425675236,0.03841619224261114,0.3951011875479701,synthetic_turbet2020_based
HD 187085 b,0.7906363670675395,0.07438289991346857,0.0428782445811946,0.0019111034311202746,0.09019138500667712,synthetic_turbet2020_based
HD 216437 b,0.6005966224350434,0.014550961704053875,0.038271730365952474,0.009410468862247421,0.33717021663270286,synthetic_turbet2020_based
HD 187123 c,0.69933161460491,0.08030747497549992,0.039167380434746775,0.009802554213573279,0.17139097577127005,synthetic_turbet2020_based
HD 216770 b,0.12061896222345529,0.4664291869147576,0.04060925602350969,0.008369369776192955,0.3639732250620844,synthetic_turbet2020_based
HD 18742 b,0.1560950113557373,0.7452726693119117,0.02484730333279618,0.00721283502901194,0.06657218097054285,synthetic_turbet2020_based
HD 21693 c,0.08957729587445931,0.5785760583759351,0.01969968676622473,0.0023908030538333062,0.30975615592954764,synthetic_turbet2020_based
HD 162020 b,0.05539298720029831,0.6685697032769335,0.04501092353109666,0.003829774908801416,0.22719661108287004,synthetic_turbet2020_based
HD 190647 b,0.7287706150343182,0.010319225347231616,0.026514190901257957,0.00353189903573876,0.23086406968145345,synthetic_turbet2020_based
HD 190984 b,0.7722600090373803,0.0917665464565956,0.030246102764860498,0.007079793939125756,0.09864754780203788,synthetic_turbet2020_based
HD 192263 b,0.155822425970843,0.46097276486989863,0.023862824312473045,0.002018309961384963,0.3573236748854004,synthetic_turbet2020_based
HD 217786 b,0.7322239811365772,0.08985571134487694,0.029237374029496548,0.005105376848970338,0.14357755664007898,synthetic_turbet2020_based
HD 217107 c,0.6627970637385755,0.03791955520783503,0.047463982901396334,0.0037269579183583754,0.2480924402338347,synthetic_turbet2020_based
HD 163607 c,0.8194159756650048,0.013792749842302821,0.015132558403779917,0.003803301246744084,0.14785541484216835,synthetic_turbet2020_based
HD 192310 c,0.8704262584080675,0.02973624893911471,0.039069784403400316,0.0025077202020972102,0.05825998804732013,synthetic_turbet2020_based
HD 4208 b,0.7838526138354425,0.0628145407676153,0.0348779160455869,0.0035764886949627745,0.11487844065639263,synthetic_turbet2020_based
HD 164922 b,0.6486308990857749,0.08978371742233435,0.0327777575000593,0.0029083885274884427,0.22589923746434304,synthetic_turbet2020_based
HD 197037 b,0.7239987159586306,0.016038234363268622,0.02901504466409497,0.004815016985646719,0.22613298802835902,synthetic_turbet2020_based
HD 4308 b,0.06990893560600905,0.5777489340730173,0.035581293583708234,0.009356414002600823,0.3074044227346646,synthetic_turbet2020_based
Kepler-272 c,0.1554777790939287,0.6009741145479038,0.04080204471444569,0.0035194175321576105,0.1992266441115642,synthetic_turbet2020_based
HD 4313 b,0.1503172397667334,0.4020248667193898,0.012902045217981018,0.006618390728156046,0.4281374575677398,synthetic_turbet2020_based
HD 168746 b,0.07888243615819396,0.6754918345058858,0.035470130580152824,0.0015730007446713226,0.20858259801109613,synthetic_turbet2020_based
HD 148156 b,0.7177489999784009,0.06517019784762602,0.03853926526333434,0.008344757444740728,0.17019677946589806,synthetic_turbet2020_based
HD 17092 b,0.09956643524975389,0.7346864169019138,0.02417017704022577,0.0010628815708000274,0.14051408923730657,synthetic_turbet2020_based
HD 27894 b,0.14150088497555208,0.49666743886317294,0.014975252079741107,0.003325220290043327,0.3435312037914905,synthetic_turbet2020_based
HD 28254 b,0.8483741994238216,0.09226011774341637,0.04846786495480964,0.0037254732670022593,0.0071723446109501765,synthetic_turbet2020_based
HD 148427 b,0.11838930622835746,0.7210104411232735,0.022716107540281777,0.004466288676816519,0.1334178564312708,synthetic_turbet2020_based
HD 171028 b,0.08559117338444633,0.6289469277406904,0.036370667953012414,0.0038659550957793683,0.24522527582607156,synthetic_turbet2020_based
HD 204313 c,0.05363457747673464,0.694363125347988,0.03466389157386361,0.002970989070412247,0.21436741653100144,synthetic_turbet2020_based
HD 30177 b,0.6943943025497312,0.09614022303427096,0.03520814180037144,0.006359299807522462,0.1678980328081039,synthetic_turbet2020_based
HD 290327 b,0.791907221239063,0.09590000813143813,0.023594362939719796,0.0035282437849464,0.08507016390483257,synthetic_turbet2020_based
HD 152581 b,0.10651137204038368,0.7203796376308911,0.014838354975599035,0.0028614222815741604,0.1554092130715521,synthetic_turbet2020_based
HD 177830 b,0.08423682687172983,0.6545509564748055,0.035663320985169535,0.004346977450515801,0.22120191821777924,synthetic_turbet2020_based
HD 20794 b,0.09142884088268907,0.7018607725278061,0.011269062677993174,0.007648639396732843,0.1877926845147787,synthetic_turbet2020_based
HD 31253 b,0.16308219831125736,0.28055541138956624,0.02654772982890128,0.03569187613369775,0.4941227843365773,synthetic_turbet2020_based
HD 178911 B b,0.06814539646517631,0.5015537633801809,0.03802434377422241,0.005953199052989862,0.38632329732743065,synthetic_turbet2020_based
HD 155358 b,0.16557160714468366,0.6253609359043009,0.03277324722928971,0.008724330835564918,0.16756987888616082,synthetic_turbet2020_based
HD 154857 b,0.11370348759587612,0.7580178878630016,0.02488860992179996,0.003957347860930428,0.09943266675839191,synthetic_turbet2020_based
HD 155358 c,0.3338263830219337,0.1023092798992657,0.016887684793552155,0.012870629591511315,0.5341060226937372,synthetic_turbet2020_based
HD 210702 b,0.12681576395137378,0.6512284005314384,0.010415037834500285,0.002453171936863041,0.2090876257458245,synthetic_turbet2020_based
HD 3651 b,0.09538120378935586,0.5176905340914406,0.01388530867578092,0.002555627104454828,0.37048732633896775,synthetic_turbet2020_based
HD 156668 b,0.17705776414585572,0.6802324566456015,0.021843775306533867,0.003370667178844765,0.11749533672316415,synthetic_turbet2020_based
HD 156411 b,0.12405976064600557,0.16978118747959675,0.025922780585106456,0.04616726625549781,0.6340690050337934,synthetic_turbet2020_based
HD 183263 b,0.322934714204563,0.19583075486980148,0.0153942907516032,0.036246465960333166,0.42959377421369915,synthetic_turbet2020_based
HD 63454 b,0.19040184691565726,0.4312179408029415,0.04394431071445713,0.0026210309969724177,0.3318148705699717,synthetic_turbet2020_based
HD 89307 b,0.8103842802942186,0.026547043351907523,0.03400054219549216,0.003138621258063008,0.12592951290031873,synthetic_turbet2020_based
rho CrB b,0.13125470932299094,0.6400631476582709,0.034740813004285734,0.007145189900260714,0.18679614011419177,synthetic_turbet2020_based
HD 66428 b,0.6207088726154827,0.07330486634541432,0.01618390896941654,0.00709329207823234,0.282709059991454,synthetic_turbet2020_based
HD 93083 b,0.1372112842712226,0.19588294211035107,0.02547073703927223,0.048693854265730696,0.5927411823134234,synthetic_turbet2020_based
HD 69830 b,0.14462137486166848,0.43528236530052594,0.038035458457518455,0.0027472455935108496,0.3793135557867763,synthetic_turbet2020_based
TrES-3 b,0.0929225544070035,0.5513772161778567,0.041049017612335974,0.009496728449077514,0.3051544833537263,synthetic_turbet2020_based
WASP-50 b,0.18865027652719757,0.4682734527176051,0.012416539095783193,0.008456797173515607,0.32220293448589854,synthetic_turbet2020_based
HD 69830 d,0.18646547884945208,0.21656522076458418,0.04914509860945243,0.017456880214882814,0.5303673215616285,synthetic_turbet2020_based
HD 96127 b,0.10622838377852825,0.7470395784584465,0.03599922188312166,0.009437977060776034,0.1012948388191276,synthetic_turbet2020_based
HD 70573 b,0.7895157944876501,0.03732129712367357,0.04220434422089953,0.007833373794289701,0.12312519037348701,synthetic_turbet2020_based
HD 97658 b,0.19004284116182957,0.5904667728852131,0.030113571485372387,0.003914407903255078,0.18546240656432988,synthetic_turbet2020_based
V0391 Peg b,0.09031375017598,0.7986111276565199,0.049090220649755774,0.005766818167010602,0.05621808335073375,synthetic_turbet2020_based
WASP-8 b,0.1932628373545755,0.542462179042577,0.04399977296298745,0.006713813420608019,0.21356139721925205,synthetic_turbet2020_based
WASP-10 b,0.15755991712094966,0.6872811729616972,0.035433146000250534,0.008670952101881013,0.1110548118152217,synthetic_turbet2020_based
XO-2 N b,0.10880198759858643,0.7396755803852358,0.017336606556821944,0.002799634781800512,0.1313861906775553,synthetic_turbet2020_based
HD 74156 b,0.1576014830588005,0.700051956131035,0.046092042994702695,0.0034721461432425512,0.09278237167221925,synthetic_turbet2020_based
HD 99706 b,0.058410417857966385,0.6029886901627579,0.0450136186150717,0.009743192682821682,0.28384408068138234,synthetic_turbet2020_based
HIP 12961 b,0.3573478885614194,0.19799128993452103,0.04453528944284124,0.01855883695476144,0.3815666951064568,synthetic_turbet2020_based
HD 45184 b,0.1881754476852288,0.626738384407219,0.02557454343208409,0.006234770639478896,0.1532768538359892,synthetic_turbet2020_based
WASP-16 b,0.16760123148007927,0.49604860510590654,0.014075192110749434,0.007598080932959633,0.3146768903703051,synthetic_turbet2020_based
HD 45364 b,0.385740689899877,0.22739561839484793,0.015703338163608985,0.03573541477828227,0.33542493876338386,synthetic_turbet2020_based
HD 75898 b,0.13498962885426505,0.16070495060398238,0.011263908047958657,0.029500064963516003,0.6635414475302779,synthetic_turbet2020_based
HD 7924 b,0.09820312782618518,0.4390087559381588,0.02236109209130607,0.006828131074745467,0.4335988930696044,synthetic_turbet2020_based
Kepler-746 b,0.09336223332507063,0.45722884695717203,0.03179189860103115,0.007779045435278349,0.40983797568144786,synthetic_turbet2020_based
HD 79498 b,0.8490424068619374,0.05248874018018295,0.038442896836948806,0.00849994973599692,0.05152600638493399,synthetic_turbet2020_based
HD 48265 b,0.3018667691715177,0.20545428101666124,0.012397574685636115,0.02160137498383307,0.4586800001423519,synthetic_turbet2020_based
HD 49674 b,0.097972273616859,0.5580045003736317,0.04803570813217252,0.002879878081175586,0.29310763979616117,synthetic_turbet2020_based
HIP 57274 c,0.1312332366510941,0.7964872426776881,0.03475178243122633,0.002880196513103635,0.034647541726887776,synthetic_turbet2020_based
HD 52265 b,0.1940286397667162,0.5345170676215267,0.011914828383945242,0.0048822559071371235,0.25465720832067484,synthetic_turbet2020_based
HR 8799 e,0.08609835442625723,0.7275455092381381,0.018798233369890217,0.008378686200140314,0.15917921676557423,synthetic_turbet2020_based
HD 5891 b,0.05542565248022146,0.7716629271675159,0.011687741071400541,0.009446858595882925,0.1517768206849791,synthetic_turbet2020_based
HD 85390 b,0.6221073827494489,0.08853252423025808,0.04325328150598872,0.006349814538466693,0.23975699697583763,synthetic_turbet2020_based
xi Aql b,0.05539791260985214,0.648457122707846,0.0347138568330744,0.006014777274794526,0.255416330574433,synthetic_turbet2020_based
WASP-35 b,0.14472883571700812,0.7872429612981174,0.049820289906278674,0.00568446225981256,0.012523450818783255,synthetic_turbet2020_based
TOI-1408 b,0.06377009364338533,0.4535876174580712,0.03881403517360061,0.009837672285007593,0.4339905814399352,synthetic_turbet2020_based
TOI-2524 b,0.11540828355979217,0.43921549836465956,0.02412178210019794,0.004465092494084702,0.4167893434812656,synthetic_turbet2020_based
HD 219415 b,0.8989786001655795,0.07179250179649485,0.014714643442829859,0.0040336904524817425,0.010480564142614002,synthetic_turbet2020_based
WD 0806-661 b,0.05728380687483888,0.6612242032445798,0.036909570755082666,0.0015174707056652202,0.2430649484198334,synthetic_turbet2020_based
WASP-99 b,0.10032799119481439,0.761135346774805,0.043072641202992173,0.006167913128300946,0.08929610769908758,synthetic_turbet2020_based
HD 32963 b,0.7453870081423811,0.09935667208602936,0.03888782238076509,0.009573716900762311,0.10679478049006208,synthetic_turbet2020_based
K2-133 b,0.0607377821529775,0.48486046254342074,0.011244441429795202,0.00881125853220258,0.434346055341604,synthetic_turbet2020_based
HATS-53 b,0.1541347161747996,0.47106066113685496,0.04896762429768509,0.009602175003532335,0.31623482338712805,synthetic_turbet2020_based
Kepler-286 b,0.08368967073870605,0.6588039012170842,0.03672411666942343,0.0010361507951930405,0.21974616057959329,synthetic_turbet2020_based
TOI-283 b,0.15331696884027496,0.4885360779088217,0.04605275002407357,0.008546564193035643,0.3035476390337941,synthetic_turbet2020_based
Kepler-69 b,0.18579403770064357,0.7030215849377388,0.01659621754190337,0.004244988816896642,0.09034317100281775,synthetic_turbet2020_based
TOI-2525 b,0.15633972103796295,0.529330017303285,0.03840131734466966,0.0040254285247534405,0.2719035157893289,synthetic_turbet2020_based
HD 169830 b,0.15331883630536255,0.20363276367790722,0.037449110380143306,0.030687827491310347,0.5749114621452767,synthetic_turbet2020_based
HD 192699 b,0.14628009474489348,0.5752204072417324,0.04113325315933379,0.006849697803802369,0.23051654705023794,synthetic_turbet2020_based
Pr0211 b,0.13619099511279753,0.5741486861902243,0.031429102245518224,0.001459087495223156,0.2567721289562368,synthetic_turbet2020_based
HATS-3 b,0.15000795150253027,0.4817646917061685,0.04440595841567367,0.00831109391370975,0.31551030446191786,synthetic_turbet2020_based
HD 33844 c,0.12919319993099793,0.7388524273249664,0.03683212975263763,0.0022713404040218196,0.09285090258737638,synthetic_turbet2020_based
HATS-29 b,0.16111591319437835,0.7983225862688338,0.01163909235031035,0.0032042749119529047,0.025718133274524657,synthetic_turbet2020_based
K2-138 b,0.1396611122575347,0.5660777813301056,0.03550224826186572,0.006277638998249072,0.25248121915224486,synthetic_turbet2020_based
gam Lib c,0.16819842018492642,0.4283611680562984,0.027624642797137937,0.008740484107208204,0.367075284854429,synthetic_turbet2020_based
TOI-406.01,0.10441428580204426,0.6015155221080982,0.010863145051745331,0.003017565055758687,0.2801894819823535,synthetic_turbet2020_based
Kepler-282 d,0.119548268237352,0.5595872505057375,0.03858619507640572,0.006506919834323901,0.2757713663461808,synthetic_turbet2020_based
TOI-663 b,0.18204237832467485,0.7419082806789605,0.019648793630652382,0.0011587485613048388,0.05524179880440738,synthetic_turbet2020_based
Kepler-283 b,0.1781706154555644,0.5316483456420132,0.023884388369624,0.0024255531837862675,0.26387109734901215,synthetic_turbet2020_based
HD 195019 b,0.15395108992208495,0.512043567344318,0.01706972404248975,0.005530516669554205,0.31140510202155314,synthetic_turbet2020_based
BD-06 1339 c,0.3251247717764328,0.15391971950499367,0.03888156003955403,0.02847900438684285,0.4535949442921767,synthetic_turbet2020_based
CoRoT-25 b,0.11056590848586528,0.5438083472544677,0.015823238612778394,0.003993703901643048,0.32580880174524574,synthetic_turbet2020_based
HD 564 b,0.3637754591882446,0.12043338489441174,0.04833200060407211,0.014299861099512716,0.4531592942137588,synthetic_turbet2020_based
HATS-45 b,0.10430474634490308,0.6425224695202177,0.043513656144325945,0.002292245362666036,0.20736688262788727,synthetic_turbet2020_based
Kepler-421 b,0.6423306672175295,0.06655403121955532,0.02170986529619112,0.0068005188731619145,0.2626049173935622,synthetic_turbet2020_based
TOI-663 d,0.17308748043942965,0.43074820439501804,0.04377976492311131,0.0013382682071899725,0.351046282035251,synthetic_turbet2020_based
TOI-1443 b,0.18482392779332196,0.7902472566400127,0.03669820809843131,0.009858297744497566,-0.021627690276263545,synthetic_turbet2020_based
HAT-P-41 b,0.1732987763192906,0.4177462000535252,0.010152437768098675,0.0011871864048003903,0.39761539945428503,synthetic_turbet2020_based
HD 5608 b,0.11778604398790711,0.6493530444470658,0.029258872908021163,0.00709417293233106,0.19650786572467482,synthetic_turbet2020_based
HD 13908 b,0.1174403951169318,0.4170255212441555,0.019046668194040828,0.009933618129442393,0.43655379731542954,synthetic_turbet2020_based
HD 108341 b,0.7037591513095994,0.03922891639702565,0.016111681960766972,0.009884293499070638,0.23101595683353737,synthetic_turbet2020_based
KELT-12 b,0.08456889823888983,0.6587306269015414,0.011681898326087814,0.0015982509705701965,0.24342032556291082,synthetic_turbet2020_based
HD 34445 f,0.3150255091960056,0.22703363256934486,0.03720649582482621,0.019238816285850883,0.40149554612397254,synthetic_turbet2020_based
HD 34445 e,0.19773334737833614,0.6233500648632982,0.04878192689074754,0.002477534976778422,0.12765712589083966,synthetic_turbet2020_based
KELT-19 A b,0.11076492647619199,0.5342742075953848,0.0402029970682345,0.007728142924945822,0.3070297259352429,synthetic_turbet2020_based
KOI-1257 b,0.12298156899795551,0.40645920168693456,0.01700822836719778,0.0014523910039869747,0.45209860994392526,synthetic_turbet2020_based
TOI-1226 b,0.17705218538737683,0.5159086269191069,0.014716905476026927,0.00418755128753432,0.2881347309299551,synthetic_turbet2020_based
HD 216435 b,0.6231867948499088,0.09809714214090973,0.02260031605391196,0.009397600290008232,0.24671814666526126,synthetic_turbet2020_based
HD 23079 b,0.8048186072581577,0.06094962886815941,0.02901987988489827,0.00718642096123049,0.09802546302755422,synthetic_turbet2020_based
BD+49 828 b,0.3058826000638506,0.10210421215215289,0.04631134982113357,0.024718536817506097,0.5209833011453568,synthetic_turbet2020_based
HD 20794 e,0.10299096823144933,0.5626362175531977,0.03741131221235736,0.0043841596244471835,0.2925773423785484,synthetic_turbet2020_based
K2-239 b,0.10607465928908044,0.42538595185137745,0.026665666577077134,0.0023453062933937847,0.4395284159890712,synthetic_turbet2020_based
TOI-880.02,0.17833838810896707,0.5338044332789147,0.04843469592246682,0.007160752023102839,0.23226173066654854,synthetic_turbet2020_based
TOI-1232 b,0.1634227302240986,0.7791004725610984,0.0195573906326666,0.006105618727230405,0.03181378785490607,synthetic_turbet2020_based
WASP-71 b,0.05610887067418433,0.4403034751822777,0.024663476798751516,0.007142516655624463,0.47178166068916194,synthetic_turbet2020_based
HD 159243 c,0.3495080807216604,0.15128084049469456,0.03996308854550429,0.018971646297921998,0.44027634394021875,synthetic_turbet2020_based
HIP 91258 b,0.05090834091744966,0.4217652099822937,0.033422344912228855,0.005474327914848824,0.48842977627317896,synthetic_turbet2020_based
HIP 109384 b,0.6811275683788297,0.010589307274254393,0.03272041397013605,0.008358459731466865,0.26720425064531295,synthetic_turbet2020_based
HD 27894 c,0.06028173168850678,0.694589782957523,0.03538170407856271,0.0053141929498102146,0.2044325883255973,synthetic_turbet2020_based
K2-239 d,0.05725120324640783,0.7694285665569183,0.02909763955706971,0.0045964626479308365,0.1396261279916734,synthetic_turbet2020_based
Kepler-778 b,0.17922131031316024,0.7382312915934952,0.03909043812000095,0.008464239846100077,0.034992720127243526,synthetic_turbet2020_based
TOI-1244 b,0.0686492721474411,0.7043662220321367,0.023121363319365117,0.008807453141214502,0.19505568935984263,synthetic_turbet2020_based
TOI-1466 b,0.10553471989802889,0.4217215808480302,0.026575209470814626,0.007810993315687253,0.43835749646743905,synthetic_turbet2020_based
K2-157 b,0.12513980914690961,0.7054535647235873,0.011410949634644282,0.0025944778324092617,0.1554011986624495,synthetic_turbet2020_based
HD 33564 b,0.2690823793128382,0.17706275076952632,0.03720702974680799,0.04850216932481688,0.46814567084601055,synthetic_turbet2020_based
WASP-55 b,0.1489792941050771,0.56694515795304,0.03169456073773363,0.009215438335265537,0.24316554886888375,synthetic_turbet2020_based
ROXs 12 b,0.8018967739986639,0.0822861547979075,0.02206073636406134,0.007698890411544453,0.08605744442782282,synthetic_turbet2020_based
bet UMi b,0.07091470540097927,0.699910246562087,0.04526234371209698,0.009102092203480797,0.17481061212135585,synthetic_turbet2020_based
HD 216536 b,0.06748850915789716,0.7319528210294938,0.014397460910721468,0.005305572579544867,0.1808556363223427,synthetic_turbet2020_based
HIP 65407 b,0.15237822945292478,0.5936996446046997,0.02359638408840589,0.007154390417462698,0.2231713514365069,synthetic_turbet2020_based
HD 12484 b,0.1491318162660341,0.6331570620662269,0.031137146591069274,0.007351659092101044,0.17922231598456873,synthetic_turbet2020_based
NGTS-1 b,0.11045555850517275,0.42750729909693536,0.03149818040764894,0.00751109997019453,0.4230278620200485,synthetic_turbet2020_based
K2-148 b,0.09487398614241002,0.45630045525437296,0.046473647766484764,0.008773746982715764,0.39357816385401656,synthetic_turbet2020_based
K2-158 b,0.14276513289369788,0.7146428614816305,0.04875221259097687,0.006123330826541568,0.08771646220715323,synthetic_turbet2020_based
HD 86081 b,0.08662725269005098,0.6555247962130486,0.04658374704401816,0.007211333812586321,0.20405287024029595,synthetic_turbet2020_based
HD 45652 b,0.05393605867241047,0.7668530415450063,0.04014701021015872,0.004616479120576583,0.13444741045184783,synthetic_turbet2020_based
WASP-62 b,0.19812378340235992,0.6886717331342188,0.04301764327342767,0.009488499033248533,0.060698341156744995,synthetic_turbet2020_based
TOI-1422 b,0.05593676970815992,0.7097679376146715,0.02545385741431208,0.008821675116088973,0.2000197601467676,synthetic_turbet2020_based
HIP 65426 b,0.18183437838998495,0.7314473882010771,0.04116802342611174,0.008148545511624396,0.037401664471201856,synthetic_turbet2020_based
K2-148 d,0.09448287510824113,0.5626112824505564,0.014602195628122438,0.008475323696754529,0.3198283231163255,synthetic_turbet2020_based
GJ 1265 b,0.1469009713736988,0.6450866860466474,0.019843121564261913,0.006535324756464311,0.18163389625892745,synthetic_turbet2020_based
HD 6061 b,0.11818275877717312,0.7981075226662467,0.044522730909497515,0.005733845937159015,0.03345314170992364,synthetic_turbet2020_based
FU Tau b,0.17126833509480133,0.46580200034333535,0.014056019965064063,0.006675857197078277,0.34219778739972095,synthetic_turbet2020_based
Kepler-19 c,0.1590178741908339,0.4212225757277872,0.018038534047912815,0.005835411792302264,0.3958856042411638,synthetic_turbet2020_based
Kepler-25 d,0.05942248993832372,0.56962113451348,0.029283191178332044,0.009296287589245084,0.3323768967806193,synthetic_turbet2020_based
HIP 8541 b,0.19470294891876422,0.13373369468700688,0.010300330348758976,0.01486432424174594,0.646398701803724,synthetic_turbet2020_based
K2-113 b,0.1626298998231737,0.5779687529864587,0.01794900170946261,0.009397249248898606,0.23205509623200649,synthetic_turbet2020_based
K2-152 b,0.3362614955316173,0.12287293826996962,0.02075829419573398,0.04397765930105184,0.47612961270162724,synthetic_turbet2020_based
K2-243 c,0.15386475016961304,0.7782180857049485,0.01304997752278561,0.007978701006268572,0.046888485596384255,synthetic_turbet2020_based
HD 13167 b,0.6229234247530693,0.04029957421229645,0.04002675072701304,0.007399089768273661,0.2893511605393476,synthetic_turbet2020_based
TOI-929 b,0.0503176734710365,0.4807771731402419,0.04114294706214245,0.002135327613532494,0.4256268787130466,synthetic_turbet2020_based
K2-162 b,0.09895683589394007,0.4735558027585292,0.014458181416425839,0.008529631707907104,0.4044995482231978,synthetic_turbet2020_based
KELT-3 b,0.05920126172777526,0.6144199793291697,0.03770682046836965,0.0015183119678894947,0.2871536265067959,synthetic_turbet2020_based
KELT-14 b,0.14501401559721722,0.5336262060964533,0.04334180895096381,0.008178936599961151,0.26983903275540455,synthetic_turbet2020_based
tau Cet h,0.16908575558249694,0.5594653936648234,0.04290192759001649,0.006669838036099232,0.2218770851265639,synthetic_turbet2020_based
K2-154 c,0.10680253479522865,0.4322679821821674,0.012672756507149505,0.0032626147099454397,0.44499411180550896,synthetic_turbet2020_based
K2-246 b,0.09493769667570012,0.7710113165788577,0.0499975221547604,0.002293064627051623,0.08176039996363027,synthetic_turbet2020_based
TOI-969 b,0.19141523599440807,0.6826160046741001,0.029944326734660985,0.009592179754140139,0.08643225284269063,synthetic_turbet2020_based
TOI-1291 b,0.1570539773481951,0.6374618088476305,0.01838107056079005,0.0031999955668371087,0.18390314767654714,synthetic_turbet2020_based
HD 220689 b,0.8734505208198737,0.02935349030751272,0.011292240571786318,0.0033960438809609124,0.08250770441986621,synthetic_turbet2020_based
GJ 163 b,0.12208335794183472,0.5527859042928633,0.047432119944402246,0.004767166399964514,0.2729314514209351,synthetic_turbet2020_based
WASP-104 b,0.18335790314972233,0.6378651735957083,0.030964986896474096,0.002441760693889538,0.14537017566420574,synthetic_turbet2020_based
HAT-P-53 b,0.0906547870670334,0.7468667107276111,0.04119828845931096,0.005026810280041732,0.11625340346600277,synthetic_turbet2020_based
HD 111591 b,0.18635332314024355,0.7276714812347416,0.014483373325160188,0.0064533744442207275,0.06503844785563406,synthetic_turbet2020_based
K2-155 b,0.16982648101112136,0.7233376511736698,0.013653647116405052,0.003021500525773253,0.09016072017303056,synthetic_turbet2020_based
HD 180053 b,0.11195589752133767,0.5006524377764773,0.014357525867919812,0.006659203866948655,0.36637493496731666,synthetic_turbet2020_based
TOI-1669 c,0.12612101773065948,0.46199590171942156,0.03345527985108307,0.0015581345806581783,0.3768696661181776,synthetic_turbet2020_based
K2-165 d,0.10745615889099665,0.7170071854161548,0.0456019854626081,0.0032071116951960165,0.12672755853504436,synthetic_turbet2020_based
HD 14067 b,0.1789263198483821,0.7567031120510381,0.034275292184157584,0.009839601078623021,0.02025567483779911,synthetic_turbet2020_based
K2-30 b,0.08692637335892103,0.42758969284091747,0.043737726075342265,0.0054183759327959885,0.4363278317920233,synthetic_turbet2020_based
YZ Cet d,0.10196808186527329,0.42209313259636044,0.01258497915284194,0.0018164480561370334,0.46153735832938736,synthetic_turbet2020_based
Kepler-90 i,0.07754637808334808,0.7881603696894224,0.021256165682486002,0.008353425704070381,0.10468366084067315,synthetic_turbet2020_based
HD 75784 c,0.6058241341198326,0.03896335549883807,0.04624769731944178,0.0026653670459333865,0.30629944601595416,synthetic_turbet2020_based
WASP-56 b,0.09260352806202143,0.7306059526852194,0.014855667458082906,0.0014786487169514578,0.1604562030777248,synthetic_turbet2020_based
WASP-135 b,0.19489651324808666,0.5619167034748704,0.03631485079112461,0.002144043202612163,0.2047278892833061,synthetic_turbet2020_based
CoRoT-32 b,0.0830266096800295,0.5839923032639696,0.03700612869715111,0.0036392312001393232,0.2923357271587105,synthetic_turbet2020_based
TOI-1054.01,0.18269506265600632,0.7124576014493017,0.03206231563434155,0.005132900650956829,0.06765211960939355,synthetic_turbet2020_based
Kepler-504 b,0.14293138141137635,0.6926652665788181,0.015398011811628795,0.00867377226304797,0.1403315679351288,synthetic_turbet2020_based
TOI-1691 b,0.12341041754866179,0.7741375959238207,0.048221695844564615,0.0012764513891627663,0.05295383929379016,synthetic_turbet2020_based
GJ 504 b,0.10767214636533455,0.6104893652985062,0.031583819525094835,0.008401540301623083,0.2418531285094414,synthetic_turbet2020_based
WASP-68 b,0.07116559811431528,0.6489930758779692,0.047703879513810506,0.009970220744238579,0.2221672257496664,synthetic_turbet2020_based
psi1 Dra B b,0.6030256622939231,0.0975310554608598,0.014888401111211844,0.00583255483947426,0.278722326294531,synthetic_turbet2020_based
K2-118 b,0.08695547139251596,0.6425564149576133,0.011481063668015908,0.0031449941260551454,0.2558620558557997,synthetic_turbet2020_based
GJ 3942 b,0.09508634497984586,0.7662428728318735,0.03334518187393849,0.007373887501237513,0.09795171281310466,synthetic_turbet2020_based
Kepler-1654 b,0.802804554995121,0.045305950293926464,0.010560842742483425,0.0019631868693958084,0.13936546509907322,synthetic_turbet2020_based
TOI-1695 b,0.11882127266055502,0.7765179115471601,0.019950312297341646,0.007284868476566086,0.07742563501837718,synthetic_turbet2020_based
Kepler-750 b,0.17398937646520357,0.762714113673104,0.02173945648030804,0.009381548571046786,0.032175504810337596,synthetic_turbet2020_based
WASP-78 b,0.14119733908072693,0.6033627136471096,0.041135705274435386,0.003148413520253187,0.21115582847747494,synthetic_turbet2020_based
HD 66141 b,0.17188703473114464,0.6599850777766947,0.04197464515381401,0.008701499755445133,0.11745174258290159,synthetic_turbet2020_based
HD 203030 b,0.14260211645356727,0.4146940432033877,0.02190990640526662,0.008902177704654277,0.41189175623312413,synthetic_turbet2020_based
WASP-88 b,0.14404347664410463,0.7560225450482309,0.025381140081971513,0.0055425471022659215,0.06901029112342705,synthetic_turbet2020_based
Wolf 1061 d,0.8587777326512742,0.07858282219825266,0.025100045251490753,0.001203672574373097,0.03633572732460921,synthetic_turbet2020_based
K2-130 b,0.18205093447365583,0.7145427385931278,0.02796643322865857,0.005916164384261676,0.06952372932029616,synthetic_turbet2020_based
K2-129 b,0.0806468025701082,0.5648404359343475,0.016527817080458154,0.0028951261623175236,0.3350898182527686,synthetic_turbet2020_based
HD 147379 b,0.3539108479970283,0.17249447555563385,0.042588932917054456,0.028955994561911134,0.4020497489683722,synthetic_turbet2020_based
HATS-42 b,0.06061666638586578,0.5446108754424805,0.016330938184440598,0.007242187731637084,0.3711993322555759,synthetic_turbet2020_based
WASP-144 b,0.18670910702262045,0.7052302256453375,0.04113750434584183,0.008756798920243898,0.05816636406595621,synthetic_turbet2020_based
HD 83443 c,0.8329993952345744,0.06117159271660227,0.0385710515784001,0.0047435927850639345,0.06251436768535923,synthetic_turbet2020_based
TOI-1347 c,0.06061819638481903,0.682231918137915,0.03886643856360573,0.003013503313861051,0.21526994359979923,synthetic_turbet2020_based
HD 108147 b,0.19309123457379584,0.4210045730557973,0.03943836193111534,0.00971630549764593,0.33674952494164556,synthetic_turbet2020_based
HATS-51 b,0.09637246665499707,0.7649861672433522,0.04305745012921877,0.007696985187441111,0.08788693078499077,synthetic_turbet2020_based
K2-233 b,0.19306873517117934,0.6616228299233609,0.029795226094629326,0.007081129196218591,0.10843207961461188,synthetic_turbet2020_based
Kepler-814 b,0.11177356888661563,0.5299548693651541,0.013289825001261097,0.004402077205693562,0.34057965954127567,synthetic_turbet2020_based
HD 18599 b,0.17047925877285286,0.778174315302619,0.04900606870292171,0.002858732838640135,-0.0005183756170337173,synthetic_turbet2020_based
Kepler-127 c,0.13571476429639306,0.6302992633470041,0.017041901782213476,0.006234653824924953,0.21070941674946442,synthetic_turbet2020_based
HIP 55507 b,0.7088288520953363,0.0948165792369539,0.020208088009028655,0.008514650759575144,0.16763182989910608,synthetic_turbet2020_based
NGC 2682 Sand 1429 b,0.18452834424690817,0.6943489022131464,0.018587091115578564,0.0033433216152982184,0.09919234080906869,synthetic_turbet2020_based
Kepler-955 b,0.19566767982046135,0.43033162644845757,0.014683436288165042,0.009807127609402208,0.3495101298335139,synthetic_turbet2020_based
Kepler-962 b,0.16653421612860803,0.6985535404240844,0.016408310445828016,0.005400449483737772,0.1131034835177418,synthetic_turbet2020_based
TOI-5678 b,0.17611439037268428,0.5315482804836891,0.01771060529657642,0.0010985078599131972,0.27352821598713706,synthetic_turbet2020_based
HD 155918 c,0.7867627454582283,0.03644292792536151,0.04454689707514163,0.0035516627808358627,0.1286957667604327,synthetic_turbet2020_based
TOI-6034 b,0.0727363718276755,0.7841790048017273,0.048591080490180384,0.0071652144551746615,0.08732832842524207,synthetic_turbet2020_based
HD 101581 b,0.18925785538944068,0.46473343249951315,0.02841363439881177,0.002837430018678503,0.31475764769355596,synthetic_turbet2020_based
Kepler-922 b,0.12181748872925438,0.7164711994987223,0.04379711388000254,0.0010374795484093,0.11687671834361157,synthetic_turbet2020_based
Barnard c,0.10842550950497937,0.7976274748449903,0.033572598472601405,0.003665763367281567,0.05670865381014745,synthetic_turbet2020_based
Kepler-911 b,0.10834913900626444,0.5290254986535172,0.02790393720121738,0.00500037970232472,0.32972104543667624,synthetic_turbet2020_based
HD 16905 b,0.752058991559239,0.0518055406473091,0.030644547398259364,0.001251900552926647,0.16423901984226574,synthetic_turbet2020_based
HD 184010 b,0.058164034471586495,0.5484575892831911,0.045397662569678726,0.008117490730614258,0.33986322294492943,synthetic_turbet2020_based
TOI-6041 b,0.06652304628673458,0.5979323834973392,0.03418349083912625,0.005330703185515808,0.29603037619128425,synthetic_turbet2020_based
TOI-6281 b,0.15463499554685917,0.7989052632358085,0.013858965197486852,0.00563980628311302,0.026960969736732565,synthetic_turbet2020_based
TOI-4600 c,0.753711438888766,0.06061409179576141,0.016678698239318307,0.006745220118902972,0.16225055095725127,synthetic_turbet2020_based
Barnard b,0.05665113838831645,0.6964493947727287,0.03652638102560449,0.003973813015713968,0.20639927279763637,synthetic_turbet2020_based
Barnard e,0.39669680833001486,0.2657556765342356,0.03158142540176093,0.04962041639742427,0.25634567333656433,synthetic_turbet2020_based
HD 224018 c,0.17451359655924203,0.4551909120546459,0.03364242416757708,0.006227718730146547,0.33042534848838845,synthetic_turbet2020_based
Kepler-1012 b,0.14794177575792497,0.7763026366309715,0.029681276532233715,0.0016964331731543375,0.044377877905715346,synthetic_turbet2020_based
Kepler-1754 b,0.12189970407880245,0.7151177547660572,0.024344350991742005,0.0012439441532884766,0.13739424601010986,synthetic_turbet2020_based
LHS 1678 d,0.09548648328599643,0.6728599778811848,0.013440377123435262,0.0043836832782032376,0.21382947843118028,synthetic_turbet2020_based
HD 18143 c,0.6399392505002506,0.05283357325580703,0.01566053967088351,0.0019813327750873933,0.2895853037979714,synthetic_turbet2020_based
Kepler-935 b,0.15466981878927544,0.46320063545480433,0.0161918317833531,0.006332672579194999,0.359605041393372,synthetic_turbet2020_based
ZTF J1230-2655 b,0.05653907173487728,0.41319705152007713,0.027257850757884262,0.004285859349021034,0.49872016663814034,synthetic_turbet2020_based
TIC 270471727 b,0.13169291032482433,0.7973938469160994,0.027388259841031673,0.006184525397114723,0.03734045752092996,synthetic_turbet2020_based
Kepler-1014 b,0.187886543926854,0.5932716412085535,0.04124482102288551,0.005937872823484589,0.17165912101822245,synthetic_turbet2020_based
Kepler-1044 b,0.14558108717354817,0.7730009761108683,0.010028150732707521,0.009108459003267781,0.06228132697960831,synthetic_turbet2020_based
Kepler-66 b,0.12465380294855584,0.6427057476966217,0.028002318878500458,0.0033482676641709125,0.201289862812151,synthetic_turbet2020_based
Kepler-857 b,0.059901078517538474,0.7780502837933079,0.03495504825098944,0.008861236637156295,0.11823235280100786,synthetic_turbet2020_based
TOI-6080 b,0.09362124245823197,0.5111995796795151,0.02343137778829158,0.00307934406045467,0.3686684560135066,synthetic_turbet2020_based
Wolf 1069 b,0.24939121401538952,0.2872483094322402,0.045042506865199276,0.029804018158479585,0.3885139515286914,synthetic_turbet2020_based
TOI-6330 b,0.10231436987390374,0.6446751211054234,0.03449032533916169,0.007153876801036134,0.21136630688047497,synthetic_turbet2020_based
ITG 15 b,0.13034000387471822,0.41070210408268104,0.013041860693891736,0.009763974868643544,0.4361520564800655,synthetic_turbet2020_based
WISPIT 2 b,0.8238705885399562,0.09534222087420002,0.023581024040732132,0.005814544764819647,0.051391621780291885,synthetic_turbet2020_based
NGTS-38 b,0.09829278786299742,0.7635740187129151,0.021509335326643734,0.007244301734843376,0.10937955636260033,synthetic_turbet2020_based
TOI-5210 b,0.0762583362336699,0.4421005804306691,0.01622538257225365,0.005765097399545387,0.459650603363862,synthetic_turbet2020_based
TOI-5726.01,0.17668115607637952,0.7997118900691624,0.034907321753111224,0.0058024317866244976,-0.017102799685277725,synthetic_turbet2020_based
HD 194490 b,0.8360647771395517,0.015736978229910294,0.042375889413837596,0.007825415868926445,0.09799693934777387,synthetic_turbet2020_based
HD 190228 b,0.2588624578314864,0.10459739514928001,0.018087879220986567,0.02478850397617246,0.5936637638220745,synthetic_turbet2020_based
HD 206893 b,0.1911833338893419,0.6553955296760191,0.03040370452995307,0.005395837783652333,0.11762159412103346,synthetic_turbet2020_based
HD 112570 b,0.16699635974287247,0.5294520955858434,0.01378099215140573,0.007093389770107935,0.2826771627497705,synthetic_turbet2020_based
HD 154391 b,0.1987048023711733,0.1651185673963513,0.028188609443765188,0.019709360869413946,0.5882786599192963,synthetic_turbet2020_based
G 196-3 b,0.18825537947106907,0.7387881688689991,0.049643533238922455,0.009680939163375965,0.013631979257633375,synthetic_turbet2020_based
Kepler-1026 b,0.09716830178203265,0.5522391834723142,0.03793031961200292,0.0011426131229790863,0.3115195820106712,synthetic_turbet2020_based
G 261-6 b,0.39816666561663583,0.1021686164132233,0.03125943700409245,0.036748012485214816,0.4316572684808335,synthetic_turbet2020_based
TOI-5789 d,0.1871219461932705,0.657654528311244,0.033878751988136044,0.0037032336923527656,0.11764153981499659,synthetic_turbet2020_based
TOI-5789 b,0.13863820924430548,0.6998806051969098,0.03062366715820703,0.008016717684584122,0.12284080071599357,synthetic_turbet2020_based
NGTS-39 b,0.06044195703112772,0.5341509803998379,0.04839255736256159,0.003910999717590652,0.35310350548888214,synthetic_turbet2020_based
Gliese 48 b,0.28655659054467575,0.20397695153336334,0.04746496053290859,0.01651087505624209,0.4454906223328102,synthetic_turbet2020_based
Kepler-993 b,0.0949082149264639,0.7449509221723445,0.036648101790927944,0.005887444246021448,0.11760531686424214,synthetic_turbet2020_based
Kepler-80 d,0.10923505879867829,0.5645261732082041,0.04739690731058006,0.0070396804408043075,0.2718021802417332,synthetic_turbet2020_based
K2-411 b,0.18936475796227054,0.7888744435151973,0.0318803202441278,0.006489000507081813,-0.01660852222867759,synthetic_turbet2020_based
HD 169142 b,0.79690947872132,0.0855252102591867,0.03636286850425205,0.002031826799641872,0.07917061571559936,synthetic_turbet2020_based
TOI-6383 A b,0.19136451643312496,0.6643737433814534,0.04479669087158168,0.004822639712037714,0.09464240960180226,synthetic_turbet2020_based
TIC 139270665 b,0.12120745368359262,0.6755425410890135,0.04105615945328194,0.0017061283898384477,0.1604877173842736,synthetic_turbet2020_based
TOI-7149 b,0.11110142502890666,0.7079425521175357,0.049689437205852435,0.0011047820607662797,0.13016180358693907,synthetic_turbet2020_based
Kepler-348 b,0.08972123411626025,0.5859394327615228,0.01891766807073117,0.001242299787018878,0.304179365264467,synthetic_turbet2020_based
TOI-5789 e,0.13093145361580122,0.6597594436158658,0.02664248243992453,0.004328902717195054,0.1783377176112133,synthetic_turbet2020_based
Kepler-332 b,0.19784158402692276,0.5910114092880678,0.04192277812966754,0.003584567549762219,0.1656396610055797,synthetic_turbet2020_based
TOI-5238 b,0.17452823796077482,0.7294798756799588,0.02070808485772093,0.006902694569275349,0.06838110693227006,synthetic_turbet2020_based
Kepler-914 b,0.15230224650310265,0.5770462115774871,0.04095120251509755,0.0037619673507729035,0.22593837205353973,synthetic_turbet2020_based
K2-413 c,0.12264077586764237,0.7960606823319162,0.017147026866119974,0.0023300444981552426,0.06182147043616626,synthetic_turbet2020_based
TOI-6086 b,0.07132980310953455,0.7992437087338288,0.016396531063743808,0.002712153131487466,0.11031780396140545,synthetic_turbet2020_based
Kepler-314 c,0.1542179878111134,0.7037986499219566,0.03108245221864652,0.009844022072508566,0.10105688797577494,synthetic_turbet2020_based
HIP 29442 c,0.05583633204818656,0.6483283476195132,0.034258772776064685,0.0038912030855776767,0.25768534447065783,synthetic_turbet2020_based
HD 63433 d,0.1849160705116772,0.6211526824420348,0.019853610726328588,0.001795226645806681,0.17228240967415265,synthetic_turbet2020_based
Kepler-317 b,0.06606783403072641,0.7589316985080079,0.020012350493536647,0.009163047714505688,0.14582506925322336,synthetic_turbet2020_based
TOI-7384 b,0.06801768631984877,0.7935741028039818,0.043333962834492375,0.00204605867437313,0.09302818936730395,synthetic_turbet2020_based
Kepler-1768 b,0.06290847542245111,0.7213748729686067,0.01312265021158714,0.0033596288710728383,0.19923437252628218,synthetic_turbet2020_based
Kepler-981 b,0.1701874713900156,0.7630320049393298,0.04070608233034748,0.009009035386775832,0.017065405953531343,synthetic_turbet2020_based
Kepler-1043 b,0.1339832469556141,0.7118444648198033,0.023767453139576962,0.00806692662096414,0.12233790846404158,synthetic_turbet2020_based
TOI-5777 b,0.15196113611367307,0.629932025463624,0.04969205282729,0.005228015723873571,0.16318676987153946,synthetic_turbet2020_based
HIP 113103 b,0.14288708563558275,0.6039622747455389,0.020420453583038324,0.00397328932870053,0.2287568967071395,synthetic_turbet2020_based
UCAC3 113-933 b,0.8936357303867823,0.045289941221323626,0.037176250697469805,0.0061038753730184294,0.017794202321405828,synthetic_turbet2020_based
HD 73344 c,0.18347079077142708,0.703076031225202,0.013226056239994288,0.004198976842948695,0.096028144920428,synthetic_turbet2020_based
Kepler-62 e,0.3135740628273427,0.13227136160234013,0.030137567262390794,0.02271076193315471,0.5013062463747717,synthetic_turbet2020_based
HD 105618 c,0.6194262689380509,0.09974314790547617,0.04717458398036586,0.0077277353887749345,0.22592826378733222,synthetic_turbet2020_based
HIP 113103 c,0.0801538752880019,0.7954104774357881,0.03523169131864085,0.009694678940805647,0.07950927701676347,synthetic_turbet2020_based
Kepler-1053 b,0.05638683609378042,0.4693882869340684,0.03708987540846318,0.009164617400311062,0.42797038416337696,synthetic_turbet2020_based
Kepler-102 d,0.07636733191892155,0.52683929585005,0.0335270932603436,0.009996949181406083,0.35326932978927883,synthetic_turbet2020_based
GJ 887 d,0.839899526034924,0.09312065010846021,0.0370005013839097,0.00889634143599987,0.02108298103670625,synthetic_turbet2020_based
Kepler-347 b,0.12605675484755852,0.4496634539768769,0.03838229676925985,0.006413274301599063,0.3794842201047056,synthetic_turbet2020_based
HD 11112 b,0.7456050192344577,0.03474918239659958,0.0413681204876943,0.008383690732748389,0.16989398714850001,synthetic_turbet2020_based
Kepler-485 b,0.10462784411526477,0.7711066238378237,0.02478966777474441,0.001968062453315042,0.09750780181885199,synthetic_turbet2020_based
TIC 393818343 b,0.07497925512658687,0.5978061881635669,0.013194519734045475,0.007465712896120065,0.30655432407968064,synthetic_turbet2020_based
Kepler-1032 b,0.1692643782946764,0.6197873330781246,0.04573393811920837,0.009588578200716267,0.15562577230727437,synthetic_turbet2020_based
HD 284149 AB b,0.11713716315659872,0.43565086728924074,0.01925056438568294,0.006918544393421419,0.42104286077505615,synthetic_turbet2020_based
WASP-132 d,0.7217353149149406,0.07165084547346799,0.03666940744611156,0.006448313229505424,0.16349611893597438,synthetic_turbet2020_based
K2-157 c,0.07367488503484759,0.5143661184228492,0.02511446506183249,0.008419761909384304,0.3784247695710864,synthetic_turbet2020_based
HD 113337 c,0.8046668510290399,0.06804408394024743,0.03688549378843891,0.005528818733062567,0.08487475250921128,synthetic_turbet2020_based
HD 94771 b,0.611889514640419,0.028100861874906555,0.015612086232016053,0.001575969979543396,0.3428215672731151,synthetic_turbet2020_based
TOI-6695 b,0.09792149719749477,0.7150920766785394,0.014605272145752175,0.0020028026537372966,0.17037835132447643,synthetic_turbet2020_based
DMPP-2 d,0.06863960287872761,0.5079286765025766,0.018088285521904945,0.001125650048262345,0.40421778504852846,synthetic_turbet2020_based
Kepler-335 b,0.0914753470376532,0.7985177858624469,0.023459457714237155,0.0029013312877644044,0.08364607809789837,synthetic_turbet2020_based
Kepler-1023 b,0.1243570894238258,0.49174738569979076,0.03238580805282852,0.004605902617607471,0.3469038142059474,synthetic_turbet2020_based
TOI-5592 b,0.18452619774191742,0.7711677048853003,0.03852245032106586,0.0029412482296621275,0.0028423988220542817,synthetic_turbet2020_based
HD 122562 c,0.12108478218101726,0.522169266816299,0.04193109876439492,0.001262566982383329,0.3135522852559054,synthetic_turbet2020_based
HD 115404 A c,0.7987475083034485,0.03909041435297148,0.02924018329793527,0.003906954741601594,0.12901493930404306,synthetic_turbet2020_based
GJ 1002 c,0.7094370081775092,0.07069263749135624,0.033819773337190016,0.0031968032112535284,0.18285377778269107,synthetic_turbet2020_based
Kepler-932 b,0.056545644222144094,0.7424087239412283,0.029692267264941216,0.00656857201824265,0.1647847925534437,synthetic_turbet2020_based
TOI-6707 b,0.12327489086959367,0.647576082773224,0.03507889887194292,0.0011353648307896368,0.19293476265444975,synthetic_turbet2020_based
Kepler-139 e,0.7599777349798825,0.055189717201365986,0.013832700651562257,0.007712936748966752,0.1632869104182224,synthetic_turbet2020_based
Kepler-328 c,0.08537890543156615,0.4218101391015939,0.04212635896333637,0.00878618576181048,0.4418984107416931,synthetic_turbet2020_based
TOI-7510 d,0.08610421344725397,0.6750182067801431,0.010198026962499874,0.007490349625440744,0.2211892031846624,synthetic_turbet2020_based
Kepler-138 d,0.23944613303219311,0.2584966212936599,0.02572135890663707,0.024043029100831267,0.4522928576666787,synthetic_turbet2020_based
Kepler-1779 b,0.17611773127062064,0.4154586791660664,0.017486599475056677,0.004709159819988272,0.386227830268268,synthetic_turbet2020_based
Kepler-973 b,0.13945072420871607,0.40204500524681613,0.03300590778669498,0.004406432856704204,0.4210919299010686,synthetic_turbet2020_based
TOI-5595 b,0.14450030655499452,0.7627895358356918,0.027634880465064002,0.0059912077896961445,0.05908406935455346,synthetic_turbet2020_based
HD 203387 b,0.11941848777392859,0.4474088012846427,0.041724519509884817,0.00896676148516412,0.3824814299463799,synthetic_turbet2020_based
TOI-6016 b,0.17171998719252196,0.77903862974083,0.028721140711875377,0.006870895799524651,0.013649346555248076,synthetic_turbet2020_based
HIP 99770 b,0.6505024814964323,0.09791273090622349,0.033222161994958775,0.0033549679729079165,0.2150076576294776,synthetic_turbet2020_based
Kepler-1772 b,0.1708061417553324,0.634596446883426,0.047986999278752974,0.007929796411437805,0.13868061567105094,synthetic_turbet2020_based
GJ 2126 b,0.8631794469633591,0.059198500798780154,0.030692337013817884,0.007815938240896044,0.039113776983146775,synthetic_turbet2020_based
TOI-5616 b,0.06575209632430329,0.42161263659342507,0.04934808984285429,0.009246659758360982,0.45404051748105634,synthetic_turbet2020_based
Kepler-408 b,0.19334914118673602,0.42494562539855835,0.020772056476401957,0.009113881412746164,0.3518192955255576,synthetic_turbet2020_based
Gaia23braL b,0.6268438730628397,0.05062910608975581,0.023651654124471004,0.008918654306505427,0.28995671241642806,synthetic_turbet2020_based
Kepler-10 d,0.12771141985057213,0.5161496728827616,0.030972047031520344,0.0020120158505095133,0.3231548443846365,synthetic_turbet2020_based
GJ 3988 b,0.31936081976693925,0.22366751089198206,0.03402835124243741,0.02751377412033637,0.3954295439783049,synthetic_turbet2020_based
TOI-1408 c,0.09413662296409862,0.4261522610938086,0.047881300165122154,0.0047489852940301135,0.42708083048294054,synthetic_turbet2020_based
HD 68475 b,0.7487765111846658,0.043819007931379134,0.049515094026947114,0.008165548095568296,0.1497238387614397,synthetic_turbet2020_based
HD 48265 c,0.6287280674344107,0.06473575582365365,0.029385382946097487,0.008140168316976767,0.26901062547886145,synthetic_turbet2020_based
Kepler-958 b,0.19959740182352803,0.6977226962409648,0.044597152832199734,0.005523719521202336,0.05255902958210501,synthetic_turbet2020_based
TOI-5624 d,0.10603969855414454,0.6573118726021457,0.03997673654944389,0.0030478053988362746,0.19362388689542953,synthetic_turbet2020_based
KOI-351 d,0.12550812197896727,0.4455163947163461,0.018654112531169376,0.008936730011289074,0.40138464076222824,synthetic_turbet2020_based
Kepler-20 e,0.07170979739460895,0.7245393007208849,0.02490382973012162,0.006971692379894193,0.1718753797744904,synthetic_turbet2020_based
nu Oct A b,0.18654895574636082,0.7123594720331033,0.04303764479193828,0.003350341630930087,0.05470358579766754,synthetic_turbet2020_based
TOI-1288 c,0.708502381088115,0.0759512818485693,0.04108938346485143,0.008110470408407906,0.1663464831900563,synthetic_turbet2020_based
Kepler-104 c,0.16101619721064325,0.49264904449701796,0.02156346560623712,0.009478369068076503,0.3152929236180252,synthetic_turbet2020_based
Kepler-507 b,0.13307905726179914,0.7017801605109493,0.03396782718237686,0.009320516787221362,0.12185243825765335,synthetic_turbet2020_based
HN Lib b,0.8606345454288951,0.03352373122200616,0.045388378878235554,0.003700354229022818,0.05675299024184044,synthetic_turbet2020_based
Kepler-49 d,0.11614706771459926,0.7404934312475613,0.022960763013560283,0.0036169472636874956,0.1167817907605917,synthetic_turbet2020_based
HIP 10090 b,0.800597054818776,0.09997087261725784,0.015242279243657926,0.007309545818677328,0.0768802475016308,synthetic_turbet2020_based
Kepler-346 b,0.12904330818578275,0.5642469961234814,0.039994349988312645,0.0059935269646864825,0.2607218187377367,synthetic_turbet2020_based
Kepler-265 d,0.16967167220620943,0.6975415778996332,0.04940475935738513,0.008297792636770416,0.07508419790000176,synthetic_turbet2020_based
Kepler-399 b,0.060019969614289535,0.7118317182176502,0.03598812880831804,0.0018081131520425065,0.19035207020769962,synthetic_turbet2020_based
Kepler-110 c,0.14082338427771407,0.7003214402270158,0.017887780529775556,0.004914204831762191,0.1360531901337323,synthetic_turbet2020_based
Kepler-1248 b,0.13137294323658621,0.5652610874383359,0.04504019211805097,0.0025201288488120657,0.25580564835821484,synthetic_turbet2020_based
Kepler-1269 b,0.16573333288352826,0.7112364770152264,0.027921198435706368,0.005855301927108818,0.08925368973843018,synthetic_turbet2020_based
Kepler-1314 b,0.07303436739694288,0.47806302884826163,0.031266592484084706,0.0030221270464014247,0.41461388422430934,synthetic_turbet2020_based
Kepler-1870 b,0.17096980769428843,0.6464872333528098,0.012263147136176133,0.004220890015044776,0.1660589218016808,synthetic_turbet2020_based
Kepler-236 b,0.17876388970523666,0.5109776192134483,0.038788715549966914,0.0018442012419643294,0.26962557428938383,synthetic_turbet2020_based
Kepler-125 c,0.18958004809240625,0.5797382725335175,0.029662625423669972,0.006128471181062527,0.1948905827693438,synthetic_turbet2020_based
Kepler-304 d,0.10451485094001876,0.6901141204807046,0.010583342628252437,0.0024598384088038985,0.1923278475422202,synthetic_turbet2020_based
Kepler-326 d,0.07832313764151905,0.6541360735731188,0.045624032583018476,0.0015727576733319992,0.22034399852901176,synthetic_turbet2020_based
Kepler-126 c,0.1778687899958678,0.7278054383010121,0.0130650264864792,0.0022890558140102697,0.07897168940263055,synthetic_turbet2020_based
Kepler-400 c,0.10250679863457289,0.4458678457420381,0.04033144540401934,0.005536623823880391,0.40575728639548925,synthetic_turbet2020_based
Kepler-1089 b,0.11161469124297806,0.6899790501039166,0.021715814922570655,0.008843782736031945,0.16784666099450274,synthetic_turbet2020_based
Kepler-102 f,0.14809501080212129,0.5386021248180901,0.0315949076128612,0.0033350362848495255,0.27837292048207785,synthetic_turbet2020_based
Kepler-1223 b,0.19774711111425025,0.5742417306569514,0.045870966107415034,0.009802184115472061,0.17233800800591126,synthetic_turbet2020_based
Kepler-1853 b,0.13036886899608496,0.6919982280388062,0.03288987147764833,0.001824108695026496,0.14291892279243412,synthetic_turbet2020_based
Kepler-512 b,0.19286270789260312,0.5826545804061058,0.045762524942461184,0.0069004481134470564,0.1718197386453829,synthetic_turbet2020_based
Kepler-369 b,0.06577863365511785,0.5668211883865253,0.01783392618783279,0.002528738780388039,0.3470375129901361,synthetic_turbet2020_based
Kepler-305 c,0.15726331155250914,0.41200799492858464,0.04864562275575917,0.0050493103835147594,0.3770337603796323,synthetic_turbet2020_based
Kepler-975 c,0.12346365215880979,0.5197715583884619,0.013424642912497125,0.006294184105253544,0.33704596243497764,synthetic_turbet2020_based
Kepler-22 b,0.20342634955162842,0.22481452320888337,0.03223079231229415,0.01867643387237579,0.5208519010548183,synthetic_turbet2020_based
Kepler-1995 b,0.11924808836114428,0.5232252037558341,0.019588963249046583,0.00792733923367212,0.3300104054003028,synthetic_turbet2020_based
Kepler-1227 b,0.05178598879988125,0.50755314345005,0.03124342734687951,0.005285313895874121,0.4041321265073151,synthetic_turbet2020_based
Kepler-1272 b,0.1910247990379343,0.7374629925028977,0.040064105087530305,0.005626703199433235,0.025821400172204356,synthetic_turbet2020_based
Kepler-201 c,0.11433600985761987,0.41462782743151827,0.04286672998555276,0.004876416137459009,0.4232930165878501,synthetic_turbet2020_based
Kepler-215 c,0.09814510875839842,0.6426537519777127,0.04016551275598971,0.0057074618847946235,0.21332816462310455,synthetic_turbet2020_based
Kepler-267 c,0.07243747632130876,0.7686585882816179,0.014513979597055186,0.009726144683470696,0.13466381111654757,synthetic_turbet2020_based
Kepler-373 c,0.11637156528959965,0.7786492776905098,0.04658599038951704,0.004656405389412373,0.05373676124096105,synthetic_turbet2020_based
Kepler-54 d,0.3400075871576202,0.11795450636535312,0.013309370770872003,0.024238264148854247,0.5044902715573003,synthetic_turbet2020_based
Kepler-329 b,0.1414677650214753,0.403728427927794,0.030607005000390056,0.00978082213373686,0.41441597991660384,synthetic_turbet2020_based
Kepler-279 d,0.17876681429002939,0.4929882479008997,0.031122750477202997,0.0025426789220501025,0.29457950840981784,synthetic_turbet2020_based
HD 219134 c,0.08948902210444984,0.7692003353909099,0.049911125390440556,0.003183048893060621,0.08821646822113904,synthetic_turbet2020_based
Kepler-1198 b,0.08181018095118016,0.5535437297366297,0.027834256894081803,0.0018032380086779932,0.3350085944094303,synthetic_turbet2020_based
Kepler-161 c,0.07215629959060911,0.5699309069694445,0.01941682272265933,0.008604412925305577,0.32989155779198154,synthetic_turbet2020_based
Kepler-1294 b,0.16273198432142189,0.6145353723522908,0.027305172762736057,0.008478890228925923,0.18694858033462536,synthetic_turbet2020_based
Kepler-1319 b,0.07489930153609343,0.754955143546973,0.011963095334742584,0.009310550156099464,0.1488719094260914,synthetic_turbet2020_based
Kepler-275 d,0.07082150785467319,0.7248396176148676,0.010721803135771216,0.008335703533675808,0.18528136786101213,synthetic_turbet2020_based
Kepler-374 b,0.13761061597098279,0.4076137003701985,0.04096839038096987,0.0019140157094273678,0.4118932775684214,synthetic_turbet2020_based
Kepler-306 d,0.13098581388543473,0.5328015761748638,0.04036673045191955,0.008678994145053853,0.28716688534272805,synthetic_turbet2020_based
Kepler-305 e,0.1196415051504333,0.7031760854227834,0.04666499729748199,0.007202804837268833,0.12331460729203247,synthetic_turbet2020_based
Kepler-11 f,0.09829857291412278,0.5853248318222805,0.019199909605358667,0.005125675056482882,0.2920510106017552,synthetic_turbet2020_based
Kepler-276 d,0.08688357185862469,0.7228998899429836,0.03439669709055234,0.0066992138714752,0.1491206272363641,synthetic_turbet2020_based
Kepler-36 c,0.06653949327062712,0.4005841230194608,0.041567465395902115,0.005880757741554481,0.4854281605724555,synthetic_turbet2020_based
Kepler-1251 b,0.18973300622622274,0.6148956955958435,0.01858714097258553,0.00728628926730703,0.16949786793804134,synthetic_turbet2020_based
Kepler-1843 b,0.1551474470469134,0.42621304166422025,0.03774603589284189,0.002912754002719781,0.37798072139330474,synthetic_turbet2020_based
Kepler-1857 b,0.08817809236787888,0.4125658785023123,0.03509488891091467,0.007585564541189571,0.45657557567770457,synthetic_turbet2020_based
Kepler-190 c,0.08457374947257548,0.7170155728612305,0.040481251445626316,0.004687895873525056,0.1532415303470427,synthetic_turbet2020_based
Kepler-123 c,0.06023377433084211,0.5120741309890712,0.016617165957163928,0.009629364134144638,0.4014455645887782,synthetic_turbet2020_based
Kepler-380 c,0.17266163962694192,0.4313505885696842,0.03053840116971026,0.0034019769661815685,0.36204739366748195,synthetic_turbet2020_based
Kepler-283 c,0.6096353929521626,0.039007114380025326,0.015103411752559723,0.0030045881888196894,0.3332494927264327,synthetic_turbet2020_based
KELT-6 c,0.6979621385785557,0.04680014051330531,0.028737698127732483,0.005681775442297505,0.22081824733810895,synthetic_turbet2020_based
Kepler-85 b,0.1055001146664969,0.5993398363836908,0.026714338376744813,0.009679950798372586,0.25876575977469485,synthetic_turbet2020_based
Kepler-799 c,0.06014613058933033,0.6343805361794198,0.01774588685522316,0.004378940679291512,0.2833485056967351,synthetic_turbet2020_based
Kepler-1884 b,0.13196987148303713,0.7039237789690753,0.04910924447154704,0.005442594968386333,0.10955451010795425,synthetic_turbet2020_based
Kepler-381 b,0.08854686739565423,0.7166300872534705,0.018862897993894928,0.005570566049959918,0.17038958130702042,synthetic_turbet2020_based
Kepler-84 d,0.17700669464743446,0.5615194035843076,0.03227911066533899,0.0020759501716637067,0.22711884093125523,synthetic_turbet2020_based
Kepler-334 b,0.05839516602093916,0.7945129882932881,0.017155827684317736,0.004019941332597236,0.12591607666885773,synthetic_turbet2020_based
Kepler-285 c,0.12570273307612756,0.5497886432789635,0.013893562400966744,0.002772227115084727,0.3078428341288575,synthetic_turbet2020_based
Kepler-1232 b,0.1240171501854964,0.5755206303248358,0.041927753751023165,0.0038060916152796585,0.2547283741233649,synthetic_turbet2020_based
Kepler-1858 b,0.38209453606804045,0.1565620714300344,0.02325194631085219,0.04797253316998668,0.39011891302108626,synthetic_turbet2020_based
Kepler-204 c,0.1760725066492203,0.5267871863533207,0.02581138764404675,0.008580342477871596,0.26274857687554054,synthetic_turbet2020_based
Kepler-515 b,0.06291341513207624,0.5178705244228403,0.03126224391450162,0.008460137592030695,0.3794936789385511,synthetic_turbet2020_based
Kepler-221 e,0.13469250110298092,0.5959115388989529,0.048484702746126575,0.0020476935473583233,0.21886356370458127,synthetic_turbet2020_based
Kepler-1877 b,0.16700988885229584,0.4508139430101308,0.03931309758815728,0.005887806567064495,0.33697526398235167,synthetic_turbet2020_based
Kepler-350 d,0.08969693161558662,0.6173348348967024,0.045176643482118355,0.005249653048510982,0.2425419369570817,synthetic_turbet2020_based
Kepler-58 e,0.05098678487941846,0.42264224322650024,0.035305479097851665,0.007101384057286774,0.4839641087389429,synthetic_turbet2020_based
Kepler-1679 b,0.11026623316440883,0.49711215485587323,0.03863866352942695,0.003737450570859544,0.3502454978794315,synthetic_turbet2020_based
Kepler-58 c,0.06110173787564544,0.5638442158015012,0.03156554380634204,0.00969065917599352,0.33379784334051776,synthetic_turbet2020_based
Kepler-1844 b,0.1388332569250511,0.48332805845196036,0.04328774339957554,0.003623337926245361,0.33092760329716764,synthetic_turbet2020_based
Kepler-1278 b,0.1938917275362163,0.5301249066697591,0.04638071821830542,0.008910585713583243,0.22069206186213586,synthetic_turbet2020_based
Kepler-1864 b,0.17959891213245593,0.41575411214369884,0.043994798737911615,0.007491701070565452,0.35316047591536825,synthetic_turbet2020_based
Kepler-1324 b,0.10014474145992741,0.5960393706222911,0.035596601607088336,0.009491832804302717,0.25872745350639037,synthetic_turbet2020_based
Kepler-462 c,0.1670126731605105,0.5714002969180699,0.035816828257383054,0.002672837878994244,0.2230973637850423,synthetic_turbet2020_based
Kepler-226 d,0.11359135935993483,0.7165205333209933,0.034263588579831666,0.008049242329040716,0.1275752764101995,synthetic_turbet2020_based
Kepler-221 b,0.12647251032083345,0.552057373717932,0.03970161512351785,0.0018437937263196431,0.27992470711139705,synthetic_turbet2020_based
Kepler-245 c,0.19679102513445185,0.7793495096016136,0.04521474424811457,0.008958502889646811,-0.03031378187382683,synthetic_turbet2020_based
Kepler-352 b,0.12665841807521389,0.5991782881815487,0.042803286859330145,0.0035493086098072487,0.22781069827410005,synthetic_turbet2020_based
Kepler-382 c,0.17748706691089783,0.4803520847615135,0.045164290843117245,0.0058697669780708684,0.29112679050640056,synthetic_turbet2020_based
Kepler-336 b,0.1764816541487606,0.5972571134275968,0.034337287442460396,0.009341075171566682,0.18258286980961558,synthetic_turbet2020_based
HD 11755 b,0.11273183784621486,0.4881145552162587,0.013639213538535548,0.00630981157290594,0.37920458182608496,synthetic_turbet2020_based
Kepler-385 c,0.1416627680510018,0.6482820437364649,0.011486644830324213,0.0012467393821485838,0.19732180400006039,synthetic_turbet2020_based
Kepler-267 d,0.36862510601587817,0.23910039664507302,0.01453268831946554,0.012985471749650519,0.36475633726993284,synthetic_turbet2020_based
Kepler-384 c,0.07427855211371472,0.7227675920243627,0.0389234411097444,0.00674787870092294,0.1572825360512552,synthetic_turbet2020_based
Kepler-299 e,0.1461186180660412,0.7435495466326972,0.023338349534525134,0.003900070187023455,0.08309341557971295,synthetic_turbet2020_based
8 UMi b,0.11381402445079176,0.7958704048371255,0.03219595770410008,0.005922110215421917,0.052197502792560746,synthetic_turbet2020_based
Kepler-1104 b,0.17143906796014075,0.47122579976543766,0.026216040327340942,0.006772261655730141,0.3243468302913505,synthetic_turbet2020_based
Kepler-1987 e,0.1982025152630515,0.46178783867923157,0.028081071209070482,0.009150236218944008,0.3027783386297025,synthetic_turbet2020_based
Kepler-1830 b,0.1588296602593171,0.6455120948779651,0.02028433452065398,0.002684896607728842,0.17268901373433487,synthetic_turbet2020_based
Kepler-182 b,0.1061318440297452,0.5020431625434633,0.0423390359543872,0.00748633085013873,0.3419996266222657,synthetic_turbet2020_based
Kepler-1688 b,0.17527971813265064,0.4684329242817999,0.022398774334788485,0.007916963166772128,0.32597162008398883,synthetic_turbet2020_based
Kepler-385 b,0.07453226248416998,0.45824202284888704,0.025322355221511224,0.002677931991560511,0.43922542745387116,synthetic_turbet2020_based
Kepler-55 f,0.06183539870588063,0.5251098098219971,0.04502398060159323,0.001508796357756499,0.36652201451277266,synthetic_turbet2020_based
Kepler-339 d,0.1349157681084736,0.625201553565696,0.031233622431681693,0.005549578507135383,0.2030994773870134,synthetic_turbet2020_based
Kepler-1669 d,0.05258547046398945,0.41898047573854386,0.03044828050622627,0.009714783454417536,0.4882709898368228,synthetic_turbet2020_based
Kepler-69 c,0.22239273415172484,0.19446535249868752,0.049282524613464225,0.041164536217429076,0.4926948525186944,synthetic_turbet2020_based
HAT-P-57 b,0.16551647706764847,0.6018941788159088,0.04591650612793363,0.00623058674853759,0.18044225123997149,synthetic_turbet2020_based
Kepler-1067 c,0.14850459888565337,0.715022208116882,0.02626339520420258,0.00957943256088865,0.10063036523237334,synthetic_turbet2020_based
Kepler-299 d,0.19820108492736194,0.6348551328221349,0.018882215490328896,0.007974118155928949,0.14008744860424527,synthetic_turbet2020_based
Kepler-208 c,0.09832079052199211,0.6308414006355482,0.013468140818332728,0.008266516345271356,0.24910315167885566,synthetic_turbet2020_based
Kepler-530 b,0.1938630438306016,0.4376886098534589,0.03926396241787455,0.008747549772082721,0.32043683412598223,synthetic_turbet2020_based
Kepler-354 d,0.06642593291232543,0.4987185878253957,0.025674849922202106,0.008530842985361078,0.4006497863547156,synthetic_turbet2020_based
Kepler-339 c,0.12401468982545712,0.45478532101665486,0.020254842361483553,0.005206400567830609,0.39573874622857386,synthetic_turbet2020_based
Kepler-1114 b,0.055889636923283,0.6523988275876882,0.011012875856589015,0.008027842098454193,0.2726708175339856,synthetic_turbet2020_based
Kepler-114 d,0.16007764062582153,0.7461759967890595,0.01630850962012632,0.006423266898617295,0.07101458606637534,synthetic_turbet2020_based
Kepler-303 c,0.16715413753801361,0.6062995122361492,0.01523217308051339,0.0018903305500941499,0.2094238465952296,synthetic_turbet2020_based
Kepler-1212 b,0.1408846111911884,0.5990430433095646,0.04718240546928602,0.00850456693920944,0.20438537309075167,synthetic_turbet2020_based
Kepler-394 c,0.15856237874807222,0.792958704218937,0.03778442734092798,0.0018312646032919598,0.008863225088770799,synthetic_turbet2020_based
Kepler-393 c,0.061634446626108966,0.7263476773639752,0.024428143344122844,0.009318554079061108,0.17827117858673192,synthetic_turbet2020_based
Kepler-318 c,0.06773711525772122,0.4795148047740966,0.04092669997240081,0.008627269975552356,0.403194110020229,synthetic_turbet2020_based
Kepler-1241 b,0.1800794516428747,0.4396557061005888,0.02527209209953877,0.006817477177928648,0.34817527297906903,synthetic_turbet2020_based
Kepler-185 b,0.18781934250223453,0.4956060124167063,0.03401371533921533,0.0022916736590365607,0.28026925608280717,synthetic_turbet2020_based
Kepler-1283 b,0.16209180671331747,0.45100978266782177,0.049999299537689564,0.0018304020971869586,0.3350687089839842,synthetic_turbet2020_based
Kepler-1714 b,0.15280057340570757,0.7108155336659532,0.020319591338265712,0.0032934580238461616,0.11277084356622735,synthetic_turbet2020_based
Kepler-1331 b,0.13942205774000305,0.6521898339519896,0.03882103904663191,0.006222645889137332,0.1633444233722381,synthetic_turbet2020_based
Kepler-319 b,0.07617001609556481,0.7696573898617098,0.01666446302853785,0.006087146665346948,0.13142098434884053,synthetic_turbet2020_based
Kepler-396 b,0.1880004266991923,0.76518783658053,0.01671625899242595,0.0031474242615786097,0.026948053466273048,synthetic_turbet2020_based
Kepler-1085 c,0.14027758655892758,0.5348657332312589,0.03923532957913132,0.005701638888406609,0.2799197117422757,synthetic_turbet2020_based
Kepler-1084 b,0.08991350839162836,0.5644151670449371,0.03764444284312956,0.008066272232716616,0.2999606094875884,synthetic_turbet2020_based
Kepler-1108 b,0.10543414852168509,0.4419941533458265,0.024131080289437872,0.006674236476296534,0.42176638136675404,synthetic_turbet2020_based
Kepler-1214 b,0.1639748241269603,0.7518636954543937,0.04847767529034159,0.005764277570448371,0.029919527557855985,synthetic_turbet2020_based
Kepler-155 c,0.3640622329452635,0.15241560352512654,0.03238606857701459,0.03157539703457899,0.4195606979180163,synthetic_turbet2020_based
Kepler-396 c,0.16530412117662474,0.7092491398009005,0.02141371833291835,0.008972752906627975,0.09506026778292831,synthetic_turbet2020_based
Kepler-1369 b,0.18372394749978016,0.7792966103025033,0.028305773099566812,0.00988672891731937,-0.0012130598191697484,synthetic_turbet2020_based
Kepler-1370 b,0.16773669961464477,0.6612749528853916,0.027290318812167223,0.008581880987274255,0.13511614770052205,synthetic_turbet2020_based
Kepler-252 b,0.16462063324622983,0.6342233060961942,0.04988583548026956,0.0032451522903465687,0.14802507288695976,synthetic_turbet2020_based
Kepler-360 c,0.14626311369299203,0.5284508662206696,0.028313729613660986,0.004050518447294737,0.2929217720253826,synthetic_turbet2020_based
Kepler-245 e,0.10018328078803664,0.55073044338943,0.01226718305879997,0.0013587497501316081,0.33546034301360184,synthetic_turbet2020_based
Kepler-298 d,0.3174766786522917,0.16218171059271153,0.010848584432938941,0.013259246263069482,0.4962337800589883,synthetic_turbet2020_based
Kepler-324 b,0.07937738618540591,0.4192849025000214,0.047845888175989754,0.006115247921433914,0.447376575217149,synthetic_turbet2020_based
Kepler-1796 b,0.1091036554672902,0.6130848935410755,0.014512804034364623,0.007316610220097952,0.2559820367371717,synthetic_turbet2020_based
Kepler-520 c,0.19543857413489274,0.45226285423166046,0.016104004903631508,0.006657970463518931,0.3295365962662964,synthetic_turbet2020_based
Kepler-1244 b,0.07278948910292325,0.45042111529990636,0.0368193527028056,0.006567917206460951,0.4334021256879038,synthetic_turbet2020_based
Kepler-169 c,0.0826605516209969,0.7292715795307705,0.014210033812823823,0.003993174093272843,0.16986466094213593,synthetic_turbet2020_based
Kepler-97 b,0.16083014657054423,0.6455604840849651,0.03400283812614128,0.0071764671605242854,0.1524300640578251,synthetic_turbet2020_based
Kepler-1336 b,0.14696940872581235,0.7497082959161137,0.03275069390279982,0.004611560341254186,0.06596004111401998,synthetic_turbet2020_based
Kepler-88 d,0.8298267981587544,0.03333157250454159,0.040383681430074,0.0035198558104288405,0.0929380920962013,synthetic_turbet2020_based
Kepler-301 d,0.1220571137676496,0.6956773272962444,0.03510636991286162,0.0017712014076639807,0.14538798761558036,synthetic_turbet2020_based
Kepler-104 d,0.11698395153289727,0.7247422239872966,0.049870598894848676,0.005201181835605406,0.10320204374935205,synthetic_turbet2020_based
Kepler-1192 b,0.06288885838326584,0.546474284157975,0.02959691990584181,0.0016608567546763093,0.359379080798241,synthetic_turbet2020_based
Kepler-516 b,0.17963884748853426,0.6155164419628502,0.026644623897654672,0.004574660541498971,0.17362542610946186,synthetic_turbet2020_based
Kepler-1851 b,0.05424628052668101,0.6075502485601184,0.02902304326604687,0.0041129673133673515,0.3050674603337864,synthetic_turbet2020_based
Kepler-212 b,0.14880159378587554,0.5644128980672196,0.03287056015354859,0.008965381823113332,0.24494956617024288,synthetic_turbet2020_based
Kepler-1372 b,0.10458300513770959,0.5591695358754195,0.04463615885067378,0.004222845372140638,0.2873884547640565,synthetic_turbet2020_based
Kepler-364 b,0.11590443486030266,0.7203248889433046,0.03367467609565719,0.009404972638932377,0.12069102746180316,synthetic_turbet2020_based
KELT-23 A b,0.12059944102583435,0.5916105633520633,0.011717134828659161,0.00277572847295635,0.2732971323204868,synthetic_turbet2020_based
HD 191939 d,0.13099989740776866,0.47484425478846126,0.028143335827291935,0.0035498546211480816,0.3624626573553301,synthetic_turbet2020_based
HATS-77 b,0.0531219996065859,0.5900437710155664,0.03585079929015139,0.004044103268171196,0.3169393268195252,synthetic_turbet2020_based
TOI-4479 b,0.16647904422938198,0.4584215723178394,0.013651669416884081,0.009413573446414567,0.3520341405894799,synthetic_turbet2020_based
TOI-1752 c,0.37649696431210344,0.18130884970104777,0.026797275521916103,0.04404142319189326,0.37135548727303935,synthetic_turbet2020_based
TOI-1753 b,0.12957816770689395,0.4468455153068793,0.01459493770872006,0.0021801766447872616,0.40680120263271935,synthetic_turbet2020_based
TOI-2274 b,0.16711478065033347,0.6407585062373773,0.021990647644362867,0.0024586607836292454,0.16767740468429715,synthetic_turbet2020_based
Kepler-43 b,0.06851952809509984,0.6965550035137247,0.04543450278436423,0.005779705480040973,0.1837112601267703,synthetic_turbet2020_based
Kepler-858 b,0.1659065145777649,0.513251361996657,0.033426551738163404,0.004942349630606284,0.28247322205680836,synthetic_turbet2020_based
TOI-3023 b,0.06315412882704385,0.5949467097899033,0.043871469959958304,0.0014660426604339548,0.29656164876266067,synthetic_turbet2020_based
Kepler-1752 b,0.12156589654567335,0.7493052304244141,0.041602877179065745,0.005441049816999845,0.08208494603384686,synthetic_turbet2020_based
Kepler-1408 b,0.07570169588955311,0.7394104785165998,0.016125383294184864,0.003491386418773916,0.1652710558808883,synthetic_turbet2020_based
HIP 54373 b,0.06864127871783515,0.5836036457711603,0.03516791711890604,0.008444064798871675,0.3041430935932269,synthetic_turbet2020_based
Teegarden's Star b,0.23840128251455692,0.29414405431703794,0.03383427949820873,0.03417640141100303,0.3994439822591933,synthetic_turbet2020_based
BD+60 1417 b,0.07629320444395032,0.4760464138080386,0.03306504628334001,0.007487914633798893,0.40710742083087215,synthetic_turbet2020_based
TOI-1227 b,0.6614120062943392,0.05356159099233342,0.024248002452326556,0.0049488738047361175,0.2558295264562649,synthetic_turbet2020_based
TOI-1758 b,0.08331964070230305,0.45628914561293904,0.02282004116215483,0.008820250001552388,0.4287509225210506,synthetic_turbet2020_based
TOI-2567 b,0.17078386392631495,0.440661653485085,0.013512340491214431,0.005436561059371398,0.3696055810380142,synthetic_turbet2020_based
Kepler-1410 b,0.18321466064184333,0.264685159002252,0.029447247183176047,0.044108309618074604,0.478544623554654,synthetic_turbet2020_based
HD 24085 b,0.06622982279635657,0.7880308306913782,0.04068405368309785,0.007586889067594324,0.09746840376157306,synthetic_turbet2020_based
WASP-87 b,0.19103242418475436,0.5881210960900695,0.015955556562474056,0.005472106712569686,0.19941881645013237,synthetic_turbet2020_based
TOI-163 b,0.17228357591158386,0.7438171835862537,0.029541828225113316,0.007590719981568644,0.04676669229548047,synthetic_turbet2020_based
K2-315 b,0.08704290503587818,0.4922188167639508,0.03345038209532273,0.004795760518818398,0.38249213558603,synthetic_turbet2020_based
HD 216520 b,0.07415786141331458,0.7045449971313518,0.03128589790903848,0.005683530766749021,0.18432771277954618,synthetic_turbet2020_based
TOI-1775 b,0.07839642795195198,0.4964562545063709,0.037708315375306674,0.008667127742512137,0.3787718744238583,synthetic_turbet2020_based
Kepler-296 c,0.07658182202214707,0.7249382884776727,0.041523806675709984,0.008334206367177951,0.1486218764572923,synthetic_turbet2020_based
WASP-187 b,0.13726157208377468,0.5407368074763006,0.04084083686476173,0.005319508794148329,0.2758412747810147,synthetic_turbet2020_based
HD 161178 b,0.08327961221078789,0.5609547040628806,0.028308673651213964,0.005548106375125294,0.32190890369999225,synthetic_turbet2020_based
GJ 514 b,0.8692690726226355,0.04700485113186416,0.021392432681640785,0.009661131619221712,0.052672511944637845,synthetic_turbet2020_based
HD 77946 b,0.08629222863966363,0.40444651629683687,0.04399284072484902,0.009590011936913417,0.45567840240173707,synthetic_turbet2020_based
TOI-2345 c,0.15231979212093782,0.5630598616768484,0.03175018740777214,0.008488014139869908,0.24438214465457175,synthetic_turbet2020_based
Kepler-876 b,0.18280104949198933,0.44101035468436794,0.04471986868964016,0.006556148345946849,0.3249125787880557,synthetic_turbet2020_based
Kepler-1894 c,0.05484178282039951,0.4433942810281588,0.01182136854854753,0.009537027153268977,0.48040554044962513,synthetic_turbet2020_based
HD 233832 b,0.7279553708000054,0.07440540677720658,0.010068693653916445,0.008138547699179866,0.17943198106969172,synthetic_turbet2020_based
GJ 687 c,0.7446106161939949,0.09312424027864108,0.030835899650207617,0.008099201343016447,0.12333004253413993,synthetic_turbet2020_based
HIP 5763 b,0.1444200037040475,0.6082153890558472,0.047929767554740065,0.005460392999128373,0.19397444668623687,synthetic_turbet2020_based
TOI-712 b,0.18385825474612655,0.4144310520539476,0.03629675380996473,0.009204954213107311,0.35620898517685384,synthetic_turbet2020_based
TOI-1782.01,0.18489129942294108,0.5940214522021402,0.028883886638787215,0.008294620911609157,0.18390874082452224,synthetic_turbet2020_based
TOI-2092 b,0.10025238276593058,0.7748645700626178,0.020027364822170376,0.0016695804458180777,0.10318610190346311,synthetic_turbet2020_based
Kepler-303 b,0.16578859289192846,0.5618897022048999,0.024231094742533606,0.003888189593016274,0.24420242056762176,synthetic_turbet2020_based
Kepler-271 c,0.1970663351279059,0.6286706612292864,0.04967657770395164,0.004092228895091226,0.12049419704376485,synthetic_turbet2020_based
KOI-142 b,0.11209538579904663,0.4847050792434672,0.027214564653580145,0.0015580480861325393,0.3744269222177734,synthetic_turbet2020_based
Qatar-6 b,0.050083677789948065,0.5812293904421415,0.039840956983712955,0.004933586498158487,0.3239123882860391,synthetic_turbet2020_based
GJ 9066 c,0.755401619749026,0.050105430600896964,0.03107217119685167,0.007980436429747096,0.15544034202347823,synthetic_turbet2020_based
TOI-2094 b,0.34113588718553367,0.2676116087424941,0.018497196322784654,0.02831377825375668,0.34444152949543083,synthetic_turbet2020_based
TOI-2714 b,0.17465085443053574,0.7767516079509181,0.031719335296164566,0.005436999802015376,0.011441202520366178,synthetic_turbet2020_based
HD 164922 d,0.16468921567211903,0.7966777254410163,0.02703728793405298,0.0024858971041135016,0.009109873848698102,synthetic_turbet2020_based
TOI-2382 b,0.17514602016304182,0.6841700833919921,0.015803030879811247,0.003911583670642465,0.12096928189451228,synthetic_turbet2020_based
Kepler-402 b,0.13298350883450205,0.6925862241307505,0.04122586334220259,0.002401582328469226,0.13080282136407562,synthetic_turbet2020_based
EPIC 201841433 b,0.08251260058507193,0.6976490057700182,0.014644494910963427,0.005483442150321058,0.1997104565836254,synthetic_turbet2020_based
USco1621 b,0.1318988231587505,0.5357418188502463,0.04185344856507525,0.0014987422967121136,0.2890071671292158,synthetic_turbet2020_based
K2-318 b,0.1666166742171195,0.6584130993259955,0.03028870302693592,0.008851354277307419,0.1358301691526418,synthetic_turbet2020_based
K2-405 b,0.08033696570504195,0.7203096140497396,0.01751098163046186,0.00991401487500701,0.1719284237397497,synthetic_turbet2020_based
TOI-784 b,0.054914715483471606,0.6212789036712203,0.016720672568852367,0.004671775598260345,0.3024139326781954,synthetic_turbet2020_based
TOI-1814 b,0.0721920005261842,0.47753018071621606,0.012439220349059529,0.0010720319074646585,0.4367665665010756,synthetic_turbet2020_based
Kepler-1419 b,0.15789588291599993,0.5813842130984683,0.01182368740712489,0.009450728369954847,0.2394454882084519,synthetic_turbet2020_based
Kepler-848 b,0.14984152181937987,0.5057092528133976,0.027547805884803947,0.0054034001461506975,0.31149801933626775,synthetic_turbet2020_based
Kepler-819 b,0.13548917221562964,0.7429801110678249,0.03359601130936609,0.00980853534140377,0.0781261700657756,synthetic_turbet2020_based
TOI-799 b,0.1590213633945089,0.7954068793083237,0.032029966051059226,0.0071060426961678065,0.006435748549940445,synthetic_turbet2020_based
K2-146 c,0.16068478580969703,0.7018988138275989,0.010977185133451637,0.0021472688866164217,0.12429194634263607,synthetic_turbet2020_based
K2-324 b,0.0841583579043634,0.5085977963505672,0.04621472757181291,0.007503429011251921,0.35352568916200455,synthetic_turbet2020_based
Kepler-822 b,0.07149224158015532,0.570542013232432,0.019724861805163304,0.008468772819137289,0.32977211056311206,synthetic_turbet2020_based
TOI-1181 b,0.1876695479029334,0.4657160547254357,0.02666283127910042,0.009575532867278469,0.3103760332252521,synthetic_turbet2020_based
TOI-808 b,0.14856341640373838,0.7472387473371737,0.024307749240166168,0.002887321296129128,0.07700276572279263,synthetic_turbet2020_based
TOI-815 b,0.15369555934685514,0.45497053395098763,0.04359607586905041,0.007793534411698706,0.3399442964214081,synthetic_turbet2020_based
TOI-2141 b,0.09573599525402052,0.5994846078875873,0.041967755984775,0.009414192877951831,0.2533974479956653,synthetic_turbet2020_based
TOI-2447 b,0.10282407438308416,0.7159967273541058,0.017778683243771333,0.009131861252679077,0.15426865376635968,synthetic_turbet2020_based
TOI-2818 b,0.15293750152999347,0.4610957280280593,0.03959315686439723,0.007516519041414527,0.33885709453613544,synthetic_turbet2020_based
Kepler-1371 c,0.16134461853756327,0.5379509669698723,0.039592009997073435,0.008439130511290515,0.25267327398420036,synthetic_turbet2020_based
EPIC 212587672 b,0.10206933643116234,0.4831830666324175,0.04551519685971676,0.006586246584830516,0.3626461534918729,synthetic_turbet2020_based
Kepler-843 b,0.11905807535674247,0.7518975623759948,0.015440225743125908,0.008295261452748778,0.10530887507138809,synthetic_turbet2020_based
TOI-1516 b,0.12362319138249551,0.41700970460721254,0.048904507427141516,0.008002600684739583,0.40245999589841086,synthetic_turbet2020_based
TOI-2458 b,0.08221337357818659,0.7694782320005067,0.04741382234623121,0.008204190400868665,0.09269038167420685,synthetic_turbet2020_based
Kepler-1423 b,0.06907556497131127,0.4745525332933492,0.04016131739616996,0.009224251934166927,0.4069863324050027,synthetic_turbet2020_based
HATS-57 b,0.08225272068416303,0.58433113408944,0.016191758387298104,0.005302070585476248,0.31192231625362254,synthetic_turbet2020_based
HATS-56 b,0.14637936950520863,0.407421955363744,0.035717087667771874,0.006757749349171607,0.40372383811410384,synthetic_turbet2020_based
TOI-763 b,0.11825127302984545,0.7581609050376853,0.015392760700802182,0.0014618064740835103,0.10673325475758355,synthetic_turbet2020_based
TOI-1722 b,0.12437467399619839,0.6132138080328439,0.020667567449747404,0.009654649359883177,0.2320893011613272,synthetic_turbet2020_based
TOI-1873 b,0.08805908599747245,0.5080647314932512,0.04243945819284827,0.009305413082458885,0.35213131123396924,synthetic_turbet2020_based
TOI-2158 b,0.13042096190072894,0.40762159477862575,0.024217395302234414,0.003015458457542432,0.43472458956086835,synthetic_turbet2020_based
Kepler-1888 b,0.12665270710019833,0.6730287157075119,0.025697451416320495,0.00583623982653331,0.16878488594943586,synthetic_turbet2020_based
Kepler-1901 b,0.16397904716183476,0.4984588033892665,0.017838715930550413,0.008250714521444637,0.31147271899690365,synthetic_turbet2020_based
GJ 433 c,0.6111070871522505,0.023553692533950857,0.01049426981849082,0.005998463141103161,0.34884648735420465,synthetic_turbet2020_based
TOI-1860 b,0.14001285977110528,0.6124122777478016,0.02657076117241121,0.005761262110766177,0.21524283919791576,synthetic_turbet2020_based
TOI-1723 b,0.0790906702273944,0.7304970899344628,0.049230920148251034,0.005865605943814491,0.13531571374607732,synthetic_turbet2020_based
TOI-1937 A b,0.10615333074775843,0.7167130866236685,0.017722877243367807,0.003886962094862518,0.1555237432903427,synthetic_turbet2020_based
Kepler-292 f,0.19099708751529898,0.47451766904717435,0.01448462311346329,0.005917183260800711,0.3140834370632627,synthetic_turbet2020_based
Kepler-1395 b,0.13811260050241375,0.638860041604368,0.01657912916163652,0.007490302545597101,0.19895792618598462,synthetic_turbet2020_based
Kepler-1905 b,0.08634216918991056,0.7792410203787596,0.019118287093948468,0.0011558033119082522,0.1141427200254731,synthetic_turbet2020_based
Kepler-65 e,0.13517677899761243,0.48113914924268486,0.03514295301389652,0.0030629202451385304,0.34547819850066774,synthetic_turbet2020_based
GJ 682 b,0.2284253092569406,0.13590288015760255,0.02715245428309656,0.015460813548935843,0.5930585427534245,synthetic_turbet2020_based
TOI-132 b,0.1006959586588767,0.47957264672712124,0.04264407491132433,0.0075641867523505955,0.369523132950327,synthetic_turbet2020_based
TOI-2000 c,0.07502290972458403,0.4331618210110711,0.011029784240521163,0.003040046165209967,0.47774543885861387,synthetic_turbet2020_based
TOI-2000 b,0.1220266048995067,0.5599532787456802,0.048859961270502364,0.008130210806727572,0.2610299442775831,synthetic_turbet2020_based
TOI-2194 b,0.06172800241217969,0.46357295301331924,0.011063962074994257,0.0022440372529443087,0.4613910452465625,synthetic_turbet2020_based
TOI-2498 b,0.12941257232394354,0.4306952141300837,0.01239471789240508,0.002063453538663407,0.4254340421149042,synthetic_turbet2020_based
Kepler-102 e,0.15041204676098202,0.40774324996324396,0.0487850440077625,0.004427076371630974,0.3886325828963805,synthetic_turbet2020_based
HD 2685 b,0.10048810415355808,0.5899251335871452,0.03071447178466523,0.004780120500674506,0.2740921699739569,synthetic_turbet2020_based
Kepler-95 b,0.12294888212214662,0.5358935602997146,0.022880296828937288,0.0012458373860373495,0.31703142336316414,synthetic_turbet2020_based
Wendelstein-2 b,0.15077008011155718,0.6469087918260952,0.03675281509488804,0.00946949548658475,0.15609881748087484,synthetic_turbet2020_based
HD 174205 b,0.12096271095032023,0.7527081737208967,0.02775772987431393,0.0052985262471540555,0.0932728592073151,synthetic_turbet2020_based
Kepler-430 c,0.14494287765723346,0.4863605597542475,0.018694244902284135,0.005588486597976527,0.3444138310882584,synthetic_turbet2020_based
Kepler-1656 b,0.060291472658044076,0.4946632197695976,0.04173648614323766,0.005173600845936157,0.3981352205831845,synthetic_turbet2020_based
Kepler-647 c,0.053993290032367455,0.4242965673449157,0.04678061514290528,0.009610466035062635,0.4653190614447489,synthetic_turbet2020_based
Kepler-210 b,0.14616557567323754,0.4739780434166987,0.02472344829810092,0.0037492035086917393,0.3513837291032711,synthetic_turbet2020_based
OGLE-2006-BLG-109L c,0.8355468962464313,0.05833807166131887,0.041186261944587875,0.004244595491934998,0.06068417465572695,synthetic_turbet2020_based
Kepler-1963 b,0.18042671952150602,0.571664949891791,0.02669496273524976,0.005401885942202388,0.21581148190925092,synthetic_turbet2020_based
Kepler-1517 b,0.13877086305566202,0.7576447412632513,0.028310221791895483,0.009371226134925838,0.06590294775426542,synthetic_turbet2020_based
Kepler-1711 b,0.10905025030503204,0.5298290778166863,0.02180182429275149,0.001190368042298778,0.33812847954323144,synthetic_turbet2020_based
Kepler-146 b,0.17737159109207845,0.4316934951050537,0.023373254103490754,0.0032541110774850814,0.36430754862189196,synthetic_turbet2020_based
Kepler-1468 d,0.16166551012898325,0.7730348702683593,0.04266839135715375,0.003879984967815275,0.018751243277688512,synthetic_turbet2020_based
Kepler-348 c,0.11836360152963939,0.4988147585738436,0.04695920765285479,0.0020687011713089176,0.33379373107235333,synthetic_turbet2020_based
Kepler-1641 c,0.192793168346706,0.7254627309664019,0.03846310850105241,0.007965942909850319,0.035315049275989385,synthetic_turbet2020_based
Kepler-1641 b,0.1009020210353071,0.518354602962845,0.025256834622706087,0.002634519235786792,0.352852022143355,synthetic_turbet2020_based
Kepler-39 b,0.16195401277941557,0.5900175348024079,0.04543239833278868,0.008905433583491672,0.19369062050189612,synthetic_turbet2020_based
Kepler-174 c,0.07337808178738173,0.48752730746951456,0.026425609026445064,0.0020693301365587034,0.4105996715800999,synthetic_turbet2020_based
Kepler-1468 b,0.15341508271405732,0.6950382621346021,0.03885401435183727,0.00523189282616262,0.10746074797334071,synthetic_turbet2020_based
Kepler-203 b,0.17648243328010033,0.6423382986954401,0.04974447104746438,0.008338943962982612,0.12309585301401249,synthetic_turbet2020_based
Kepler-152 b,0.15833882236745928,0.44932112100699645,0.04330400150526724,0.0037501499409224436,0.34528590517935454,synthetic_turbet2020_based
Kepler-195 c,0.11283714433172914,0.585104113848114,0.02325242115914839,0.0019759492011651087,0.27683037145984335,synthetic_turbet2020_based
Kepler-880 c,0.079904577183253,0.721386581772905,0.03609080528926859,0.009485573418694895,0.15313246233587852,synthetic_turbet2020_based
Kepler-608 b,0.1731602530477196,0.5608880904192461,0.04144824601705487,0.006187862732168054,0.21831554778381124,synthetic_turbet2020_based
Kepler-1704 b,0.1858903248474919,0.2950178626671478,0.047139639734165115,0.014487938151698302,0.4574642345994968,synthetic_turbet2020_based
Kepler-561 c,0.17591322224954753,0.4310746879040811,0.04715276775087622,0.0066174943853212305,0.33924182771017397,synthetic_turbet2020_based
TOI-2267 d,0.07498733666709972,0.7269049743231751,0.0306312736305403,0.0015359488721238155,0.16594046650706096,synthetic_turbet2020_based
Kepler-1719 b,0.1697641077187601,0.7153352755956747,0.029282397874005876,0.007579986998448366,0.07803823181311098,synthetic_turbet2020_based
Kepler-1254 c,0.056022249351960166,0.5272426387259065,0.036928895302439646,0.003075451529722329,0.3767307650899713,synthetic_turbet2020_based
Kepler-639 b,0.11756170695069766,0.7727787035156041,0.04307007114292159,0.006021968928964353,0.06056754946181231,synthetic_turbet2020_based
Kepler-208 d,0.13650744962967593,0.7548024069211813,0.04452236408410838,0.0017946706094467144,0.06237310875558766,synthetic_turbet2020_based
Kepler-171 b,0.11983660707467772,0.4763414614285763,0.013328790283513602,0.003631559578097464,0.38686158163513484,synthetic_turbet2020_based
Kepler-1525 b,0.14159657080179616,0.7177481283426121,0.04649905478102954,0.004806605213093618,0.08934964086146857,synthetic_turbet2020_based
Kepler-1645 b,0.11334846099666424,0.4613010191396812,0.017793651353055433,0.0019224540163073269,0.40563441449429183,synthetic_turbet2020_based
Kepler-30 d,0.3927701638965785,0.12551948728308704,0.040265698023353516,0.022710571606671295,0.4187340791903096,synthetic_turbet2020_based
Kepler-220 d,0.1305721699205468,0.7490840848417054,0.04744669805896801,0.0031620728697925762,0.06973497430898723,synthetic_turbet2020_based
Kepler-1949 b,0.18669041050401258,0.500820973759672,0.04219188810520428,0.0011372533917263917,0.2691594742393847,synthetic_turbet2020_based
Kepler-695 b,0.1302847214403567,0.6903250746647835,0.04355755875592968,0.008570159977552266,0.12726248516137784,synthetic_turbet2020_based
Kepler-529 d,0.09483017501301455,0.7412598437923958,0.02294588111014234,0.0031039063105108493,0.13786019377393643,synthetic_turbet2020_based
OGLE-2005-BLG-390L b,0.6004419809160627,0.03121437296200643,0.01473755295157594,0.007074429423390964,0.34653166374696387,synthetic_turbet2020_based
Kepler-220 b,0.0717181441641329,0.6341534070978264,0.015058710389008904,0.0073397667957566075,0.27172997155327516,synthetic_turbet2020_based
Kepler-1993 b,0.09283182524718002,0.5234785550453563,0.035615412604602215,0.009450507913391262,0.3386236991894701,synthetic_turbet2020_based
Kepler-154 e,0.19874015749354623,0.5429054446266333,0.04785306292867584,0.0065108932147193025,0.20399044173642533,synthetic_turbet2020_based
Kepler-154 c,0.18597028640961893,0.4111408592645762,0.011326914073917047,0.0016711657993367683,0.38989077445255105,synthetic_turbet2020_based
Kepler-390 c,0.1706589502900709,0.455182591185819,0.017063400465591128,0.006268599117876211,0.3508264589406428,synthetic_turbet2020_based
Kepler-967 c,0.3872337586206869,0.21342249741608793,0.03930383203477489,0.017509370539607137,0.3425305413888432,synthetic_turbet2020_based
Kepler-248 c,0.1871261079722965,0.42235065942647915,0.021312760332437862,0.005083517721964622,0.36412695454682187,synthetic_turbet2020_based
Kepler-648 b,0.08392582321191827,0.6655043256451854,0.03715169732814848,0.0029067221675384324,0.21051143164720953,synthetic_turbet2020_based
Kepler-1814 c,0.05128869030978053,0.42972689919626095,0.010017115401091027,0.009148543439476204,0.4998187516533913,synthetic_turbet2020_based
Kepler-1588 b,0.1432498542833064,0.45537411014807794,0.013700516887937613,0.008358353780306964,0.37931716490037115,synthetic_turbet2020_based
Kepler-436 b,0.34331187873289937,0.2854759280428555,0.016370939250178917,0.03089099040638088,0.3239502635676853,synthetic_turbet2020_based
KOI-3503 c,0.06822140850536522,0.7182558259098387,0.026499391352285795,0.007262430009199023,0.17976094422331124,synthetic_turbet2020_based
Kepler-1491 c,0.05454705233460728,0.7111723988367202,0.01917945139001887,0.008585239220259982,0.20651585821839358,synthetic_turbet2020_based
Kepler-158 c,0.07787877258774303,0.7160388950379942,0.015364229267196286,0.0069707551448535306,0.18374734796221293,synthetic_turbet2020_based
Kepler-968 c,0.16688880878142226,0.5544931404448676,0.019773304556184392,0.004100748351791417,0.2547439978657343,synthetic_turbet2020_based
Kepler-28 b,0.09448874884774262,0.6532266521419849,0.011782469779202071,0.0013729274689784148,0.23912920176209196,synthetic_turbet2020_based
Kepler-1533 b,0.1863317739562702,0.1553946723387656,0.017082809526971367,0.038672597863548694,0.6025181463144441,synthetic_turbet2020_based
Kepler-558 b,0.05356443856531905,0.7696939077561737,0.040299473058521794,0.004626619319020921,0.1318155613009645,synthetic_turbet2020_based
Kepler-177 c,0.1788401629902152,0.6472614069574584,0.032809182463977925,0.0038171607485146,0.13727208683983394,synthetic_turbet2020_based
Kepler-690 b,0.14946570104279694,0.45587788443380206,0.030995971775133573,0.0020449905466567793,0.36161545220161073,synthetic_turbet2020_based
Kepler-46 b,0.11677204118805812,0.6465084838808713,0.01622013750156022,0.002999076508698468,0.21750026092081187,synthetic_turbet2020_based
Kepler-188 c,0.17198865876756153,0.5022851468936712,0.013822242322738912,0.0039762110914389436,0.3079277409245894,synthetic_turbet2020_based
Kepler-586 b,0.19027099104605782,0.6775130246277605,0.03301737281002319,0.00856377659347986,0.09063483492267865,synthetic_turbet2020_based
Kepler-245 d,0.1490280875047797,0.7244581795223046,0.03628628008774213,0.008778320381536985,0.0814491325036365,synthetic_turbet2020_based
Kepler-1616 b,0.14360122632729883,0.5059499477435533,0.011644725714047968,0.0019478822222805294,0.3368562179928194,synthetic_turbet2020_based
Kepler-362 b,0.12686686784268858,0.7887073522379915,0.040378467448988944,0.007978984031858604,0.03606832843847241,synthetic_turbet2020_based
Kepler-612 b,0.14956806829204417,0.7613952530555688,0.03941837278168267,0.003325270697840633,0.04629303517286376,synthetic_turbet2020_based
Kepler-81 c,0.12492234277561365,0.5617371985267475,0.016615632724349818,0.003001393582666278,0.2937234323906227,synthetic_turbet2020_based
TOI-5573 b,0.0927735182349053,0.4694574659969145,0.018692335969429257,0.00924754024921402,0.4098291395495369,synthetic_turbet2020_based
Kepler-1144 b,0.10148588123140176,0.7310066758333605,0.012575597773104158,0.009836284506335478,0.1450955606557981,synthetic_turbet2020_based
Kepler-172 e,0.16471876119344592,0.7626864268294438,0.031036454863182558,0.006710841263803041,0.03484751585012469,synthetic_turbet2020_based
Kepler-694 b,0.10412285440089006,0.5728124883895338,0.040029712573142306,0.001449717759990147,0.2815852268764436,synthetic_turbet2020_based
K2-108 b,0.0554827003099381,0.7499684190914007,0.01440030560197862,0.0074892695440588585,0.17265930545262387,synthetic_turbet2020_based
TOI-201 d,0.07993141959462731,0.5464835545674106,0.021741992777633452,0.005413019408833522,0.34643001365149506,synthetic_turbet2020_based
Kepler-373 b,0.17399922298802117,0.7502136363390901,0.018881781007755498,0.0040388364924354055,0.0528665231726978,synthetic_turbet2020_based
Kepler-377 c,0.1755375288782438,0.43585400077420516,0.014675873541411536,0.005316232777193374,0.36861636402894604,synthetic_turbet2020_based
Kepler-444 d,0.16852165341679626,0.5343904724339538,0.012777276379610073,0.009710807924858296,0.2745997898447815,synthetic_turbet2020_based
Kepler-1649 b,0.3816733966771316,0.23038028326172014,0.03727505652447259,0.04734781405408526,0.3033234494825904,synthetic_turbet2020_based
Kepler-179 c,0.14657951221010979,0.7153649717251994,0.02854063474621673,0.003052023383339451,0.10646285793513466,synthetic_turbet2020_based
Kepler-219 d,0.1748798227684361,0.6737527717912184,0.021582486851714152,0.006609479960447476,0.12317543862818392,synthetic_turbet2020_based
Kepler-50 b,0.17247259732167836,0.5081380905350834,0.04072608434887629,0.0016510905009263963,0.27701213729343566,synthetic_turbet2020_based
Kepler-1787 b,0.14374232362113903,0.7995734500817184,0.044654989495957996,0.008880922470609717,0.0031483143305748307,synthetic_turbet2020_based
Kepler-1542 b,0.152053572925741,0.5844748510383382,0.037088621278374,0.0038907310340091715,0.2224922237235376,synthetic_turbet2020_based
Kepler-1444 b,0.13291528061284286,0.6158719641797231,0.03174921403693987,0.004707888314066783,0.2147556528564274,synthetic_turbet2020_based
Kepler-1997 b,0.10292027455419606,0.5321418057415843,0.018989234331178922,0.004946925204440638,0.34100176016860007,synthetic_turbet2020_based
Kepler-241 b,0.06766184804532194,0.7606294169283753,0.01278735198854474,0.0085367684327371,0.15038461460502095,synthetic_turbet2020_based
Kepler-1624 b,0.08618726125465712,0.7412876717911677,0.038810647789889144,0.00928877609135854,0.12442564307292736,synthetic_turbet2020_based
K2-168 b,0.18053494612153398,0.6804350094273637,0.016067152923675047,0.005941407878241675,0.11702148364918563,synthetic_turbet2020_based
K2-119 b,0.10097420804381772,0.7543102542561697,0.044889139762191395,0.003826337071588398,0.0960000608662327,synthetic_turbet2020_based
Kepler-730 c,0.15075493689169922,0.5353139308228854,0.037127619815652775,0.006524839399543164,0.27027867307021947,synthetic_turbet2020_based
TOI-5319 b,0.12664219286781192,0.7513624056270509,0.019842010627289887,0.008177199978690267,0.0939761908991571,synthetic_turbet2020_based
HD 80883 b,0.8068523168916879,0.0353141082793626,0.026867430184435957,0.0016211275347077251,0.12934501710980573,synthetic_turbet2020_based
Kepler-1585 b,0.13963649865549285,0.7551563783902044,0.014712736935920843,0.002187986140053841,0.088306399878328,synthetic_turbet2020_based
Kepler-1961 b,0.12118502786864971,0.512492041623135,0.021077156456551966,0.006748031207051278,0.3384977428446121,synthetic_turbet2020_based
Kepler-1446 b,0.1115384566196434,0.7378590235557322,0.027156244829743346,0.006537479334769642,0.11690879566011136,synthetic_turbet2020_based
Kepler-342 c,0.1096837068302503,0.5024093988678902,0.028853284258270134,0.007484323834818723,0.3515692862087707,synthetic_turbet2020_based
K2-121 b,0.1929213711013204,0.4168667303622392,0.03127307790723915,0.006723694082673398,0.352215126546528,synthetic_turbet2020_based
Kepler-279 e,0.06285807901082793,0.7316684095689429,0.02103807994632198,0.00887420751362036,0.17556122396028684,synthetic_turbet2020_based
KOI-3680 b,0.2657820885250648,0.13041578553639036,0.03956883560876362,0.01628914010480216,0.5479441502249791,synthetic_turbet2020_based
Kepler-1638 b,0.3161135316544894,0.26163964387787897,0.03302116580512266,0.020843697839725714,0.3683819608227832,synthetic_turbet2020_based
K2-146 b,0.11560066454681163,0.6112081819884025,0.03663124398891292,0.006705329844402123,0.22985457963147082,synthetic_turbet2020_based
Kepler-677 b,0.11006364940438448,0.7032665469841918,0.040856654597420175,0.007266980791746963,0.13854616822225663,synthetic_turbet2020_based
TOI-5344 b,0.09082320563103266,0.587758514685865,0.02731028008573197,0.008351130123503789,0.2857568694738666,synthetic_turbet2020_based
Kepler-1811 b,0.17122699714017225,0.746432361850312,0.019247031254939664,0.0077360911028864455,0.0553575186516897,synthetic_turbet2020_based
Kepler-481 b,0.18055988130135558,0.4665962964253449,0.01159748242499604,0.0019495769361033036,0.3392967629122001,synthetic_turbet2020_based
Kepler-375 c,0.14093035650528002,0.5686591481822341,0.0178020545571156,0.005754732145811456,0.2668537086095589,synthetic_turbet2020_based
Kepler-113 c,0.16782837714119622,0.7423270722787918,0.040068839311819836,0.008969602553219661,0.04080610871497248,synthetic_turbet2020_based
Kepler-9 b,0.14062780980775905,0.7348294723132658,0.026687483694501676,0.008672307558919186,0.08918292662555427,synthetic_turbet2020_based
Kepler-1590 b,0.1843719783225527,0.6745632242873638,0.027241852185974864,0.0035350652166496717,0.11028787998745893,synthetic_turbet2020_based
Kepler-1514 b,0.09877692094213492,0.45294204082937717,0.01188647221043166,0.004729762414883011,0.43166480360317316,synthetic_turbet2020_based
Kepler-175 b,0.05640030283370691,0.7522352106792909,0.035998323608905966,0.008593005216045422,0.1467731576620508,synthetic_turbet2020_based
K2-83 b,0.11666249911238186,0.48958117747013996,0.0216111531573984,0.008692598085617283,0.3634525721744625,synthetic_turbet2020_based
Kepler-231 c,0.06828398457365223,0.6793063336751535,0.01902760970280724,0.0041785289214816695,0.22920354312690538,synthetic_turbet2020_based
Kepler-1683 b,0.050457012945628835,0.5916355077320268,0.015134112685611493,0.008736826673655298,0.3340365399630776,synthetic_turbet2020_based
Kepler-1653 b,0.1293183757019615,0.15007370747113008,0.01059193623538981,0.049715095128923144,0.6603008854625955,synthetic_turbet2020_based
Kepler-150 c,0.14621565919318708,0.6574307284015368,0.030754433941980353,0.008812499492860353,0.1567866789704354,synthetic_turbet2020_based
Kepler-239 b,0.07162821272665716,0.7171407425864197,0.042284939038079054,0.00132515522181907,0.16762095042702496,synthetic_turbet2020_based
Kepler-343 c,0.06990154238181301,0.6188595603490472,0.013607660817728521,0.0035412960359788048,0.29408994041543235,synthetic_turbet2020_based
TOI-5380 b,0.11055096649850246,0.46288702350813477,0.038165867523927664,0.005455551978636742,0.3829405904907983,synthetic_turbet2020_based
Kepler-1022 b,0.1459724661248755,0.5897198115964529,0.0264993758732465,0.005431501481393213,0.23237684492403188,synthetic_turbet2020_based
Kepler-354 b,0.18492721520494826,0.5584155313171761,0.035690503872549115,0.008505662645931857,0.21246108695939458,synthetic_turbet2020_based
Kepler-1434 b,0.1431631475343227,0.4904257522692965,0.014878387300297207,0.0063178941668340215,0.34521481872924953,synthetic_turbet2020_based
Kepler-1593 b,0.318218587472708,0.25374743003913763,0.03775208789879075,0.010138168994285102,0.3801437255950786,synthetic_turbet2020_based
Kepler-1453 b,0.16607604422704048,0.6418490757720718,0.04952725529726022,0.007881285522994734,0.13466633918063275,synthetic_turbet2020_based
Kepler-1989 b,0.11453107411560437,0.6704599836671679,0.034637429396665226,0.004036541303718486,0.17633497151684407,synthetic_turbet2020_based
K2-122 b,0.1300293716653077,0.4817523917928406,0.013513206879312527,0.007597219990816744,0.3671078096717224,synthetic_turbet2020_based
Kepler-1046 b,0.10761930413836446,0.7022853289329868,0.029533480688025623,0.008288104372720593,0.15227378186790252,synthetic_turbet2020_based
Kepler-1907 c,0.1609413232493705,0.7056523878886815,0.02717325951751047,0.009650613337720156,0.09658241600671746,synthetic_turbet2020_based
Kepler-1594 b,0.11078818722170652,0.7172575033014885,0.029583552216045146,0.0031157709724041645,0.13925498628835575,synthetic_turbet2020_based
Kepler-80 b,0.14433709050559243,0.5876437682025577,0.020562794492178668,0.004442785117306301,0.24301356168236488,synthetic_turbet2020_based
Kepler-438 b,0.1479812012987961,0.297409082948747,0.035727348831194584,0.01694179388316916,0.5019405730380931,synthetic_turbet2020_based
Kepler-1455 b,0.32937650085213377,0.2203756994960887,0.03890204822371914,0.03337945493652867,0.3779662964915297,synthetic_turbet2020_based
Kepler-1490 b,0.1181401658159214,0.14064794637345135,0.040749773265859345,0.0401740132841636,0.6602881012606043,synthetic_turbet2020_based
Kepler-700 b,0.16308129969726595,0.4060858869707821,0.04220603165434441,0.004952153753042004,0.3836746279245655,synthetic_turbet2020_based
K2-345 b,0.15404921770150506,0.5088318713096263,0.04078114547279533,0.009840535919294804,0.2864972295967786,synthetic_turbet2020_based
Kepler-1133 b,0.0880308126048979,0.7136790561667519,0.034198018121156686,0.003457862352331074,0.1606342507548626,synthetic_turbet2020_based
Kepler-1953 b,0.09415355657459698,0.6926550687290629,0.0213738391438461,0.0014301421046870719,0.19038739344780697,synthetic_turbet2020_based
Kepler-53 b,0.18109404497752996,0.6355797014832034,0.040338945316236476,0.006429013647522434,0.1365582945755076,synthetic_turbet2020_based
Kepler-1518 b,0.12746861535208154,0.7079929524747359,0.011286253176121547,0.0038069783874555762,0.14944520060960542,synthetic_turbet2020_based
Kepler-251 b,0.1441203088315502,0.7775898779268758,0.025746028924754853,0.00977761814736746,0.042766166169451614,synthetic_turbet2020_based
Kepler-370 c,0.16329227930545764,0.5939585796989502,0.027166336236352055,0.0021649826704252485,0.213417822088815,synthetic_turbet2020_based
Kepler-1161 b,0.14227912109236054,0.4209414670095697,0.027162973016739568,0.003139378864532148,0.40647706001679806,synthetic_turbet2020_based
Kepler-1184 b,0.19344291450591355,0.5453055822378831,0.029570149111178334,0.0043794379137268025,0.22730191623129836,synthetic_turbet2020_based
Kepler-1181 c,0.07058147031335235,0.5410328183854224,0.04115995356736521,0.006590761082697715,0.34063499665116226,synthetic_turbet2020_based
Kepler-1599 b,0.115612250438732,0.7282282678841254,0.010165949941521344,0.00843940720281938,0.1375541245328019,synthetic_turbet2020_based
Kepler-442 b,0.6178606747856838,0.088324471801993,0.04790288187445334,0.008372525492253428,0.2375394460456164,synthetic_turbet2020_based
Kepler-1185 b,0.052939065584435285,0.6104831857996066,0.043151851310057915,0.005905147258853366,0.2875207500470468,synthetic_turbet2020_based
K2-181 b,0.10399050590685696,0.5882781706934538,0.013227756435369536,0.005466822803612814,0.2890367441607069,synthetic_turbet2020_based
Kepler-31 d,0.05417702418547604,0.6576461791321996,0.025618090123224625,0.002722086824702566,0.2598366197343972,synthetic_turbet2020_based
Kepler-1070 b,0.05260743516459634,0.7688476056917697,0.032252761083355494,0.006822580470837733,0.13946961758944076,synthetic_turbet2020_based
Kepler-1162 b,0.16690365717797617,0.6506361688719249,0.026524161340523454,0.0066482938272967446,0.14928771878227876,synthetic_turbet2020_based
Kepler-1560 b,0.08787748695725364,0.6245406535414837,0.018223492052075053,0.009256805246248438,0.26010156220293923,synthetic_turbet2020_based
Kepler-1702 b,0.12643515182633777,0.493536112330535,0.03558530103471645,0.0018128764314195287,0.3426305583769913,synthetic_turbet2020_based
Kepler-1621 b,0.1151028527916013,0.7463858475772032,0.04071434011797356,0.00733095573284983,0.09046600378037217,synthetic_turbet2020_based
Kepler-240 c,0.12059050139659326,0.5787516471583951,0.01045238510288022,0.006400341521498347,0.283805124820633,synthetic_turbet2020_based
Kepler-1972 c,0.13655124969370613,0.402111608382276,0.015481741565281624,0.0011119254029040649,0.4447434749558322,synthetic_turbet2020_based
K2-278 b,0.08797684189382271,0.40154124879209896,0.02669477032916756,0.005287538091996404,0.4784996008929143,synthetic_turbet2020_based
Kepler-42 d,0.11556224909896946,0.4797556822537077,0.03094236919459563,0.008326851594854537,0.36541284785787265,synthetic_turbet2020_based
Kepler-1050 b,0.09368228758437858,0.5250301737293169,0.031713033701244266,0.0031037895322545265,0.3464707154528057,synthetic_turbet2020_based
Kepler-1001 b,0.10066794912461996,0.5809748896756208,0.025452096091054983,0.008364090734035013,0.2845409743746692,synthetic_turbet2020_based
Kepler-478 b,0.1773490340877763,0.5611513899654895,0.027911461994688205,0.009612047135815708,0.22397606681623028,synthetic_turbet2020_based
Kepler-1164 b,0.12546312678819155,0.7972128205478579,0.0405121109075055,0.0033780899877843005,0.03343385176866065,synthetic_turbet2020_based
Kepler-692 b,0.08436389979693565,0.46362579520490527,0.04224582904812756,0.0037617583795815793,0.4060027175704499,synthetic_turbet2020_based
Kepler-1464 c,0.1513688765326216,0.6160544598168843,0.04303989211626758,0.007757356902768437,0.18177941463145797,synthetic_turbet2020_based
K2-268 c,0.05956233865396407,0.5353710437620622,0.030803948485617905,0.008232750210288943,0.3660299188880668,synthetic_turbet2020_based
Kepler-594 b,0.15710413068329337,0.6197615802673416,0.042335013620869444,0.004914356284987413,0.17588491914350823,synthetic_turbet2020_based
Kepler-23 c,0.058348936088880116,0.7482142914460762,0.03106373407585923,0.008275627786275896,0.1540974106029085,synthetic_turbet2020_based
Kepler-150 b,0.10881225769305095,0.6354209007517938,0.023243720218515215,0.004686174770008485,0.22783694656663167,synthetic_turbet2020_based
Kepler-199 b,0.07210973325245107,0.6966414267641592,0.02121137223993462,0.003715580300055974,0.2063218874433992,synthetic_turbet2020_based
Kepler-1499 b,0.10312834438367208,0.5728504465588806,0.03304655648085457,0.007145259685259199,0.28382939289133347,synthetic_turbet2020_based
Kepler-1498 b,0.1513534262936304,0.5694723663713176,0.029275626703246342,0.0022628846616026942,0.24763569597020296,synthetic_turbet2020_based
Kepler-611 b,0.1282259124047414,0.7508226808675955,0.028417995250456247,0.00944212233789414,0.08309128913931274,synthetic_turbet2020_based
TOI-5502 b,0.07336753098946475,0.6947637836549304,0.038319556415180596,0.0071337605821806035,0.18641536835824368,synthetic_turbet2020_based
Kepler-1141 b,0.14942857990404326,0.4089233094307468,0.039684890082084194,0.005497158473136096,0.3964660621099896,synthetic_turbet2020_based
Kepler-1073 b,0.12862792845499854,0.420349056084479,0.01753524513250491,0.009199062168068439,0.4242887081599491,synthetic_turbet2020_based
Kepler-1170 b,0.0973292505162314,0.5575520882461713,0.017568140767783236,0.006689717039280545,0.32086080343053347,synthetic_turbet2020_based
Kepler-157 d,0.1611051313710241,0.7685047365774915,0.032482544551669545,0.0034806761273407996,0.034426911372474,synthetic_turbet2020_based
Kepler-549 c,0.12128899445547942,0.15322188760584082,0.034734581691980106,0.04896414274470959,0.6417903935019901,synthetic_turbet2020_based
Kepler-688 b,0.061879672665352395,0.5553465752347034,0.03668942837657262,0.006171138497844774,0.3399131852255267,synthetic_turbet2020_based
Kepler-632 b,0.14775389047958193,0.5852833886760719,0.020681468217519344,0.005344770377914647,0.24093648224891206,synthetic_turbet2020_based
Kepler-1502 b,0.10723041949053172,0.6837190125714203,0.016864992894751532,0.00546533139674571,0.1867202436465507,synthetic_turbet2020_based
Kepler-253 b,0.19385938385712825,0.6127175830825957,0.019488378991403797,0.009422652662206252,0.164512001406666,synthetic_turbet2020_based
Kepler-1119 b,0.08662360802814736,0.7004720551974741,0.014381250402917826,0.008668806488248002,0.18985427988321268,synthetic_turbet2020_based
Kepler-543 b,0.07708618814078676,0.5576717872539705,0.048624813384203394,0.00621455254935475,0.3104026586716846,synthetic_turbet2020_based
Kepler-693 b,0.08959939038876749,0.4002508675847877,0.010271568935203802,0.0034712891201882246,0.4964068839710528,synthetic_turbet2020_based
Kepler-1710 b,0.12902821895170757,0.5939565074584234,0.046875265251440555,0.007876847033570559,0.2222631613048578,synthetic_turbet2020_based
Kepler-1928 b,0.18871034539011589,0.6047112753279654,0.027866656485804046,0.006094794674083382,0.17261692812203133,synthetic_turbet2020_based
Kepler-1999 b,0.10582191315651107,0.48432459653486626,0.043466422338711244,0.0071247842520506454,0.35926228371786073,synthetic_turbet2020_based
KOI-7368 b,0.09884871383378394,0.5785124955601724,0.01901791339084541,0.006065551509940992,0.2975553257052572,synthetic_turbet2020_based
K2-198 b,0.10375372147741696,0.7502301269872887,0.031134517618258542,0.004705575739328165,0.11017605817770748,synthetic_turbet2020_based
Kepler-227 c,0.162442964580988,0.762040516187906,0.042696763905031423,0.0054542538567654295,0.02736550146930916,synthetic_turbet2020_based
Kepler-26 d,0.10346650055453473,0.6648517372563438,0.04267472173964575,0.009807756196028531,0.1791992842534471,synthetic_turbet2020_based
KELT-17 b,0.11858768539381045,0.6672960574748972,0.021724130128387628,0.001787169668079818,0.19060495733482496,synthetic_turbet2020_based
IC 4651 9122 b,0.08795865917229717,0.4057960536779169,0.030377103955468984,0.004358405013507307,0.47150977818080975,synthetic_turbet2020_based
GJ 229 b,0.8034824429587345,0.06537826308856678,0.016714657377776675,0.007064394350336089,0.10736024222458596,synthetic_turbet2020_based
GJ 180 c,0.15622006739622757,0.1011906288498333,0.0488077065183786,0.011079401881876744,0.6827021953536838,synthetic_turbet2020_based
HD 68988 c,0.7025247230119456,0.06737601168555492,0.024814981486341217,0.004430882392672726,0.2008534014234855,synthetic_turbet2020_based
HD 93385 b,0.1584091310682943,0.6408615737850121,0.0307350978510606,0.008976850604953967,0.16101734669067913,synthetic_turbet2020_based
Kepler-294 c,0.06621704690558126,0.5879070168456029,0.01956266970087353,0.001331270633506695,0.32498199591443566,synthetic_turbet2020_based
TOI-4311 c,0.1968550553273441,0.6936107309036519,0.018647420639654307,0.004621908296393951,0.0862648848329558,synthetic_turbet2020_based
WASP-118 b,0.0839036365630969,0.6739421143935205,0.024017882857559333,0.009278763236794576,0.20885760294902866,synthetic_turbet2020_based
TAP 26 b,0.08113328287264489,0.5399304737301361,0.047272579441742325,0.008962126786918719,0.3227015371685579,synthetic_turbet2020_based
HD 92788 c,0.6879510437949165,0.05347618099184524,0.04534819933812311,0.00703571104607138,0.20618886482904386,synthetic_turbet2020_based
GJ 422 b,0.2911839043999859,0.23211171401867794,0.04683924536891802,0.03068695362840374,0.3991781825840143,synthetic_turbet2020_based
GJ 414 A c,0.6545339581685361,0.05254513784905024,0.03915553207233747,0.005429208826340197,0.24833616308373596,synthetic_turbet2020_based
TOI-3593 b,0.09698940865393853,0.6665319647815287,0.028009190113581835,0.009665382351901355,0.19880405409904955,synthetic_turbet2020_based
WASP-195 b,0.10282108263769191,0.6869947694515246,0.03220287959679555,0.0016980829605948153,0.17628318535339316,synthetic_turbet2020_based
TOI-4529 b,0.12046368762279189,0.4116654968661774,0.04159326812425706,0.007610770767045298,0.4186667766197284,synthetic_turbet2020_based
HD 27631 b,0.6151535513819723,0.054972524223626834,0.04846157850229014,0.0035617490220422976,0.2778505968700684,synthetic_turbet2020_based
Wolf 503 b,0.18564549459911,0.46043706390688655,0.01026409815117916,0.005774692467034074,0.33787865087579017,synthetic_turbet2020_based
WASP-183 b,0.08588649619449917,0.7516896808218756,0.03695688017860862,0.00718201318427566,0.11828492962074089,synthetic_turbet2020_based
Kepler-1747 b,0.15099206041828606,0.6715830682541574,0.03988459425829789,0.007028988879840854,0.13051128818941782,synthetic_turbet2020_based
Kepler-906 b,0.17514129133590933,0.6232488548098849,0.024027528954470783,0.005201624545157628,0.1723807003545773,synthetic_turbet2020_based
TOI-4551 b,0.11603525480480673,0.5330025219311809,0.026618724900087314,0.004464880766014334,0.3198786175979107,synthetic_turbet2020_based
HD 98649 b,0.6333420842158957,0.08474970709535051,0.04025862924927152,0.004037848589180564,0.23761173085030185,synthetic_turbet2020_based
Kepler-780 b,0.1917698058594257,0.7797450162653868,0.04426878898076873,0.0012643555497440656,-0.017047966655325375,synthetic_turbet2020_based
NGTS-16 b,0.10568269912579875,0.5829346267087616,0.03874865129889472,0.0067133110099257265,0.26592071185661914,synthetic_turbet2020_based
TOI-1634 b,0.15175679203840642,0.706885365520632,0.04793741716276444,0.005963575305250469,0.08745684997294667,synthetic_turbet2020_based
Kepler-275 b,0.18560636967351812,0.7259275540294575,0.023516969932498914,0.008323034204704925,0.05662607215982052,synthetic_turbet2020_based
Kepler-121 c,0.06760179079595818,0.46350384956366875,0.04969513941972194,0.00485819741103582,0.4143410228096154,synthetic_turbet2020_based
TOI-4342 c,0.1190927036004228,0.780412347052049,0.024473591446535686,0.0031326993765748226,0.07288865852441773,synthetic_turbet2020_based
Kepler-168 b,0.06167326061560227,0.6090479208817132,0.017987565721586857,0.0015832543124594568,0.30970799846863817,synthetic_turbet2020_based
Kepler-471 b,0.17196041891775546,0.531438766536639,0.033175607281136006,0.001941810758029878,0.2614833965064396,synthetic_turbet2020_based
HD 42012 b,0.7516747899152393,0.06686561012762628,0.027994544437767777,0.004037336347746234,0.14942771917162034,synthetic_turbet2020_based
Qatar-10 b,0.09664325515989973,0.44375350116178514,0.014627648389140987,0.005461265466101009,0.43951432982307315,synthetic_turbet2020_based
GJ 720 A b,0.07082438808271488,0.48938033678808424,0.016592706896998426,0.008222359252007656,0.41498020898019483,synthetic_turbet2020_based
HD 137496 b,0.11745756015078532,0.6210358125597096,0.0333183259226922,0.004567463855350886,0.2236208375114619,synthetic_turbet2020_based
K2-389 b,0.09476465759649913,0.5529782039751026,0.03139292789679303,0.004227195345159429,0.3166370151864458,synthetic_turbet2020_based
Kepler-17 b,0.07049238865695964,0.7654747768574509,0.039296249675752404,0.0015964287441871507,0.12314015606564988,synthetic_turbet2020_based
Kepler-176 b,0.18585499252091559,0.4681860760073757,0.013909207339684171,0.0025589520796202485,0.3294907720524043,synthetic_turbet2020_based
HD 214823 b,0.879910171697849,0.029916484966316728,0.041479677028080184,0.006787344026878649,0.04190632228087543,synthetic_turbet2020_based
Kepler-761 b,0.1277334617548932,0.5462374548653669,0.013717364235788341,0.00739589300021396,0.3049158261437377,synthetic_turbet2020_based
TOI-216.01,0.10921722122311353,0.6139944560677126,0.012070472638469668,0.007983440468635826,0.2567344096020683,synthetic_turbet2020_based
TOI-1259 A b,0.1538407269339142,0.6117201479653213,0.029852297116299165,0.00403327685421467,0.20055355113025075,synthetic_turbet2020_based
Kepler-107 e,0.1013605843101191,0.427386367458462,0.03746854375023723,0.0014047565286156747,0.43237974795256595,synthetic_turbet2020_based
Kepler-450 c,0.0502128169005268,0.41239247429016446,0.018137898870682706,0.006131761433287496,0.5131250485053385,synthetic_turbet2020_based
TOI-4578 b,0.15217388013973449,0.5682953530464451,0.02634554796220969,0.0061910729952832115,0.24699414585632762,synthetic_turbet2020_based
HD 1605 b,0.13952413519487705,0.7379990334652498,0.04276352660531226,0.008411735841177593,0.07130156889338335,synthetic_turbet2020_based
HD 210193 b,0.8532518393220696,0.08918474383194387,0.032212671517598906,0.0063565044753617,0.018994240853025923,synthetic_turbet2020_based
HD 108236 c,0.15908389958128083,0.47960302224715634,0.0244184412028126,0.009213876825573463,0.3276807601431767,synthetic_turbet2020_based
TOI-4145 A b,0.12841436459297126,0.42071504716868924,0.026222391383489398,0.0024471028291370347,0.42220109402571304,synthetic_turbet2020_based
TOI-4379 b,0.10344302928057132,0.617990384118017,0.030205456070271024,0.005414221271572295,0.2429469092595683,synthetic_turbet2020_based
Kepler-1663 b,0.05275084211713552,0.5780419513325995,0.011158550691723269,0.004643746981803069,0.3534049088767387,synthetic_turbet2020_based
Kepler-273 c,0.14704998663521815,0.45036178328267545,0.04667090962896852,0.006674603409634569,0.3492427170435034,synthetic_turbet2020_based
GJ 3138 c,0.08263979533863372,0.5576350671121384,0.013876290532398907,0.0011985695889897622,0.34465027742783916,synthetic_turbet2020_based
K2-291 b,0.18737922203646867,0.6700736202893657,0.041185844059236955,0.00659955563055919,0.09476175798436959,synthetic_turbet2020_based
HD 39855 b,0.18601482914126416,0.7583675283942668,0.012326342100366646,0.002705229852203844,0.04058607051189844,synthetic_turbet2020_based
HIP 90988 b,0.10936848413178418,0.5364358218460499,0.031022901264928945,0.003398786215475352,0.3197740065417617,synthetic_turbet2020_based
TOI-558 b,0.16961886769349804,0.40299753925524995,0.04166052329919366,0.004540332489231764,0.3811827372628265,synthetic_turbet2020_based
GPX-1 b,0.050770251312466354,0.7388257075763063,0.02787017988531157,0.007522539786721265,0.1750113214391945,synthetic_turbet2020_based
TOI-3819 b,0.18176730867509755,0.41372509724923046,0.020486482067833815,0.002070024312489503,0.3819510876953487,synthetic_turbet2020_based
Kepler-181 b,0.06470152405934007,0.7782564367203648,0.0422227751706236,0.004282526440042279,0.11053673760962934,synthetic_turbet2020_based
K2-38 c,0.15309395642056284,0.7677781095139866,0.01883253975495159,0.0011273566381735229,0.05916803767232537,synthetic_turbet2020_based
HD 224538 b,0.8472325023620826,0.07504284962152497,0.016410291016879568,0.005406812609365922,0.055907544390147,synthetic_turbet2020_based
GJ 273 b,0.14813016551348052,0.22052277236582996,0.03590279781287496,0.021067308300560174,0.5743769560072544,synthetic_turbet2020_based
K2-292 b,0.16712556903756925,0.5894385395696571,0.03825431645182038,0.0067583006328095635,0.19842327430814366,synthetic_turbet2020_based
GJ 4276 b,0.11761383981659217,0.517086904831038,0.01817217615422309,0.007713496291844693,0.3394135829063021,synthetic_turbet2020_based
HD 102843 b,0.7925830431273343,0.035284773551786934,0.048683966912139526,0.008293050376455963,0.11515516603228326,synthetic_turbet2020_based
Kepler-271 b,0.06902033913758819,0.46502536534477995,0.03176191243492813,0.0019214159543459327,0.4322709671283579,synthetic_turbet2020_based
CFHTWIR-Oph 98 b,0.19465070078001256,0.6552093620461708,0.01264696146921899,0.004991371573262402,0.13250160413133538,synthetic_turbet2020_based
TOI-1431 b,0.08329527180269275,0.5961802944014027,0.019881019990069988,0.00848616538876715,0.29215724841706747,synthetic_turbet2020_based
TOI-4406 b,0.15816488144626006,0.7626312607123971,0.017918304589588686,0.004468530136145645,0.056817023115608545,synthetic_turbet2020_based
Kepler-149 d,0.3416399641051858,0.17476932013108942,0.025163535324858627,0.04944153773559558,0.40898564270327054,synthetic_turbet2020_based
TOI-4405 b,0.1656294780365169,0.7443270046923454,0.026278913444478497,0.006273266706729672,0.0574913371199296,synthetic_turbet2020_based
TOI-5027 b,0.11758303558275934,0.5801174319638283,0.015107965427470851,0.008579195662620769,0.27861237136332073,synthetic_turbet2020_based
GJ 273 c,0.10858136505081348,0.632729757585833,0.04428287384498494,0.007961295277151198,0.2064447082412173,synthetic_turbet2020_based
HD 20781 d,0.0797356965559329,0.6474045462427389,0.02982924357086192,0.0033413693643594543,0.23968914426610677,synthetic_turbet2020_based
HD 110113 b,0.05612868552651447,0.6519165232090642,0.04119419659485923,0.009475465705328985,0.24128512896423304,synthetic_turbet2020_based
HAT-P-63 b,0.10324756381241895,0.5596868606141983,0.01652022521699578,0.009861544209996045,0.3106838061463909,synthetic_turbet2020_based
TOI-3862 b,0.1774380494459964,0.7830414915891771,0.029813885525017854,0.00288803245768683,0.006818540982121757,synthetic_turbet2020_based
Kepler-284 c,0.13597768305953803,0.5488367663235505,0.023914577232416138,0.0017412785562078725,0.2895296948282874,synthetic_turbet2020_based
TOI-4662 b,0.060972382205301816,0.5515194211942042,0.047047941759252414,0.007507213394313009,0.3329530414469286,synthetic_turbet2020_based
HD 7924 c,0.16408378702639334,0.4937162705821112,0.0393811844433084,0.004656872137518527,0.2981618858106685,synthetic_turbet2020_based
WASP-142 b,0.058908591570980495,0.5579254270073222,0.015250151497294757,0.008683295166383036,0.35923253475801953,synthetic_turbet2020_based
WASP-171 b,0.17604410967123618,0.5149875713199702,0.03447689211102341,0.004273837465215346,0.2702175894325548,synthetic_turbet2020_based
TOI-1789 b,0.07313392615154225,0.6597629245634479,0.0404042657324369,0.00797250466959178,0.2187263788829812,synthetic_turbet2020_based
HD 35843 c,0.07238308788397488,0.6050314073980554,0.010955974287978015,0.0018115254786564793,0.30981800495133527,synthetic_turbet2020_based
TOI-4666 b,0.06215767296280818,0.4228763174202005,0.023350773962313387,0.004219116407678539,0.4873961192469993,synthetic_turbet2020_based
BD+20 594 b,0.15468055131053426,0.531951888545501,0.01561583216710993,0.009521880678911524,0.2882298472979432,synthetic_turbet2020_based
GJ 143 b,0.18132146059785487,0.44969030216151057,0.02451114799876595,0.0025127618588647446,0.34196432738300386,synthetic_turbet2020_based
WASP-182 b,0.19386671411494516,0.5423910368418245,0.013924697076717375,0.007541595894968924,0.24227595607154395,synthetic_turbet2020_based
HD 107148 c,0.1567576274278094,0.4964137822894767,0.02285847403680495,0.004735170077425537,0.31923494616848347,synthetic_turbet2020_based
Kepler-833 b,0.09015500026574716,0.5155550832705,0.04206361568074628,0.007766655447039524,0.34445964533596707,synthetic_turbet2020_based
Kepler-94 b,0.15389438179557297,0.6747094227379395,0.030875277226554948,0.004158291501649531,0.13636262673828314,synthetic_turbet2020_based
TOI-4463 A b,0.15808174182161056,0.4465470950139876,0.015642820208267683,0.0021363868715118363,0.37759195608462237,synthetic_turbet2020_based
HATS-9 b,0.15990770776254853,0.6366163537454848,0.028006415174753906,0.005286082072859216,0.17018344124435358,synthetic_turbet2020_based
TYC 0434-04538-1 b,0.1741338990756721,0.4486719115865365,0.025329771213823224,0.007841495849506054,0.3440229222744621,synthetic_turbet2020_based
Kepler-839 b,0.14867590558566057,0.5740586885911523,0.01897364838524051,0.009517970919744628,0.24877378651820203,synthetic_turbet2020_based
HD 27969 b,0.22237580885695274,0.2755670007807166,0.04111321920133103,0.04446120132041199,0.41648276984058763,synthetic_turbet2020_based
TOI-3912 b,0.05253829913580164,0.5909565711919973,0.020377353072705558,0.003466192197027106,0.3326615844024683,synthetic_turbet2020_based
Kepler-294 b,0.0904760483486601,0.5557254687383864,0.026428184646126736,0.006706362233334225,0.32066393603349264,synthetic_turbet2020_based
TOI-4487 A b,0.09505468285221139,0.5091108584503362,0.02442432810609997,0.007178630436419495,0.3642315001549329,synthetic_turbet2020_based
K2-251 b,0.05002567634367422,0.6987711828906924,0.023558750079697592,0.006186157959257614,0.2214582327266783,synthetic_turbet2020_based
GJ 3512 b,0.828456687671568,0.05597516508699514,0.035886049941238965,0.00927946657119779,0.070402630729,synthetic_turbet2020_based
HD 145675 c,0.6089598817184311,0.04145759525565913,0.04707416637197387,0.008536868467338084,0.2939714881865979,synthetic_turbet2020_based
HD 95544 b,0.7850483944054727,0.030637265625822994,0.02322132151711795,0.008721607386399632,0.1523714110651867,synthetic_turbet2020_based
Kepler-309 b,0.15474071859229538,0.5142600918644011,0.015289820072209715,0.008026933006938061,0.30768243646415583,synthetic_turbet2020_based
WASP-74 b,0.1364337019580827,0.7853752759632097,0.026259647085215776,0.004141242673805783,0.047790132319686096,synthetic_turbet2020_based
Qatar-7 b,0.09361342144398191,0.5927520548770688,0.02290918569886472,0.0016587153980833732,0.2890666225820012,synthetic_turbet2020_based
Kepler-270 b,0.0968193586839223,0.48755437332122503,0.042615399851142356,0.003120332798127412,0.3698905353455829,synthetic_turbet2020_based
TOI-628 b,0.11883073565284054,0.6690952969449917,0.01596907490929784,0.005781542359923614,0.19032335013294632,synthetic_turbet2020_based
HD 168009 b,0.17707804274578987,0.6336323007064365,0.02929545755876794,0.008549910052349612,0.15144428893665607,synthetic_turbet2020_based
HD 164922 e,0.1920877891068309,0.7283941597613802,0.02633637794403018,0.006505237798023642,0.046676435389735094,synthetic_turbet2020_based
HD 115954 b,0.7579925085090254,0.0372977760415706,0.027412805158367658,0.008463401014997245,0.16883350927603913,synthetic_turbet2020_based
TOI-1278 b,0.09507197643005447,0.7558228228462454,0.04965717276832582,0.0037609056616194083,0.09568712229375487,synthetic_turbet2020_based
LHS 1678 b,0.06841070819392571,0.7828697395421387,0.01684260638704239,0.007943174280425597,0.12393377159646768,synthetic_turbet2020_based
TOI-3980 b,0.05586702179723027,0.4942260393880617,0.020406212441198585,0.003675115288479657,0.4258256110850298,synthetic_turbet2020_based
Kepler-903 b,0.18789556405597535,0.47012388368396474,0.016945558563544363,0.007225074430391114,0.31780991926612434,synthetic_turbet2020_based
Kepler-84 c,0.1928475660499696,0.5557137433726217,0.0409251462460709,0.0012793230325503142,0.20923422129878744,synthetic_turbet2020_based
TOI-4507 b,0.1736095578210603,0.6893587604489677,0.0458646260742185,0.006737088551844724,0.08442996710390871,synthetic_turbet2020_based
TOI-5160 b,0.19120049662406985,0.5559429637978975,0.03930125778882999,0.007530077873898466,0.2060252039153042,synthetic_turbet2020_based
EPIC 211822797 b,0.09029117910274026,0.7682318156380555,0.04116707164818436,0.008797166051721072,0.09151276755929882,synthetic_turbet2020_based
K2-254 c,0.10438865011977007,0.7365019133982298,0.022599058425189368,0.00967960945000404,0.12683076860680675,synthetic_turbet2020_based
GJ 160.2 b,0.05359207045487202,0.6476750189409598,0.014489580453865778,0.0074685985599504,0.27677473159035204,synthetic_turbet2020_based
HD 39194 d,0.10455324555110572,0.7482562373712389,0.044908100436214377,0.004312808861534873,0.09796960777990615,synthetic_turbet2020_based
Kepler-304 b,0.1714972665442292,0.6724547508637886,0.027062677146148496,0.0040891279955842215,0.1248961774502495,synthetic_turbet2020_based
Kepler-1756 b,0.08154573972038312,0.42528338114260367,0.030694374744102547,0.005860364833679593,0.4566161395592311,synthetic_turbet2020_based
Kepler-195 b,0.11660279876905126,0.7802388718853753,0.01054760469052669,0.008652744639789297,0.08395798001525745,synthetic_turbet2020_based
K2-28 b,0.17012321705496158,0.7035009577016076,0.030996612495225756,0.0027131984038716453,0.09266601434433341,synthetic_turbet2020_based
Kepler-1724 b,0.17943190531601572,0.6978378618253207,0.04331284857521943,0.0031220881594582277,0.07629529612398589,synthetic_turbet2020_based
HAT-P-7 b,0.13315624896559042,0.5663836955820241,0.03558685740952911,0.007773469241823729,0.2570997288010326,synthetic_turbet2020_based
Kepler-551 b,0.07605730526674807,0.4696152928459806,0.01174427503755093,0.0024146653449801936,0.4401684615047403,synthetic_turbet2020_based
K2-44 b,0.08602598444445034,0.4290074316397827,0.0242276381962048,0.007076496657210083,0.4536624490623521,synthetic_turbet2020_based
K2-27 b,0.16896096916162257,0.5383265051433201,0.013352995918491777,0.007834350935425675,0.2715251788411398,synthetic_turbet2020_based
K2-42 b,0.10867755325544468,0.5005710380216292,0.028827639017893904,0.0097287784846669,0.35219499122036535,synthetic_turbet2020_based
K2-193 b,0.1058959754971929,0.7837812297546832,0.020126766387191717,0.0019499028401701013,0.08824612552076216,synthetic_turbet2020_based
Kepler-452 b,0.14715364090071772,0.25475634796843477,0.03150452465795573,0.03327689001532242,0.5333085964575693,synthetic_turbet2020_based
Kepler-220 c,0.19515625952782822,0.601934948207586,0.014680835557780242,0.007466637109239929,0.1807613195975657,synthetic_turbet2020_based
Kepler-228 d,0.08117770461044646,0.6326152059209675,0.044175150618479805,0.005293729678893383,0.2367382091712128,synthetic_turbet2020_based
Kepler-565 b,0.09714276513523923,0.6302186348828174,0.015078051651284561,0.003768076506499829,0.2537924718241591,synthetic_turbet2020_based
K2-35 b,0.12562141802905652,0.5016604654484957,0.011570324860893178,0.006266268814796727,0.3548815228467579,synthetic_turbet2020_based
Kepler-1720 b,0.11018710472169232,0.556244103773932,0.049872511835919,0.00200605628698264,0.281690223381474,synthetic_turbet2020_based
