pl_name,pl_rade,pl_insol,pl_eqt,pl_orbsmax,st_teff,st_rad,st_mass,pl_bmasse,disc_year
HD 2039 b,12.7,0.3229,210.84,2.2,5945.0,1.19,1.23,1999.1507,2002
HAT-P-8 b,15.6926,1519.9645,1713.0,0.04496,6200.0,1.57,1.27,406.8224,2008
K2-43 b,4.51,49.0,939.3,0.03784,3840.6,0.542,0.571,18.5,2016
Kepler-1753 b,2.22678077,27.41,583.0,0.1179,5180.0,0.769,0.86,5.59,2021
Kepler-1176 b,2.45,26.087,595.0,0.1589,5844.0,1.02,1.01,6.57,2016
K2-126 b,1.97,35.3,601.0,0.0656,4339.0,0.65,0.69,4.54,2017
Kepler-1263 b,1.14,144.813,907.0,0.0499,5213.0,0.8,0.84,1.55,2016
Kepler-1416 b,0.88,2658.55,1870.0,0.0257,6019.0,1.15,1.09,0.615,2016
Kepler-1542 c,0.65,786.082,1287.0,0.0387,5564.0,0.99,0.94,0.208,2016
K2-85 b,1.4,800.0,1355.0,0.013,4232.0,0.71,0.7,3.2,2016
Kepler-368 c,3.88,28.681,575.0,0.36,5502.0,2.019,1.165,14.3,2014
K2-123 b,2.76,2.9,338.0,0.1649,4035.0,0.59,0.62,8.05,2017
Kepler-770 b,2.3,27.736,1171.0,0.1694,5598.0,0.92,0.94,5.9,2016
Kepler-1399 b,1.25,1707.252,1610.0,0.0276,5735.0,0.96,0.97,2.1,2016
Kepler-723 b,12.19,251.48,1016.0,0.0479,5539.0,0.89,0.92,,2016
K2-107 b,15.98,1291.4267,1649.0,0.0475,6061.0,1.81,1.3,266.9772,2017
K2-45 b,6.71,100.0,1073.56,0.0224,4103.0,0.445,0.503,36.4,2016
K2-365 b,2.906,,,,5561.0,1.051,0.823,8.78,2022
K2-127 b,8.37,105.6,809.0,0.0411,4575.0,0.66,0.72,52.9,2017
K2-195 b,3.13,66.6667,720.0,0.1208,5713.0,0.99,0.94,9.96,2018
K2-80 c,1.47,166.0,1002.42,0.0596,5441.0,0.87,0.9,2.76,2016
K2-229 c,2.03,66.0,750.0,0.0769,5315.0,0.79,0.87,7.0,2018
HAT-P-3 b,10.53646,176.587,1189.0,0.03866,5185.0,0.87,1.06,206.5895,2007
WASP-32 b,10.76064,616.33,1388.0,0.0394,6140.0,0.95,0.72,835.8929,2010
WASP-24 b,15.46842,934.465,1772.0,0.03651,6075.0,1.42,1.43,394.1092,2010
Kepler-65 c,2.58,609.992,1246.0,0.068,6211.0,1.41,1.25,5.4,2012
TrES-2 b,15.24424,903.864,1466.0,0.03568,5850.0,1.12,1.36,473.5667,2006
Kepler-939 b,1.75,54.19,692.0,0.1153,5471.0,0.85,0.88,3.71,2016
Kepler-1028 b,1.33,519.636,1217.0,0.0354,5522.0,0.87,0.9,2.33,2016
HAT-P-67 b,23.9872187,2029.17,1903.0,0.06505,6640.0,2.62,1.73,143.02278315,2017
Kepler-1101 b,2.47,3.577,393.0,0.3483,5614.0,0.91,0.94,6.66,2016
Kepler-1388 b,2.59,17.674,434.0,0.0882,4098.0,0.61,0.63,7.22,2016
Kepler-768 b,1.79,40.589,618.0,0.092,5108.0,0.78,0.82,3.86,2016
Kepler-796 b,1.3,962.264,1109.0,0.07317,5475.0,1.09,0.93,2.24,2016
Kepler-110 b,1.83,153.881,1008.0,0.107,5960.0,1.149,0.989,4.01,2014
Kepler-1042 b,2.19,25.66,574.0,0.0756,4815.0,0.72,0.75,5.43,2016
Kepler-334 c,1.43,97.21,822.0,0.107,5828.0,1.068,1.022,2.63,2014
Kepler-937 b,3.72,20.627,495.0,0.3214,6095.0,1.22,1.15,13.4,2016
Kepler-1117 b,1.11,194.976,938.0,0.05485,5612.0,0.93,0.95,1.41,2016
Kepler-1789 b,2.83137505,4.91,380.0,0.3543,5436.0,0.888,0.92,8.4,2021
Kepler-1831 b,1.97019818,288.69,1051.0,0.0655,6063.0,1.012,1.117,4.54,2021
Kepler-1245 b,1.44,194.344,1043.0,0.0484,5306.0,0.83,0.86,2.67,2016
Kepler-114 b,1.26,92.535,586.0,0.053,4605.0,0.667,0.77,1.09,2014
Kepler-1105 b,2.01,47.18,729.0,0.0471,4299.0,0.68,0.71,4.7,2016
Kepler-187 b,1.41,902.239,1244.0,0.059,6105.0,1.287,1.081,2.57,2014
Kepler-1379 b,1.3,1600.049,1564.0,0.0171,5188.0,0.79,0.83,2.24,2016
Kepler-304 c,2.17,73.598,746.0,0.054,4731.0,0.687,0.737,5.35,2014
Kepler-1291 b,1.66,62.823,739.0,0.0779,5216.0,0.8,0.84,3.39,2016
Kepler-304 e,1.2,397.254,1137.0,0.02317,4817.0,0.73,0.8,1.87,2016
Kepler-461 b,2.58,254.906,886.0,0.07895,5634.0,0.91,0.98,7.18,2016
Kepler-1894 b,1.20117759,544.05,1231.0,0.0385,5772.0,0.901,0.999,1.87,2021
Kepler-576 b,3.27,16.817,541.0,0.179,5672.0,0.97,0.99,10.7,2016
Kepler-1893 b,1.70557445,478.98,1194.0,0.0504,5633.0,1.162,0.973,3.55,2021
Kepler-1601 b,0.82,999.752,1507.0,0.03281,5869.0,1.07,1.04,0.477,2016
Kepler-1922 b,2.29064904,71.11,740.0,0.1077,5931.0,0.863,0.953,5.86,2021
HD 80653 b,1.621,6130.0,2438.0,0.01657,5959.0,1.199,1.15,5.61,2020
Kepler-1542 d,0.87,297.806,1010.0,0.0629,5564.0,0.99,0.94,0.59,2016
Kepler-666 b,2.4,575.644,1133.0,0.0542,5887.0,1.05,1.03,6.35,2016
Kepler-211 c,1.29,95.436,841.0,0.062,5123.0,0.816,0.867,18.3,2014
Kepler-203 c,2.47,329.788,1096.0,0.061,5821.0,1.114,1.06,749.9,2014
GJ 674 b,3.33,10.5165,530.8,0.039,3600.0,0.36463,0.35,11.09,2007
OGLE-TR-182 b,12.666,669.0373,1550.0,0.051,5924.0,1.14,1.14,320.995,2007
HD 69830 c,3.46,17.417,567.04,0.186,5385.0,0.886947,0.86,11.8,2006
GJ 3021 b,13.1,2.7517,350.0,0.49,5540.0,0.9,0.9,1071.04,2000
HD 221287 b,13.1,1.0624,290.13,1.25,6304.0,1.13864,1.25,982.05,2007
HD 47536 b,12.6,47.5699,736.52,1.93,4380.0,23.47,2.1,2330.0,2002
HD 107148 b,9.6,18.2517,582.78,0.269,5797.0,1.169193,1.12,66.741,2005
HD 179949 b,13.9,1020.1193,1590.53,0.0443,6168.0,1.266865,1.21,291.12,2000
HD 188015 b,13.6,0.7914,267.98,1.203,5746.0,1.125296,1.09,476.72,2004
HD 27442 b,13.5,4.3915,369.62,1.271,4846.0,3.18,1.23,495.8,2000
HD 46375 b,10.0,359.0994,1221.4,0.0398,5285.0,0.914196,0.92,71.8,2000
HAT-P-2 b,10.659759,588.518,1540.0,0.06814,6380.0,1.39,1.33,2866.81223114,2007
HD 109749 b,11.1,409.4961,1250.83,0.0615,5824.0,1.22,1.13,85.8141,2005
HD 149143 b,13.6,796.9815,1471.9,0.053,5856.0,1.44,1.2,422.7139,2005
HD 224693 b,14.0,111.6692,903.45,0.191,5894.0,1.93,1.31,222.481,2006
HD 231701 b,13.7,9.1798,483.27,0.567,6101.0,1.53,1.21,359.1479,2007
HIP 14810 b,13.0,201.7351,1048.2,0.0696,5544.0,1.07,1.01,1239.537,2005
HIP 14810 d,14.1,0.2597,198.54,1.94,5544.0,1.07,1.01,187.5197,2009
HD 207832 b,14.2,2.2605,340.28,0.586,5726.0,0.89,1.05,177.9848,2012
HD 37605 c,13.1,0.0431,126.75,3.74,5329.0,0.91,0.94,1013.8777,2012
HD 1605 c,13.0,0.5026,233.88,3.584,4915.0,3.49,1.33,1150.5446,2015
HD 55696 b,12.9,0.2662,200.43,3.18,6012.0,1.52,1.29,1357.12729789,2018
HD 148164 c,12.8,0.0565,135.77,6.15,6032.0,1.34,1.21,1640.0028,2018
HD 211810 b,14.0,0.1665,177.77,2.656,5652.0,1.13,1.03,212.9461,2018
HD 221416 b,9.17,495.9065,1314.67,0.1228,5080.0,2.943,1.212,60.5,2019
Kepler-595 c,1.009,50.23,679.0,0.0983,5138.5,0.821,0.93,3.3,2020
Kepler-595 b,3.708,17.382,535.0,0.1582,5138.5,0.821,0.93,17.4,2016
PSR B1257+12 b,0.338,,,0.19,,,1.4,0.02,1994
PSR B1257+12 c,1.91,,,0.36,,,1.4,4.3,1992
OGLE-TR-211 b,15.244,710.2804,1686.0,0.051,6325.0,1.64,1.33,327.351,2007
Lupus-TR-3 b,9.976,15.9599,1013.56,0.0464,5000.0,0.82,0.87,257.431,2007
2MASS J04414489+2301513 b,12.6,0.0,17.6,15.0,2936.0,0.231916,0.019,2383.6,2010
WASP-21 b,11.99,705.0438,1333.0,0.052,5800.0,1.06,1.01,95.345,2010
CoRoT-10 b,10.87,16.1089,600.0,0.1055,5075.0,0.79,0.89,874.0,2010
CoRoT-12 b,16.14,661.1334,1442.0,0.04016,5675.0,1.116,1.078,291.438,2010
CoRoT-13 b,9.92,546.5339,1700.0,0.051,5945.0,1.01,1.09,415.704,2010
HD 285968 b,2.83,5.0456,450.0,0.066,3703.49,0.478214,0.5,8.4,2008
HD 205739 b,13.6,2.8535,362.84,0.896,6176.0,1.33,1.22,435.41,2008
CoRoT-3 b,11.32,735.4472,1695.0,0.05783,6740.0,1.56,1.37,6883.91,2008
HD 16417 b,5.0,141.5514,964.0,0.14,5841.0,1.639984,1.2,22.1,2008
AB Pic b,12.3,0.0,15.8,260.0,5285.0,0.999394,0.9,4290.5,2005
CT Cha b,24.66,0.0,2600.0,440.0,4403.0,1.679694,,5403.0,2007
HD 9446 b,14.0,30.7942,642.55,0.189,5793.0,1.0,1.0,222.472,2009
Kepler-4 b,4.002,1245.431,1650.0,0.0456,5857.0,1.487,1.223,24.472,2009
GJ 876 c,14.0,0.7384,241.66,0.12959,3293.74,0.3,0.32,226.9846,2000
HIP 79431 b,13.4,0.2179,177.42,0.36,3191.0,0.478625,0.49,667.415,2009
TOI-907.01,9.6158851,1729.6714,1846.6,0.055225481,6272.0,2.059789,1.069357,67.0,2024
WASP-31 b,17.363,970.9417,1423.7,0.04659,6302.0,1.252,1.163,151.916,2010
24 Sex b,13.4,8.2099,471.32,1.333,5098.0,4.9,1.54,632.46,2010
WASP-37 b,13.002,545.3338,1232.5,0.0446,5800.0,1.003,0.925,572.07,2010
Kepler-9 d,1.64,1339.658,2026.0,0.0273,5777.0,1.02,1.07,8.41466053,2010
KOI-217 b,12.442,272.033,1046.0,0.0477,5545.0,0.86,0.95,,2010
HD 90156 b,4.43,11.52,518.01,0.25,5599.0,0.920286,0.84,17.98,2011
HD 177830 c,7.87,18.3487,538.95,0.5137,4949.0,2.62,1.47,47.6725,2010
ups And b,14.0,955.9835,1523.73,0.05922166,6156.77,1.56,1.3,218.531,1996
ups And d,12.5,0.5308,233.9,2.51329,6156.77,1.56,1.3,3257.74117175,1999
OGLE-2017-BLG-0373L b,14.0,,,2.424,,,0.248,127.0,2018
Kepler-1737 b,5.395,5.09,383.0,0.297,5043.0,0.881,0.834,25.1,2021
K2-269 b,1.57,1041.5274,1429.0,0.0531,6209.0,1.45,1.16,3.09,2018
TOI-1249 b,3.2710301,48.6058,726.89,0.109,5497.0,0.9785,1.0062,11.9,2024
Kepler-106 d,0.95,45.357,649.0,0.16063,5858.0,1.04,1.0,8.1,2014
Kepler-1031 b,0.87,3973.86,2024.0,0.0218,6011.0,1.12,1.09,0.59,2016
CD-35 2722 B b,13.9,0.006,77.39,0.2,1800.0,0.159,0.035,292.40213444,2026
Kepler-948 b,1.85,126.203,841.0,0.0749,5679.0,0.94,0.96,4.08,2016
OGLE-2014-BLG-0319L b,14.1,,,3.49,,,0.52,181.16219199,2022
OGLE-2018-BLG-1011L b,13.5,,,1.8,,,0.18,570.0,2019
WASP-61 b,15.80469,1062.0298,1624.4,0.0521,6250.0,1.55,1.82,851.7844,2012
KMT-2022-BLG-0303L b,14.2,,,4.81,,,0.368,163.04597279,2024
OGLE-2019-BLG-0954L b,12.3,,,2.65,,,0.8,4513.1633794,2021
WASP-123 b,15.13212395,758.324,1500.0,0.04263,5740.0,1.285,1.166,285.72917,2016
Kepler-1882 b,1.48674404,122.1,894.0,0.11636,5691.0,1.458,1.068,2.81,2021
KOI-984 b,4.3,186.31,1022.0,0.0504,5295.0,0.818,0.928,17.1,2022
Kepler-1573 b,1.2,1343.114,1379.0,0.0364,5808.0,1.0,1.01,1.87,2016
Kepler-802 b,3.54,13.508,489.0,0.2265,5507.0,0.9,0.93,12.3,2016
KMT-2023-BLG-1454L b,14.1,,,1.18,,,0.17,200.23189641,2024
Kepler-1440 b,1.26,44.728,597.0,0.23431,5698.0,0.96,0.98,2.13,2016
WASP-130 b,9.97601,56.355,833.0,0.1012,5625.0,0.96,1.04,390.9309,2016
OGLE-2017-BLG-1049L b,12.8,,,3.92,,,0.55,1760.0,2020
Kepler-949 b,2.91,58.442,782.0,0.07739,5403.0,0.86,0.89,8.8,2016
Kepler-1964 b,1.7810587,223.8,986.0,0.0322,4803.0,0.698,0.752,3.83,2021
KMT-2023-BLG-1592L b,14.1,,,3.9,,,0.55,184.34047606,2026
OGLE-2019-BLG-0362L b,13.1,,,2.18,,,0.42,1036.12060682,2022
KMT-2017-BLG-1057L b,5.19,,,2.36,,,0.57,23.5,2024
KMT-2025-BLG-1616L b,7.34,,,1.6,,,0.26,42.32,2026
Wolf 327 b,1.24,233.9,996.0,0.01,3542.0,0.406,0.405,2.53,2024
Kepler-62 f,1.41,0.5,208.0,0.718,4925.0,0.64,0.69,35.0,2013
WASP-53 c,,0.0247,110.47,3.73,4953.0,0.798,0.839,5196.5205,2017
KMT-2023-BLG-1743L b,12.1,,,1.16,,,0.11,6356.56814,2024
TOI-5789 c,2.86,8.7194,718.0,0.1009,5185.0,0.833,0.821,5.0,2026
MOA-2019-BLG-008L b,12.2,,,,,,0.9,5720.911326,2022
OGLE-2016-BLG-1598L b,13.6,,,2.5,,,0.55,120.77479466,2024
OGLE-2017-BLG-1275L b,12.8,,,2.09,,,0.63,1875.1876013,2024
HATS-44 b,11.960003,306.417,1161.0,0.03649,5080.0,0.847,0.86,177.9848,2018
HD 160691 b,,0.8439,262.13,1.5,5773.0,1.33,1.13,1366.6621501,2000
Kepler-132 b,1.21,284.8,1082.0,0.067,6003.0,1.178,0.929,1.92,2014
KMT-2021-BLG-0192L b,6.56,,,1.62,,,0.27,34.96112477,2022
Kepler-49 b,2.579,21.481,509.0,0.05929,4095.6,0.618,0.607,9.77,2012
KMT-2016-BLG-2364L b,13.0,,,2.63,,,0.5,1250.0,2020
Kepler-218 c,3.14,16.147,500.0,0.248,5502.0,1.063,1.019,10.0,2014
GJ 328 c,4.91,0.1927,184.01,0.657,3897.0,0.63,0.65,21.4,2023
K2-212 b,2.65,21.964,542.0,0.0785,4349.0,0.678,0.622,7.51,2018
KMT-2022-BLG-1818L c,13.2,,,12.6,,,0.79,114.41822652,2026
Qatar-8 b,14.403565,698.148,1457.0,0.0474,5738.0,1.315,1.029,117.91493,2019
KMT-2018-BLG-0885L b,11.9,,,1.07,,,0.29,9217.023803,2023
KMT-2016-BLG-2321L b,13.8,,,3.58,,,0.73,301.93698665,2024
Kepler-74 b,10.76,337.682,1078.0,0.0781,6000.0,1.12,1.18,200.22,2013
OGLE-2017-BLG-0482L b,2.95,,,1.8,,,0.2,9.0,2018
PSR B0329+54 b,1.22,,,10.26,,,1.44,1.97,2017
K2-140 b,13.56286665,204.0,962.0,0.068,5585.0,1.06,0.96,295.58041851,2017
HD 184010 c,11.8,7.3558,457.53,1.334,4971.0,4.86,1.35,95.3485221,2022
EPIC 201595106 b,1.565,2852.0,2038.0,0.0177,5679.0,0.98,0.958,7.67,2021
TOI-1203 e,7.31,,,,5737.0,1.179,0.886,42.1,2025
Kepler-1503 b,2.27,5.636,321.0,0.3771,5069.0,0.74,0.77,5.77,2016
Kepler-1781 b,2.38091029,239.11,1003.0,0.0574,5568.0,0.957,1.053,6.26,2021
Kepler-57 c,2.196,48.574,671.0,0.09588,5187.9,0.826,0.859,6.86,2012
Kepler-1124 b,1.28,50.777,621.0,0.0305,3658.0,0.34,0.35,2.18,2016
Kepler-1581 b,0.8,470.862,1108.0,0.06865,6022.0,1.23,1.12,0.437,2016
K2-136 c,3.0,11.91,470.0,0.1185,4500.0,0.677,0.742,18.1,2017
HD 39091 b,12.3,0.1342,172.74,3.28,5998.0,1.17,1.07,4481.3805387,2001
LHS 1815 b,1.088,62.1493,617.0,0.0404,3643.0,0.501,0.502,1.58,2020
Kepler-464 b,3.3,495.005,1163.0,0.07931,5933.0,1.59,1.21,10.9,2016
Kepler-1580 b,2.11,83.088,733.0,0.33571,6228.0,2.15,1.47,5.1,2016
Kepler-198 d,1.53,1444.516,1562.0,0.02342,5636.0,0.93,0.97,2.96,2016
HD 50554 b,12.8,0.2738,192.65,2.339,6050.0,1.02,1.1,1859.29618095,2002
HD 73267 c,12.8,0.0049,69.53,12.688,5387.0,0.909,0.93,1630.77755632,2022
Kepler-580 b,2.57,24.063,558.0,0.0683,4298.0,0.64,0.67,7.13,2016
KOI-12 b,13.78707,196.507,911.0,0.154,6635.0,1.4,1.5,349.613,2015
Kepler-637 b,4.75,63.805,1002.0,0.16619,6096.0,2.56,1.64,20.2,2016
HD 29985 b,12.8,0.0008,46.73,13.39,4678.0,0.574666,0.75,1739.47487151,2022
HD 165155 b,13.2,0.5482,239.9,1.13,5426.0,0.95,1.02,918.5287,2016
HD 22946 d,2.607,18.561,546.0,0.2958,6169.0,1.117,1.098,26.57,2023
Kepler-1697 b,1.25954761,37.3,630.0,0.2008,4681.53,0.772344,0.747,2.12,2020
Kepler-674 b,1.69,146.511,822.0,0.028,4192.0,0.57,0.6,3.5,2016
Kepler-873 b,3.75,68.015,749.0,0.1542,6163.0,1.27,1.18,13.5,2016
Kepler-783 b,0.78,229.104,991.0,0.04958,5521.0,0.89,0.93,0.399,2016
HD 31527 c,3.85,16.9215,571.07,0.2663,5898.0,1.073694,0.96,14.16,2019
Kepler-1955 b,1.16654878,114.3,853.0,0.11959,5825.0,1.291,1.049,1.69,2021
Kepler-1684 b,2.87084792,3.42,347.0,0.2253,4706.54,0.666755,0.75,8.6,2020
Kepler-322 c,1.67,203.406,996.0,0.051,5388.0,0.89,0.908,3.43,2014
Qatar-5 b,12.408363,669.0,1415.0,0.04127,5747.0,1.076,1.128,1373.0256,2017
Kepler-399 c,1.43,15.69,630.0,0.155,5502.0,0.68,0.902,2.63,2014
DMPP-2 c,8.26,553.7504,1910.88,0.04789,6500.0,1.78,1.41,51.79,2026
TOI-1062 b,2.265,232.0,1077.0,0.052,5328.0,0.84,0.94,10.15,2021
TOI-1759 b,3.14,6.39,443.0,0.1177,4065.0,0.597,0.606,10.8,2022
TOI-2285 b,1.77,3.91,358.0,0.1363,3491.0,0.464,0.454,19.5,2021
Kepler-546 b,7.0,690.13,1258.0,0.0502,5967.0,1.15,1.11,39.1,2016
Kepler-682 b,7.37,306.102,753.0,0.1058,5559.0,0.89,0.92,42.6,2016
TOI-220 b,3.03,137.7252,805.0,0.08911,5298.0,0.858,0.825,13.8,2021
TOI-5624 f,3.66,8.6817,478.5,0.2366,5327.0,0.82,0.858,13.0,2026
Kepler-242 b,2.61,43.768,742.0,0.075,5020.0,0.85,0.748,7.32,2014
Kepler-258 b,4.06,27.791,642.0,0.103,4942.0,0.915,0.82,15.5,2014
TOI-4898 b,3.7197954,33.0144,667.0,,4201.57,0.639344,0.619077,13.4,2026
Kepler-1292 b,1.82,521.101,1195.0,0.0443,5556.0,0.93,0.95,3.97,2016
HD 128717 b,12.1,0.0892,151.9,4.85,6210.0,1.248,1.212,6293.0024586,2025
TOI-3278 b,13.89913607,1030.0,1561.0,0.043,5720.0,1.39,1.04,95.3485221,2026
Kepler-103 b,3.4857,150.536,973.0,0.133,6047.0,1.492,1.212,11.67,2014
TOI-4492 b,11.78063872,510.0,1207.0,0.0535,5711.0,1.222,1.067,1881.54416944,2026
pi Men d,3.72,5.6398,443.55,0.506,5998.0,1.19,1.07,13.38,2022
Kepler-1058 b,2.72,0.77,239.0,0.3679,4644.0,0.69,0.73,7.85,2016
Kepler-160 b,1.715,396.619,1134.0,0.05511,5471.0,1.118,1.003,3.59,2014
Kepler-1365 b,0.92,456.25,969.0,0.07839,5770.0,1.05,1.0,0.721,2016
Kepler-346 c,3.07,23.812,654.0,0.168,6033.0,1.021,0.943,9.64,2014
Kepler-1489 b,1.77,11.893,400.0,0.3679,5655.0,0.9,0.93,3.78,2016
Kepler-1126 b,1.73,4.55,374.0,0.41251,5798.0,0.93,0.92,3.64,2016
Kepler-1914 b,2.9429803,27.66,585.0,0.1954,5982.0,0.96,1.047,8.97,2021
HATS-43 b,13.22662,192.2328,1003.0,0.04944,5099.0,0.812,0.837,82.95363,2018
Kepler-685 b,10.58,1137.124,1579.0,0.0265,5963.0,1.16,1.11,78.8,2016
Kepler-1303 b,1.42,182.375,891.0,0.0751,5771.0,1.0,1.01,2.6,2016
Kepler-1016 b,2.18,1445.204,1540.0,0.03044,5821.0,1.0,0.99,5.39,2016
HIP 54373 c,3.57,6.1142,463.2,0.099,4021.0,0.564998,0.57,12.44,2019
L 363-38 b,2.0,5.6424,330.0,0.048,3129.0,0.274,0.21,4.67,2023
HAT-P-46 b,14.392,1405.4798,1458.0,0.0577,6120.0,1.396,1.284,156.684,2014
K2-396 c,3.124,,,,5236.0,0.92,0.954,9.93,2022
TOI-1107 b,14.57167491,532.0,1728.0,0.0561,6311.0,1.81,1.35,1064.72516345,2022
KOI-319 c,11.9,,,,5880.0,2.064,1.325,8803.8468739,2014
Kepler-1992 b,0.91,38.99,637.0,0.1169,5383.0,0.842,0.874,0.693,2023
Kepler-134 b,2.0,301.367,1105.0,0.06,5983.0,1.176,0.956,4.66,2014
TOI-912 b,1.93,15.0,551.0,0.041,3572.0,0.419,0.418,5.1,2025
TOI-913 b,2.4528,110.0592,712.01,,4969.0,0.7325,0.82,6.59,2023
TOI-1105 b,3.05823658,54.3341,756.37,,4678.46,0.755833,0.74,9.58,2026
Kepler-559 b,3.61,42.543,706.0,0.1277,5630.0,0.95,0.96,12.7,2016
WASP-34 b,11.209,229.962,1250.0,0.0524,5700.0,0.91,0.96,177.9848,2010
Kepler-1426 b,1.56,95.22,797.0,0.1187,5831.0,1.02,1.02,3.05,2016
OGLE-2014-BLG-0676L b,13.1,,,2.04,,,0.6,988.44634577,2016
Kepler-156 b,2.3,135.077,867.0,0.054,5094.0,0.807,0.864,5.9,2014
HATS-64 b,18.819911,1711.0,1793.0,0.06562,6554.0,2.113,1.564,305.1168,2018
Kepler-610 b,4.19,139.072,888.0,0.0719,5943.0,1.13,1.1,16.3,2016
TOI-2322 c,1.874,10.15,496.8,0.1362,4664.0,0.662,0.703,18.1,2025
TOI-2322 b,0.994,22.04,603.1,0.0924,4664.0,0.662,0.703,2.31,2025
Kepler-524 c,0.96,2959.338,1574.0,0.03046,6014.0,1.1,1.09,0.84,2016
Kepler-398 c,1.01,20.556,536.0,0.087,4493.0,0.613,0.649,1.01,2014
Kepler-1916 b,2.61757235,38.54,635.0,0.2053,6246.0,1.092,1.18,7.35,2021
TIC 320419023 b,2.77280763,,,,5703.36,0.952319,1.056,8.11,2026
HD 108236 f,2.017,22.9084,609.59,0.1758,5660.0,0.877,0.869,4.72,2021
Kepler-1617 b,1.2,64.689,736.0,0.17707,6167.0,1.22,1.15,1.87,2016
HD 206893 c,16.36511182,0.2043,1181.9,3.74,6500.0,1.31116,1.31,3527.8953177,2022
TOI-4527.01,0.9086617,571.5072,1362.93,0.008332353,3702.0,0.485948,0.483901,0.689,2024
K2-255 b,2.9,215.9107,1034.0,0.0274,4676.0,0.69,0.71,8.75,2018
Kepler-1678 b,3.30422249,2.78,329.0,0.5302,5754.0,0.834976,1.03,10.9,2020
HD 224018 b,0.91,146.7499,968.0,0.0952,5784.0,1.147,1.013,4.1,2025
Kepler-1334 b,2.29,78.355,710.0,0.1229,5614.0,0.91,0.94,5.86,2016
Kepler-480 b,2.78,764.078,1312.0,0.06024,6322.0,1.34,1.25,8.15,2016
Kepler-1382 b,1.88,198.471,959.0,0.14023,6161.0,1.72,1.36,4.19,2016
TOI-2068 b,1.821,12.23,520.62,0.0632,3710.0,0.535,0.559,3.97,2024
Kepler-1030 b,2.48,16.881,529.0,0.1338,4983.0,0.76,0.8,6.71,2016
HD 153950 b,13.2,1.355,295.3,1.28,6124.0,1.28,1.25,937.5985,2008
CoRoT-11 b,16.03,1890.649,1657.0,0.0436,6440.0,1.37,1.27,740.51,2010
TOI-286 c,1.88,22.4437,475.0,0.213,5152.0,0.78,0.832,3.72,2024
TOI-1806.01,3.4095367,2.1473,337.47,0.087735044,3272.0,0.401575,0.392935,11.5,2024
TOI-4443.01,1.7193265,1194.2104,1638.82,0.029962645,5834.0,1.01733,1.049133,3.6,2024
K2-141 c,7.0,39.1,695.0,0.0683,4570.0,0.681,0.708,8.0,2018
K2-232 b,11.209,312.155,1030.0,0.10356,6154.0,1.161,1.188,126.49634,2018
GJ 1132 c,1.52,2.1053,300.0,0.0476,3090.0,0.226,0.198,2.91,2018
55 Cnc b,13.9,45.6336,700.0,0.118,5198.0,0.98,1.015,263.9785,1996
55 Cnc c,8.51,10.4149,499.27,0.247,5198.0,0.98,1.015,54.4738,2004
55 Cnc d,13.0,0.0203,104.85,5.6,5198.0,0.98,1.015,1232.493,2002
55 Cnc e,1.875,2657.8322,1958.0,0.01544,5172.0,0.943,0.905,7.99,2004
55 Cnc f,7.59,0.9879,277.07,0.802,5198.0,0.98,1.015,44.812,2007
GJ 1214 b,2.733,17.2,567.0,0.01505,3101.0,0.2162,0.182,8.41,2009
GJ 436 b,4.17,29.4322,686.0,0.0291,3586.11,0.455,0.47,22.1,2004
HAT-P-12 b,10.749,118.075,963.0,0.0384,4650.0,0.701,0.733,67.059,2009
HAT-P-13 b,14.258,1978.5245,1740.0,0.04383,5653.0,1.756,1.32,270.462,2009
HAT-P-13 c,12.3,1.4016,340.0,1.258,5653.0,1.756,1.32,4538.421,2009
HAT-P-14 b,15.91678,1038.78,1624.0,0.0596,6600.0,1.82,2.65,1093.3352,2010
HAT-P-17 b,11.76945,110.512,800.0,0.0892,5246.0,0.87,0.99,184.3414,2012
HAT-P-17 c,13.1,0.0164,99.59,5.6,5336.96,0.838682,0.92,1080.6,2012
HAT-P-18 b,10.70457657,82.2407,841.0,0.0559,4870.0,0.717,0.77,55.5246227,2010
HAT-P-1 b,14.784671,259.687,1322.0,0.05561,5980.0,1.174,1.151,166.86075,2006
HAT-P-26 b,7.06167,185.0743,1080.0,0.04748,5079.0,0.87,1.12,22.2481,2010
HAT-P-30 b,16.14096,1467.9573,1630.0,0.0419,6304.0,1.31,1.55,263.7989,2011
HAT-P-32 b,22.19382,1841.0,1835.7,0.03397,6001.0,1.367,1.132,216.1244,2011
HD 149026 b,8.29466,1095.91,1626.0,0.04364,6179.0,1.41,1.42,120.7754,2005
HD 189733 b,12.66617,356.0,1209.0,0.03126,5052.0,0.75,0.79,359.1479,2005
HD 209458 b,15.58051,587.098,1459.0,0.04707,6091.0,1.19,1.23,232.0159,1999
HD 80606 b,11.56766808,4.6941,405.0,0.4603,5565.0,1.05,1.05,1323.46926959,2001
HD 86226 b,14.3,0.1583,176.0,2.73,5863.0,1.053,1.019,143.0235,2009
TrES-4 b,18.04649,2276.295,1778.0,0.05084,6200.0,1.66,1.08,247.9074,2007
WASP-12 b,22.02564708,8220.584,2601.0,0.0234,6265.0,1.69,1.325,467.2101,2008
WASP-15 b,15.80469,1237.7366,1676.0,0.05165,6300.0,1.48,1.18,171.6282,2009
WASP-17 b,20.96083,1292.19,1755.0,0.0515,6550.0,1.49,2.28,247.9074,2009
WASP-18 b,13.89913607,5805.0,2429.0,0.02024,6432.0,1.319,1.294,3241.8497514,2009
WASP-19 b,15.86070769,3320.0,2113.0,0.01652,5616.0,1.006,0.965,366.77398168,2009
WASP-25 b,13.80946422,341.0,1217.0,0.0473,5697.0,0.884,0.962,179.25522155,2010
WASP-39 b,14.336311,316.269,1166.0,0.04828,5485.0,0.939,0.913,89.31023,2011
WASP-43 b,10.424,680.8953,1426.7,0.0142,4400.0,0.6,0.58,565.714,2011
WASP-6 b,12.5428494,288.0,1167.0,0.04217,5438.0,0.79,0.854,148.42586607,2009
GJ 3470 b,4.57,29.6584,593.5,0.0355,3600.0,0.547,0.539,13.9,2012
WASP-47 b,12.86,409.0,1275.0,0.052,5565.0,1.156,1.058,374.0,2012
WASP-63 b,15.80469,1103.2708,1469.91,0.0574,5550.0,1.86,1.28,117.5971,2012
WASP-52 b,14.24,605.7625,1315.0,0.0272,5000.0,0.79,0.87,146.2,2012
WASP-77 A b,13.56,1440.0,1674.0,0.023233633,5617.0,0.91,0.903,529.31142902,2012
WASP-80 b,11.197791,72.442,825.0,0.0344,4143.0,0.586,0.577,170.99254,2012
WASP-103 b,17.127,6568.6932,2508.0,0.01985,6110.0,1.436,1.22,473.547,2014
WASP-96 b,13.45,517.0,1285.0,0.0453,5540.0,1.05,1.06,152.55,2014
WASP-94 A b,17.71022,1009.38,1604.0,0.055,6170.0,1.48,1.67,158.915,2014
WASP-94 B b,14.1,2000.0146,1848.91,0.0335,6040.0,1.35,1.24,196.411,2014
WASP-69 b,11.21,180.5564,971.0,0.0453,4792.0,0.801,0.83,82.58,2014
WASP-84 b,10.72,34.6952,732.0,0.0778,5280.0,0.768,0.853,220.0,2014
WASP-20 b,15.46839337,259.864,1362.0,0.05999,5940.0,1.242,1.2,98.841,2015
HATS-6 b,11.186582,47.3315,712.8,0.03623,3724.0,0.57,0.574,101.38777,2015
KELT-7 b,17.9344,1775.39,2048.0,0.04415,6768.0,1.81,1.76,441.7837,2015
K2-18 b,2.37,1.005,284.0,0.1429,3457.0,0.411,0.359,8.92,2015
KELT-8 b,18.15858,983.3098,1675.0,0.0455,5754.0,1.46,0.81,209.7678,2015
K2-22 b,2.3,114.0,2100.0,0.009,3879.0,0.58,0.595292,444.962,2015
WASP-47 c,,0.549,247.0,1.393,5565.0,1.156,1.058,447.0,2015
WASP-47 d,3.65,145.0,885.0,0.085,5565.0,1.156,1.058,15.5,2015
WASP-47 e,1.83,3740.0,1992.0,0.01673,5565.0,1.156,1.058,9.0,2015
GJ 1132 b,1.19151465,19.3,583.8,0.0157,3229.0,0.2211,0.1945,1.83704819,2015
WASP-76 b,20.78145022,4104.0,2228.0,0.033,6329.0,1.756,1.458,284.13859586,2016
KELT-4 A b,19.044091,1840.0,1823.0,0.04317,6206.0,1.603,1.201,286.68266,2016
TRAPPIST-1 b,1.116,4.153,397.6,0.01154,2566.0,0.1192,0.0898,1.374,2016
TRAPPIST-1 c,1.097,2.214,339.7,0.0158,2566.0,0.1192,0.0898,1.308,2016
TRAPPIST-1 d,0.788,1.115,286.2,0.02227,2566.0,0.1192,0.0898,0.388,2016
K2-34 b,13.75,963.566,1687.0,0.0442,6168.0,1.42,1.16,539.67534,2016
WASP-121 b,19.52604438,6216.41,2409.0,0.02571,6628.0,1.461,1.33,371.85923619,2016
HIP 41378 b,2.64,140.0,959.0,0.1303,6290.0,1.3,1.22,6.9,2016
HIP 41378 c,2.74,54.0,757.0,0.2093,6290.0,1.3,1.22,5.97,2016
HIP 41378 d,3.65,3.01,367.0,1.17,6290.0,1.3,1.22,6.53,2016
HIP 41378 e,5.19,2.1,335.0,0.68,6290.0,1.3,1.22,7.62,2016
HIP 41378 f,9.47,1.24,294.0,1.394,6290.0,1.3,1.22,25.0,2016
HD 3167 b,1.601,1650.0,1781.0,0.01814,5338.0,0.871,0.864,4.844,2016
HD 3167 c,2.983,16.9,567.0,0.1794,5338.0,0.871,0.864,11.41,2016
HAT-P-65 b,18.05766791,1821.0,1818.0,0.04042,5872.0,1.666,1.297,176.07693748,2016
WASP-131 b,13.74221034,995.3724,1460.0,0.0608,5990.0,1.561,1.06,86.76715511,2016
WASP-139 b,8.9672,120.7076,910.0,0.062,5310.0,0.8,0.92,37.18611,2016
WASP-127 b,14.694999,703.971,1400.0,0.0484,5620.0,1.333,0.95,52.346601,2016
TRAPPIST-1 e,0.92,0.646,249.7,0.02925,2566.0,0.1192,0.0898,0.692,2017
TRAPPIST-1 f,1.045,0.373,217.7,0.03849,2566.0,0.1192,0.0898,1.039,2017
TRAPPIST-1 g,1.129,0.252,197.3,0.04683,2566.0,0.1192,0.0898,1.321,2017
TRAPPIST-1 h,0.755,0.144,171.7,0.06189,2566.0,0.1192,0.0898,0.326,2017
HD 106315 b,2.44,277.0,1153.0,0.0907,6327.0,1.296,1.091,12.6,2017
HD 106315 c,4.35,97.0,886.0,0.1536,6327.0,1.296,1.091,15.2,2017
LHS 1140 b,1.73,0.43,226.0,0.0946,3096.0,0.2159,0.1844,5.6,2017
KELT-11 b,15.13212395,1433.0,1712.0,0.0623,5375.0,2.69,1.44,65.15482343,2017
KELT-9 b,21.70058664,44900.0,3921.0,0.03368,9270.0,2.418,2.32,915.34581216,2017
HD 3167 d,2.61,88.9,865.0,0.077,5338.0,0.871,0.864,7.3,2017
WASP-107 b,10.48039695,51.0,736.0,0.055,4425.0,0.657,0.683,33.02237149,2017
GJ 9827 b,1.44,318.0,1035.01,0.0189,4236.0,0.58,0.62,4.28,2017
GJ 9827 c,1.13,73.0,715.94,0.0395,4236.0,0.58,0.62,1.86,2017
GJ 9827 d,1.98,34.9,675.0,0.053,4236.0,0.58,0.62,3.02,2017
KELT-20 b,19.514869,4362.5,2262.0,0.0542,8720.0,1.565,1.76,1074.90106,2017
K2-18 c,2.65,7.0278,363.0,0.06,3457.0,0.411,0.359,7.51,2017
K2-141 b,1.51,3260.0,2103.0,0.00747,4570.0,0.681,0.708,4.97,2018
HAT-P-11 c,13.2,0.0161,91.58,4.1,4653.0,0.683,0.811,851.78013076,2018
NGTS-2 b,17.878355,1085.35,1468.0,0.063,6478.0,1.702,1.64,235.1942,2018
WASP-164 b,12.643752,1043.2122,1610.0,0.02818,5806.0,0.932,0.946,676.9779,2018
LHS 1140 c,1.272,5.3,422.0,0.027,3096.0,0.2159,0.1844,1.91,2018
K2-287 b,9.494023,53.5814,804.0,0.1206,5695.0,1.07,1.056,100.11645,2018
LHS 3844 b,1.286,73.67,816.0,0.00624,3080.0,0.189,0.151,2.37,2019
HD 15337 b,1.77,404.5595,1001.0,0.05245,5131.0,0.855,0.829,6.519,2019
HD 15337 c,2.526,45.0685,656.1,0.1235,5131.0,0.855,0.829,6.792,2019
L 98-59 b,0.837,24.5,620.0,0.0223,3415.0,0.3155,0.2923,0.46,2019
L 98-59 c,1.329,12.7,526.0,0.0309,3415.0,0.3155,0.2923,2.0,2019
L 98-59 d,1.627,4.97,416.0,0.0494,3415.0,0.3155,0.2923,1.64,2019
V1298 Tau b,9.41,33.2,666.0,0.1685,4970.0,1.32,1.1,13.1,2019
WASP-166 b,7.06167,440.0,1270.0,0.0641,6050.0,1.22,1.19,32.10083,2019
TOI-270 b,1.28,131.7935,600.0,0.03197,3506.0,0.38,0.386,1.48,2019
TOI-270 c,2.33,47.0639,489.0,0.04526,3506.0,0.38,0.386,6.2,2019
TOI-270 d,2.0,9.2135,383.0,0.0721,3506.0,0.38,0.386,4.2,2019
GJ 357 b,1.2,12.6,518.0,0.036,3505.0,0.337,0.342,1.83,2019
GJ 357 c,1.66,4.45,401.2,0.061,3505.0,0.337,0.342,3.4,2019
GJ 357 d,2.34,0.38,219.6,0.204,3505.0,0.337,0.342,6.1,2019
LTT 1445 A b,1.34,5.7,431.0,0.0381,3562.0,0.271,0.257,2.73,2019
WASP-178 b,20.28829,5550.0,2470.0,0.0558,9360.0,1.67,2.07,527.5978,2019
V1298 Tau c,5.08,146.0,953.0,0.0824,4970.0,1.32,1.1,4.7,2019
V1298 Tau d,6.53,85.0,831.0,0.1081,4970.0,1.32,1.1,6.0,2019
V1298 Tau e,10.17,10.0,527.0,0.2689,4970.0,1.32,1.1,15.3,2019
LP 791-18 b,1.212,24.14,564.3,0.00978,2960.0,0.182,0.139,1.94,2019
LP 791-18 c,2.488,2.637,324.4,0.02961,2960.0,0.182,0.139,7.16,2019
TOI-125 b,2.726,185.0,1037.0,0.05186,5320.0,0.848,0.859,9.5,2019
TOI-125 c,2.759,77.59,827.8,0.0814,5320.0,0.848,0.859,6.63,2019
L 168-9 b,1.63,149.3748,998.0,0.0208,3842.0,0.604,0.614,4.07,2020
TOI-125 d,2.93,26.7,638.1,0.137,5320.0,0.848,0.859,13.6,2020
HATS-48 A b,8.9672,137.6,954.6,0.03769,4546.0,0.7152,0.7279,77.23269,2020
HATS-72 b,8.0973816,49.58,739.3,0.066517,4656.1,0.7214,0.7311,39.855882,2020
NGTS-10 b,13.89913607,3716.1785,1508.0,0.0143,4567.0,0.7,0.696,687.14846,2020
TOI-1130 b,3.66,78.1,825.0,0.0453,4360.0,0.697,0.745,19.8,2020
TOI-1130 c,13.0,30.0,650.0,0.0731,4360.0,0.697,0.745,336.0,2020
TOI-677 b,13.11450742,37.6345,1252.0,0.1041,6295.0,1.28,1.181,392.20025424,2020
LTT 3780 b,1.325,111.0,903.0,0.01195,3358.0,0.38,0.381,2.46,2020
LTT 3780 c,2.39,2.76,359.0,0.0757,3358.0,0.38,0.381,8.04,2020
TOI-1338 b,7.661,0.9938,254.65,0.4607,5723.2,1.313,1.0936,11.3,2020
AU Mic b,4.79,21.2,554.8,0.07,3540.0,0.862,0.635,8.99,2020
WASP-148 b,8.47398941,72.699,940.0,0.08215,5555.0,0.912,0.954,91.21675281,2020
WASP-148 c,13.9,17.377,590.0,0.2044,5555.0,0.912,0.954,124.58873554,2020
NGTS-11 b,9.157753,9.242,435.0,0.201,5050.0,0.832,0.862,109.33352,2020
TOI-849 b,3.64,2314.06,1932.0,0.0155,5257.0,0.97,0.97,41.8,2020
TOI-700 b,0.914,4.98,417.0,0.0677,3459.0,0.421,0.415,0.704,2020
TOI-700 c,2.6,2.64,356.0,0.0929,3459.0,0.421,0.415,7.27,2020
TOI-700 d,1.073,0.85,268.8,0.1633,3459.0,0.421,0.415,1.25,2020
HIP 67522 b,9.9872018,341.0878,1175.0,0.0748,5675.0,1.38,1.22,71.4,2020
TOI-1899 b,11.09689089,3.4,378.0,0.1525,3926.0,0.607,0.632,212.94503269,2020
HD 86226 c,2.16,647.901,1311.0,0.049,5863.0,1.053,1.019,7.25,2020
WD 1856+534 b,10.4,0.181,163.0,0.0204,4710.0,0.0131,0.518,4386.054,2020
LTT 9779 b,4.72,1781.1556,1978.0,0.01679,5443.0,0.949,1.02,29.32,2020
TOI-824 b,2.926,412.0,1253.0,0.02177,4600.0,0.695,0.71,18.467,2020
TOI-421 b,2.64,154.57,922.0,0.0554,5291.0,0.866,0.833,6.7,2020
TOI-421 c,5.09,34.32,635.0,0.117,5291.0,0.866,0.833,14.1,2020
GJ 3473 b,1.264,59.4,773.0,0.01589,3347.0,0.364,0.36,1.86,2020
GJ 3473 c,2.63,1.95,329.1,0.0876,3347.0,0.364,0.36,7.41,2020
WASP-107 c,13.0,,,,4425.0,0.657,0.683,111.23994245,2020
TOI-776 b,1.798,11.5,520.0,0.0653,3725.0,0.547,0.542,5.0,2020
TOI-776 c,2.047,4.9,420.0,0.1001,3725.0,0.547,0.542,6.9,2020
TOI-561 b,1.397,4709.0,2319.0,0.01064,5342.0,0.843,0.806,2.02,2020
TOI-561 c,2.865,67.5,802.0,0.0889,5342.0,0.843,0.806,5.93,2020
TOI-561 d,2.615,21.2,600.0,0.1587,5342.0,0.843,0.806,13.33,2020
TOI-561 e,2.517,4.89,416.0,0.33,5342.0,0.843,0.806,12.4,2020
TOI-451 b,1.84,786.0,1474.0,0.0274,5490.0,0.85,0.93,4.7,2020
TOI-451 c,2.93,93.0,865.0,0.0795,5490.0,0.85,0.93,3.7,2020
TOI-451 d,3.93,43.2,714.0,0.1168,5490.0,0.85,0.93,10.2,2020
TOI-178 b,1.2,200.1045,1040.0,0.02607,4316.0,0.662,0.647,0.96,2021
TOI-178 c,1.754,97.6159,873.0,0.037,4316.0,0.662,0.647,4.64,2021
TOI-178 d,2.695,24.9125,690.0,0.0592,4316.0,0.662,0.647,5.2,2021
TOI-178 e,2.301,21.8202,600.0,0.0783,4316.0,0.662,0.647,3.48,2021
TOI-178 f,2.417,0.6071,521.0,0.1039,4316.0,0.662,0.647,5.63,2021
TOI-178 g,2.939,19.4978,470.0,0.1275,4316.0,0.662,0.647,4.4,2021
GJ 486 b,1.289,39.2,696.3,0.01714,3317.0,0.3243,0.312,2.77,2021
LHS 1478 b,1.242,23.3722,595.0,0.01848,3381.0,0.246,0.236,2.33,2021
TOI-1231 b,3.65,1.93,329.6,0.1288,3553.0,0.476,0.485,15.4,2021
TOI-674 b,5.25,38.4,635.0,0.025,3514.0,0.42,0.42,23.6,2021
TOI-1685 b,1.421,213.0,1000.0,0.01164,3470.0,0.462,0.466,3.07,2021
TOI-1807 b,1.49681583,1407.22,1694.1,0.0122,4914.0,0.746,0.8048,2.44,2021
TOI-2076 b,2.59,49.4,736.0,0.08781,5187.0,0.758,0.849,6.7,2021
TOI-2076 c,3.54,32.7,581.0,0.1407,5187.0,0.758,0.849,7.2,2021
TOI-2076 d,3.27,16.5,490.0,0.1982,5187.0,0.758,0.849,7.3,2021
AU Mic c,2.79,7.3,424.7,0.119,3540.0,0.862,0.635,14.46,2021
TOI-431 b,1.28,2120.4475,1862.0,0.0113,4850.0,0.731,0.78,3.07,2021
TOI-431 c,1.49,100.6717,867.0,0.052,4850.0,0.731,0.78,2.83,2021
TOI-431 d,3.29,28.3588,633.0,0.098,4850.0,0.731,0.78,9.9,2021
L 98-59 e,1.49,2.4,347.0,0.0712,3415.0,0.3155,0.2923,2.82,2021
HD 63935 b,2.91575244,115.6,825.22,0.083,5513.0,0.9598,0.9406,10.5,2021
HD 63935 c,3.06451296,36.7,619.59,0.148,5513.0,0.9598,0.9406,11.1,2021
GJ 367 b,0.736,579.0,1329.0,0.0071,3535.0,0.457,0.451,0.503,2021
TOI-2109 b,15.098497,14429.0,3646.0,0.01791,6540.0,1.698,1.453,1595.49860314,2021
HATS-75 b,9.90873894,59.26,772.3,0.032742,3790.4,0.5848,0.6017,156.05374784,2021
LTT 1445 A c,1.147,10.9,508.0,0.02661,3340.0,0.265,0.257,1.54,2022
TOI-500 b,1.166,1138.0,1617.0,0.01189,4440.0,0.678,0.74,1.42,2022
TOI-1075 b,1.791,509.2,1323.0,0.01159,3875.0,0.581,0.604,9.95,2022
TOI-1442 b,1.17,207.0242,1072.0,0.0071,3330.0,0.31,0.29,1.71,2022
TOI-2260 b,1.62,1844.98,2609.0,0.0097,5534.0,0.94,0.99,3.26,2022
TOI-2445 b,1.25,204.4874,1060.0,0.0064,3333.0,0.27,0.25,2.1,2022
GJ 3929 b,1.09,17.3,568.0,0.0252,3384.0,0.32,0.313,1.75,2022
WASP-189 b,18.14733975,8083.7169,3353.0,0.05053,8000.0,2.36,2.03,632.47852993,2020
TOI-1670 b,2.06,196.694,1062.0,0.103,6170.0,1.316,1.21,41.31769291,2022
TOI-1670 c,11.06326395,14.5514,684.0,0.249,6170.0,1.316,1.21,200.23189641,2022
TOI-500 c,2.09,,,,4440.0,0.678,0.74,5.03,2022
TOI-500 d,6.35,,,,4440.0,0.678,0.74,33.12,2022
TOI-500 e,3.99,,,,4440.0,0.678,0.74,15.05,2022
HD 260655 b,1.24,42.2,709.0,0.02933,3803.0,0.439,0.439,2.14,2022
HD 260655 c,1.533,16.1,557.0,0.04749,3803.0,0.439,0.439,3.09,2022
TOI-3714 b,11.32107051,54.0,750.0,0.027,3660.0,0.51,0.53,222.4798849,2022
GJ 3929 c,2.26,1.68,317.0,0.081,3384.0,0.32,0.313,5.71,2022
GJ 3090 b,2.18,45.4,723.0,0.0316,3707.0,0.516,0.519,4.52,2022
TOI-181 b,6.9559,102.43,895.1,0.0539,4994.0,0.745,0.822,46.1687,2023
TOI-199 b,9.07927437,8.5419,325.0,0.4254,5255.0,0.82,0.936,54.03082919,2023
TOI-700 e,0.953,1.27,272.9,0.134,3459.0,0.421,0.415,0.818,2023
TOI-771 b,1.36,14.0,543.0,0.0208,3370.0,0.232,0.22,2.47,2024
TOI-836.01,2.587,26.707,665.0,0.075,4552.0,0.665,0.678,9.6,2021
TOI-836 b,1.704,78.838,871.0,0.0422,4552.0,0.665,0.678,4.53,2023
LHS 475 b,0.991,20.8,586.0,0.02037,3300.0,0.2789,0.262,0.941,2023
TOI-1136 d,4.627,626.362,843.0,0.1062,5770.0,0.968,1.022,8.35,2022
TOI-1136 c,2.879,232.392,1062.0,0.0669,5770.0,0.968,1.022,6.32,2022
TOI-1136 f,3.73591482,26.4328,658.0,0.174,5770.0,0.968,1.022,9.7,2022
TOI-1136 e,2.639,48.4771,737.0,0.14,5770.0,0.968,1.022,6.07,2022
TOI-1173 b,8.77663189,132.0,868.0,0.071,5350.0,0.934,0.911,28.28672822,2024
TOI-1416 b,1.62,883.0,1517.0,0.019,4884.0,0.793,0.798,3.48,2023
TOI-1420 b,11.89,139.0,957.0,0.071,5510.0,0.923,0.987,25.1,2023
TOI-1468 c,2.126,2.13,338.1,0.08608,3376.0,0.3714,0.3527,4.1,2022
TOI-1468 b,1.401,36.4,683.5,0.02107,3376.0,0.3714,0.3527,3.04,2022
HIP 9618 b,3.82838127,40.3,640.88,0.145,5649.0,0.9593,0.942,8.3,2023
HIP 9618 c,3.42855926,11.7,470.31,0.269,5649.0,0.9593,0.942,7.0,2023
TOI-1801 b,2.079,10.7276,493.7,0.075,3863.0,0.547,0.556,5.738,2023
TOI-1823 b,7.5406241,9.2972,423.63,0.212,4927.0,0.8049,0.8414,67.4,2024
TOI-2031 A b,14.20177855,567.0,1358.0,0.066,6490.0,1.241,1.174,254.2627256,2025
TOI-2134 b,2.735,32.0,660.0,0.07803,4580.0,0.709,0.744,9.37,2023
TOI-2134 c,7.35,1.4,302.0,0.3715,4580.0,0.709,0.744,58.3,2023
TOI-2374 b,7.48759911,122.9,926.0,0.04818,5002.0,0.711,0.802,61.65871096,2024
TOI-2431 b,1.534,2649.15,2063.0,0.0063,4109.0,0.651,0.661,6.2,2026
TOI-3235 b,11.39953337,13.8883,604.0,0.02709,3388.8,0.3697,0.3939,211.35589065,2023
TOI-3757 b,12.0,55.4,759.0,0.03845,3913.0,0.62,0.64,85.3,2022
TOI-3884 b,6.43,6.29,441.0,0.0361,3180.0,0.302,0.298,32.59,2022
TOI-3984 A b,7.9,16.7,563.0,0.041,3476.0,0.47,0.49,44.0,2023
TOI-4010 c,5.93,112.0,907.0,0.058,4960.0,0.83,0.88,20.31,2023
TOI-4010 d,6.18,30.0,650.0,0.113,4960.0,0.83,0.88,38.15,2023
TOI-4010 b,3.02,714.0,1441.0,0.0229,4960.0,0.83,0.88,11.0,2023
LP 890-9 b,1.32,4.09,396.0,0.01875,2850.0,0.1556,0.118,13.2,2022
TOI-4336 A b,2.137,1.53,309.4,0.0849,3307.0,0.326,0.306,3.33,2024
HD 20329 b,1.72,3474.0,2141.0,0.018,5596.0,1.13,0.9,7.42,2022
Kepler-167 e,10.16,0.1,134.4,1.883,4884.0,0.749,0.777,321.00669107,2016
TOI-5205 b,11.6,49.0,737.0,0.0199,3430.0,0.394,0.392,343.0,2023
Kepler-167 c,1.674,61.175,771.0,0.0684,4884.0,0.749,0.777,3.44,2014
TOI-5293 A b,11.9,34.6,675.0,0.034,3586.0,0.52,0.54,170.4,2023
KOI-94 d,11.27,97.12,806.0,0.1684,6182.0,1.52,1.277,106.0,2013
LP 890-9 c,1.367,0.906,272.0,0.03984,2850.0,0.1556,0.118,25.3,2022
HD 3167 e,3.97,3.8357,389.0,0.3797,5338.0,0.871,0.864,14.9,2022
TOI-1136 b,1.9,360.5506,1216.0,0.05106,5770.0,0.968,1.022,3.5,2022
TOI-1136 g,2.53,17.9249,574.0,0.229,5770.0,0.968,1.022,5.6,2022
TOI-1338 c,10.3,3.3833,354.89,0.794,5723.2,1.313,1.0936,75.4,2023
WASP-84 c,1.95,1452.18,1329.0,0.02359,5280.0,0.768,0.853,15.2,2023
TOI-6109 c,4.8326,63.3913,786.0,0.0786,5660.0,1.021,1.03,20.8,2025
TOI-6255 b,1.079,588.9944,1256.46,,3421.0,0.37,0.353,1.44,2024
WASP-193 b,14.78464554,402.0,1250.0,0.0668,6080.0,1.213,1.018,35.59678158,2023
LP 791-18 d,1.032,5.83,395.5,0.01992,2960.0,0.182,0.139,0.91,2023
TOI-6324 b,1.059,284.211,1216.0,,3247.0,0.293,0.269,1.17,2025
HD 207496 b,2.25,72.9,743.0,0.0629,4819.0,0.769,0.8,6.1,2023
TOI-4010 e,13.3,0.15,174.0,1.57,4960.0,0.83,0.88,692.0,2023
GJ 367 c,1.86,,,,3522.0,0.458,0.455,4.13,2023
GJ 367 d,2.33,,,,3522.0,0.458,0.455,6.03,2023
TOI-6109 b,4.8704,39.9451,700.0,0.0599,5660.0,1.021,1.03,21.1,2025
TOI-199 c,11.4,0.7048,255.43,0.807,5255.0,0.82,0.936,88.99195396,2023
AU Mic e,4.87,,,,3665.0,0.82,0.6,21.1,2025
AU Mic d,1.02,,,,3678.0,0.744,0.51,1.053,2023
GJ 806 b,1.331,130.0,940.0,0.01406,3600.0,0.4144,0.413,1.9,2023
GJ 806 c,2.28,9.5,490.0,0.0523,3600.0,0.4144,0.413,5.8,2023
HD 110067 b,2.2,69.0579,800.0,0.0793,5266.0,0.788,0.798,5.69,2023
HD 110067 c,2.388,40.228,699.0,0.1039,5266.0,0.788,0.798,6.3,2023
HD 110067 d,2.852,23.4102,602.0,0.1362,5266.0,0.788,0.798,8.52,2023
HD 110067 e,1.94,13.6296,533.0,0.1785,5266.0,0.788,0.798,3.9,2023
HD 110067 f,2.601,9.2821,489.0,0.2163,5266.0,0.788,0.798,5.04,2023
HD 110067 g,2.607,6.3216,440.0,0.2621,5266.0,0.788,0.798,8.4,2023
GJ 341 b,0.88,13.8,629.0,,3770.0,0.5066,0.48,4.0,2025
TOI-6894 b,9.5836785,5.54,417.9,0.02604,3007.0,0.2276,0.207,53.39517238,2025
IRAS 04125+2902 b,10.73820351,41.4199,854.0,0.077,4080.0,1.45,0.7,80.8,2024
HIP 67522 c,7.93595834,116.049,917.0,0.1228,5675.0,1.38,1.22,48.3,2024
Kepler-51 e,2.18,,,,5674.0,0.87,0.96,5.4,2024
BD+05 4868 A b,,443.787,1820.0,0.0208,4596.0,0.69,0.7,6.2,2025
TOI-771 c,1.5,3.0,365.0,0.046,3370.0,0.232,0.22,2.87,2025
TOI-2076 e,1.301,253.1032,1110.0,0.03863,5187.0,0.758,0.849,4.7,2025
L 98-59 f,1.48,1.1,285.0,0.1052,3415.0,0.3155,0.2923,2.8,2025
HIP 41378 g,2.5,22.3,605.0,,6290.0,1.3,1.22,6.81,2025
55 Cnc B b,1.69,4.0271,395.41,0.044,3286.0,0.274,0.26,3.5,2025
55 Cnc B c,2.16,0.4613,230.04,0.13,3286.0,0.274,0.26,5.3,2025
GJ 3090 c,3.14,4.58,407.2,0.0997,3707.0,0.516,0.519,10.0,2026
TOI-4336 A c,1.251,4.24,399.5,0.05092,3307.0,0.326,0.306,1.55,2026
TOI-260 b,1.71,10.1838,493.0,0.0943,4026.0,0.607,0.616,4.23,2024
HD 278555 b,11.02963701,79.4371,853.0,0.1985,6047.0,1.624,1.255,266.97586188,2026
Kepler-12 b,19.660586,877.539,1480.0,0.0553,5947.0,1.483,1.166,137.30256,2011
KOI-94 b,1.71,1053.181,1486.0,0.05119,6182.0,1.52,1.277,10.5,2013
Kepler-167 d,1.238,14.489,538.0,0.1404,4884.0,0.749,0.777,2.06,2016
Kepler-51 d,9.7,2.466,381.0,0.509,6018.0,0.94,1.04,7.6,2014
Kepler-51 c,9.0,4.331,439.0,0.384,6018.0,0.94,1.04,4.0,2012
Kepler-51 b,7.1,10.119,543.0,0.2514,6018.0,0.94,1.04,2.1,2012
Kepler-167 b,1.718,122.502,918.0,0.04825,4884.0,0.749,0.777,3.6,2014
KOI-94 c,4.32,268.219,1012.0,0.1013,6182.0,1.52,1.277,15.6,2013
KOI-94 e,6.56,29.7,584.0,0.3046,6182.0,1.52,1.277,35.0,2013
PH2 b,9.33708092,1.2,295.1,0.833,5734.0,0.949,0.966,87.08498352,2013
K2-33 b,5.04,89.6695,850.0,0.0409,3540.0,1.05,0.56,1175.971,2016
HAT-P-11 b,4.36,100.77,838.0,0.05258,4653.0,0.683,0.811,25.0,2010
K2-136 b,1.014,33.5,610.0,0.0707,4500.0,0.677,0.742,4.3,2017
HAT-P-52 b,11.309881,227.759,1218.0,0.03694,5131.0,0.893,0.887,259.98494,2015
TOI-4747 b,3.95803201,190.795,1035.0,,5595.08,0.988751,1.01,14.8,2026
Kepler-891 b,6.41,44.326,486.0,0.2881,5887.0,1.07,1.06,33.6,2016
Kepler-1159 b,2.37,80.984,677.0,0.1603,6217.0,1.28,1.19,6.21,2016
HATS-18 b,14.896761,2990.0,2069.48,0.0174,5600.0,1.02,1.037,629.144485,2016
GJ 676 A e,2.47,2.7678,351.55,0.181,3734.0,0.69,0.626,6.67439655,2012
Kepler-48 c,2.71,67.593,736.0,0.08633,5194.0,0.89,0.88,14.61,2012
Kepler-889 b,1.09,954.588,1328.0,0.04975,5961.0,1.25,1.14,1.32,2016
HR 2562 b,12.44199,0.0069,1255.0,22.2,6597.0,1.334,1.3,6992.224954,2016
Kepler-1804 b,1.59615726,164.61,913.0,0.1017,5109.0,1.671,0.929,3.18,2021
Kepler-1188 b,2.08,165.573,775.0,0.135,5913.0,1.06,1.04,4.98,2016
HD 21411 b,9.52,4.1365,408.17,0.362,5605.0,0.825605,0.89,65.9,2019
Kepler-1281 b,1.64,375.55,1123.0,0.0415,5353.0,0.83,0.87,3.33,2016
Kepler-128 b,1.421,227.398,968.0,0.12545,6072.0,1.659,1.184,3.79,2013
Kepler-1693 b,1.28938413,100.37,807.0,0.1011,5432.34,0.878295,0.95,2.21,2020
Kepler-104 b,3.1,119.907,852.0,0.094,5711.0,1.349,0.818,19.6,2014
Kepler-1849 b,2.38685349,3.76,355.0,0.2597,4806.0,0.729,0.709,6.29,2021
Kepler-1036 b,3.01,2.821,326.0,0.47726,5533.0,0.89,0.95,9.32,2016
Kepler-419 c,12.6,1.8888,315.55,1.68,6430.0,1.74,1.39,2320.1,2014
2MASS J22362452+4751425 b,12.3,0.0,10.3,230.0,4045.0,0.641152,0.6,3972.875,2016
Kepler-1191 b,1.51,167.184,952.0,0.0587,5308.0,0.81,0.85,2.89,2016
Kepler-511 c,4.20964327,101.6,742.0,0.17177,5866.0,1.417,0.958,16.5,2021
XO-5 b,12.78,397.4799,1230.0,0.0515,5430.0,1.13,1.04,378.2,2008
Kepler-1825 b,1.42200732,1264.7,1520.0,0.0187,5123.0,0.847,0.828,2.61,2021
Kepler-1074 b,1.25,27.569,568.0,0.0536,4002.0,0.57,0.6,2.1,2016
pi Men c,2.0189,309.0,1169.8,0.06839,5998.0,1.17,1.07,3.63,2018
TIC 183374187 b,14.03364384,,1379.0,,5768.0,1.344,0.853,177.98390792,2026
GJ 1061 d,1.16,0.6,242.03,0.054,2953.0,0.156,0.12,1.67,2020
Kepler-1987 d,2.66,72.38,744.0,0.0571,4769.0,0.714,0.799,7.56,2023
Kepler-245 b,2.57,77.749,753.0,0.071,5100.0,0.795,0.856,146.78,2014
Kepler-131 c,0.84,35.736,615.0,0.17391,5685.0,1.03,1.02,8.25,2014
Kepler-144 c,1.35,207.247,1046.0,0.094,6075.0,1.235,1.154,2.39,2014
HD 93385 c,2.56,128.3482,937.43,0.112,5977.0,1.18484,1.04,7.1,2021
Kepler-431 c,0.668,415.545,951.0,0.0847,6004.0,1.092,1.071,0.229,2015
HD 106270 b,12.4,0.511,237.07,3.34,5509.0,2.66,1.39,3623.2438398,2011
TOI-5720 b,1.09,41.7,708.0,0.018288,3325.0,0.383,0.383,4.3,2024
Kepler-203 d,1.44,121.816,855.0,0.1,5821.0,1.114,1.06,33.9,2014
Kepler-230 c,2.04,2.976,359.0,0.38,5588.0,0.817,0.784,4.82,2014
Kepler-1091 b,1.46,1740.858,1664.0,0.0252,5851.0,1.03,1.01,2.73,2016
Kepler-1129 b,2.96,32.265,737.0,0.16481,5831.0,1.0,1.0,9.06,2016
Kepler-472 b,3.22,139.236,876.0,0.04823,4996.0,0.78,0.85,10.5,2016
Kepler-1275 b,1.48,822.484,1368.0,0.0488,6296.0,1.36,1.23,2.79,2016
Kepler-1690 b,2.81109223,1.2,267.0,0.7097,5404.0,0.862346,0.94,8.3,2020
HD 75898 c,12.6,0.0528,135.2,7.39,6122.0,1.55,1.295,2698.36317543,2024
K2-386 b,2.32,,,,5749.0,0.97,0.911,5.99,2022
TOI-7510 c,10.81,92.4087,702.0,0.1595,5720.0,1.035,1.063,131.0,2025
Kepler-718 b,16.56,1324.2,1497.0,0.0322,6191.0,1.3,1.18,,2016
Kepler-1342 b,1.66,559.275,1283.0,0.0313,5527.0,0.9,0.93,3.39,2016
WASP-174 b,16.10730527,901.9,1528.0,0.05503,6399.0,1.347,1.24,104.88337431,2018
Kepler-1713 b,1.71673535,144.3,900.0,0.14185,6477.0,1.459,1.3,3.59,2021
Kepler-1121 b,1.91,205.272,1008.0,0.11818,6231.0,1.59,1.29,4.31,2016
Kepler-197 c,1.23,189.965,930.0,0.09,6004.0,1.12,0.857,5.3,2014
TOI-1294 b,10.12369881,311.498,1392.74,0.051,5718.0,1.5566,1.1578,63.9,2024
Kepler-1195 b,2.08,79.03,702.0,0.0726,4965.0,0.71,0.74,4.98,2016
GJ 328 b,13.3,0.0049,73.57,4.11,3897.0,0.63,0.65,797.74930157,2013
EPIC 212737443 c,2.69,2.2653,316.0,0.28,4684.0,0.673,0.69,7.7,2019
Kepler-1783 b,1.31946731,65.5,1088.0,0.07595,5129.0,1.781,0.887,2.3,2021
HD 50499 c,13.2,0.0292,116.69,9.02,6099.0,1.42,1.31,931.2419,2019
Kepler-874 b,3.94,31.624,560.0,0.2234,6020.0,1.13,1.09,14.7,2016
Kepler-235 b,2.23,44.0,731.0,0.037,4255.0,0.554,0.581,5.6,2014
HD 98219 b,13.4,7.0547,453.77,1.26,4925.0,4.6,1.41,624.21812,2011
Kepler-625 b,1.99,407.833,852.0,0.08137,5789.0,0.96,1.04,4.62,2016
Kepler-1178 b,1.07,23.237,378.0,0.1596,4990.0,0.75,0.8,1.24,2016
K2-407 b,1.283,,,,5563.0,0.927,0.881,2.19,2022
KOI-351 b,1.31,316.442,1062.0,0.074,6080.0,1.2,1.2,2.27,2013
WASP-151 b,13.30506009,460.0,1312.0,0.055,5871.0,1.181,1.081,100.43377661,2017
K2-289 b,9.1,27.3178,753.0,0.107,5529.0,1.025,0.953,61.0,2019
GJ 1002 b,1.03,0.67,230.9,0.0457,3024.0,0.137,0.12,1.08,2022
Kepler-1143 c,3.6,0.568,234.0,0.6477,5053.0,0.77,0.81,12.6,2016
TOI-2587 A b,12.07207221,728.0,1445.0,0.0635,5760.0,1.726,1.15,69.28659273,2023
Kepler-1154 b,2.34,652.966,1314.0,0.0631,6327.0,1.43,1.26,6.08,2016
Kepler-60 b,1.71,318.0,1102.0,0.07255,5905.0,1.257,1.041,4.19,2012
Kepler-85 c,1.978,61.929,706.0,0.10363,5505.2,0.875,0.928,2.15,2012
TOI-2081 b,2.04,8.1,488.0,0.0752,3800.0,0.534,0.54,4.82,2022
Kepler-1780 b,3.60600667,3.14,340.0,0.4276,5403.0,0.868,0.868,12.7,2021
Kepler-1818 b,1.71360684,504.23,1209.0,0.055,6047.0,1.129,1.021,3.58,2021
TOI-871 b,1.664,24.78,621.0,0.1054,4929.0,0.719,0.758,3.41,2024
GJ 251 c,1.8,0.404,216.0,0.196,3342.0,0.36,0.35,3.88,2025
Kepler-1518 c,2.9,338.33,1094.0,0.0905,6432.0,1.345,1.06,8.75,2023
Kepler-1718 b,2.5685207,3.7,345.0,0.48418,5731.0,0.906,0.846,7.12,2021
TOI-4914 b,12.87,18.1082,894.0,0.098,5805.0,1.0,1.03,227.0,2024
USco1556 b,12.3,0.0,2240.0,3500.0,3410.0,0.668108,0.33,4767.45,2019
Kepler-109 c,2.65,91.0,859.0,0.1546,5950.0,1.387,1.094,8.2,2014
Kepler-101 c,1.25,596.069,1413.0,0.0684,5667.0,1.56,1.17,3.78,2014
Kepler-1200 b,1.06,544.534,1174.0,0.0188,4612.0,0.7,0.74,1.2,2016
NY Vir b,13.3,2.178,338.12,3.3,32780.0,0.151,0.459,730.978,2011
TOI-4137 b,13.57407563,1013.0,1570.0,0.05222,6202.0,1.438,1.313,457.67290608,2022
Kepler-1630 b,2.19,0.26,182.0,1.1218,4736.0,0.63,0.66,5.43,2016
Kepler-475 b,2.49,215.462,980.0,0.03989,5009.0,0.79,0.86,6.76,2016
Kepler-1978 b,2.67,49.3,676.0,0.0914,5251.0,0.778,0.869,7.61,2023
Kepler-1836 b,2.55303229,338.15,1093.0,0.0602,6123.0,0.987,1.053,7.05,2021
Kepler-887 c,1.13,407.977,1089.0,0.0801,6194.0,1.29,1.19,1.51,2016
Kepler-350 c,3.1,138.415,888.0,0.1385,6492.3,1.25,1.0,6.1,2013
Kepler-816 b,10.24,50.563,668.0,0.0895,5286.0,0.85,0.9,74.5,2016
HD 51608 b,3.62,50.8256,759.92,0.1059,5358.0,0.916136,0.8,12.77,2019
HD 125390 b,11.9,1.0874,320.26,3.496,4882.0,6.47,1.82,8646.20398403,2019
Kepler-1947 b,1.0101666,229.4,1298.0,0.07375,6040.0,1.686,0.984,1.01,2021
Kepler-81 d,1.21,7.507,418.0,0.128,4500.0,0.595,0.648,1.92,2014
Kepler-1827 b,1.85644292,1113.4,1329.0,0.04647,5423.0,1.404,0.915,4.1,2021
TOI-1768.01,3.453,240.87,1566.0,0.076381,5994.0,1.1,1.1,11.8,2024
HIP 10090 c,13.9,1.9857,338.35,0.9,5661.0,1.38268,0.94,270.15414595,2026
Kepler-855 b,8.35,405.183,996.0,0.0762,5835.0,1.03,1.03,52.7,2016
TOI-205 b,2.50121142,1740.9224,1799.55,,6302.74,1.45382,1.2,6.81,2026
Kepler-1886 b,2.58158428,26.68,580.0,0.16,5745.0,0.837,0.928,7.18,2021
Kepler-279 c,4.3,60.157,774.0,0.2236,6689.45,1.07,1.1,49.4,2013
K2-401 b,2.262,,,,4213.0,0.675,0.87,5.74,2022
TOI-3807 b,18.49481816,1230.0,1646.0,0.0421,5772.0,1.468,1.181,330.54154328,2023
Kepler-931 b,1.33,72.44,744.0,0.0719,5241.0,0.81,0.86,2.33,2016
TOI-286 b,1.42,889.5827,979.0,0.0503,5152.0,0.78,0.832,4.53,2024
Kepler-106 e,2.56,20.294,531.0,0.24006,5858.0,1.04,1.0,11.17,2014
GSC 06214-00210 b,20.1762,0.0,2300.0,320.0,4200.0,0.90484,0.9,5000.0,2010
HD 89839 b,12.8,0.1067,159.03,4.713,6314.0,1.28588,1.21,1748.0562385,2023
Kepler-520 b,1.66,59.77,711.0,0.14628,6112.0,1.09,1.1,3.39,2016
Kepler-19 b,2.209,87.6,851.0,0.0846,5541.0,0.859,0.936,6.1,2011
Kepler-1102 b,2.66,22.981,546.0,0.2731,5724.0,0.94,0.96,7.56,2016
Kepler-371 c,1.78,17.063,443.0,0.313,5666.0,0.992,0.876,3.82,2014
K2-338 b,1.03,,783.0,,4558.0,0.63,0.66,1.08,2021
KELT-16 b,15.860735,6992.0328,2453.0,0.02044,6236.0,1.36,1.211,874.0325,2017
Kepler-1681 b,2.55321772,5.33,442.0,0.32,5756.4,0.759,0.893,7.05,2020
TOI-544 c,4.92,,,,4169.0,0.623,0.631,21.5,2023
Kepler-251 d,2.77,17.477,536.0,0.182,5526.0,0.89,0.891,8.1,2014
HD 180902 b,13.5,4.7959,412.37,1.4,4961.0,4.16,1.41,535.54355,2009
TOI-5624 e,3.247,21.9904,613.8,0.1439,5327.0,0.82,0.858,8.9,2026
KOINTREAU-1 b,12.4,,,690.0,3551.0,,0.26,3368.9811142,2026
K2-414 c,1.9287,56.13,762.62,0.0552,4343.0,0.732,0.814,4.38,2022
Kepler-1154 c,2.36,339.573,1117.0,0.0875,6327.0,1.43,1.26,6.17,2016
Kepler-863 b,2.9,117.828,718.0,0.122,5678.0,0.95,0.96,8.75,2016
Kepler-278 c,3.268,54.3,492.0,0.287,4965.0,2.861,1.227,34.9,2014
GJ 180 d,2.66,0.1362,187.94,0.309,3371.0,0.413049,0.43,7.56,2020
K2-86 b,1.96,78.0,830.49,0.077,5482.0,0.76,0.79,4.5,2016
HD 196050 b,12.9,0.2591,207.52,2.65,5879.0,1.42,1.27,1493.7935129,2002
Kepler-564 b,4.63,389.404,1129.0,0.0484,5626.0,0.92,0.95,19.4,2016
Kepler-878 b,1.93,27.009,501.0,0.165,5044.0,0.77,0.81,4.38,2016
HD 120084 b,12.7,3.0851,369.24,4.21,4879.0,10.37,2.16,2034.1018048,2013
TOI-2384 b,11.48920522,104.3,889.7,0.02793,3943.0,0.6113,0.635,624.85064816,2024
Kepler-82 d,1.77,484.351,1253.0,0.034,5428.0,0.945,0.946,885.098,2014
Kepler-338 b,2.44,256.606,1005.0,0.117,5923.0,1.735,1.105,30.6,2014
KOI-884 e,9.54,,,,5060.0,0.788,0.887,66.05405,2014
K2-87 b,7.6,85.0,979.0,0.094,5747.0,1.401,1.164,44.9,2016
Kepler-983 b,2.36,30.997,485.0,0.3148,6052.0,1.08,1.13,6.17,2016
Kepler-1948 b,1.03283226,5.98,399.0,0.1022,3872.0,0.557,0.585,1.09,2021
Kepler-444 c,0.497,165.73,868.0,0.04881,5046.0,0.752,0.758,0.0793,2015
Kepler-1173 b,0.89,1462.098,1650.0,0.0156,5252.0,0.82,0.86,0.64,2016
HD 219077 b,12.5,0.0755,146.68,5.935,5362.0,1.91,0.92,3057.50927534,2012
Kepler-458 c,4.2,279.787,798.0,0.17012,6117.21,2.21562,1.15,16.4,2016
Kepler-1608 b,1.73,33.22,612.0,0.1126,4992.0,0.72,0.75,3.64,2016
TOI-2093 b,3.25,19.5345,535.0,0.097,4426.0,0.729,0.745,10.6,2025
EPIC 212499991 b,1.6,,,,4982.79,0.757541,0.912,3.19,2019
Kepler-759 b,2.27,19.02,533.0,0.2329,5860.0,1.04,1.04,5.77,2016
Kepler-563 b,3.09,18.738,546.0,0.1418,5066.0,0.77,0.8,9.75,2016
Kepler-296 f,1.8,0.62,274.0,0.255,3740.0,0.48,0.498,3.89,2014
Kepler-534 b,2.24,63.95,721.0,0.1272,5884.0,0.98,1.05,5.65,2016
TOI-512 b,1.54,127.0,1009.0,,5277.0,0.89,0.74,3.57,2025
HD 75784 b,13.8,5.3535,425.98,1.032,4867.0,3.4,1.26,317.83,2014
Kepler-172 c,2.86,227.225,970.0,0.068,5526.0,1.085,1.081,8.55,2014
Kepler-1340 b,1.55,4793.001,2174.0,0.01523,6331.0,1.42,1.27,3.02,2016
Kepler-1115 b,1.7,516.101,1381.0,0.2134,8480.0,1.73,1.6,3.53,2016
KIC 5437945 b,6.4,2.9,308.0,1.19671,6340.0,1.24,1.07,33.6,2015
Kepler-1859 c,1.66,732.82,1327.0,0.0473,5887.0,1.235,1.09,3.39,2023
Kepler-1201 b,2.29,89.431,789.0,0.1183,6177.0,1.24,1.15,5.86,2016
Kepler-232 c,3.83,116.524,806.0,0.101,5847.0,0.968,0.97,14.0,2014
tau Cet g,1.18,27.9835,639.65,0.133,5310.0,0.83,0.783,1.75,2017
Kepler-151 b,3.06,40.728,639.0,0.116,5460.0,0.83,0.87,9.59,2014
TOI-201 b,11.4,68.4513,759.0,0.303,6423.0,1.31,1.32,164.0,2021
Kepler-207 d,3.31,732.604,1254.0,0.068,5920.0,1.588,1.313,11.0,2014
GJ 887 e,1.12,20.9,544.0,0.0417,3688.0,0.468,0.495,1.46,2026
WASP-108 b,15.13212395,1360.1641,1589.0,,6783.0,1.34415,1.167,283.50293904,2020
Kepler-1521 b,2.5,5.122,391.0,0.23476,5042.0,0.76,0.81,6.8,2016
Kepler-238 c,2.39,592.298,1146.0,0.069,5751.0,1.43,1.229,152.522,2014
GJ 676 A d,1.78,59.6154,757.36,0.039,3734.0,0.69,0.626,3.81394088,2012
Kepler-620 b,3.32,219.051,849.0,0.1053,6155.0,1.22,1.15,11.0,2016
TOI-2989 b,12.55405838,124.0,1001.0,0.0384,4672.0,0.76,0.77,953.485221,2025
Kepler-349 c,1.96,94.491,763.0,0.105,5956.0,0.927,1.083,4.5,2014
Kepler-1231 b,1.42,117.515,870.0,0.0914,5778.0,1.0,1.01,2.6,2016
Kepler-274 b,1.54,147.812,961.0,0.101,6023.0,1.007,0.883,2.99,2014
Kepler-832 b,2.06,256.828,965.0,0.075,5596.0,0.9,0.92,4.9,2016
Kepler-1889 b,2.94360686,14.0,493.0,0.2082,5646.0,0.817,0.864,8.98,2021
Kepler-988 b,2.07,6.56,368.0,0.1085,4005.0,0.53,0.55,4.94,2016
TOI-880 c,4.95,73.9967,805.0,0.0635,5050.0,0.83,0.87,21.7,2025
HD 12235 b,3.23,1287.9273,1667.37,0.054,5986.0,1.80185,1.1,10.48833743,2022
Kepler-444 f,0.741,59.915,673.0,0.0811,5046.0,0.752,0.758,0.332,2015
GJ 887 c,2.43,2.5,320.0,0.121,3688.0,0.468,0.495,6.5,2020
Kepler-524 b,1.91,434.237,974.0,0.07955,6014.0,1.1,1.09,4.31,2016
Kepler-1075 b,1.42,143.968,818.0,0.0208,3959.0,0.54,0.56,2.6,2016
Kepler-368 b,3.26,107.58,800.0,0.186,5502.0,2.019,1.165,10.7,2014
Kepler-115 b,1.09,1215.757,1489.0,0.036,5979.0,1.205,1.042,1.32,2014
Kepler-1735 b,1.19429134,15.01,502.0,0.0621,3975.0,0.509,0.535,1.84,2021
TOI-1898 b,9.39553231,51.0074,674.54,0.269,6241.0,1.6131,1.2484,129.0,2024
Kepler-1130 c,0.79239584,316.9,1072.0,0.04238,5450.0,0.842,0.944,0.422,2021
HD 20782 b,13.6,0.6863,253.34,1.3649,5782.13,1.12681,1.04,472.83,2006
Kepler-1376 b,1.05,278.902,1042.0,0.0598,5659.0,0.97,0.98,1.16,2016
Kepler-1190 b,1.33,24.211,609.0,0.0845,4730.0,0.72,0.76,2.33,2016
Kepler-450 b,6.14,94.325,769.0,0.20092,6197.21,1.64162,1.19,19.4,2015
Kepler-758 d,2.12,173.171,843.0,0.1527,6228.0,1.42,1.16,5.14,2016
HAT-P-47 b,14.71739166,379.567,1605.0,,6703.0,1.515,1.387,65.47265184,2026
HD 135625 b,13.3,0.0758,146.04,5.4,6040.64,1.35743,1.28,731.0053361,2023
TOI-2211.01,1.561,296.13,1056.92,0.04011,5253.0,0.834,0.9,3.06,2024
Kepler-124 b,0.73,198.843,892.0,0.039,4984.0,0.636,0.706,0.315,2014
Kepler-1259 b,1.43,2460.582,1681.0,0.0141,5053.0,0.77,0.8,2.63,2016
TOI-1859 b,9.75181321,23.786,615.0,0.337,6341.0,1.36,1.287,68.6,2023
TOI-1836 b,8.00321222,153.5185,966.0,0.1597,6380.0,1.577,1.307,38.45723725,2024
Kepler-616 b,2.43,129.18,860.0,0.0927,5753.0,0.97,0.98,6.48,2016
HD 141399 e,14.1,0.0636,142.24,5.0,5600.0,1.387236,1.07,209.7678,2014
Kepler-1008 b,1.28,35.408,627.0,0.09755,5066.0,0.78,0.81,2.18,2016
TOI-2133 b,2.37,81.1072,798.0,0.041,4250.0,0.62,0.644,6.21,2026
Kepler-1979 b,29.33,51.32,683.0,0.1383,5942.0,0.938,1.028,,2023
TOI-2406 b,2.86,6.69,449.0,0.02267,3100.0,0.204,0.166,15.6,2021
WASP-157 b,11.19,482.1005,1193.0,0.0499,5772.0,1.1,1.06,182.43442,2016
Kepler-1183 b,2.82,61.663,555.0,0.1793,5765.0,0.99,1.0,8.35,2016
Kepler-331 d,1.64,6.065,346.0,0.159,4347.0,0.492,0.653,3.33,2014
TOI-5322 b,16.6117094,554.0,1350.0,0.0604,5692.0,1.462,0.998,184.02264765,2025
HD 457 b,11.9,0.0088,85.15,15.369,6114.04,1.28194,1.15,8445.3364308,2022
HD 112640 b,12.9,98.0969,959.65,1.7,4155.0,39.0,1.8,1589.15,2020
Kepler-1647 b,11.8739,0.5956,242.92,2.7205,6210.0,1.7903,1.2207,483.0,2016
Kepler-1197 b,1.25,267.142,1011.0,0.02869,4708.0,0.72,0.78,2.1,2016
HD 153557 b,4.77,59.2234,772.12,0.068,4837.0,0.745171,0.79,20.34101805,2022
Kepler-1939 b,1.16480773,104.74,816.0,0.0334,4353.0,0.603,0.648,1.68,2021
TIC 117642575 b,2.82716337,,,,5719.98,1.08102,1.06,8.38,2026
Kepler-621 b,2.3,69.56,737.0,0.031,4521.0,0.68,0.72,5.9,2016
Kepler-1113 b,2.81,22.849,558.0,0.2415,5931.0,1.17,1.12,8.3,2016
Kepler-142 b,1.99,1247.908,1597.0,0.032,5790.0,1.269,0.978,4.62,2014
Kepler-662 b,2.18,23.824,530.0,0.1408,4897.0,0.74,0.79,5.39,2016
Kepler-1336 c,1.71,662.713,1260.0,0.06272,5512.0,1.3,0.94,3.57,2016
TOI-216.02,8.0,25.9,628.0,0.1293,5026.0,0.748,0.77,18.75187601,2019
Kepler-236 c,2.0,3.802,329.0,0.132,3750.0,0.51,0.596005,4.66,2014
HD 196067 b,12.4,0.1596,176.42,4.71,6072.0,1.71,1.16,3623.2438398,2012
Kepler-1210 b,1.7,152.047,856.0,0.0753,5568.0,0.92,0.94,3.53,2016
Kepler-91 b,15.322703,3273.324,2040.0,0.0731,4550.0,6.3,1.31,257.4423,2013
K2-290 b,3.06,308.9946,1230.0,0.0923,6302.0,1.511,1.194,10.9,2019
Kepler-1766 b,2.27904508,7.8,406.0,0.4161,5868.0,1.042,0.915,5.81,2021
HD 176986 c,,22.9,558.0,0.11873,4931.0,0.782,0.789,2097.98531461,2017
K2-170 c,1.8017647,,,,5748.0,0.981614,0.963657,3.9,2018
HD 72490 b,13.5,3.4894,386.45,1.88,4934.0,4.96,1.21,561.92344,2018
HD 12661 c,13.2,0.1459,174.06,2.8145,5748.0,1.11,1.02,899.45439181,2002
Kepler-1061 b,1.98,788.501,1332.0,0.0388,6067.0,1.07,1.09,4.58,2016
Kepler-1904 b,1.3904994,24.38,567.0,0.0436,3805.0,0.497,0.526,2.51,2021
Kepler-473 b,4.08,243.376,879.0,0.12048,5816.0,1.34,1.06,15.6,2016
HD 14787 b,13.7,4.5099,409.43,1.7,4946.0,5.01,1.43,356.28743,2018
WASP-106 b,12.10569916,327.8307,1140.0,0.0901,6002.0,1.47,1.175,613.40882551,2014
TOI-6158 b,10.4,27.3,636.0,0.03275,3467.0,0.476,0.503,135.0,2026
Kepler-1840 b,2.77771129,1.3,284.0,0.46206,4898.0,0.803,0.774,8.13,2021
kap And b,15.91675259,0.0207,1791.0,55.0,11327.0,2.109,2.768,5498.4314411,2012
Kepler-1751 b,1.82417378,221.46,984.0,0.0712,6052.0,0.967,0.974,3.98,2021
Kepler-1067 b,0.8,2761.757,1872.0,0.0164,5592.0,0.93,0.95,0.437,2016
TOI-2578 b,19.66055215,1667.0,1778.0,0.0495,6333.0,1.64,1.27,167.17774208,2026
Kepler-624 b,2.31,130.757,852.0,0.11638,6117.0,1.18,1.1,5.95,2016
TOI-5349 b,10.2,44.5,719.0,0.0369,3751.0,0.58,0.61,127.4,2026
TOI-1294 c,14.3,6.2779,440.45,0.61,5718.0,1.5566,1.1578,147.0,2024
Kepler-1039 b,1.46,668.128,2080.0,0.01714,4870.0,0.74,0.79,2.73,2016
HAT-P-60 b,18.28184752,1634.0,1772.0,0.06277,6212.0,2.197,1.435,182.43350562,2021
HD 88986 b,2.49,7.3543,460.0,0.58,5861.0,1.543,1.25,17.2,2023
HD 215152 e,,12.6318,517.82,0.15417,4935.0,0.73,0.77,975.41538108,2018
Kepler-704 b,2.61,514.124,1121.0,0.047,5616.0,0.96,0.97,7.32,2016
K2-385 b,1.539,,,,4844.0,0.761,0.927,2.98,2022
Kepler-1432 b,2.22,119.237,709.0,0.1696,6031.0,1.13,1.09,5.56,2016
Kepler-135 c,1.16,209.967,975.0,0.103,6090.0,1.275,1.047,1.65,2014
Kepler-950 b,8.98,3.97,360.0,0.3982,5857.0,1.02,1.02,59.6,2016
HD 73526 b,13.1,5.1529,414.37,0.65,5601.0,1.53,1.14,978.9164,2002
HD 207897 b,2.34302132,26.5,581.75,0.117,5106.0,0.7827,0.8208,14.8,2021
Kepler-1459 b,1.36,3.511,349.0,0.2829,4828.0,0.74,0.78,2.42,2016
Kepler-1358 b,1.12,98.834,827.0,0.0656,5181.0,0.79,0.82,1.46,2016
HD 360 b,14.0,57.4344,765.69,0.98,4770.0,10.86,1.69,238.37130525,2021
TOI-4030 b,5.8462559,609.961,1384.0,,5640.37,0.991737,0.98,28.8,2026
Kepler-741 b,2.97,461.993,1051.0,0.0744,6129.0,1.24,1.16,9.11,2016
Kepler-1299 b,2.98,45.146,588.0,0.1357,5609.0,0.91,0.94,9.17,2016
Kepler-1806 b,2.35560189,66.89,729.0,0.0813,5311.0,0.788,0.884,6.15,2021
TOI-375 c,13.4,21.07,596.0,0.524,5259.9,2.9,1.441,669.34662514,2026
Kepler-1048 b,1.61,96.976,619.0,0.059,4651.0,0.7,0.75,3.22,2016
Kepler-749 b,3.1,24.631,454.0,0.1054,5009.0,0.75,0.79,9.8,2016
HD 102329 b,12.6,5.9827,532.95,1.81,4745.0,9.82,3.21,2593.4928,2011
TOI-1194 b,8.71664516,203.685,1264.29,0.034,5394.0,0.9608,0.9835,120.0,2023
Barnard d,0.694,10.0441,483.0,0.0188,3195.0,0.185,0.162,0.263,2025
Kepler-1951 b,2.32107188,66.27,728.0,0.1435,5468.0,1.306,0.923,6.0,2021
HIP 114933 b,13.4,1.711,316.81,2.84,4823.0,5.27,1.39,616.58710958,2021
Kepler-1305 b,1.88,103.51,733.0,0.1109,5701.0,0.96,0.97,4.19,2016
Kepler-598 b,1.5,265.407,1050.0,0.04487,5307.0,0.86,0.87,2.86,2016
HD 185283 b,13.6,0.013,93.97,4.6,4848.0,0.743303,0.8,413.1769291,2023
Kepler-1920 b,2.95415848,44.87,660.0,0.2043,6277.0,1.161,1.239,9.03,2021
HD 65216 b,13.6,0.4185,222.56,1.301,5612.0,0.88,0.874,411.58985,2003
Kepler-954 b,2.32,21.531,545.0,0.1202,4990.0,0.76,0.82,5.99,2016
EPIC 206042996 c,1.2,,,,4114.0,0.5,0.565,1.87,2021
HATS-38 b,6.882326,464.7,1294.0,0.05036,5732.0,1.105,0.89,23.51942,2020
Kepler-1388 c,2.26,51.044,566.0,0.0519,4098.0,0.61,0.63,5.73,2016
TIC 178172313 b,2.80405322,,,,5405.59,0.84345,0.91,8.27,2026
Gliese 12 b,0.93,1.62,314.6,0.067,3328.0,0.265,0.255,0.95,2024
Kepler-266 c,3.89,5.592,421.0,0.457,5885.0,1.028,0.947,14.4,2014
NGTS-30 b,10.40193409,172.857,500.0,0.408,5455.0,0.913,0.94,305.11527072,2024
Kepler-1388 e,2.46,3.97,299.0,0.1861,4098.0,0.61,0.63,6.62,2016
Kepler-1311 b,1.24,296.92,1019.0,0.10082,5748.0,1.4,1.05,2.07,2016
Kepler-1991 c,2.57,38.27,634.0,0.1528,5478.0,1.053,0.914,7.13,2023
Kepler-126 d,2.5,14.714,475.0,0.448,6239.0,1.358,1.108,54.59018723,2014
TOI-4029 b,6.73756618,282.509,1142.0,,5662.53,1.17834,1.018,36.6,2026
Kepler-2001 b,1.04,911.28,1402.0,0.0197,5081.0,0.77,0.864,1.12,2023
Kepler-1247 b,2.33,41.472,676.0,0.1091,5303.0,0.82,0.86,6.04,2016
Kepler-68 e,11.2,0.0805,147.35,4.6,5847.0,1.2564,1.057,86.4493267,2023
Kepler-1406 b,1.1,125.89,854.0,0.0987,5892.0,1.12,1.05,1.37,2016
Kepler-1682 b,2.88940836,54.74,694.0,0.1134,5619.12,0.842301,0.99,8.7,2020
Kepler-174 d,2.19,0.53,212.0,0.677,4880.0,0.622,0.602,5.43,2014
Kepler-326 b,1.52,783.449,1127.0,0.032,5105.0,0.801,0.91,44.6,2014
GJ 3998 d,2.34,1.2,292.23,0.189,3726.0,0.5,0.52,6.07,2025
HD 205158 b,13.9,143.454,963.25,0.177,6133.55,1.87741,1.16,124.58873554,2022
HD 219134 h,12.7,0.0321,117.88,3.11,4913.0,0.77,0.794,108.0622,2015
K2-183 c,2.3,84.9927,787.0,0.0932,5482.0,0.87,0.942219,5.9,2018
NGTS-21 b,14.90794433,514.2853,1357.0,0.0236,4660.0,0.86,0.72,750.07504052,2022
Kepler-1519 b,7.06,3.944,342.0,0.7655,5644.0,0.91,0.94,39.6,2016
TCP J05074264+2447555 b,4.72,2.3507,344.63,0.94,5805.0,1.42487,0.586,20.0,2018
TOI-2459 b,2.9531,8.5187,445.01,,4195.0,0.6751,0.66,9.03,2023
Kepler-784 b,1.58,194.385,688.0,0.22111,5674.0,1.32,1.0,3.12,2016
TOI-2641 b,18.10250383,602.0,1387.0,0.0607,6100.0,1.336,1.16,122.6817651,2023
Kepler-255 c,2.99,83.264,807.0,0.092,5573.0,0.933,0.867,9.22,2014
HD 51608 c,3.87,3.9287,400.69,0.3809,5358.0,0.916136,0.8,14.31,2019
TIC 434398831 c,5.63,166.3776,1050.0,0.06572,5638.0,0.909,0.992,27.0,2025
TOI-3082 b,3.6621,131.648,1032.78,,4263.0,0.6847,0.664,13.0,2023
Kepler-1037 b,1.28,1015.434,1650.0,0.0198,5105.0,0.78,0.82,2.18,2016
TOI-2141 d,3.97,9.8,491.4,0.2906,5635.0,0.95,0.896,14.9,2025
HD 88133 b,13.8,1368.0872,1762.08,0.0479,5392.0,2.2,1.26,324.1866,2004
TOI-1448 b,2.749,5.45,426.0,0.0567,3412.0,0.38,0.372,19.5,2024
TIC 294329732 b,2.07692266,,,,5201.93,0.920172,0.89,4.97,2026
WISPIT 2 c,17.93436912,0.0034,2050.0,14.0,4530.0,1.3,1.08,3178.28407,2026
K2-272 b,3.13,49.181,747.0,0.1007,5397.0,0.83,0.86,9.96,2018
TOI-3474 b,14.67255574,740.0,1451.0,0.0502,6020.0,1.256,1.121,193.87532827,2025
Kepler-825 c,1.84,261.628,981.0,0.0759,5976.0,1.08,1.03,4.04,2016
Kepler-382 b,1.32,381.465,1166.0,0.055,5600.0,0.945,1.002,2.3,2014
Kepler-266 b,2.48,230.403,1066.0,0.071,5885.0,1.028,0.947,6.71,2014
Kepler-1962 b,1.21463929,155.95,901.0,0.0783,5700.0,1.006,1.003,1.95,2021
TOI-1266 d,1.74,1.3,288.0,0.1513,3563.0,0.4232,0.437,3.68,2025
Kepler-691 b,2.09,12.995,460.0,0.0649,3715.0,0.5,0.53,5.02,2016
HD 142415 b,13.5,1.0219,283.72,1.06,5940.0,1.04,1.07,530.7761,2003
WASP-167 b,17.71022,3208.41,2329.0,0.0365,7000.0,1.79,1.59,2542.64,2017
K2-412 b,2.116,243.518,1100.64,0.0586,5590.0,0.977,0.893,5.13,2022
Kepler-1441 b,1.31,33.046,682.0,0.2346,5802.0,1.0,1.0,2.27,2016
CoRoT-28 b,10.704595,672.7522,1349.25,0.0603,5150.0,1.78,1.01,153.82972,2015
Kepler-37 c,0.755,23.9,615.0,0.139,5357.0,0.789,0.79,1.3,2013
Kepler-138 c,1.51,6.8,410.0,0.0913,3841.0,0.535,0.535,2.3,2014
Kepler-46 d,1.64,92.346,845.0,0.067,5309.0,0.79,0.883,3.33,2014
Kepler-1755 b,5.91688317,37.43,631.0,0.1668,6086.0,0.921,1.003,29.4,2021
Teegarden's Star c,1.02,0.35,209.0,0.0455,3034.0,0.12,0.097,1.05,2019
HD 219828 b,4.59,1095.4885,1602.83,0.049,5891.0,1.56,1.04,19.06970442,2007
Kepler-835 b,2.79,170.33,921.0,0.107,5954.0,1.11,1.08,8.2,2016
Kepler-1666 c,3.23564749,26.34,578.0,0.2383,6293.0,1.14586,1.23,10.5,2020
Kepler-1143 b,1.67,173.056,976.0,0.0371,5053.0,0.77,0.81,3.43,2016
KOI-4777.01,0.51,320.0,1180.0,0.008,3515.0,0.4,0.41,99.2,2022
Kepler-79 d,7.15,33.874,592.0,0.2937,6389.0,1.316,1.244,5.3,2014
Kepler-190 b,1.56,417.238,1166.0,0.03,5106.0,0.795,0.834,3.05,2014
NGTS-17 b,13.89913607,1160.0,1457.0,0.0391,5650.0,1.337,1.025,242.82090295,2021
Kepler-354 c,1.31,14.404,508.0,0.115,4648.0,0.674,0.652,2.27,2014
TIC 198190129 b,2.92284949,,,,4377.53,0.640675,0.638,8.87,2026
Kepler-1933 b,1.17984089,250.5,1058.0,0.05605,5661.0,1.008,0.964,1.76,2021
TOI-5811 B b,21.96960217,1320.0,1530.0,0.0731,4840.0,3.73,1.08,257.44100967,2026
Kepler-1041 b,2.94,117.956,644.0,0.1688,5957.0,1.08,1.06,8.96,2016
KIC 10525077 b,5.5,,,,6091.0,1.01,1.01,25.9,2015
K2-70 b,2.89,62.0,783.99,0.1112,5622.0,0.93,0.94,8.7,2016
TOI-5704 b,3.2274,125.0643,949.07,,4590.0,0.7575,0.73,10.5,2023
HATS-4 b,11.433,558.828,1315.0,0.0362,5403.0,0.925,1.001,420.471,2014
Kepler-121 b,2.34,220.489,997.0,0.039,5311.0,0.701,0.859,6.08,2014
HD 163607 b,13.9,20.0716,587.13,0.362,5522.0,1.76,1.12,249.051588,2012
TOI-1453 b,1.173,132.6,944.2,,4975.0,0.72,0.715,2.32,2025
Kepler-395 c,1.32,2.11,341.0,0.177,4262.0,0.556,0.622827,2.3,2014
TOI-7393 b,11.3,51.8,747.0,0.03664,3927.0,0.582,0.6,194.78,2026
HIP 81991 b,12.5,0.1185,163.28,6.4,5100.0,2.82111,1.09,3019.3698665,2026
Kepler-1965 b,1.35415138,13.8,492.0,0.22971,5852.0,0.837,0.928,2.4,2021
DMPP-8 b,10.8,17.7838,579.7,0.3098,6009.0,1.24,0.99,81.09,2026
Kepler-501 b,4.3,324.856,1125.0,0.0627,5904.0,1.04,1.03,17.1,2016
TOI-892 b,11.99363,571.007,1397.0,0.092,6261.0,1.39,1.28,301.9385,2020
Kepler-1898 b,0.93353523,204.6,1167.0,0.05063,5702.0,1.125,0.837,0.76,2021
Kepler-1274 b,1.42,975.81,1384.0,0.08161,6179.0,2.17,1.45,2.6,2016
G 9-40 b,1.9,6.27,440.6,0.0418,3395.0,0.3026,0.2952,4.0,2019
K2-46 b,2.05,119.0,889.0,0.13821,6256.0,1.29,0.96,4.86,2016
K2-199 c,2.85,38.6,694.0,0.0662,4491.0,0.682,0.711,12.4,2018
TOI-2005 b,11.99360935,525.9409,1221.39,0.16,7130.0,2.02,1.59,2034.1018048,2025
Kepler-1065 b,3.73,419.91,1092.0,0.0455,5635.0,0.93,0.94,13.4,2016
TOI-7394 B b,11.5,156.7,986.0,0.01913,3717.0,0.609,0.624,668.74,2026
HD 112300 b,12.2,284.1257,1240.35,1.33,3657.0,65.8,1.4,5031.22368281,2023
TOI-5614 b,3.21759316,74.1594,817.0,,4553.0,0.734919,0.674,10.4,2026
Kepler-793 b,1.37,617.407,1177.0,0.0491,5745.0,0.97,0.98,2.45,2016
Kepler-307 c,2.2,44.0,739.0,0.10896,5367.0,0.814,0.907,3.64,2013
Kepler-613 b,2.29,66.269,713.0,0.1232,5723.0,0.96,0.98,5.86,2016
K2-138 g,3.013,9.29,445.0,0.23109,5356.3,0.863,0.935,4.32,2021
HD 128311 b,13.5,0.262,200.47,1.084,4965.0,0.76,0.828,562.24127,2002
Kepler-20 b,1.773,331.0,1187.0,0.04565,5495.0,0.9164,0.929,9.7,2011
Kepler-1634 b,3.19,0.544,282.0,1.0525,5474.0,0.89,0.92,10.3,2016
MOA-2020-BLG-108L b,12.4,,,3.69,,,0.58,3391.22910269,2026
HD 715 b,11.99360935,67.3,798.0,0.336,6070.0,2.5,1.6,201.82103844,2026
Kepler-445 d,1.25,4.314,305.0,0.0439,3157.0,0.21,0.18,2.1,2015
Kepler-1701 b,2.22186207,1.3,273.0,0.5738,5146.0,0.840217,0.87,5.57,2020
Kepler-1835 b,3.53387773,100.96,808.0,0.0997,5903.0,0.961,0.922,12.2,2021
Kepler-1024 b,3.91,5.446,376.0,0.3033,5143.0,0.78,0.81,14.5,2016
Kepler-1545 b,2.7,1.408,274.0,0.5442,5201.0,0.8,0.84,7.75,2016
Kepler-1774 b,3.18179549,16.4,522.0,0.29496,6214.0,1.122,1.101,10.2,2021
KOBE-1 b,2.91,20.56,594.4,0.07006,4135.0,0.619,0.629,8.8,2025
Kepler-1852 b,1.88610592,79.1,760.0,0.0762,5237.0,0.826,0.927,4.22,2021
Kepler-1196 b,2.23,8.302,436.0,0.3179,5756.0,0.97,0.98,5.6,2016
TOI-1221 b,2.91,6.06,440.0,0.387,5592.0,1.031,0.93,1112.3994245,2023
Kepler-324 c,3.15,7.233,410.0,0.26,5194.0,0.84,0.901,6.2,2014
Kepler-1122 b,2.04,23.263,526.0,0.2315,5544.0,0.89,0.92,4.82,2016
Kepler-1826 b,1.47519116,99.32,806.0,0.0213,3821.0,0.486,0.49,2.78,2021
HD 134606 c,3.37,12.84,527.65,0.3007,5576.0,1.158,1.046,11.31,2024
TIC 150070085 b,3.62,,945.06,,5999.0,1.086,1.16,12.8,2026
HIP 75092 b,13.5,2.5659,353.19,2.02,4891.0,4.53,1.28,568.91284853,2021
Kepler-828 b,1.51,1835.159,1848.0,0.01228,5039.0,0.77,0.81,2.89,2016
HD 5278 b,2.45,132.0,943.0,0.1202,6203.0,1.194,1.126,7.8,2021
Kepler-1157 b,1.09,95.443,732.0,0.0448,4679.0,0.71,0.76,1.32,2016
Kepler-1610 b,1.61,56.212,750.0,0.0777,5383.0,0.87,0.91,3.22,2016
Kepler-1245 c,1.44,328.984,1190.0,0.0372,5306.0,0.83,0.86,2.67,2016
Kepler-297 d,32.6,2.62,325.0,0.523,5618.0,0.897,0.846,,2023
Kepler-431 b,0.764,577.545,1032.0,0.0719,6004.0,1.092,1.071,0.37,2015
DMPP-4 b,3.53,1222.8464,1645.69,0.04853,6400.0,1.38,1.25,12.2,2023
Kepler-184 d,2.49,18.557,559.0,0.179,5788.0,0.873,0.872,6.76,2014
Kepler-1140 b,2.77,13.051,500.0,0.1478,4850.0,0.73,0.76,8.1,2016
TOI-1799 b,1.642,164.26,922.72,0.072502,5690.0,0.957,1.01,4.0,2024
Kepler-1696 b,2.80982017,10.04,454.0,0.3244,5712.0,1.19811,1.02,8.29,2020
Kepler-928 b,1.59,111.11,894.0,0.0444,4700.0,0.7,0.73,3.15,2016
Kepler-153 c,2.53,6.422,458.0,0.237,5404.0,0.892,0.756,6.94,2014
HD 73256 c,12.2,0.0511,133.92,3.8,5570.0,0.944723,1.0,5085.254512,2023
HD 175541 b,14.1,9.0363,501.11,0.975,5013.0,4.19,1.39,190.06234,2007
HD 219134 g,3.28,2.2009,339.34,0.3753,4913.0,0.77,0.794,10.80622,2015
Kepler-708 b,2.93,684.765,1221.0,0.0426,5692.0,0.96,0.97,8.91,2016
WASP-54 b,17.71022,1639.1072,1759.0,0.04988,6100.0,1.76,1.08,187.5197,2012
K2-250 b,2.71257333,169.218,1003.0,0.04606,5003.0,0.797,0.809,7.81,2018
Kepler-1325 b,2.86,18.153,564.0,0.2004,5550.0,0.91,0.93,8.55,2016
Kepler-703 b,8.2,373.108,1038.0,0.0535,6185.0,1.27,1.18,51.1,2016
TOI-1533 c,7.5,25.9007,628.0,0.076,5146.0,0.849,0.88,36.6,2026
Kepler-957 b,5.5,124.911,769.0,0.0559,4963.0,0.75,0.81,25.9,2016
TOI-3856 b,13.59649359,949.0,1544.0,0.0325,5622.0,1.055,1.096,171.62733978,2025
Kepler-1740 b,3.32321414,127.95,858.0,0.0779,5705.0,0.905,0.943,11.0,2021
Kepler-176 d,2.51,15.536,501.0,0.163,5232.0,0.891,0.86,1.72,2014
K2-150 b,2.0,4.9,413.19,0.0727,3499.0,0.436,0.457,4.66,2018
Kepler-307 b,2.43,59.7,797.0,0.09359,5367.0,0.814,0.907,7.44,2013
Kepler-755 c,1.26,302.574,1016.0,0.037,5043.0,0.77,0.82,2.13,2016
Kepler-607 c,2.76001201,8.8,473.0,0.21507,5244.0,0.888,0.808,8.05,2021
TOI-540 b,0.903,23.4,611.0,0.01223,3216.0,0.1895,0.159,0.674,2020
K2-320 b,2.62,37.1662,698.0,0.0142,3157.0,0.3,0.117,7.37,2020
Kepler-1523 b,1.58,2218.145,1676.0,0.01867,5708.0,0.96,0.97,3.12,2016
GJ 463 b,13.1,0.0024,63.55,3.53,3563.0,0.483,0.486,1080.6165838,2022
Kepler-62 c,0.54,28.489,578.0,0.0929,4925.0,0.64,0.69,4.0,2013
HD 222582 b,12.6,0.7253,256.39,1.34,5790.0,1.13,1.12,2660.2371,1999
Kepler-210 c,3.62,25.44,497.0,0.07,4559.0,0.65,0.77,12.8,2014
Kepler-1551 b,2.66,60.421,722.0,0.1772,6136.0,1.22,1.14,7.56,2016
TIC 188624430 b,3.64811843,,,,5369.46,0.786574,0.929,12.9,2026
Kepler-1174 b,1.59,641.814,1156.0,0.0732,5936.0,1.04,1.04,3.15,2016
Kepler-269 c,1.69,342.6,875.0,0.081,5847.0,0.959,0.92,3.5,2014
Kepler-607 b,0.87,2302.613,1874.0,0.0137,5196.0,0.8,0.84,0.59,2016
Kepler-1981 b,9.23,5.45,390.0,1.3292,5874.0,3.006,1.519,62.5,2023
TOI-6041 c,10.5,4.42,403.5,0.3721,5445.0,0.879,0.885,77.9,2025
HD 109833 c,2.59,77.4842,756.7,,5881.0,1.0,1.08,7.22,2022
Kepler-1082 b,1.12,2949.557,1827.0,0.02571,5923.0,1.14,1.03,1.46,2016
Kepler-431 d,1.11,272.838,856.0,0.1045,6004.0,1.092,1.071,1.41,2015
WASP-170 b,12.285064,680.0,1422.0,0.0337,5600.0,0.938,0.93,508.528,2018
K2-74 b,2.31,59.1,772.58,0.1402,6060.0,0.98,0.96,5.95,2016
TOI-1246 d,3.43139739,28.0,587.77,0.132,5213.0,0.8649,0.8889,5.4,2022
Kepler-372 d,1.69,53.471,660.0,0.201,6509.0,1.137,1.202,3.5,2014
HD 25723 b,13.3,39.6333,698.4,1.49,4766.0,13.76,2.12,794.5710175,2020
TOI-7155 b,2.40821473,116.253,914.0,,4673.03,0.670748,0.755,6.38,2026
Kepler-84 b,2.23,222.19,985.0,0.0827,6039.0,1.43,1.0,40.0,2012
TOI-3353.01,2.6667555,313.0426,1264.36,0.060118218,6365.0,1.0207,1.332089,7.59,2024
Kepler-1555 b,1.61,483.262,959.0,0.0805,5866.0,1.06,1.04,3.22,2016
Kepler-1725 b,2.8125177,84.1,767.0,0.13263,6020.0,1.085,1.049,8.31,2021
TOI-2104 b,1.52898127,85.3357,846.0,,4856.13,0.723757,0.8,2.95,2026
Kepler-120 b,2.15,42.692,575.0,0.055,4096.0,0.534,0.654,8.5,2014
Kepler-627 b,3.73,39.303,685.0,0.22661,6424.0,1.49,1.3,13.4,2016
Kepler-1326 b,4.18,47.84,938.0,0.2743,6725.0,1.74,1.45,16.3,2016
TOI-1184 b,2.39,57.54,715.47,0.056027,4534.0,0.69,0.71,6.8,2024
G 192-15 b,1.02,7.06,453.6,0.01723,2999.0,0.170718,0.132,1.03,2025
HATS-61 b,13.394755,374.2,1226.1,0.07908,5542.0,1.664,1.076,1080.622,2018
Kepler-684 b,3.36,102.87,812.0,0.064,5493.0,0.86,0.89,11.2,2016
WASP-159 b,15.46842,1599.92,1850.0,0.0538,6120.0,2.11,1.41,174.8065,2018
K2-26 b,2.67,5.8,430.0,0.0962,3785.0,0.52,0.56,7.61,2016
TIC 9344899 b,9.16,149.861,923.0,0.0815,5800.0,1.06,0.98,6170.0,2026
WASP-194 b,15.47960235,1365.0,1693.0,0.047,6405.0,1.409,1.29,373.13054982,2025
Kepler-1956 b,1.08940238,48.82,674.0,0.0563,4391.0,0.682,0.671,1.32,2021
K2-335 b,2.21,,949.0,,6222.0,1.33,1.23,5.52,2021
Kepler-352 c,1.24,26.373,591.0,0.118,5212.0,0.781,0.798,2.07,2014
Kepler-1175 b,2.99,12.938,515.0,0.2181,5453.0,0.86,0.9,9.22,2016
TOI-2453 b,3.24380341,21.749,550.78,,3720.23,0.502498,0.500519,10.6,2026
TOI-3523 A b,15.9727975,2590.0,1984.0,0.03559,6450.0,1.448,1.131,435.42491759,2025
Kepler-1586 b,1.52,105.771,1013.0,0.12208,6681.0,1.75,1.45,2.92,2016
TOI-1062 c,3.1,95.0,859.0,0.08,5328.0,0.84,0.94,9.78,2021
Kepler-30 b,3.9,16.379,524.0,0.18,5498.0,0.95,0.99,11.3,2012
Kepler-1285 b,0.97,181.591,874.0,0.12758,6170.0,1.28,1.2,0.871,2016
TOI-1230.01,2.38627705,199.1147,1046.51,,5696.0,1.15281,1.14,6.29,2021
Kepler-416 b,2.48,224.089,986.0,0.0674,5718.0,1.075,1.0,58.2,2014
Kepler-416 c,2.352,93.072,791.0,0.10454,5718.0,1.075,1.0,6.13,2014
KOI-142 c,14.0,28.7874,635.87,0.154121003,5466.0,0.897,0.99,214.1,2013
HD 114082 b,11.72459381,192.2293,949.67,0.791,6610.0,1.482,1.28,508.5254512,2022
Kepler-103 c,5.4539,5.97,434.0,0.6679,6047.0,1.492,1.212,58.47,2014
Kepler-433 b,16.25,1682.66,1776.0,0.0679,6360.0,2.26,1.46,896.24,2015
CoRoT-8 b,6.39,19.817,870.0,0.063,5080.0,0.77,0.88,69.92,2010
Kepler-361 c,2.52,33.948,568.0,0.3,6169.0,1.343,1.191,6.9,2014
TOI-5728 b,1.31,3.512,382.0,,3419.0,0.37,0.36,2.27,2025
Kepler-568 b,2.26,8.37,429.0,0.0794,3768.0,0.53,0.55,5.73,2016
Kepler-1923 b,1.95958179,8.63,553.0,0.2846,5881.0,1.294,1.109,4.5,2021
Kepler-1208 b,2.32,37.664,665.0,0.0901,5001.0,0.76,0.8,5.99,2016
Kepler-406 c,0.85,349.769,1050.0,0.05531,5538.0,1.07,1.07,2.71,2014
Kepler-1910 b,1.184,40.88,645.0,0.0536,4234.0,0.639,0.636,1.78,2021
Kepler-1655 b,2.213,129.1,938.0,0.1029,6148.0,1.03,1.03,5.4,2018
HD 191939 g,3.74,0.99,278.0,0.812,5348.0,0.94,0.81,13.5,2022
HD 87816 c,12.4,0.4396,226.65,10.14,4989.0,9.0,2.41,3877.5065654,2025
Kepler-185 c,2.02,16.029,530.0,0.139,5208.0,0.806,0.763,4.74,2014
TOI-707 b,2.416,10.9718,491.7,0.275,5424.0,0.978,0.99,6.42,2026
Kepler-738 b,2.5,27.644,530.0,0.1552,5327.0,0.82,0.86,6.8,2016
Kepler-725 c,3.08,1.4,268.0,0.6744,5395.0,0.88,0.95,9.7,2025
Kepler-658 b,1.63,223.745,871.0,0.0188,4103.0,0.6,0.63,3.29,2016
HD 235088 b,1.982,70.0,805.0,0.0706,5075.0,0.772,0.849,4.15,2023
Kepler-93 b,1.478,275.0,1133.0,0.05343,5669.0,0.919,0.911,4.66,2014
Kepler-596 b,3.46,82.302,725.0,0.15161,6267.0,1.32,1.21,11.8,2016
K2-174 b,2.6,10.9555,455.0,0.126,4455.0,0.676,0.7,7.27,2018
TOI-2154 b,16.28664896,1005.895,1580.0,0.0513,6280.0,1.396,1.233,292.40213444,2023
Kepler-1357 b,1.28,449.975,1177.0,0.041,5597.0,0.9,0.93,2.18,2016
Kepler-1807 b,2.70393215,356.24,1108.0,0.0988,6455.0,1.496,1.087,7.77,2021
GJ 3378 b,1.32,0.91,272.0,0.09673,3340.0,0.275,0.262,2.3,2026
Kepler-256 b,1.59,1225.934,1681.0,0.027,5551.0,1.301,1.037,3.15,2014
NGTS-31 b,18.04645893,643.0,1410.0,0.064,5710.0,1.7,0.96,355.96781584,2025
TOI-2525 c,10.13291855,6.0478,399.96,0.249,5096.0,0.785,0.849,208.8132634,2023
Kepler-574 b,2.39,120.47,858.0,0.0723,5612.0,0.91,0.95,6.3,2016
Kepler-1062 b,1.76,33.76,583.0,0.0748,4597.0,0.7,0.75,3.75,2016
HD 28185 c,12.8,0.0134,94.85,8.5,5602.0,1.048,0.974,1906.970442,2022
TOI-1836 c,2.59987579,3983.4169,2007.6,0.03089,6237.0,1.6454,1.2518,8.0,2024
Kepler-414 b,1.71,241.171,1024.0,0.0543,5536.0,0.946,0.89,3.5,2014
Kepler-411 d,3.319,3.9,410.0,0.279,4974.0,0.82,0.87,15.2,2018
Kepler-247 c,4.09,53.899,686.0,0.084,5100.0,0.768,0.887,15.7,2014
Kepler-725 b,10.8,12.1,514.0,0.2238,5395.0,0.88,0.95,521.76244,2016
K2-317 b,2.93,4.5848,432.0,0.0542,3387.0,0.379,0.403,8.91,2020
Kepler-1375 b,1.74,2948.362,1543.0,0.0471,6704.0,1.78,1.47,3.68,2016
TOI-6478 b,4.6,0.0003,204.4,0.1136,3230.0,0.234,0.23,19.2,2025
Kepler-1338 b,0.92,4712.111,2124.0,0.01937,5909.0,1.05,1.04,0.721,2016
WASP-59 b,8.687,38.0328,670.0,0.0697,4650.0,0.613,0.719,274.276,2012
K2-63 c,3.9,139.0,958.85,0.189,6771.0,1.63,1.4,14.5,2016
KOI-4978 b,0.7,,,,5050.28,0.966,0.859,0.271,2024
Kepler-1539 b,2.7,1.572,301.0,0.4765,5176.0,0.8,0.84,7.75,2016
Kepler-614 b,2.39,37.2,641.0,0.1027,5268.0,0.81,0.85,6.3,2016
Kepler-257 c,5.41,88.6,881.0,0.066,5180.0,1.037,0.916,25.2,2014
TOI-5398 b,10.3,118.413,947.0,0.098,6000.0,1.051,1.146,58.7,2022
TOI-1820 b,12.778238,292.245,1375.0,0.061,5734.0,1.51,1.04,731.0053361,2022
Kepler-1220 b,1.52,177.842,899.0,0.0734,5842.0,0.99,1.0,2.92,2016
TOI-938 b,4.82401567,220.735,1073.0,,5829.42,0.985134,1.1,20.8,2026
Kepler-192 d,1.02,186.076,926.0,0.0686,5487.0,0.94,0.94,1.04,2016
Kepler-825 b,1.53,734.464,1270.0,0.0453,5976.0,1.08,1.03,2.96,2016
Kepler-1414 b,1.23,209.464,1033.0,0.0426,4951.0,0.75,0.8,2.04,2016
HD 86950 b,13.0,4.9065,416.76,2.72,4805.0,8.8,1.66,1144.188,2016
Kepler-1150 b,1.02,153.741,1432.0,0.0382,4754.0,0.72,0.76,1.04,2016
Kepler-1765 b,2.49508857,126.48,855.0,0.0917,5692.0,1.064,0.946,6.78,2021
Kepler-831 b,1.27,266.249,992.0,0.05984,5732.0,0.97,0.99,2.15,2016
K2-257 b,0.83,89.1463,789.0,0.0216,3725.0,0.5,0.52,0.498,2018
Kepler-27 d,2.7061946,88.2,810.0,0.06578,5251.0,0.817,0.926,7.78,2021
HIP 29442 d,1.538,203.0,920.0,0.0673,5289.0,0.98,0.901,5.14,2023
Kepler-196 b,1.9,20.735,536.0,0.138,5128.0,0.782,0.839,4.27,2014
Kepler-806 b,1.14,413.603,1089.0,0.07684,5770.0,1.16,0.99,1.55,2016
Kepler-1854 b,2.58746104,7.33,420.0,0.20894,5026.0,0.759,0.8,7.21,2021
TOI-5624 b,2.314,251.103,1136.0,0.04201,5327.0,0.82,0.858,9.4,2026
Kepler-739 b,3.32,115.963,775.0,0.1054,5601.0,0.9,0.93,11.0,2016
HD 204313 b,12.9,0.124,163.43,3.185,5767.0,1.1,1.03,1466.7780983,2010
Kepler-129 d,12.6,0.1818,178.86,4.0,5770.0,1.653,1.178,2637.9757781,2021
Kepler-389 c,1.46,22.735,636.0,0.11,5376.0,0.792,0.765,2.73,2014
K2-158 c,1.28,177.6001,948.0,0.0622,5503.0,0.95,0.92,2.18,2018
Kepler-864 c,1.62,1305.04,1532.0,0.0382,6213.0,1.195,1.27,3.26,2023
TOI-5800 b,2.46,274.163,1108.0,0.0344,4850.0,0.773,0.778,9.5,2025
TOI-2803 A b,18.11371281,2150.0,1893.0,0.03185,6280.0,1.245,1.118,309.88269682,2023
Kepler-1462 b,3.82,4.704,390.0,0.3094,5756.0,1.0,1.0,14.0,2016
HD 191939 b,3.41,100.0,880.0,0.0804,5348.0,0.94,0.81,10.0,2020
HD 212771 b,13.3,10.8749,507.69,1.19,5003.0,5.27,1.56,759.6137,2009
Kepler-1695 b,1.11948901,198.57,957.0,0.0529,5473.19,0.987155,0.96,1.46,2020
TOI-1782.02,1.839,214.17,974.95,0.025739,4336.0,0.669,0.68,4.04,2024
WASP-119 b,15.6926,907.8624,1600.0,0.0363,5650.0,1.2,1.02,390.9309,2016
Kepler-893 b,3.03,266.271,1034.0,0.0699,5820.0,0.99,1.0,9.43,2016
Kepler-1487 c,7.97,227.68,991.0,0.2588,5745.0,3.955,1.801,48.7,2023
KOI-7913 b,2.34,8.27,432.0,0.1456,4324.0,0.788,0.76,6.08,2022
TOI-1472 c,3.334,32.7735,662.0,0.116,5100.0,0.84,0.87,21.13,2025
Kepler-1239 b,2.9,462.91,1183.0,0.0625,6564.0,1.57,1.4,8.75,2016
Kepler-1902 b,1.17563613,30.84,601.0,0.0385,3729.0,0.514,0.52,1.74,2021
Kepler-297 b,2.87,16.464,509.0,0.217,5619.0,0.915,0.927,48.5,2014
Kepler-351 d,2.72,1.989,318.0,0.5177,5225.0,0.78,0.81,7.85,2016
K2-136 d,1.565,7.07,420.0,0.1538,4500.0,0.677,0.742,3.0,2017
Kepler-789 b,2.12,312.34,1419.0,0.0951,5870.0,1.02,1.01,5.14,2016
K2-279 b,1.21,139.1055,879.0,0.067,5558.0,0.86,0.79,1.92,2018
nu Oph c,12.0,2.3098,341.48,5.829,4887.0,12.24,2.61,7838.32346,2012
KOI-1599.02,1.9,76.81,755.0,0.112293,5833.0,0.972,1.02,9.0,2019
HD 109833 b,2.888,63.4589,786.0,,5881.0,1.0,1.08,8.69,2022
HIP 71135 b,4.55,1.1013,285.11,0.335,4146.0,0.681296,0.66,18.8,2019
K2-147 b,1.47286006,200.1,1077.0,0.01575,3690.0,0.578,0.563,2.77,2018
Kepler-11 d,3.12,51.115,653.0,0.155,5663.0,1.065,0.961,7.3,2010
K2-131 b,1.69,4070.0,2223.0,0.00936,5120.0,0.7595,0.803,7.9,2017
Kepler-218 d,2.66,4.118,356.0,0.49884,5542.0,1.02,1.01,7.56,2016
TOI-6054.01,2.64,570.0,1360.0,0.0763,6047.0,1.662,1.107,12.5,2024
Kepler-1937 b,3.0229133,163.1,1014.0,0.0915,6457.0,1.196,1.19,9.39,2021
HAT-P-56 b,16.92559,3515.0,1840.0,0.0423,6566.0,1.47,1.42,734.1873,2015
HD 8574 b,13.4,4.1197,394.03,0.76,6064.0,1.38,1.34,645.1949,2002
HATS-71 b,11.478016,18.0832,586.8,0.03745,3405.0,0.4783,0.4861,117.5971,2020
K2-341 b,3.21,,598.0,,5817.0,1.16,0.98,10.4,2021
GJ 1061 b,1.04,3.8,388.11,0.021,2953.0,0.156,0.12,1.11,2020
Kepler-102 b,0.46,90.0,857.0,0.05521,4909.0,0.724,0.803,1.1,2014
Kepler-731 b,13.88,456.703,1212.0,0.0505,5849.0,1.06,1.03,,2016
K2-194 b,3.64229858,,,,5979.0,1.281115,1.110086,12.9,2018
Kepler-915 b,1.5,844.751,1319.0,0.05655,6173.0,1.38,1.21,2.86,2016
TIC 241249530 b,13.29385111,6.2305,438.94,0.641,6166.0,1.397,1.271,1582.78546686,2024
TOI-5795 b,5.62,240.6761,1136.78,0.064,5715.0,1.082,0.901,23.66,2025
K2-196 b,3.59970536,,,,6045.0,1.538801,1.162095,12.6,2018
Kepler-1315 b,1.38,897.9,1541.0,0.01617,4861.0,0.75,0.8,2.48,2016
Kepler-93 c,,,,,5669.0,0.92,0.91,954.0,2014
TOI-5599 b,7.1888212,833.218,1496.0,,6137.02,1.91334,1.21,40.9,2026
Kepler-1912 b,1.35670508,201.8,976.0,0.06489,5734.0,0.962,0.977,2.41,2021
TOI-1260 c,2.76,29.81,651.0,0.0657,4227.0,0.672,0.679,13.2,2021
Kepler-306 e,2.27,6.185,390.0,0.227,4954.0,0.719,0.75,5.77,2014
K2-396 b,1.579,,,,5236.0,0.92,0.954,3.12,2022
HD 10442 b,13.6,0.5054,234.49,2.01,4912.0,1.97,1.01,472.61321,2014
Kepler-198 c,2.47,11.354,465.0,0.259,5574.0,0.94,0.995,6.66,2014
Kepler-129 b,2.4,158.306,910.0,0.13,5770.0,1.653,1.178,20.0,2014
Kepler-1549 b,2.57,1.184,286.0,0.6687,5324.0,0.84,0.88,7.13,2016
HD 8326 b,9.58,1.1342,287.23,0.533,4914.0,0.783181,0.8,66.6,2019
Kepler-1800 b,0.99679734,242.0,1533.0,0.05098,5343.0,2.506,1.33,0.961,2021
TOI-1742 b,2.36507598,58.618,694.09,0.154,5815.0,1.131,1.0861,9.7,2024
BD+45 564 b,13.6,0.579,238.82,0.83,5004.0,0.813064,0.81,432.24663352,2021
HD 11343 c,13.9,23.9661,613.29,0.923,4672.0,6.84,2.009,255.53403923,2022
TOI-2295 b,16.47720163,42.0912,747.0,0.1992,5730.0,1.459,1.168,278.09985612,2024
Kepler-656 c,1.41,213.25,975.0,0.0602,5550.0,0.954,1.05,2.57,2023
Kepler-1941 b,2.64976949,46.53,666.0,0.2054,6404.0,1.142,1.175,7.51,2021
Kepler-1311 d,9.65837605,6.0,391.0,0.68434,5616.0,1.674,1.032,67.5,2021
Kepler-1316 b,3.54,10.714,446.0,0.39765,5884.0,1.12,1.04,12.3,2016
TOI-6954 b,3.63524486,124.569,930.0,,5170.87,0.947112,0.834,12.8,2026
WASP-7 b,14.90797,2423.4747,1487.0,0.0617,6400.0,1.432,1.276,305.1168,2008
DS Tuc A b,5.7,317.6063,850.0,,5428.0,0.964,1.01,413.179,2019
TOI-128.01,2.21898,182.406,1344.51,0.05381019,6086.0,1.13,0.851969,5.56,2024
TOI-209 b,2.3947209,120.936,845.78,,4806.66,0.742779,0.81,6.32,2026
TOI-261.01,3.0449863,874.7956,1722.49,0.034792189,5890.3,1.28018,0.496728,9.51,2021
TOI-261.02,3.34822227,243.5261,1007.53,,5890.3,1.31383,1.069,11.2,2021
TOI-262 b,2.07,56.9133,584.0,0.163,5310.0,0.853,0.913,4.94,2023
TOI-2040 b,10.32347122,216.0,1070.0,0.0473,5132.0,0.87,0.92,248.22398587,2026
TOI-2227 b,3.09885187,933.4062,1539.88,,5889.54,1.20847,1.03,9.79,2026
TOI-2977 b,13.15934334,947.8,1544.0,0.03386,5691.0,1.073,0.936,533.95172376,2023
Kepler-256 d,2.48,221.1,1097.0,0.064,5551.0,1.301,1.037,6.71,2014
K2-90 c,1.3,80.8,908.07,0.035,4421.98,0.634754,0.704613,2.24,2016
HD 11506 d,12.3,0.0066,77.07,18.2,6123.0,1.24,1.22,4068.2036096,2022
Kepler-1118 b,2.74,20.011,502.0,0.2079,5688.0,0.97,0.96,7.95,2016
K2-247 c,2.19,34.7304,688.0,0.0615,4667.0,0.69,0.74,5.43,2018
K2-322 b,1.92,25.9048,635.0,0.0594,4141.0,0.602,0.63,4.35,2020
HD 141004 b,3.77,144.73,950.73,0.1238,5885.38,1.389372,1.051904,13.63483866,2021
Kepler-168 c,2.69,169.002,862.0,0.116,6282.0,1.107,1.113,7.7,2014
Kepler-419 b,10.8,37.416,613.0,0.37,6430.0,1.74,1.39,794.5,2014
TOI-4153 b,16.11851425,1212.0072,1669.0,0.06311,6860.0,1.605,1.572,365.50266805,2024
TOI-1422 c,2.61,26.5556,628.0,0.205,5840.0,1.019,0.9903,14.0,2025
TOI-4155 b,3.21,586.762,1255.0,,5724.0,0.95,1.16,10.4,2025
GJ 9689 b,3.07,4.8635,453.04,0.1139,3836.0,0.57,0.59,9.65,2020
Kepler-169 d,1.25,55.53,702.0,0.075,4997.0,0.763,0.825,2.1,2014
Kepler-191 d,2.28,99.6,857.0,0.06104,5215.0,0.8,0.84,5.82,2016
K2-8 b,3.58,37.7,631.0,0.0856,4870.0,0.74,0.78,12.5,2015
HATS-33 b,13.78707,757.1284,1429.0,0.03727,5659.0,1.022,1.062,378.85336,2016
Kepler-1464 b,1.66,89.473,564.0,0.20066,5828.0,1.01,1.02,3.39,2016
Kepler-805 b,2.89,86.473,743.0,0.19852,6112.0,1.65,1.19,8.7,2016
17 Sco b,12.9,85.4316,847.51,1.45,4157.0,25.92,1.22,1373.01871824,2020
Kepler-264 c,2.83,15.347,511.0,0.566,6158.0,1.55,1.426,8.4,2014
HR 858 b,2.004,989.7,1552.0,0.04888,6354.0,1.258,1.204,3.55,2019
Kepler-941 b,3.08,47.032,722.0,0.1311,5539.0,0.86,0.89,9.69,2016
Kepler-1832 b,1.22719556,257.32,1022.0,0.037,5242.0,0.722,0.684,2.02,2021
TOI-833 b,1.27,270.0682,1118.0,0.0171,3920.0,0.6,0.61,2.15,2022
HD 38283 b,14.0,2.4745,348.58,1.02,5981.0,1.49,1.37,127.132,2010
Kepler-341 b,1.18,422.097,1085.0,0.06,6012.0,1.024,0.976,1.76,2014
TIC 153919886 b,2.70601108,,,,4137.16,0.591697,0.581261,7.78,2026
Kepler-1669 b,2.78043818,18.66,530.0,0.0745,4303.0,0.714145,0.67,8.15,2020
Kepler-295 c,1.17,141.4,621.0,0.142,5603.0,0.898,0.89,1.71,2014
NN Ser c,12.6,,,5.35,57000.0,,0.535,2329.6,2010
Kepler-1802 b,1.671,26.91,581.0,0.0662,4245.0,0.637,0.649,3.43,2021
TOI-6008 b,1.03,41.5,707.0,0.010777,3075.0,0.242,0.23,4.0,2024
Kepler-1437 b,1.37,83.14,770.0,0.0951,5557.0,0.9,0.93,2.45,2016
Kepler-330 b,1.35,66.578,714.0,0.075,5117.0,0.722,0.848,2.39,2014
Kepler-100 c,2.2,208.657,939.0,0.11061,5825.0,1.49,1.08,7.05,2014
K2-377 b,1.693,,,,4200.0,0.691,0.821,3.51,2022
Kepler-554 b,4.29,877.945,1346.0,0.03022,5447.0,0.92,0.93,17.0,2016
Kepler-208 e,1.48,106.345,880.0,0.132,6092.0,1.314,1.082,2.79,2014
Kepler-1287 b,1.54,78.156,796.0,0.0976,5715.0,0.94,0.96,2.99,2016
Kepler-646 b,1.99,38.229,632.0,0.11251,5634.0,0.91,0.93,4.62,2016
Kepler-1880 b,2.11686218,31.73,606.0,0.054,4380.0,0.53,0.524,5.13,2021
Kepler-587 b,2.23,70.965,764.0,0.0952,5549.0,0.89,0.92,5.6,2016
EPIC 201238110 b,1.87,,,,3587.0,0.374,0.41,4.16,2019
K2-240 c,1.8,3.9456,389.0,0.1159,3810.0,0.54,0.58,3.89,2018
Kepler-1495 b,2.94,9.1,443.0,0.3677,5831.0,1.04,1.03,8.96,2016
Kepler-508 b,1.64,60.372,710.0,0.17274,6025.0,1.25,1.16,3.33,2016
HD 191939 f,13.2,0.0472,125.0,3.71,5348.0,0.94,0.81,915.34581216,2022
HN Peg b,11.7768,0.0,10.77,773.0,6186.0,1.006954,1.08,6991.57,2006
K2-413 b,0.7599,921.755,1535.2,0.0117,4116.0,0.7,0.808,0.363,2022
KOI-351 h,11.252,1.849,294.0,0.97062,6031.13,1.185,1.242,203.0,2013
HD 60779 c,5.79,,,,6081.0,1.129,1.05,28.3,2026
K2-19 c,4.1,51.0,679.0,0.0982,5322.0,0.82,0.88,11.0,2015
TOI-3160 A b,13.7646283,933.0,1539.0,0.0505,6190.0,1.346,1.088,378.21580433,2025
Kepler-1333 b,2.81,3.298,428.0,0.4382,5628.0,0.92,0.94,8.3,2016
Kepler-1715 b,4.14042267,53.0,646.0,0.22429,6212.0,1.209,1.082,16.0,2021
Kepler-1885 b,1.51110555,499.07,1205.0,0.036,5591.0,0.86,0.977,2.89,2021
TOI-1803 c,4.29,22.0,588.0,0.097,4687.0,0.715,0.756,8.0,2025
Kepler-1116 b,2.54,15.793,488.0,0.233,5641.0,0.93,0.95,6.99,2016
Kepler-232 b,3.08,410.583,1104.0,0.054,5847.0,0.968,0.97,9.69,2014
HD 141399 d,13.7,0.364,220.0,2.09,5600.0,1.387236,1.07,375.0394,2014
HIP 57274 b,,316.085,725.95,0.07,4510.0,0.78,0.29,3359.44626199,2011
Kepler-398 d,0.88,40.831,636.0,0.0618,4557.0,0.67,0.72,0.615,2016
HD 158259 b,1.28228,759.183,1462.0,,5801.89,1.21,1.08,2.22,2020
Kepler-577 b,2.55,5.688,314.0,0.1348,4984.0,0.73,0.78,7.04,2016
Kepler-953 b,4.21,5.84,410.0,0.392,5416.0,0.99,0.95,16.5,2016
HD 124330 b,14.0,2.9422,348.79,0.86,5873.0,1.30446,1.15,238.37130525,2021
Kepler-1966 b,1.10479327,68.28,733.0,0.0763,5009.0,0.84,0.797,1.39,2021
Kepler-212 c,2.74,54.662,664.0,0.207,5852.0,1.455,1.166,7.95,2014
HD 238914 b,12.8,2.179,343.67,5.7,4769.0,12.73,1.47,1906.98,2018
Kepler-44 b,12.22,1109.223,1544.0,0.0446,5800.0,1.35,1.12,317.82,2011
Kepler-158 b,2.12,13.634,500.0,0.111,4623.0,0.624,0.655,5.14,2014
Kepler-1080 b,3.28,55.45,548.0,0.3781,5956.0,1.16,1.1,10.8,2016
Kepler-1228 b,1.54,1598.664,1757.0,0.01186,5063.0,0.74,0.78,2.99,2016
TOI-5786 b,8.54,374.462,1040.0,0.114,6235.0,1.36,1.23,73.0,2025
Kepler-1850 b,0.72909663,245.15,1008.0,0.0206,4239.0,0.6,0.611,0.313,2021
75 Cet c,13.9,3.3569,376.92,3.929,4809.0,10.38,1.92,289.85950718,2023
TOI-2345 b,1.504,791.0,1478.0,0.01705,4687.0,0.729,0.727,3.49,2025
DMPP-1 e,1.86,492.4756,1314.0,0.0651,6196.0,1.26,1.21,4.13,2019
Kepler-548 b,11.99,237.035,1017.0,0.0495,5535.0,0.9,0.93,,2016
Kepler-260 c,1.74,6.775,372.0,0.332,5250.0,0.862,1.013,3.68,2014
Kepler-1460 b,1.96,5.469,391.0,0.1614,4422.0,0.67,0.7,4.5,2016
HD 133131 B b,13.3,0.0259,112.28,6.15,5805.0,0.989538,0.93,794.575,2016
HD 158259 d,2.18,,,,5801.89,1.21,1.08,5.41,2020
WASP-138 b,12.21781,1133.73,1590.0,0.0494,6272.0,1.36,1.22,387.7526,2016
TOI-5181 A b,13.34989601,1053.0,1585.0,0.0522,6060.0,1.53,1.25,330.54154328,2025
Kepler-599 b,2.84,24.467,623.0,0.1128,5127.0,0.79,0.83,8.45,2016
Kepler-158 d,0.43,,,,4895.97,0.668,0.656,0.0472,2024
Kepler-575 b,2.39,141.987,803.0,0.0788,5710.0,0.95,0.97,6.3,2016
EPIC 246851721 b,11.780659,642.0,1401.0,0.07229,6202.0,1.586,1.317,953.49,2018
HD 1461 b,2.42,309.8969,1185.14,0.0634,5765.0,1.152288,1.02,6.44,2010
Gl 725 A b,1.48,3.3572,376.1,0.068,3433.0,0.351,0.33,2.78,2025
Kepler-1218 b,1.44,84.83,684.0,0.15698,5986.0,1.1,1.06,2.67,2016
Kepler-1891 b,1.52139156,253.28,1017.0,0.0473,5516.0,0.827,0.873,2.93,2021
Kepler-782 b,3.21,3.987,350.0,0.54494,5867.0,1.01,0.98,10.4,2016
Kepler-330 c,1.95,27.676,573.0,0.116,5117.0,0.722,0.848,4.46,2014
Kepler-987 b,3.26,3.853,351.0,0.4238,5637.0,0.91,0.97,10.7,2016
Kepler-385 d,2.6186448,15.0,535.0,0.2872,5829.0,1.157,1.05,7.36,2020
Kepler-115 c,2.6,209.101,960.0,0.087,5979.0,1.205,1.042,7.27,2014
TOI-2120 b,2.122,3.61,384.0,0.0377,3131.0,0.245,0.211,6.8,2024
K2-395 b,2.597,,,,5007.0,0.783,0.952,7.26,2022
KOI-1833 d,2.58,27.35,613.0,0.0634,4413.0,0.667,0.681,11.02,2021
Kepler-734 b,3.56,89.25,784.0,0.0583,5326.0,0.78,0.85,12.4,2016
HD 104067 c,3.69,27.4455,648.36,0.1058,4952.0,0.78,0.82,13.2,2024
Kepler-514 b,1.72,506.412,1248.0,0.06559,6106.0,1.44,1.28,3.61,2016
Kepler-1456 b,1.14,8.234,433.0,0.1132,4231.0,0.62,0.64,1.55,2016
TOI-1411 b,1.19880592,266.85,976.4,0.02122,4115.0,0.614,0.6045,2.0,2022
Kepler-1614 b,1.49,276.373,981.0,0.0471,5121.0,0.76,0.79,2.83,2016
CoRoT-20 b,9.41556,180.8704,1024.0,0.09,5880.0,1.02,1.14,1366.669,2011
K2-187 d,2.4,122.8195,865.0,0.072,5438.0,0.83,0.966999,6.35,2018
HD 44219 b,14.1,1.1462,283.89,1.26,5752.0,1.32,1.2,184.34047606,2010
Kepler-142 c,2.86,399.444,1201.0,0.057,5790.0,1.269,0.978,8.55,2014
HD 72659 b,13.2,0.1115,155.34,4.607,5929.0,1.36,1.033,949.67128012,2002
Kepler-652 b,2.49,211.884,974.0,0.04958,5490.0,0.88,0.97,6.76,2016
TOI-332 b,3.2,4180.32,1871.0,0.0159,5251.0,0.87,0.88,57.2,2023
K2-62 b,2.02,46.7,666.0,0.0636,4455.0,0.696,0.67,4.74,2016
K2-380 b,2.729,,,,5911.0,1.32,0.993,7.89,2022
Kepler-785 b,13.02,163.862,753.0,0.025,4739.0,0.71,0.77,,2016
K2-224 b,1.56,215.6156,1002.0,0.0516,5620.0,0.84,0.91,3.05,2018
Kepler-1066 b,2.36,710.019,1290.0,0.0298,5762.0,0.98,0.98,6.17,2016
Kepler-1315 c,1.84398883,57.6,777.0,0.0635,4818.0,0.856,0.809,4.06,2021
TOI-375 d,13.6,5.96,434.0,0.984,5259.9,2.9,1.441,445.59542661,2026
KIC 9663113 b,4.6,3.356,264.0,1.55346,6065.0,1.03,0.98,19.2,2015
NGTS-12 b,11.747032,416.0,1257.0,0.0757,5690.0,1.589,1.021,66.10864,2020
Kepler-1240 b,1.15,539.129,1121.0,0.05791,5682.0,0.96,0.98,1.6,2016
KIC 7917485 b,12.4,,,,7067.0,2.009938,1.63,3750.394,2016
HD 26161 b,11.9,0.0243,110.98,10.087,6057.62,1.455981,1.12,9045.39646322,2021
Kepler-1323 b,1.52,5067.603,2291.0,0.01911,6169.0,1.4,1.18,2.92,2016
TOI-2379 b,11.72459381,25.3,624.0,0.05263,3707.0,0.622,0.645,1830.69162432,2024
Kepler-657 b,3.52,62.2,616.0,0.17337,5808.0,1.01,1.01,12.2,2016
K2-198 c,1.423,,1229.9,,5212.9,0.757,0.799,2.61,2019
HD 170469 b,14.1,0.3188,209.6,2.24,5842.0,1.24,1.1,209.7678,2007
Kepler-139 d,1.695,172.3,972.0,0.0755533961,5622.0,1.045,1.078,2.0,2023
Kepler-1639 b,2.58,187.848,1003.0,0.0932,6150.0,1.18,1.12,7.18,2016
TOI-2580 b,17.37392009,1730.0,2410.0,0.048,6120.0,1.81,1.33,200.23189641,2024
Kepler-1000 b,4.76,18.0,473.0,0.5326,6453.0,1.51,1.4,20.3,2016
TOI-2088 b,3.6831179,1.7338,300.33,0.472,5081.0,0.8481,0.9027,37.0,2024
HIP 98599 b,12.7,0.1724,171.08,3.96,5978.0,1.39484,1.19,2177.12458795,2026
K2-154 b,1.99,57.5,715.0,0.0405,4097.0,0.63,0.65,4.62,2018
Kepler-240 b,1.37,142.736,864.0,0.048,4985.0,0.739,0.868,2.45,2014
HIP 38594 c,7.94,0.006,79.96,3.805,4086.3,0.626646,0.61,48.4,2020
Kepler-145 c,4.32,67.193,709.0,0.26244,6022.0,1.85,1.32,79.4,2013
Kepler-144 b,1.33,426.719,1253.0,0.066,6075.0,1.235,1.154,2.33,2014
TOI-1846 b,1.792,17.35,568.1,0.03646,3568.0,0.397,0.418,3.87,2025
Kepler-1957 b,0.94374867,345.07,1099.0,0.0299,4904.0,0.772,0.745,0.79,2021
Kepler-219 b,2.95,456.732,1307.0,0.057,5786.0,1.491,1.164,9.01,2014
TIC 365102760 b,6.21,1316.4951,1676.12,0.0622,4900.0,3.13,1.17,19.2,2024
Kepler-1153 b,1.73,761.808,1343.0,0.0277,5470.0,0.88,0.91,3.64,2016
Kepler-327 b,1.11,73.056,682.0,0.029,3799.0,0.492,0.591913,1.41,2014
K2-72 b,1.08,8.5,466.13,0.04,3360.47,0.330989,0.271365,1.28,2016
TOI-5126 c,3.86,96.0,971.0,0.1439,6150.0,1.241,1.24,14.2,2023
Kepler-405 b,2.08,55.623,785.0,0.095,5818.0,0.893,0.873,4.98,2014
Kepler-451 d,13.5,,,,29564.0,0.203,0.48,559.37799632,2022
Kepler-1421 b,0.93,649.151,1209.0,0.07576,6335.0,1.42,1.25,0.749,2016
K2-332 b,2.2,,266.0,,3315.0,0.28,0.27,5.48,2021
Kepler-1288 b,1.12,1342.5,2017.0,0.04135,6132.0,1.29,1.2,1.46,2016
GJ 1151 c,3.25,0.0102,88.3,0.5714,3280.0,0.1781,0.1639,10.62,2023
Kepler-80 c,2.74,36.482,495.0,0.0792,4540.0,0.678,0.73,6.74,2012
Kepler-925 b,2.34,5.833,394.0,0.1805,4673.0,0.72,0.77,6.08,2016
Kepler-194 d,2.4,12.863,562.0,0.275,6089.0,1.025,0.94,6.35,2014
Kepler-945 b,2.63,31.702,616.0,0.2037,5718.0,0.97,0.97,7.41,2016
HD 156846 b,12.4,3.97,382.49,1.12,6090.0,1.9,1.38,3391.2461,2007
TOI-2025 b,11.89272852,343.7178,1166.0,0.0892,5977.0,1.459,1.199,1144.1822652,2022
Kepler-1878 b,2.92019781,302.6,1063.0,0.0521,5918.0,0.865,0.956,8.86,2021
Kepler-1447 b,2.9,10.349,522.0,0.2836,5722.0,0.95,0.97,8.75,2016
Kepler-1805 b,1.54502915,12.48,479.0,0.0699,3867.0,0.552,0.581,3.0,2021
HD 158259 f,2.35,,,,5801.89,1.21,1.08,6.14,2020
Kepler-370 b,1.59,361.514,1040.0,0.054,5852.0,0.9,0.982,3.15,2014
Kepler-956 b,3.0,307.058,1056.0,0.06017,6040.0,1.15,1.1,9.27,2016
HD 63433 b,2.14,145.5707,967.11,0.072,5553.0,0.934,0.956,21.755,2020
Kepler-1142 b,1.47,147.817,902.0,0.1343,5685.0,0.96,0.97,2.76,2016
Kepler-853 b,1.69,499.301,1187.0,0.079,6350.0,1.55,1.3,3.5,2016
Kepler-451 c,13.5,,,,29564.0,0.203,0.48,511.70373527,2022
WISPIT 1 b,12.4,0.0,12.94,338.0,4670.0,1.1161,0.72,3305.4154328,2025
TOI-2529 b,11.54525012,70.9731,636.0,0.327,5802.0,1.7,1.11,743.71847238,2024
KOI-1599.01,1.9,44.8,660.0,0.14728,5833.0,0.972,1.02,4.6,2019
Kepler-1759 b,0.9037791,195.7,954.0,0.0429,5017.0,0.797,0.76,0.676,2021
Kepler-1215 b,1.22,253.964,1046.0,0.0528,5616.0,0.93,0.95,1.98,2016
Kepler-1733 b,3.63582354,257.11,1021.0,0.0933,6320.0,1.252,1.273,12.8,2021
Kepler-357 c,2.67,19.404,576.0,0.12,5036.0,0.834,0.794,7.61,2014
Kepler-194 c,2.59,56.955,815.0,0.131,6089.0,1.025,0.94,7.22,2014
Kepler-1056 b,3.01,56.91,590.0,0.1629,6127.0,1.2,1.12,9.32,2016
Kepler-1424 b,1.16,58.6,629.0,0.19068,5838.0,1.07,1.02,1.65,2016
Kepler-1642 c,2.66,89.632,1095.0,0.0678,5355.0,0.84,0.88,7.56,2016
HD 164595 b,4.16,19.6697,589.0,0.23,5790.0,1.023606,0.99,16.14,2015
K2-24 c,7.93,20.0,591.0,0.262,5726.0,1.185,1.091,16.4,2016
Kepler-235 d,2.05,4.03,401.0,0.122,4255.0,0.554,0.581,4.86,2014
HD 97037 b,12.1,0.0357,120.99,6.925,5874.1,1.26356,1.06,6707.76852973,2022
Kepler-776 b,1.28,135.082,904.0,0.0523,5071.0,0.78,0.83,2.18,2016
K2-352 b,1.37,,1160.0,,5791.0,0.95,0.98,2.45,2021
TOI-3288 b,12.24020692,213.8,973.0,0.02285,4072.0,0.672,0.643,536.17652261,2025
Kepler-1420 b,1.28,131.526,806.0,0.0671,5187.0,0.79,0.82,2.18,2016
K2-333 b,6.18,102.1266,826.0,,5880.0,1.22,1.06,31.6,2021
Kepler-79 e,3.53,18.78,511.0,0.39445,6389.0,1.316,1.244,3.8,2014
Kepler-20 d,2.606,5.71,430.0,0.3474,5495.0,0.9164,0.929,13.4,2011
DMPP-1 c,3.31,220.4556,1239.0,0.0973,6196.0,1.26,1.21,10.94,2019
Kepler-947 b,2.28,51.95,573.0,0.1773,5508.0,0.87,0.9,5.82,2016
Kepler-689 b,2.89,35.337,536.0,0.1449,5518.0,0.88,0.91,8.7,2016
NGC 2682 YBP 1194 b,12.3,,,,5780.0,0.99,1.01,101.7056,2014
HD 211970 b,3.66,4.2125,398.77,0.143,4127.0,0.574175,0.61,13.0,2019
Kepler-336 c,2.1,206.91,967.0,0.092,5867.0,1.304,1.09,5.06,2014
Kepler-423 b,13.361,649.148,1605.0,0.03585,5560.0,0.95,0.85,189.101,2014
2M0437 b,13.0,0.0,1450.0,118.0,3100.0,0.84,0.17,1271.313628,2021
Kepler-561 b,6.96,7.565,446.0,0.29256,5646.0,0.94,0.96,38.7,2016
24 Boo b,13.9,2001.2754,1840.86,0.194,4816.0,12.19,1.05,280.64248338,2018
HD 74156 c,12.5,0.186,187.52,3.678,6068.0,1.510576,1.1,2753.98314665,2003
Kepler-1365 c,0.8,864.037,1137.0,0.05701,5770.0,1.05,1.0,0.437,2016
HD 20003 c,3.89,18.6659,573.89,0.1964,5494.0,0.921637,0.875,14.44,2019
Kepler-716 b,2.9,42.493,720.0,0.08628,5099.0,0.78,0.83,8.75,2016
TOI-4562 b,12.53,3.2011,318.0,0.768,6096.0,1.152,1.192,732.0,2023
HD 134606 b,2.97,106.1131,894.63,0.1046,5576.0,1.158,1.046,9.09,2024
K2-66 b,2.49,840.0,1372.0,0.05983,5887.0,1.67,1.11,21.3,2016
TIC 437041147 b,2.21526814,,,,5224.36,0.961092,0.931,5.54,2026
Kepler-583 b,2.28,178.699,1017.0,0.0689,5523.0,0.91,0.94,5.82,2016
Kepler-1649 c,1.06,0.75,234.0,0.0649,3240.0,0.2317,0.1977,1.2,2020
WASP-57 b,11.76945,702.385,1338.0,0.03769,5600.0,0.927,0.886,204.68252,2012
Kepler-381 d,1.0667865,436.7,1387.0,0.08364,6197.0,2.188,1.198,1.23,2021
TOI-1199 b,10.5140239,324.114,1486.0,0.04988,5710.0,1.45,1.23,75.96098927,2024
TOI-4961 b,12.34108775,115.0,919.0,0.0726,5380.0,0.912,0.912,572.0911326,2025
Kepler-118 c,7.68,21.409,564.0,0.141,5274.0,1.094,0.811,45.7,2014
Kepler-278 b,3.955,110.0,586.0,0.202,4965.0,2.861,1.227,56.0,2014
K2-268 e,1.33,,801.0,,5106.0,0.78,0.84,2.33,2021
Kepler-1254 d,1.31,71.31,794.0,0.0575,4985.0,0.75,0.78,2.27,2016
HD 167768 b,13.9,2042.741,1873.59,0.1512,4851.0,9.7,1.08,270.15414595,2022
TOI-1036 b,6.28499593,466.528,1294.0,,5664.68,1.17554,1.03,32.5,2026
EPIC 212424622 b,2.17,,,,5782.33,1.2247,1.106,5.35,2019
Kepler-1915 b,3.21798413,101.05,809.0,0.114,6020.0,1.057,1.03,10.4,2021
Kepler-1734 b,3.08851092,222.91,985.0,0.0714,6061.0,0.97,1.05,9.74,2021
Kepler-960 b,2.29,129.223,1391.0,0.03807,4755.0,0.72,0.77,5.86,2016
HD 208897 b,13.7,10.8876,507.24,1.063,4860.0,4.98,1.25,379.48711796,2017
Kepler-1386 b,1.24,196.533,1011.0,0.068,5733.0,1.03,1.02,2.07,2016
Kepler-1921 c,1.41,2436.47,1791.0,0.0454,6120.0,2.0,1.251,2.57,2023
Kepler-1225 b,1.82,324.282,1453.0,0.0771,6140.0,1.19,1.13,3.97,2016
Kepler-1708 b,9.96,0.561,245.02,1.64,6157.0,1.117,1.088,1462.0106722,2021
HD 96700 b,2.93,228.5794,1089.02,0.0777,5845.0,1.16,0.89,8.9,2021
Kepler-208 b,1.63,639.576,1379.0,0.054,6092.0,1.314,1.082,3.29,2014
Kepler-1146 b,1.23,227.962,1019.0,0.0325,4692.0,0.7,0.74,2.04,2016
WASP-100 b,14.90797,5502.8822,2099.0,0.04574,6900.0,1.57,0.77,400.4658,2014
Kepler-1643 b,2.32,137.753,799.0,0.0531,4916.0,0.855,0.845,5.99,2016
Kepler-215 d,2.39,21.404,527.0,0.185,5739.0,1.027,0.788,23.6,2014
EPIC 212737443 b,2.586,18.4919,536.0,0.098,4684.0,0.673,0.69,7.2,2019
TOI-2169 A b,12.50922246,577.0,1364.0,0.0896,6270.0,1.82,1.42,329.58805806,2025
K2-259 b,2.32,90.9529,795.0,0.1271,6059.0,1.13,1.14,5.99,2018
TOI-5292 A b,12.64373023,102.0,809.0,0.0279,3919.0,0.611,0.596,412.85910069,2026
Kepler-401 c,2.15,51.996,598.0,0.269,6117.0,1.333,1.173,5.27,2014
Kepler-888 b,1.76,7.854,417.0,0.31481,5875.0,0.9,0.97,3.75,2016
Kepler-740 b,4.57,432.866,1131.0,0.0462,5438.0,0.87,0.91,18.9,2016
Kepler-1673 b,2.9355194,30.5,611.0,0.21363,6014.95,1.13166,1.11,8.93,2020
Kepler-1322 c,2.15492527,144.06,883.0,0.0652,5704.0,0.804,0.897,5.29,2021
Kepler-1211 b,2.55,130.9,840.0,0.09763,5705.0,0.94,0.96,7.04,2016
HIP 78530 b,12.0,0.0,2700.0,740.0,10500.0,2.10876,2.5,7300.0,2010
Kepler-48 f,13.8,0.0157,95.68,5.719187877,5190.0,0.836,0.916,298.5809968,2023
Kepler-1750 b,6.00434637,1.85,298.0,0.6785,5644.0,0.969,0.981,30.1,2021
TOI-4308 b,2.4189,55.3616,763.05,,5243.0,0.7934,0.9,6.43,2023
HD 18015 b,13.1,0.6286,242.98,3.87,5603.0,3.13,1.49,1048.8337431,2018
TOI-1798.02,1.464,3345.44,1935.83,0.010789,5165.0,0.78,0.87,5.6,2024
Kepler-24 b,2.348,252.246,1050.0,0.08045,6028.0,1.099,1.06,11.14,2011
Kepler-1875 b,3.22686692,23.05,559.0,0.2039,6161.0,0.862,0.95,10.5,2021
Kepler-1642 b,3.2,39.915,895.0,0.1016,5355.0,0.84,0.88,10.3,2016
HD 33142 c,13.9,2.619,353.91,1.955,5025.4,4.17,1.52,282.86728223,2016
Kepler-864 b,2.4,464.765,1143.0,0.0687,5754.0,1.0,1.0,6.35,2016
HD 181720 b,14.0,0.5671,249.06,1.85,5736.0,1.5,1.03,127.132,2009
TOI-6677 b,5.83507112,2.09,334.0,,6572.28,1.57167,1.45,28.7,2026
Kepler-1394 b,1.39,2023.005,1947.0,0.05474,6481.0,2.55,1.64,2.51,2016
Kepler-1672 b,2.97022762,4.4,423.0,0.55374,6131.95,1.08841,1.16,9.11,2020
HD 331093 b,13.6,0.4895,234.84,1.44,5544.0,1.1112,1.03,476.7426105,2021
Kepler-58 d,2.94,18.244,583.0,0.236,6099.0,1.127,1.024,245.343,2014
Kepler-404 c,1.72,33.153,678.0,0.118,5654.0,0.884,0.86,3.61,2014
Kepler-1254 b,1.55,33.978,660.0,0.0833,4985.0,0.75,0.78,3.02,2016
HD 37124 d,14.0,0.098,159.79,2.807,5698.64,0.949168,0.85,221.20968,2005
WASP-3 b,15.91678,1845.3,2020.0,0.0315,6400.0,1.44,1.62,772.3269,2007
Kepler-1936 b,3.16615594,9.4,524.0,0.52662,6501.0,1.854,1.419,10.2,2021
Kepler-1615 b,2.06,31.171,658.0,0.2788,5865.0,1.05,1.04,4.9,2016
Kepler-327 d,1.73,7.59,387.0,0.09,3799.0,0.492,0.591913,3.64,2014
Kepler-1301 b,1.4,76.139,734.0,0.0815,5188.0,0.81,0.85,2.54,2016
Kepler-784 c,1.55,119.87,844.0,0.1309,5676.0,1.487,1.016,3.02,2023
Kepler-1553 b,1.15,166.106,926.0,0.0481,5288.0,0.81,0.85,1.6,2016
Kepler-1862 b,2.203,41.04,645.0,0.1199,5644.0,0.806,0.9,5.49,2021
Kepler-990 b,2.6,108.3,903.0,0.08595,5948.0,1.08,1.05,7.27,2016
Kepler-1537 b,1.18,713.168,1800.0,0.0245,5079.0,0.77,0.81,1.76,2016
HATS-28 b,13.383546,407.8485,1253.0,0.04131,5498.0,0.922,0.929,213.58176,2016
HR 858 d,2.001,217.0,1061.0,0.1046,6354.0,1.258,1.204,7.1,2019
TOI-2193 A b,19.83989584,1600.0,1763.0,0.03319,5966.0,1.248,1.082,298.75870258,2022
GJ 9773 b,14.2,0.0021,59.89,2.921,3528.0,0.362,0.358,172.580825,2025
Kepler-1785 b,2.70422447,47.3,666.0,0.13917,5618.0,0.996,0.911,7.77,2021
Kepler-130 d,1.64,9.834,451.0,0.377,5884.0,1.127,0.927,3.33,2014
HD 13808 c,3.13,5.6365,424.57,0.2554,5035.0,0.781,0.771,9.96,2021
Kepler-340 b,2.53,274.318,1092.0,0.134,6620.0,1.85,1.65,6.94,2014
HD 125271 b,12.4,0.0021,59.78,10.817,4703.93,0.751364,0.75,3465.60094993,2022
Kepler-1085 b,7.22,2.055,313.0,0.73361,6000.0,1.14,1.11,41.2,2016
Kepler-1404 b,2.01,39.001,596.0,0.1143,5261.0,0.8,0.84,4.7,2016
K2-99 c,12.6,3.8779,390.0,1.43,6069.0,2.55,1.44,2669.7586188,2022
TOI-1728 b,5.05,57.78,767.0,0.0391,3980.0,0.6243,0.646,26.78,2020
HATS-74 A b,11.56766808,106.9,895.1,0.02384,3776.9,0.5758,0.601,464.02947422,2021
Kepler-1207 b,1.62,352.508,802.0,0.1156,5909.0,1.06,1.06,3.26,2016
Kepler-1636 b,3.23,1.217,248.0,1.12191,5797.0,1.02,1.01,10.5,2016
Kepler-1267 b,3.01,86.469,774.0,0.1057,6096.0,1.2,1.15,9.32,2016
K2-73 c,13.0,0.285,186.1,,5867.0,1.058,1.02,1142.0,2025
Kepler-1795 b,1.66301611,17.3,520.0,0.1002,4500.0,0.688,0.768,3.4,2021
K2-285 b,2.59,234.31,1088.9,0.03817,4975.0,0.787,0.83,9.68,2018
WISPIT 1 c,12.8,0.0,8.21,840.0,4670.0,1.1161,0.72,1684.4905571,2025
TIC 349520724 b,2.82626313,,,,5098.6,0.818771,0.89,8.38,2026
LP 714-47 b,4.25,38.5441,722.8,0.04056,4123.0,0.536,0.542,28.38,2020
Kepler-963 b,2.66,83.494,802.0,0.0849,5461.0,0.87,0.91,7.56,2016
XO-2 S b,10.9,41.519,706.59,0.1347,5325.0,1.02,0.98,82.63538582,2014
Kepler-1748 b,2.71275017,196.33,955.0,0.0615,5774.0,0.864,0.916,7.81,2021
Kepler-336 d,2.37,74.36,749.0,0.154,5867.0,1.304,1.09,6.21,2014
Kepler-712 b,3.41,15.801,521.0,0.13615,5148.0,0.78,0.84,11.5,2016
TOI-4364 b,2.01,13.3328,488.0,0.04753,3528.0,0.4684,0.487,4.7,2025
Kepler-247 b,1.64,216.111,970.0,0.042,5100.0,0.768,0.887,3.33,2014
TOI-5628 A b,8.29464572,45.5107,492.0,0.0368,3310.0,0.35,0.36,28.60455663,2026
EPIC 201427007 b,1.5,,,,5633.0,0.94,0.93,2.86,2021
TOI-2992 b,13.75341932,1484.0,1726.0,0.0434,6000.0,1.545,1.21,1058.36859531,2025
K2-268 b,1.5,392.1704,1136.0,0.0308,5106.0,0.78,0.84,2.86,2018
Kepler-1096 b,1.24,124.866,794.0,0.034,4306.0,0.63,0.66,2.07,2016
TOI-615 b,18.97680433,1286.0,1666.0,0.0678,6850.0,1.732,1.449,138.25535705,2023
HAT-P-28 b,13.585,554.7122,1384.0,0.0434,5680.0,1.103,1.025,198.953,2011
Kepler-667 b,4.73,71.817,516.0,0.2288,5327.0,0.87,0.91,20.1,2016
Kepler-557 b,2.67,2885.663,1281.0,0.0469,6068.0,1.16,1.11,7.61,2016
EPIC 206024342 d,2.6,,,,5724.0,1.1,0.928,7.27,2021
rho CrB c,5.68,9.85,448.1,0.4206,5817.0,1.3617,1.0,27.442,2016
Kepler-483 b,3.21,61.495,755.0,0.19471,6346.0,1.47,1.28,10.4,2016
HD 73534 b,13.7,0.3721,220.25,2.99,4917.0,2.58,1.16,353.42696,2008
HD 35843 b,2.29,96.8492,872.3,0.088,5666.0,0.897,0.94,5.84,2025
Kepler-116 b,3.42,594.451,1251.0,0.069,6142.0,1.454,1.198,11.6,2014
HAT-P-62 b,12.02723629,867.2,1512.0,0.03772,5629.0,1.17,1.023,241.86741773,2021
TOI-3896 b,3.14949237,144.988,966.0,,5110.91,0.747752,0.86,10.1,2026
Kepler-443 b,2.33,0.86,233.0,0.495,4723.0,0.706,0.738,6.04,2015
TOI-4504 d,11.26,12.5915,524.8,0.2219,5315.0,0.93,0.875,643.0,2024
HD 150010 b,13.3,48.9796,681.22,1.4,4153.0,16.2,1.3,762.7881768,2022
Kepler-552 b,3.95,358.994,1103.0,0.0612,5863.0,1.04,1.03,14.8,2016
TOI-2719 b,5.98,874.29,1710.0,,5762.0,1.69,1.02,29.9,2025
HD 23596 b,12.4,0.3957,219.49,2.694,6040.0,1.53,1.1,3786.607641,2003
K2-347 b,2.41,,640.0,,4599.0,0.63,0.66,6.39,2021
Kepler-812 b,3.55,421.917,1163.0,0.1024,6761.0,1.71,1.45,12.3,2016
TOI-2266 b,1.54,13.0,550.0,0.02,3200.0,0.24,0.23,2.99,2024
Kepler-1187 b,2.61,72.957,701.0,0.1401,5975.0,1.09,1.06,7.32,2016
Kepler-1547 b,0.9,5760.944,3186.0,0.01556,6078.0,1.18,1.12,0.666,2016
Kepler-170 b,3.2,136.522,899.0,0.08,5679.0,1.035,1.066,82.6,2014
GJ 15 A b,1.55,4.2691,550.0,0.072,3607.0,0.38,0.38,3.03,2014
Kepler-100 b,1.34,478.214,1155.0,0.07309,5837.0,1.51,1.13,4.01,2014
Kepler-1258 b,0.86,2775.0,2335.0,0.01824,5839.0,0.99,0.99,0.566,2016
NSVS 14256825 b,12.3,9.6678,473.47,3.12,40000.0,0.188,0.419,4497.2945,2019
TOI-1266 b,2.52,4.72,415.0,0.073,3563.0,0.4232,0.437,4.46,2020
Kepler-659 b,2.5,21.309,513.0,0.1204,4870.0,0.74,0.79,6.8,2016
GJ 27.1 b,3.66,2.5488,387.13,0.101,3542.0,0.518887,0.53,13.0,2014
TOI-4495 c,4.03,346.626,1365.0,0.06323,6210.0,1.309,1.247,23.2,2024
Kepler-798 b,2.39,141.888,864.0,0.1174,6224.0,1.29,1.19,6.3,2016
TOI-5082.01,2.54811,254.588,1164.91,0.051204842,5670.0,0.93,0.99665,7.03,2024
Kepler-364 c,2.15,22.234,568.0,0.312,6108.0,1.284,1.076,5.27,2014
TOI-1260 d,3.12,10.32,499.0,0.1116,4227.0,0.672,0.679,11.84,2022
HD 50499 b,13.5,0.1619,174.69,3.833,6102.0,1.351,1.253,519.96988,2005
HD 20794 f,2.28,0.3746,214.52,1.3541,5368.0,0.93,0.79,5.82,2025
Kepler-1595 b,1.23,185.568,980.0,0.051,5203.0,0.8,0.84,2.04,2016
HD 99109 b,14.3,0.5465,239.32,1.11,5282.0,0.98,0.76,139.8452,2005
KOI-3503 b,1.19,90.2,785.0,0.14247,6001.0,1.255,0.858,9.2,2021
Kepler-526 b,1.99,584.354,1099.0,0.06518,5894.0,1.14,1.15,4.62,2016
HD 28109 c,4.13,29.9535,643.0,0.308,6189.0,1.425,1.227,9.2,2022
K2-11 b,7.55,9.84,734.0,0.2257,5433.0,5.15,1.35,44.4,2015
NGTS-26 b,14.88552637,523.0,1331.0,0.049,5550.0,1.16,0.96,92.80589484,2024
KOI-319 b,10.67,60.4,703.0,0.2668,5880.0,2.064,1.325,3178.28407,2014
TOI-1743 b,1.83,10.8837,485.0,0.03589,3277.0,0.338,0.339,4.01,2025
Kepler-1837 b,2.06673842,247.83,1012.0,0.065,5966.0,0.961,1.049,4.92,2021
Kepler-1986 b,1.89,26.62,579.0,0.1307,5549.0,0.732,0.776,4.23,2023
Kepler-696 b,6.14,607.525,1234.0,0.0535,5903.0,1.08,1.06,31.3,2016
Kepler-189 c,2.38,18.811,544.0,0.137,5235.0,0.75,0.803,22.7,2014
HD 105618 b,5.44,182.6347,1023.19,0.091,5671.0,1.27399,1.01,25.42627256,2022
TOI-1301.01,2.477,72.55,737.36,0.059866,4820.0,0.732,0.77,6.7,2024
Kepler-1497 b,1.66,172.38,924.0,0.0817,5675.0,0.95,0.96,3.39,2016
EPIC 212624936 b,1.2,,,,5765.0,0.93,1.0,1.87,2021
Kepler-194 b,1.51,953.173,1648.0,0.032,6089.0,1.025,0.94,2.89,2014
Kepler-661 b,3.07,45.528,678.0,0.0585,4483.0,0.67,0.7,9.64,2016
Kepler-529 c,2.0,149.42,891.0,0.1075,6087.0,1.14,1.07,4.66,2016
HAT-P-61 b,10.07687365,849.5,1505.0,0.0301,5587.0,0.938,1.004,335.9446262,2021
TOI-2589 b,12.10569916,21.7464,592.0,0.3,5579.0,1.07,0.93,1112.3994245,2023
HD 95872 b,13.0,0.0216,103.45,5.15,5312.0,0.84,0.7,1188.6842,2015
Kepler-1412 b,0.83,1087.781,1397.0,0.04608,5880.0,1.27,1.06,0.498,2016
Kepler-760 c,1.48,453.648,1139.0,0.03489,5322.0,0.85,0.89,2.79,2016
2MASS J0249-0557 c,17.37392009,0.0,1723.0,1950.0,2859.0,0.315959,0.046,3616.88727166,2018
TOI-4504 c,11.17,0.2639,412.5,0.3593,5315.0,0.93,0.875,821.0,2024
Kepler-1540 b,2.49,0.849,266.0,0.4426,4540.0,0.69,0.74,6.76,2016
TIC 445839811 b,2.47771211,,,,5408.25,0.850041,0.95,6.7,2026
Kepler-225 c,1.84,9.903,412.0,0.111,3682.0,0.48,0.593,4.04,2014
Kepler-180 b,1.5,72.119,781.0,0.109,5731.0,1.063,0.95,2.86,2014
HD 18438 b,12.1,210.6576,1208.15,2.1,3860.0,88.475,1.84,6674.396547,2023
HD 154088 b,2.46,41.2119,689.99,0.134,5374.0,0.95,0.91,6.6,2021
HD 24064 b,12.3,211.3995,1088.02,1.29,4052.0,40.0,1.61,4096.8287,2015
Kepler-1349 b,0.7,1862.33,1668.0,0.03421,6086.0,1.28,1.16,0.271,2016
HD 29399 b,13.5,2.7435,358.32,1.913,4845.0,4.5,1.17,498.99059899,2022
TOI-4511 b,2.75304932,938.995,1542.0,,5418.77,1.00145,1.017,8.01,2026
Kepler-411 e,3.28,7.6205,503.0,0.186,4974.0,0.82,0.87,10.8,2018
eps Ind A b,12.7,0.001,275.0,15.76,4700.0,0.713,0.8,2065.8846455,2019
Kepler-1306 b,1.91,52.146,678.0,0.123,5727.0,0.97,0.98,4.31,2016
TOI-2200 b,6.96310517,288.087,1147.0,,5036.17,0.826247,0.85,38.7,2026
K2-285 c,3.53,50.35,741.4,0.0824,4975.0,0.787,0.83,15.68,2018
Kepler-345 b,0.74,35.37,622.0,0.066,4504.0,0.623,0.61,0.48,2014
Kepler-539 c,13.3,0.1486,253.0,2.42,5820.0,0.952,1.048,762.792,2016
HD 33844 b,13.4,5.7778,430.22,1.6,4861.0,5.39,1.84,638.8383,2015
GJ 317 c,13.6,0.0008,47.67,5.04,3496.0,0.403,0.402,454.49462201,2016
Kepler-467 b,2.25,72.749,712.0,0.16848,5809.0,1.37,1.05,5.69,2016
Kepler-964 b,2.12,43.916,652.0,0.1073,5427.0,0.84,0.93,5.14,2016
TOI-1386 c,10.3,1.771,327.4,0.75,5735.0,1.0235,1.0363,75.2,2024
HD 99706 c,12.8,,,,4891.0,5.4,1.72,1808.4527,2016
Kepler-1262 b,1.82,142.545,949.0,0.083,5771.0,0.98,0.99,3.97,2016
BEBOP-3 b,14.2,1.159,287.88,1.444,6033.0,1.414,1.083,177.34825111,2025
Kepler-1071 b,2.38,45.12,814.0,0.0629,5215.0,0.81,0.86,6.26,2016
Kepler-1515 b,9.55,6.017,380.0,0.75235,6511.0,1.41,1.3,66.2,2016
Kepler-1809 b,1.513,158.2,877.0,0.04444,4901.0,0.716,0.807,2.9,2021
K2-242 b,2.54,6.3759,416.0,0.0494,3459.0,0.37,0.38,6.99,2018
TIC 77319217 b,3.10879526,,,,5961.52,1.18439,1.16,9.85,2026
Kepler-649 b,2.26,25.147,564.0,0.17522,5871.0,0.94,0.97,5.73,2016
HAT-P-55 b,14.84069045,583.0,1367.0,0.04628,5804.0,1.105,1.028,189.42573057,2015
Kepler-344 c,2.95,2.673,360.0,0.488,5774.0,0.976,0.931,9.01,2014
HIP 65891 b,12.7,5.617,429.05,2.82,5000.0,8.93,2.5,1938.7532827,2015
GJ 4274 c,2.83,0.1,157.32,0.186,3228.0,0.19,0.18,8.39,2026
Kepler-1111 b,2.0,118.52,938.0,0.0872,6077.0,1.15,1.1,4.66,2016
Kepler-172 b,2.35,639.476,1256.0,0.04,5526.0,1.085,1.081,6.12,2014
K2-139 b,9.11,15.5562,524.0,0.1796,5370.0,0.88,0.96,123.00021,2017
HD 64121 b,13.2,7.7628,464.77,1.51,5078.0,5.44,1.64,813.64072192,2022
Kepler-902 b,2.54,24.875,556.0,0.223,5647.0,0.93,0.95,6.99,2016
Kepler-894 b,2.78,119.881,896.0,0.0916,5603.0,0.85,0.87,8.15,2016
Kepler-1794 b,1.79426276,57.59,703.0,0.0821,5052.0,0.816,0.773,3.87,2021
TOI-1064 b,2.587,62.9,784.0,0.06152,4734.0,0.726,0.748,13.5,2022
Kepler-884 b,1.23,139.5,964.0,0.06116,5715.0,0.94,1.0,2.04,2016
Kepler-1019 b,1.46,330.249,1164.0,0.0221,4433.0,0.67,0.7,2.73,2016
WASP-28 b,13.66374747,695.65,1456.0,0.0442,6084.0,1.083,0.993,282.54945382,2014
GJ 3341 b,2.46,3.6578,377.62,0.089,3526.0,0.439,0.47,6.6,2015
TOI-4552 b,1.11,263.0,1122.0,0.0056255,3258.0,0.2869,0.2619,1.83,2026
GJ 1289 b,2.38,0.0754,150.0,0.27,3296.0,0.245012,0.21,6.27,2024
Kepler-555 b,2.83,129.374,664.0,0.1201,5894.0,1.04,1.03,8.4,2016
Kepler-683 b,1.97,702.281,1332.0,0.0355,5703.0,0.95,0.96,4.54,2016
HATS-10 b,10.861521,836.8558,1407.0,0.04491,5880.0,1.105,1.101,167.17858,2015
Kepler-1977 b,1.66,95.61,798.0,0.0486,4805.0,0.688,0.769,3.39,2023
Kepler-715 b,3.75,181.408,876.0,0.0933,5871.0,1.04,1.04,13.5,2016
TOI-1694 b,5.27,195.2882,1037.0,0.0445,5005.0,0.812,0.828,28.24,2023
Kepler-164 d,2.45,35.89,637.0,0.187,5888.0,1.148,1.036,6.57,2014
Kepler-786 b,2.43,3.658,348.0,0.25483,4838.0,0.74,0.81,6.48,2016
TOI-3785 b,5.14,19.1,582.0,0.043,3576.0,0.5,0.52,14.95,2023
WASP-145 A b,10.0881,313.4012,1200.0,0.0261,4900.0,0.68,0.76,282.8687,2018
WASP-136 b,16.81347105,1843.4633,1630.0,0.0661,6250.0,2.39014,1.41,479.92089457,2016
HATS-12 b,7.76,566.4817,1446.0,0.0441,6357.0,1.17,1.16,759.6137,2016
TOI-1296 b,14.11645916,1078.5987,1414.84,0.051,5567.0,1.7031,1.1576,95.3,2021
HD 98736 b,13.3,0.1734,179.53,1.864,5271.0,0.93,0.92,740.5439,2018
Kepler-1136 b,1.64,150.055,922.0,0.0299,4512.0,0.68,0.72,3.33,2016
GJ 667 C f,1.45,0.5633,,0.156,3350.0,,0.33,2.7,2013
Kepler-635 b,2.64,193.927,802.0,0.18332,6174.0,1.51,1.33,7.46,2016
TOI-1279 b,2.66146528,74.7359,759.0,0.085,5457.0,0.8426,0.8784,10.6,2024
Kepler-468 b,13.34,11.241,484.0,0.2213,5498.0,0.87,0.96,,2016
DE CVn b,12.4,0.0008,46.91,5.75,3579.0,0.424754,0.51,3823.27330161,2018
TOI-682.01,3.74186,234.46,1090.0,,5085.0,1.08,0.85,13.5,2021
USco CTIO 108 b,12.3,0.0,2.96,670.0,2700.0,0.345365,0.06,4449.62,2008
Kepler-1496 b,2.22,18.383,535.0,0.3211,6182.0,1.27,1.18,5.56,2016
HD 102272 b,12.9,176.4116,1038.01,0.51,4790.0,10.3,1.45,1570.0802,2008
Kepler-366 c,1.79,286.6,848.0,0.11,6209.0,1.048,1.088,3.86,2014
KOI-2513.01,2.80224517,78.19,758.0,0.5,5900.0,1.2,0.91,7310.053361,2023
Kepler-537 b,1.41,442.522,1181.0,0.04317,5763.0,0.99,1.07,2.57,2016
GJ 3323 b,1.23,2.58,290.06,0.03282,3159.0,0.119,0.164,2.02,2017
TOI-4495 b,2.483,1001.28,1735.0,0.03957,6210.0,1.309,1.247,7.7,2026
Kepler-1761 b,1.39109603,33.34,613.0,0.0413,3871.0,0.532,0.573,2.51,2021
NGTS-6 b,14.863134,983.4246,1283.9,0.01677,4730.0,0.754,0.767,425.57437,2019
Kepler-920 c,3.8,3.986,364.0,0.4029,5403.0,0.85,0.89,13.8,2016
Kepler-818 b,5.11,100.779,786.0,0.0886,5638.0,0.92,0.94,22.9,2016
Kepler-139 c,3.38,3.023,350.0,0.586,5594.0,1.3,1.078,13.0,2014
Kepler-959 b,4.38,165.868,1912.0,0.1633,7005.0,2.01,1.6,17.6,2016
BD-210397 c,12.9,0.0039,69.51,5.9,4051.0,0.747,0.69,1525.5763536,2023
Kepler-1436 b,1.31,772.079,1001.0,0.0907,5972.0,1.09,1.06,2.27,2016
HU Aqr AB c,12.9,,,5.4,5952.0,,0.88,1430.235,2011
Kepler-1597 b,1.06,1431.311,1497.0,0.04136,6377.0,1.39,1.25,1.2,2016
WASP-83 b,11.65736,238.875,1120.0,0.059,5510.0,1.05,1.11,95.349,2015
HD 116029 c,13.7,,,,4951.0,4.6,1.33,403.6441,2016
Kepler-282 e,3.1,24.114,484.0,0.23332,5656.0,0.89,0.97,56.2,2013
XO-2 S c,13.6,3.3572,376.79,0.4737,5325.0,1.02,0.98,438.60320166,2014
Kepler-850 b,1.78,329.283,995.0,0.0744,5932.0,1.09,1.06,3.82,2016
Kepler-65 d,1.52,394.549,1117.0,0.084,6211.0,1.41,1.25,4.14,2012
Kepler-1090 b,2.25,1.825,297.0,0.63323,5321.0,0.82,0.86,5.69,2016
TOI-715 b,1.55,0.67,234.0,0.083,3075.0,0.24,0.225,3.02,2023
GJ 393 b,1.17,9.21,485.0,0.05402,3579.0,0.426,0.426,1.71,2021
Kepler-1680 b,1.35954736,49.0,771.0,0.07642,5021.0,0.723259,0.834,2.42,2020
Gaia-2 b,14.81827249,512.0235,1213.23,0.0467,5720.0,1.064,1.0,259.66580852,2022
WASP-124 b,13.89916,748.0,1400.0,0.0449,6050.0,1.02,1.07,190.698,2016
TOI-1439 b,4.2427861,68.4355,748.4,0.192,5841.0,1.6184,1.2313,38.5,2024
GJ 1061 c,1.19,1.4,304.12,0.0342,2953.0,0.156,0.12,1.81,2020
K2-50 b,1.59,18.8,580.53,0.0705,4326.0,0.546,0.611,3.15,2016
Kepler-23 b,1.638,446.107,1157.0,0.07212,5828.0,1.548,1.078,2.56,2011
Kepler-257 b,2.61,343.6,1237.0,0.034,5180.0,1.037,0.916,7.32,2014
TOI-1736 c,12.5,0.9,249.0,1.37,5636.0,1.4286,1.0373,2800.0,2023
Kepler-310 d,2.47,3.664,353.0,0.392,5797.0,0.876,0.854,7.0,2014
WASP-192 b,13.78707,471.142,1620.0,0.0408,5910.0,1.32,1.09,731.009,2019
Kepler-184 b,2.36,70.361,780.0,0.092,5788.0,0.873,0.872,6.17,2014
Kepler-1744 b,3.76754004,21.0,532.0,0.20945,5986.0,0.85,0.886,13.6,2021
Kepler-1107 b,1.34,2387.261,1897.0,0.01285,5268.0,0.82,0.86,2.36,2016
Kepler-40 b,13.11,1187.965,1620.0,0.08,6510.0,2.13,1.48,699.2,2010
TOI-908 b,3.186,80.884,1317.0,0.041657,5626.0,1.028,0.95,16.137,2023
Kepler-851 b,1.68,103.828,900.0,0.0802,5455.0,0.85,0.89,3.46,2016
HD 99492 c,4.42,,,,4929.0,0.822539,0.85,17.9,2023
G 264-012 c,1.76,3.87,387.0,0.0525,3326.0,0.305,0.297,3.75,2021
Kepler-827 b,5.63,23.602,574.0,0.2742,5602.0,0.91,0.93,27.0,2016
Kepler-228 c,2.7,457.318,1160.0,0.052,6043.0,1.014,1.006,7.75,2014
K2-346 b,2.26,8.8138,450.0,,4801.0,0.7,0.71,5.73,2021
Kepler-77 b,10.761,432.871,1440.0,0.04501,5520.0,0.99,0.95,136.661,2013
Kepler-1509 b,1.85,83.081,667.0,0.1707,5780.0,0.99,1.0,4.08,2016
GJ 581 b,4.79,7.7669,464.32,0.0399,3500.0,0.302,0.295,20.5,2005
K2-403 b,5.333,134.883,949.0,,5511.0,0.886,0.784,24.6,2022
HD 43691 b,13.2,55.8272,761.79,0.238,6093.0,1.6,1.32,810.4665,2007
Kepler-1574 b,1.29,289.778,1003.0,0.0743,5892.0,1.08,1.06,2.21,2016
Kepler-238 f,2.0,35.869,568.0,0.28635,5800.0,0.96,1.06,13.5,2013
K2-253 b,12.67,365.8185,1238.0,0.0506,6027.0,1.1,1.08,,2018
Kepler-1290 b,1.42,443.221,1098.0,0.0557,5660.0,0.93,0.95,2.6,2016
Kepler-68 d,13.9,0.7889,260.75,1.469,5847.0,1.2564,1.057,267.0,2013
Kepler-218 b,1.48,460.656,1156.0,0.046,5502.0,1.063,1.019,2.79,2014
Kepler-645 b,2.1,1364.762,1730.0,0.04541,6170.0,1.21,1.13,5.06,2016
TOI-1450 A b,1.13,44.9493,722.0,,3437.0,0.483,0.48,1.258,2024
HD 206610 b,13.4,6.2426,437.88,1.74,4842.0,6.12,1.55,647.10188,2009
Kepler-99 b,1.48,108.042,810.0,0.05071,4782.0,0.73,0.79,6.15,2014
Kepler-1010 b,2.32,10.17,477.0,0.193,5253.0,0.82,0.86,5.99,2016
Kepler-687 b,3.52,15.648,518.0,0.1326,4841.0,0.73,0.77,12.2,2016
Kepler-1855 b,1.216205,86.97,849.0,0.0115,3460.0,0.356,0.385,1.96,2021
UCAC4 328-061594 b,12.1,,,19000.0,,,1.19,6674.396547,2024
Kepler-1363 b,1.25,191.919,988.0,0.0363,4839.0,0.72,0.76,2.1,2016
Kepler-296 b,1.61,6.5,495.0,0.079,3740.0,0.48,0.498,3.22,2014
BD+48 738 b,13.9,48.9779,705.93,1.0,4414.0,11.0,0.74,289.2253,2011
HR 8799 c,13.0,0.0034,1200.0,38.0,7204.58,1.49338,1.5,3000.0,2008
Kepler-1773 b,3.50469499,39.2,623.0,0.24831,6183.0,1.3,1.241,12.1,2021
Kepler-989 b,2.21,74.35,805.0,0.0734,5074.0,0.78,0.82,5.52,2016
Kepler-1508 b,1.33,116.145,967.0,0.1629,6158.0,1.22,1.14,2.33,2016
TOI-7041 b,11.43316031,143.259,882.37,,4700.0,4.1,1.07,114.41822652,2025
K2-37 c,2.41,118.0,839.0,0.06534,5352.0,0.809,0.84,6.39,2016
2MASS J19383260+4603591 b,13.4,33.2985,669.65,0.92,29564.0,0.203,0.48,603.877,2015
TOI-1260 b,2.41,95.58,871.0,0.0367,4227.0,0.672,0.679,8.56,2021
HIP 39330 b,13.5,0.044,125.05,5.05,5748.0,1.02786,0.96,530.77343969,2026
Kepler-52 c,1.84,8.55,433.0,0.10379,4075.0,0.52,0.54,45.4,2012
Kepler-1637 b,0.89,337.78,1093.0,0.0596,5789.0,1.02,1.02,0.64,2016
Kepler-1990 b,3.27,1372.87,1554.0,0.0286,5751.0,1.071,1.028,10.7,2023
TOI-1749 c,2.12,36.1539,673.0,0.0443,3985.0,0.55,0.58,14.0,2021
GJ 9714 b,12.5,0.0009,47.68,12.319,4263.0,0.662662,0.67,2988.54051102,2022
Kepler-312 b,1.29,4124.022,1685.0,0.031,6115.0,1.467,1.314,2.21,2014
Kepler-1671 b,1.32557381,205.0,962.0,0.04946,5135.55,0.929771,0.866,2.32,2020
Kepler-466 b,2.85,12.5,503.0,0.26769,5927.0,1.05,1.04,8.5,2016
UZ For c,,,,2.8,5286.9,,0.7,2447.2,2011
HD 63765 b,14.2,0.627,246.9,0.94,5449.0,0.83,0.65,168.4499,2011
TOI-7008 b,4.94735276,1679.35,1783.0,,5116.06,0.95255,0.88,21.7,2026
Kepler-1038 c,1.4162338,89.24,784.0,0.0692,5159.0,0.821,0.868,2.59,2021
TOI-3877 b,11.67975789,729.0,1445.0,0.0529,5731.0,1.445,1.16,99.7981198,2025
Kepler-1699 b,1.56671124,245.65,1010.0,0.0418,5575.53,0.725,0.81,3.08,2020
HD 143105 b,13.7,2502.0025,2028.25,0.0379,6380.0,1.647304,1.51,384.5743,2016
HD 191939 e,13.0,3.9,390.0,0.407,5348.0,0.94,0.81,112.2,2022
Kepler-1569 b,1.68,495.652,1222.0,0.06669,6319.0,1.4,1.25,3.46,2016
Kepler-859 b,3.09,14.897,528.0,0.13157,5020.0,0.77,0.81,9.75,2016
HD 83443 b,14.1,477.4442,1262.68,0.0406,5442.0,0.94,1.0,127.76701961,2002
Kepler-106 b,0.82,277.216,1021.0,0.06491,5858.0,1.04,1.0,5.3,2014
Kepler-834 b,2.02,11.845,378.0,0.0862,4554.0,0.66,0.7,4.74,2016
K2-249 b,2.79,163.7274,1061.0,0.1151,6504.0,1.57,1.32,8.2,2018
Kepler-454 c,12.9,0.6814,249.58,1.287,5687.0,1.066,1.03,1433.40611557,2015
HD 33283 b,12.5,191.9541,1034.4,0.1508,5935.0,1.97,1.38,104.56607,2006
Kepler-169 e,2.2,28.548,595.0,0.105,4997.0,0.763,0.825,5.48,2014
GJ 536 b,2.41,9.9,451.0,0.0668,3641.0,0.529,0.528,6.37,2016
Kepler-37 e,0.37,7.6252,401.0,0.25,5288.0,0.772,0.8,8.1,2014
Kepler-37 b,0.3098,44.5,718.0,0.1019,5357.0,0.789,0.79,0.79,2013
TOI-2236 b,14.36991326,1356.0,1688.0,0.05009,6248.0,1.573,1.343,502.16888306,2022
HD 159868 c,14.0,3.3758,383.37,1.032,5534.0,2.13,1.19,244.09344,2012
Kepler-1665 b,2.83910787,40.4,906.0,0.096,5049.84,0.777785,0.842,8.44,2020
HIP 111909 b,13.7,6.0097,436.91,1.32,4891.0,4.53,1.28,384.57237247,2025
Kepler-1125 b,1.84,41.04,778.0,0.1348,5683.0,0.94,0.95,4.04,2016
Kepler-384 b,1.12,101.549,670.0,0.148,5577.0,0.882,0.882,1.46,2014
HD 37605 b,13.2,7.8531,465.76,0.277,5329.0,0.91,0.94,854.9627,2004
Kepler-1618 b,1.26,903.908,1267.0,0.07109,6620.0,1.65,1.41,2.13,2016
Kepler-352 d,0.80628032,81.3,788.0,0.06574,5208.0,0.772,0.796,0.449,2021
K2-148 c,1.73,26.5,630.02,0.0616,4079.0,0.632,0.65,3.64,2018
NGTS-9 b,11.99363,729.0,1448.0,0.058,6330.0,1.38,1.34,921.707,2019
Kepler-584 b,4.21,76.339,664.0,0.2281,6195.0,1.24,1.17,16.5,2016
Kepler-92 b,3.51,257.776,975.0,0.12232,5883.0,1.7,1.21,64.3,2013
TOI-277 b,2.65,28.236,587.92,0.0269,4031.0,0.362,0.16,7.51,2022
EPIC 212297394 b,1.48,,1149.0,,5171.0,0.8,0.83,2.79,2019
TIC 67686059 b,2.59125922,,,,5090.09,0.820458,0.86,7.23,2026
K2-270 b,1.38,497.0717,1203.0,0.0247,4877.0,0.77,0.85,2.48,2018
TIC 160113658 b,3.49015778,,,,4817.31,0.789834,0.76,12.0,2026
Kepler-533 b,3.38,8.769,423.0,0.16704,4758.0,0.72,0.78,11.4,2016
VHS J125601.92-125723.9 b,13.67495645,0.0,1194.0,350.0,2620.0,,0.07,5085.254512,2015
HD 23079 c,2.8,,,,5994.0,1.08,1.16,8.26,2025
Kepler-55 e,1.55,73.157,728.0,0.048,4503.0,0.619,0.631,3.02,2014
GJ 887 b,1.8,7.8,426.0,0.0683,3688.0,0.468,0.495,3.9,2020
Kepler-1467 b,3.3,7.917,411.0,0.2388,5332.0,0.82,0.86,10.9,2016
Kepler-199 c,3.25,7.885,420.0,0.316,5644.0,0.967,0.96,10.6,2014
HD 222076 b,13.5,2.5381,346.88,1.83,4806.0,4.1,1.07,495.8148,2016
Kepler-282 b,1.01,195.935,817.0,0.082,5602.0,0.904,0.86,1.01,2014
K2-388 b,3.9,138.0,874.0,,5310.0,0.91,0.93,14.5,2022
TOI-1224 b,2.104,13.9295,541.0,0.0355,3326.0,0.404,0.4,5.08,2024
Kepler-623 b,3.01,77.098,825.0,0.0854,5443.0,0.86,0.9,9.32,2016
WASP-176 b,16.869545,1703.2413,1721.0,0.0535,5941.0,1.925,1.345,271.74465,2020
Kepler-363 d,2.05,203.761,905.0,0.107,5593.0,1.485,1.226,4.86,2014
HD 4917 b,13.5,20.9781,479.78,1.167,4802.0,5.01,1.32,513.29545,2018
KOBE-1 c,3.56,3.91,392.5,0.16071,4135.0,0.619,0.629,12.4,2025
Kepler-970 b,2.609,11.111,464.0,0.139,4290.0,0.71,0.67,7.31,2016
HAT-P-70 b,20.96083,5405.6,2562.0,0.04739,8450.0,1.858,1.89,2154.8874,2019
Kepler-943 b,5.93,10.16,455.0,0.2559,5612.0,0.91,0.93,29.5,2016
Kepler-10 b,1.47,3741.78,2188.0,0.01685,5708.0,1.065,0.91,3.24,2011
Kepler-271 d,0.66,189.343,954.0,0.05554,5555.0,0.87,0.9,0.219,2016
TOI-1233.01,2.539,53.8795,708.0,0.1074,5660.0,0.877,0.869,6.98,2021
HD 221585 b,13.5,0.4965,242.77,2.306,5620.0,1.850575,1.19,511.7063,2016
TIC 18942729 b,2.00021315,,,,4360.11,0.825257,0.652,4.66,2026
HD 22496 b,2.22,26.0,573.0,0.051,4385.0,0.674,0.684,5.57,2021
Kepler-1640 b,4.82,537.4,1228.0,0.0836,6324.0,1.43,1.27,20.7,2016
Kepler-589 c,1.11727238,344.61,1098.0,0.0426,5372.0,0.916,0.832,1.45,2021
Kepler-647 b,1.17,162.794,788.0,0.12237,6020.0,1.07,1.03,1.71,2016
Gaia-1 b,13.77583728,426.5351,1159.07,0.04047,5470.0,0.952,0.949,533.95172376,2022
Kepler-1527 b,4.77,7.813,450.0,0.6276,6224.0,1.32,1.21,20.4,2016
Kepler-1980 b,2.21,23.95,564.0,0.2049,5819.0,0.99,1.049,5.52,2023
TOI-122 b,2.72,8.8,471.0,0.0392,3403.0,0.334,0.312,7.85,2020
HATS-52 b,15.490838,1310.22,1834.0,0.02498,6010.0,1.046,1.111,711.9392,2017
Kepler-250 d,2.18,21.463,579.0,0.127,5160.0,0.805,0.806,5.39,2014
Kepler-1298 b,1.31,1003.027,1373.0,0.0814,6339.0,2.0,1.45,2.27,2016
Kepler-1361 b,0.86,186.069,1061.0,0.04304,5131.0,0.79,0.83,0.566,2016
Kepler-619 b,3.16,224.146,1073.0,0.06014,5980.0,1.11,1.09,10.1,2016
K2-99 b,11.88151954,357.0,1184.0,0.153,6069.0,2.55,1.44,276.51071409,2016
TOI-532 b,5.82,94.1,867.0,0.0296,3927.0,0.612,0.639,61.5,2021
HD 210277 b,13.6,0.7275,259.86,1.13,5538.0,1.07,1.01,410.0007,1998
Kepler-178 b,2.9,84.571,846.0,0.085,5676.0,1.066,0.852,8.75,2014
Kepler-1604 b,1.41,1391.4,2023.0,0.01406,4976.0,0.76,0.81,2.57,2016
Kepler-984 b,2.12,13.991,484.0,0.23688,5610.0,0.93,0.96,5.14,2016
HD 13724 c,8.18,3.9773,393.06,0.534,5835.31,1.04198,1.004,50.85254512,2022
Kepler-1286 b,2.15,151.77,888.0,0.0991,5753.0,0.98,1.0,5.27,2016
Kepler-318 b,4.71,333.149,1039.0,0.056,5746.0,1.189,1.073,19.9,2014
Kepler-732 b,2.18,8.559,407.0,0.0691,3631.0,0.46,0.49,5.39,2016
HIP 109600 b,13.2,1.6736,312.88,0.706,5530.0,0.971958,0.87,851.7844,2016
Kepler-407 b,1.19,4102.008,1983.0,0.01531,5487.0,1.04,0.99,1.93,2014
GJ 1148 c,9.71,0.0163,99.38,0.912,3287.0,0.358519,0.344045,68.06,2017
Kepler-897 b,2.39,354.221,855.0,0.077,5839.0,1.04,1.03,6.3,2016
Kepler-435 b,22.31,677.917,1729.0,0.0948,6161.0,3.21,1.538,266.97,2015
HD 184010 d,14.3,3.5509,381.37,1.92,4971.0,4.86,1.35,143.02278315,2022
WASP-70 A b,13.047,649.1548,1387.0,0.04853,5763.0,1.215,1.106,187.512,2014
TOI-1798.01,2.448,69.26,734.31,0.074984,5165.0,0.78,0.87,6.5,2024
TOI-444 b,2.77,23.4694,609.0,0.133,5225.0,0.779,0.96,8.1,2023
TOI-2202 b,10.95117414,42.7254,652.07,0.09564,5169.0,0.808,0.841,287.31687993,2021
TrES-1 b,12.66617,318.4582,1140.0,0.03925,5230.0,0.85,1.04,266.9772,2004
Kepler-1052 c,2.3,1.96,302.0,0.6135,5818.0,0.848,0.937,5.9,2023
Kepler-206 b,1.2,192.273,983.0,0.078,5764.0,1.185,0.957,1.87,2014
Kepler-763 b,1.22,974.089,1414.0,0.0205,5166.0,0.8,0.84,1.98,2016
Kepler-155 b,2.09,23.5,614.0,0.056,4508.0,0.62,0.635,5.02,2014
ups And c,12.3,4.8931,407.56,0.827774,6156.77,1.56,1.3,4443.24112986,1999
NGTS-34 b,3.65,36.0339,624.0,0.257,6134.0,1.367,1.266,19.1,2025
K2-274 b,2.08,33.3287,655.0,0.0964,5044.0,0.7,0.79,4.98,2018
DH Tau b,30.2643,0.0,2200.0,330.0,4371.0,0.27,0.33,3496.0,2004
HD 200964 c,13.7,3.0164,380.62,1.96,4982.0,4.92,1.39,385.84562,2010
TOI-1011 b,1.45,575.597,1364.0,,5475.0,0.92,0.91,4.04,2025
Kepler-1583 b,0.6,124.307,788.0,0.08307,5645.0,0.91,0.94,0.156,2016
HATS-32 b,14.000041,614.5934,1437.0,0.04024,5700.0,1.097,1.099,292.4036,2016
ZTF J1828+2308 b,11.13051784,,,,15900.0,0.0131,0.61,6356.56814,2025
Kepler-1876 b,0.853,475.0,1299.0,0.0758,6104.0,1.477,1.187,2.4,2021
TOI-6564 b,16.39873876,1257.4271,1445.0,0.0542,5943.0,1.7,1.18,222.16205649,2026
K2-219 c,1.43839723,,,,5753.0,1.189232,1.021545,2.66,2018
HD 37124 b,14.0,2.7119,366.48,0.53364,5698.64,0.949168,0.85,214.53525,2002
Kepler-881 b,1.78,538.569,1217.0,0.0552,5961.0,1.09,1.06,3.82,2016
TOI-333 b,4.26,650.4959,1445.0,0.049,6241.0,1.1,1.2,20.1,2025
Kepler-60 c,1.9,236.0,1023.0,0.08422,5905.0,1.257,1.041,3.85,2012
Kepler-665 b,2.6,20.719,593.0,0.1148,4913.0,0.74,0.79,7.27,2016
Kepler-1848 b,1.4088539,94.3,774.0,0.05835,4847.0,0.737,0.756,2.57,2021
TOI-2096 c,1.914,3.7,349.0,0.04,3300.0,0.235,0.231,4.32,2023
Kepler-1698 b,1.07315686,697.6,1351.0,0.02065,4975.03,0.741698,0.822,1.25,2020
HIP 14810 c,13.6,3.2423,373.22,0.549,5544.0,1.07,1.01,416.3573,2006
HD 25463 c,1.36354953,1413.5,1585.57,0.0443,6353.0,1.4182,1.251,4.3,2023
Kepler-1869 c,0.74,1056.84,1455.0,0.028,5808.0,0.902,0.987,0.33,2023
Kepler-292 b,1.32,394.301,1130.0,0.035,5299.0,0.826,0.865,2.3,2014
Kepler-33 b,1.74,744.011,1336.0,0.0677,5904.0,1.82,1.291,3.68,2011
Kepler-601 b,1.9,110.619,833.0,0.05494,5160.0,0.79,0.85,4.27,2016
TOI-1347 b,1.8,1876.1315,1400.0,0.0171,5464.0,0.83,0.913,11.1,2024
K2-417 b,3.31,15.8226,558.0,0.063,3861.0,0.5776,0.569,699.2224954,2023
Kepler-1020 b,2.28,2.339,325.0,0.37594,5227.0,0.8,0.87,5.82,2016
Kepler-1346 b,1.58,545.575,1236.0,0.044,6133.0,1.21,1.14,3.12,2016
TOI-1750 b,2.78943837,33.352,612.92,,4683.75,0.768675,0.767,8.19,2026
HD 180314 b,12.0,20.9853,597.64,1.448,4917.0,9.2,2.6,7216.92963775,2010
Kepler-181 c,1.99,168.188,937.0,0.049,5333.0,0.749,0.81,4.62,2014
Kepler-953 c,1.19,121.04,873.0,0.0862,5416.0,0.99,0.95,1.81,2016
TOI-1696 b,3.09,13.5,489.0,0.0229,3185.0,0.2775,0.255,48.8,2022
TIC 77552382 b,5.69176189,701.7449,1433.88,,4981.07,0.886956,0.83,27.5,2026
HD 96167 b,14.0,2.0941,333.63,1.332,5733.0,1.94,1.27,227.88411,2009
Kepler-1770 b,2.84141754,56.43,699.0,0.1261,5602.0,1.009,0.941,8.45,2021
Kepler-292 e,2.67,50.924,678.0,0.097,5299.0,0.826,0.865,7.61,2014
Kepler-154 b,2.26,28.11,561.0,0.198,5690.0,1.001,0.933,5.73,2014
Kepler-1660 AB b,12.9,7.2787,415.08,0.8,6305.24,1.491,1.1366,1586.59940774,2023
Kepler-379 b,1.66,90.346,775.0,0.152,6054.0,1.306,1.125,3.39,2014
HAT-P-33 b,20.73665,1701.38,1782.0,0.04995,6446.0,1.79,1.82,292.4036,2011
Kepler-567 b,2.25,26.137,611.0,0.1229,5148.0,0.79,0.84,5.69,2016
KIC 8121913 b,13.4,,,,5975.3,2.233,1.456,667.4396547,2021
K2-198 d,2.438,,943.2,,5212.9,0.757,0.799,6.52,2019
Kepler-176 e,1.45,6.22,398.0,0.25654,5295.0,0.83,0.87,0.52075,2016
HD 109246 b,13.9,11.568,507.43,0.33,5844.0,1.07,1.2,273.3338,2010
TOI-5489 c,1.28,13.8663,536.0,,3547.0,0.42,0.41,2.18,2025
K2-415 b,1.015,4.82,412.4,0.027,3173.0,0.1965,0.1635,7.5,2023
Kepler-800 b,2.85,44.872,675.0,0.1106,5315.0,0.82,0.85,8.5,2016
Kepler-327 c,1.03,28.272,537.0,0.047,3799.0,0.492,0.591913,20.3,2014
Kepler-28 c,1.857,35.898,509.0,0.07519,4499.3,0.664,0.684,2.06,2011
K2-271 b,7.28,133.8067,893.0,0.077,5644.0,0.99,0.83,41.8,2018
KMT-2018-BLG-0748L b,9.01,,,0.62,,,0.087,60.0,2020
KMT-2024-BLG-1870L b,13.8,,,3.15,,,0.67,336.89811142,2026
KMT-2017-BLG-0849L b,2.41,,,2.73,,,0.19,6.39,2024
Kepler-1418 b,1.66,7.29,419.0,0.131,4770.0,0.72,0.77,3.39,2016
OGLE-2016-BLG-0613L AB b,13.0,,,6.4,,,0.72,1330.0,2017
TOI-1694 c,13.8,0.4016,222.0,0.974,5005.0,0.812,0.828,316.55709337,2023
HD 9446 c,13.4,2.5718,345.42,0.654,5793.0,1.0,1.0,578.426,2009
MASCARA-4 b,16.98160576,4913.69,2250.0,0.0474,7800.0,1.79,1.75,532.36258173,2020
Kepler-1846 b,1.76378826,24.5,552.0,0.11054,4825.0,0.732,0.785,3.76,2021
HD 147873 b,12.8,21.9829,603.16,0.522,5972.0,2.29,1.38,1633.6462,2016
Kepler-224 e,1.97,18.732,517.0,0.124,5018.0,0.676,0.777,4.54,2014
Kepler-1670 b,3.3564801,67.67,731.0,0.1528,5838.0,1.51889,1.05,11.2,2020
Kepler-92 c,2.6,106.207,781.0,0.19054,5883.0,1.7,1.21,6.1,2013
Kepler-1799 b,4.12801189,83.04,770.0,0.1028,5831.0,0.921,1.016,15.9,2021
KMT-2021-BLG-0736L b,4.86,,,4.0,,,0.6,21.0,2025
PSR B1620-26 b,13.3,,,23.0,,,1.35,794.575,2003
TYC 8998-760-1 b,21.18497352,0.0,2638.0,146.0,4573.0,1.02,1.0,6928.6592726,2020
OGLE-2017-BLG-1434L b,1.94,,,1.18,,,0.234,4.43,2018
KMT-2019-BLG-2783L b,13.7,,,1.85,,,0.34,368.68095212,2023
OGLE-2016-BLG-1093L b,14.0,,,2.13,,,0.46,225.65816897,2022
MOA-2010-BLG-117L b,14.2,,,2.42,,,0.58,170.0,2018
OGLE-2006-BLG-109L b,14.0,,82.0,2.3,,,0.51,231.0,2008
OGLE-2012-BLG-0406L b,13.2,,,3.45,,,0.44,868.0,2013
Kepler-1265 b,1.35,58.15,732.0,0.0612,4630.0,0.69,0.71,2.39,2016
HD 332231 b,9.07303305,98.09,798.3,0.145,6128.0,1.266,1.1642,74.1,2020
HD 233604 b,12.7,100.7764,882.5,0.747,4791.0,10.9,1.5,2089.644,2013
Kepler-1591 b,1.27,439.434,892.0,0.0794,6082.0,1.16,1.1,2.15,2016
HD 22532 b,13.4,5.2078,420.41,1.9,5038.0,5.69,1.57,673.79622284,2022
TOI-7189 b,10.9,49.3,738.0,0.03294,3775.0,0.591,0.612,159.04,2026
TOI-7265 B b,10.7,17.7,571.0,0.04007,3503.0,0.497,0.521,224.95,2026
KMT-2021-BLG-0322L b,12.7,,,,,,0.62,2034.1018048,2021
MOA-2016-BLG-526L b,3.97,,,2.07,,,0.37,14.93793513,2024
TOI-6695 c,13.6,4.9413,415.0,0.838,6400.0,1.517,1.338,460.85119015,2025
Kepler-249 b,1.09,24.26,554.0,0.035,3568.0,0.482,0.510238,1.32,2014
OGLE-2018-BLG-1185L b,2.83,,,1.54,,,0.37,8.4,2021
WISEP J121756.91+162640.2 A b,10.468,0.0,450.0,8.0,575.0,0.091,0.029,6992.0,2012
KMT-2024-BLG-0176L b,14.0,,,1.32,,,0.103,241.54958932,2026
KMT-2021-BLG-1150L b,13.9,,,4.5,,,0.73,279.68899816,2023
KMT-2017-BLG-1146L b,14.0,,,1.6,,,0.33,230.0,2019
MOA-2007-BLG-400L b,13.5,,34.0,5.9,,,0.69,540.3082919,2008
UZ For b,,,,5.9,5286.9,,0.7,2002.2,2011
TWA 7 b,12.7,0.0,316.0,52.0,3509.0,0.917173,0.46,108.06165838,2025
Kepler-1222 b,0.79,416.231,1246.0,0.02801,5239.0,0.8,0.84,0.418,2016
Kepler-463 b,3.05,166.039,880.0,0.07925,5661.0,0.9,0.87,9.53,2016
TOI-2337 b,10.08808263,619.5809,1272.46,,4780.0,3.22,1.325,508.5254512,2022
HD 202206 c,13.1,0.1908,183.35,2.39,5764.23,1.04,1.06,982.08977763,2004
MOA-2010-BLG-477L b,13.6,,,2.0,5950.0,,0.67,480.0,2012
OGLE-2017-BLG-1522L b,14.0,,,0.59,,,0.045,240.0,2018
Kepler-566 b,2.15,16.879,526.0,0.1247,5132.0,0.79,0.83,5.27,2016
Kepler-1224 b,1.33,132.663,872.0,0.11625,6155.0,1.22,1.18,2.33,2016
WASP-149 b,15.24421375,1966.0,1855.0,0.024,5750.0,1.08,1.05,314.96795134,2025
KMT-2019-BLG-1042L b,9.05,,,1.7,,,0.3,60.38739733,2022
KMT-2019-BLG-0298L b,13.4,,,5.67,,,0.7,575.26941667,2023
WASP-60 b,9.86392,925.4935,1479.0,0.05548,5900.0,1.17,1.19,174.8065,2012
KMT-2019-BLG-0371L b,12.6,,,0.79,,,0.09,2447.2787339,2021
TOI-5916 b,11.8,43.8,716.0,0.02789,3541.0,0.487,0.518,219.0,2026
OGLE-2017-BLG-1237L b,13.0,,,2.53,,,0.46,1207.7479466,2024
OGLE-2017-BLG-0640L b,13.5,,,1.14,,,0.32,514.88201934,2024
MXB 1658-298 b,12.0,,,1.613,,,1.98,7532.571,2017
KMT-2018-BLG-0029L b,2.67,,,4.27,,,1.14,7.59,2020
Kepler-619 c,1.69,1652.907,1767.0,0.02216,5980.0,1.11,1.09,3.5,2016
Kepler-186 b,1.07,37.372,571.0,0.0343,3788.0,0.472,0.478,1.24,2014
K2-183 d,2.3,31.6618,615.0,0.1527,5482.0,0.87,0.942219,5.9,2018
Kepler-1677 b,2.70216183,59.4,712.0,0.1599,6013.72,1.24959,1.11,7.76,2020
KMT-2018-BLG-0087L b,10.1,,,0.87,,,0.1,73.10053361,2022
KOI-55 c,0.867,396618.3609,6910.74,0.0076,27730.0,0.203,0.496,0.655,2011
KMT-2024-BLG-1044L b,2.7,,,,,,0.069,7.75,2024
KMT-2019-BLG-0297L b,12.1,,,0.96,,,0.21,6038.739733,2023
OGLE-2012-BLG-0724L b,14.3,,,1.6,,,0.29,150.0,2016
TOI-603 b,7.37,157.0,899.0,0.1282,6027.0,1.477,1.24,33.0,2026
Kepler-1620 b,1.61,7.92,428.0,0.4322,6157.0,1.23,1.15,3.22,2016
KMT-2019-BLG-0578L b,13.7,,,2.0,,,0.28,381.3940884,2025
Kepler-85 e,1.27,24.318,559.0,0.163,5436.0,0.893,0.947,0.6,2014
TOI-2128 b,2.08874836,86.2315,780.53,0.127,5968.0,1.1174,1.0251,4.5,2024
Kepler-1693 c,0.97698289,296.73,1059.0,0.0588,5553.0,1.098,0.941,0.894,2021
TOI-5174 b,5.351,100.9112,808.37,,5643.77,1.09457,1.0,24.8,2022
WASP-172 b,17.59813,1506.5,1740.0,0.0694,6900.0,1.91,1.49,149.3801,2018
Kepler-403 b,1.25,689.457,1194.0,0.076,6090.0,1.329,1.299,2.1,2014
KMT-2022-BLG-2286L b,12.1,,,2.02,,,0.2,6038.739733,2024
Kepler-1493 b,1.41,137.91,874.0,0.1197,5863.0,1.29,1.06,2.57,2016
OGLE-2019-BLG-0249L b,12.7,,,1.84,,,0.91,2262.93825784,2023
Kepler-137 c,1.88,29.775,568.0,0.13,5187.0,0.802,0.85,4.19,2014
TOI-2114 b,14.54925695,1130.0,1472.0,0.076,6400.0,1.97,1.309,324.18497514,2026
TOI-5806 b,15.13212395,1660.0,1621.0,0.0484,6730.0,1.387,1.333,721.47048389,2026
OGLE-2018-BLG-1011L c,13.2,,,0.8,,,0.18,890.0,2019
TOI-7169 b,16.53324653,1169.0,1631.0,0.0428,5714.0,1.5,0.885,130.30964687,2026
OGLE-2018-BLG-0677L b,1.82,,,0.63,,,0.12,3.96,2020
OGLE-2019-BLG-0679L b,13.1,,,6.99,,,0.66,1061.54687938,2023
MOA-bin-1L b,13.0,,,8.3,,,0.75,1200.0,2012
Kepler-365 b,2.04,132.15,865.0,0.098,6012.0,1.048,1.02,4.82,2014
KMT-2020-BLG-0414L c,11.9,,,22.3,,,0.49,8581.366989,2021
HD 11977 b,12.7,18.5126,547.97,1.93,4970.0,10.09,1.91,2080.0,2005
Kepler-1038 b,3.53,1.512,285.0,0.5238,5335.0,0.83,0.87,12.2,2016
Kepler-250 c,2.28,71.499,782.0,0.069,5160.0,0.805,0.806,5.82,2014
eps CrB b,12.7,101.7001,853.92,1.3,4406.0,21.0,1.7,2129.461,2012
TOI-521 b,1.98,66.0,794.0,0.0195,3544.0,0.421,0.42,5.3,2025
OGLE-2015-BLG-0954L b,13.1,,,1.6,,,0.3,1100.0,2016
KOI-134 c,9.86,79.051,798.82,0.2305,6160.0,1.667,1.407,69.92224954,2025
HD 127195 c,14.1,,,,4981.0,4.16,1.34,206.58846455,2026
HD 125136 b,13.3,,,,4959.0,5.39,1.55,718.29219982,2026
KMT-2019-BLG-0953L b,4.06,,,1.1,,,0.28,15.5,2022
OGLE-2017-BLG-1691L b,3.92,,,2.41,,,0.45,14.62010672,2022
alf Ari b,13.4,59.6537,747.22,1.2,4553.0,13.9,1.5,572.07,2010
TOI-2180 b,11.32107051,2.71,348.0,0.828,5695.0,1.636,1.111,875.61726129,2022
KMT-2024-BLG-0404L c,4.33,,,,,,0.09,17.3,2025
Kepler-122 e,2.6,36.299,618.0,0.227,6050.0,1.216,0.982,27.7,2014
Kepler-411 c,4.421,56.0,838.0,0.0739,4974.0,0.82,0.87,26.4,2016
OGLE-2018-BLG-1428L b,14.0,,,3.3,,,0.43,240.0,2021
KMT-2021-BLG-1689L b,7.71,,,2.5,4570.0,,0.58,46.0,2022
MOA-2010-BLG-073L b,12.4,,,1.21,,,0.16,3500.0,2012
KMT-2017-BLG-2197L b,12.5,,,15.91,,,0.36,2809.60311788,2025
KMT-2018-BLG-1988L b,2.22,,,3.09,,,0.47,5.56,2022
Kepler-302 b,4.06,31.247,634.0,0.193,5740.0,1.22,1.021,15.5,2014
GJ 3779 b,2.75,12.8254,526.94,0.026,3324.0,0.281,0.27,8.0,2018
Kepler-985 b,2.98,2.4,323.0,0.44664,5434.0,0.85,0.91,9.17,2016
Kepler-248 b,3.02,79.311,819.0,0.066,5190.0,0.831,0.838,9.38,2014
Kepler-836 b,2.73,135.797,869.0,0.1013,5895.0,1.04,1.03,7.9,2016
TOI-1224 c,2.884,1.9952,303.12,,3326.0,0.404,0.4,8.67,2024
Kepler-142 d,2.16,22.072,582.0,0.242,5790.0,1.269,0.978,5.31,2014
OGLE-2019-BLG-0304L b,14.2,,,1.23,,,0.27,162.09248757,2021
MOA-2022-BLG-563L b,14.0,,,2.15,,,0.48,127.1313628,2024
KMT-2021-BLG-2010L b,13.8,,,1.79,,,0.37,340.07639549,2023
KMT-2024-BLG-1005L b,12.1,,,0.78,,,0.055,6674.396547,2025
KMT-2021-BLG-1077L c,10.6,,,0.93,,,0.14,79.45710175,2022
Kepler-1676 b,3.3769596,33.45,782.0,0.1954,5878.3,1.06066,1.07,11.3,2020
K2-65 b,1.58,45.0,723.51,0.1014,5213.0,0.84,0.87,3.12,2016
OGLE-2018-BLG-0799L b,10.9,,,1.28,,,0.093,82.63538582,2022
KMT-2023-BLG-0466L b,13.1,,,2.68,,,0.44,1032.94232275,2026
BD+63 1405 b,12.4,0.0911,150.69,2.06,5000.0,0.804724,0.816,3305.4154328,2021
WASP-73 b,15.91678,2242.3605,1790.0,0.05512,6030.0,2.55,2.52,908.9938,2014
Kepler-733 b,2.82,24.507,595.0,0.1483,5418.0,0.86,0.9,8.35,2016
Kepler-124 d,1.11,10.499,428.0,0.17,4984.0,0.636,0.706,1.41,2014
Kepler-244 c,2.05,81.574,791.0,0.087,5554.0,0.803,0.933,4.86,2014
Kepler-2001 c,1.82,30.1,597.0,0.1084,5081.0,0.77,0.864,3.97,2023
KMT-2021-BLG-0852L b,14.2,,,7.78,,,0.75,155.73591943,2026
Kepler-32 b,2.2,22.025,514.0,0.05,3900.0,0.53,0.58,1303.0,2011
TOI-5108 b,6.6,122.785,1180.0,0.073,5808.0,1.29,1.1,32.0,2025
KMT-2016-BLG-2605L b,14.0,,,0.681,,,0.064,245.0457018,2021
OGLE-2018-BLG-0977L b,2.41,,,2.0,,,0.47,6.4,2022
OGLE-2007-BLG-368L b,4.72,,,2.8,,,0.64,20.0,2009
MOA-2011-BLG-262L b,4.29,,,0.95,,,0.11,17.0,2014
Kepler-132 c,1.28,271.0,1069.0,0.068,6003.0,1.178,0.929,2.18,2014
KMT-2025-BLG-0481L b,14.1,,,2.18,,,0.22,187.51876013,2026
KMT-2019-BLG-1339L b,13.7,,,2.15,,,0.48,397.0,2020
OGLE-2017-BLG-1140L b,13.5,,,1.02,,,0.211,505.0,2018
KMT-2022-BLG-1790L b,13.5,,,5.25,,,0.58,549.84314411,2025
KMT-2018-BLG-1996L b,13.7,,,4.27,,,0.69,346.43296363,2021
Kepler-47 b,3.05,10.1419,490.2,0.2877,5636.0,0.936,0.957,2.07,2012
HD 190007 b,4.06,24.6845,651.41,0.092,4610.0,0.79,0.77,15.5,2020
Kepler-1219 b,2.12,430.691,1159.0,0.14146,5944.0,1.94,1.25,5.14,2016
Kepler-1808 b,3.02511302,30.94,601.0,0.1467,5530.0,0.892,0.773,9.4,2021
Kepler-824 b,1.87,454.604,1231.0,0.055,6035.0,1.22,1.15,4.16,2016
HD 95089 b,13.7,7.2989,458.34,1.36,4918.0,5.08,1.54,400.4658,2009
Kepler-610 c,3.3,2.297,318.0,0.5594,5943.0,1.13,1.1,10.9,2016
Kepler-410 A b,2.838,159.5,866.0,0.1226,6273.0,1.352,1.214,8.44,2013
DMPP-6 b,2.28,340.697,1203.65,0.0779,6182.09,1.27,1.079,5.8,2026
Gaia22dkvL b,14.1,,,1.4,,,1.145,187.83658854,2024
MOA-2022-BLG-249L b,2.04,,,1.63,,,0.18,4.83,2023
Kepler-1063 b,1.49,54.93,931.0,0.1176,5945.0,1.14,1.09,2.83,2016
KMT-2021-BLG-1303L b,13.6,,,2.89,,,0.57,120.77479466,2022
OGLE-2018-BLG-0596L b,3.81,,,0.97,,,0.231,13.93,2019
KMT-2023-BLG-0830L b,4.41,,,1.7,,,0.22,17.79839079,2025
KMT-2023-BLG-0735L b,6.97,,,2.96,,,0.61,38.77506565,2024
KMT-2021-BLG-0320L b,6.2,,,1.54,,,0.32,31.7828407,2022
OGLE-2023-BLG-0766L b,13.7,,,2.5,,,0.39,349.6112477,2026
Kepler-1628 b,6.43,0.79,240.0,0.2952,3724.0,0.52,0.55,33.8,2016
OGLE2-TR-L9 b,18.046,4135.4482,2034.0,0.0308,6933.0,1.53,1.52,1430.175,2008
TOI-5736 b,1.56,493.4827,1311.0,,3949.0,0.58,0.57,3.05,2025
Kepler-1577 b,1.13,57.751,1125.0,0.0657,4862.0,0.74,0.78,1.51,2016
K2-13 b,1.89,22.8,511.0,0.2114,5698.0,0.78,0.8,4.23,2015
Kepler-122 f,1.75,21.524,543.0,0.28575,5917.0,0.949,1.03,36.0,2014
Kepler-414 c,3.01,137.086,890.0,0.07195,5536.0,0.946,0.89,29.9,2014
TOI-1533 b,2.89,173.908,1011.0,0.0445,5146.0,0.849,0.88,28.1,2026
Kepler-675 b,2.44,308.547,1070.0,0.0325,4945.0,0.75,0.79,6.53,2016
Kepler-1489 c,0.51,,,,5565.53,0.957,0.977,0.087,2024
K2-190 c,1.09308317,,,,5631.0,0.912206,0.904597,1.34,2018
Kepler-276 c,2.9,19.793,563.0,0.18619,5693.0,1.03,1.1,16.6,2013
HD 148164 b,13.7,2.1682,337.89,0.993,6032.0,1.34,1.21,390.9309,2018
Kepler-1996 b,2.26,5.61,392.0,0.1789,4580.0,0.675,0.748,5.73,2023
HIP 107772 b,3.64,1.163,280.92,0.243,4006.0,0.513922,0.63,12.9,2020
Kepler-446 c,1.11,6.705,520.0,0.0283,3359.0,0.24,0.22,1.41,2015
KIC 3526061 b,12.1,0.6208,248.63,5.14,4829.0,5.86,1.42,5768.58558705,2022
HD 11964 c,5.38,54.875,757.54,0.229,5303.0,2.00971,0.91,25.0,2008
Kepler-1482 b,1.01,86.499,678.0,0.09968,5381.0,0.84,0.88,1.01,2016
TOI-5515 b,2.65362762,86.6267,778.1,,5483.65,0.835682,0.963,7.53,2026
TOI-2184 b,11.39953337,1429.0,1676.05,,5966.0,2.9,1.53,206.58846455,2022
HD 102329 c,13.5,,,,4830.0,6.3,1.3,483.1016,2016
HD 39194 b,1.99,112.2269,915.16,0.05895,5205.0,0.783742,0.86,4.62,2021
HD 199509 b,7.43,4.5393,410.73,0.426,5796.02,0.92,1.04,43.22466335,2022
Kepler-325 d,2.79,12.083,498.0,0.22,5752.0,1.003,0.914,8.2,2014
Kepler-1940 b,1.54732469,145.23,885.0,0.0525,5431.0,0.717,0.802,3.01,2021
TOI-2545 b,2.75,258.8217,1022.99,,5846.29,1.25324,1.055,8.0,2022
Kepler-1612 b,1.03,269.248,1030.0,0.0482,5643.0,0.94,0.96,1.08,2016
HD 136352 c,2.916,35.1,677.0,0.1721,5664.0,1.058,0.87,11.24,2019
EPIC 201615463 c,1.22,,,,5960.0,1.61,1.073,1.98,2019
Kepler-225 b,1.2,38.883,579.0,0.056,3682.0,0.48,0.593,1.87,2014
HD 20868 b,13.7,0.3278,207.11,0.95,4802.0,0.76,0.39,397.2875,2008
Kepler-1930 b,1.52955541,31.6,643.0,0.10233,5083.0,0.844,0.844,2.95,2021
Kepler-1439 b,1.46,9.081,420.0,0.0594,3578.0,0.43,0.46,2.73,2016
HD 155193 b,14.0,4.0461,391.86,1.04,6239.0,1.76439,1.221,238.37130525,2021
TOI-1266 c,1.98,2.42,346.0,0.105,3563.0,0.4232,0.437,3.17,2020
Kepler-1536 b,3.14,0.193,166.0,0.8507,4434.0,0.67,0.71,10.0,2016
HD 134987 b,13.5,2.7435,339.45,0.81,5736.0,1.22,1.1,511.7063,1999
Kepler-961 b,2.55,40.4,642.0,0.12585,5582.0,0.9,0.96,7.04,2016
Kepler-539 b,8.373123,3.681,387.6,0.4988,5820.0,0.952,1.048,308.2951,2016
HD 5278 c,4.49,32.6706,664.95,0.2416,6203.0,1.194,1.126,18.4,2021
Kepler-319 c,2.63,136.343,876.0,0.069,5526.0,0.903,0.933,7.41,2014
HD 179079 b,,162.7656,997.61,0.1214,5646.0,1.63,1.14,4195.3349724,2008
Kepler-1099 b,2.83,766.344,1558.0,0.0337,5837.0,1.0,1.01,8.4,2016
Kepler-244 d,2.31,31.267,622.0,0.14,5554.0,0.803,0.933,15.2,2014
NY Vir c,12.8,,,,32780.0,0.151,0.459,1760.7782,2019
Kepler-377 b,1.39,139.112,875.0,0.109,5949.0,1.224,1.043,2.51,2014
Kepler-879 b,2.57,29.128,580.0,0.2012,5792.0,1.02,1.02,7.13,2016
Kepler-705 b,2.11,0.729,265.0,0.232,3722.0,0.51,0.53,5.1,2016
Kepler-163 c,2.26,30.238,648.0,0.152,5776.0,0.917,0.882,5.73,2014
TOI-778 b,15.4,734.672,1561.0,0.06,6643.0,1.71,1.4,878.0,2023
Kepler-1355 b,1.46,944.873,1448.0,0.0224,5352.0,0.83,0.88,2.73,2016
KOI-134 b,12.03844527,45.0,659.0,0.363,6160.0,1.667,1.407,346.43296363,2025
Kepler-138 b,0.64,9.9,452.0,0.0753,3841.0,0.535,0.535,0.07,2014
Kepler-1542 e,0.76,369.999,1065.0,0.05649,5564.0,0.99,0.94,0.363,2016
Kepler-1579 b,0.84,396.64,1139.0,0.014,4584.0,0.7,0.75,0.52,2016
K2-264 c,2.668,2.5922,331.0,0.11283,3660.0,0.473,0.496,7.6,2018
Kepler-1073 d,1.48770949,828.59,1369.0,0.0352,5509.0,1.116,0.924,2.82,2021
Kepler-510 b,2.47,114.389,797.0,0.1352,5746.0,1.41,0.91,6.66,2016
HD 164509 b,14.3,1.7417,319.12,0.87,5859.0,1.11,1.12,140.79869,2012
TIC 34085383 b,3.91982296,,,,4694.84,0.809951,0.733,14.6,2026
TYC 3667-1280-1 b,12.8,543.953,1350.0,0.21,5130.0,6.26,1.87,1716.282,2016
HATS-59 c,12.3,0.159,175.9,2.504,5670.0,1.036,1.038,4036.441,2018
Kepler-1605 b,1.08,16.734,528.0,0.36567,5280.0,0.82,0.86,1.28,2016
Ross 458 c,14.01125,0.0,4.32,1100.0,3965.42,0.562566,0.556419,1906.98,2010
SR 12 AB c,12.3,,,,3828.93,1.103075,,4131.62,2010
HD 187123 b,14.2,738.4255,1450.9,0.0426,5790.0,1.15043,1.04,166.218,1998
OGLE-TR-132 b,13.45,2550.8364,2013.0,0.03035,6210.0,1.32,1.305,375.02,2004
OGLE-TR-56 b,15.278,3942.3204,2212.0,0.02383,6050.0,1.363,1.228,441.77,2002
WASP-156 b,6.15,150.0,934.5,0.046,5036.0,0.8268,0.8712,42.0,2017
HD 22781 b,12.3,0.2456,193.48,1.167,5027.0,0.743475,0.75,4338.2,2011
Kepler-16 b,8.4493,0.2517,205.9,0.7048,4450.0,0.6489,0.6897,105.833,2011
Kepler-27 c,4.9,11.067,481.0,0.191,5400.0,0.59,0.65,4385.87,2011
WASP-23 b,10.783,317.4314,1076.55,0.0376,5150.0,0.765,0.78,280.95,2010
Kepler-27 b,4.0,28.681,610.0,0.118,5400.0,0.59,0.65,2895.31,2011
HD 114783 b,13.7,0.3152,210.79,1.16,5135.0,0.840622,0.853,349.6,2001
HD 19994 b,13.6,2.2324,350.1,1.305,6188.0,1.79647,1.365,435.41,2003
47 UMa b,13.2,0.3576,215.23,2.1,5872.0,1.21334,1.06,804.08,1996
Kepler-18 c,5.49,126.081,899.0,0.0752,5345.0,1.108,0.972,17.3,2011
Kepler-18 b,2.0,355.735,1165.0,0.0447,5345.0,1.108,0.972,6.9,2011
Kepler-31 c,5.3,35.254,615.0,0.26,6340.0,1.22,1.21,1493.7,2011
Kepler-32 e,1.5,56.649,652.0,0.033,3900.0,0.53,0.58,4.08181,2012
61 Vir b,2.11,318.8418,1177.85,0.050201,5577.0,0.963,0.942,5.1,2009
61 Vir c,4.46,16.9856,565.87,0.2175,5577.0,0.963,0.942,18.2,2009
47 UMa d,13.5,0.0117,91.58,11.6,5872.0,1.21334,1.06,521.22,2009
47 UMa c,14.2,0.1217,164.38,3.6,5872.0,1.21334,1.06,171.621,2001
BD-08 2823 c,12.5,0.5117,233.85,0.68,4746.0,0.71,0.74,104.0,2009
CoRoT-23 b,11.77,530.0221,1660.0,0.048,5900.0,1.61,1.14,889.9,2011
Kepler-18 d,6.98,51.922,720.0,0.1172,5345.0,1.108,0.972,16.4,2011
HATS-1 b,14.594,489.9461,1359.0,0.0444,5870.0,1.038,0.986,589.55,2012
HD 47186 c,13.0,0.1925,183.18,2.395,5657.0,1.08,0.96,111.42,2008
HD 196885 A b,13.2,0.4271,224.21,2.37,6254.0,1.31,1.28,819.97,2007
CoRoT-6 b,13.068,145.1436,1017.0,0.0855,6090.0,1.025,1.05,940.74,2009
HR 8799 b,13.0,0.0011,1200.0,68.0,7204.58,1.49338,1.5,2000.0,2008
HAT-P-37 b,13.204,412.3914,1271.0,0.0379,5500.0,0.877,0.929,371.528,2011
Kepler-42 b,0.78,22.388,519.0,0.0116,3068.0,0.17,0.13,0.705944,2011
Kepler-32 d,2.7,3.631,328.0,0.13,3900.0,0.53,0.58,39.9089,2012
Kepler-32 f,0.82,349.645,1026.0,0.013,3900.0,0.53,0.58,1862.11,2012
BD+20 2457 b,12.1,703.4998,1159.67,1.45,4137.0,49.0,2.8,6807.63,2009
HR 8799 d,13.0,0.0085,1300.0,24.0,7204.58,1.49338,1.5,3000.0,2008
GJ 179 b,13.8,0.0028,64.53,2.41,3370.0,0.38,0.357,301.93698665,2009
SWEEPS-4 b,9.079,,,0.055,,1.18,1.24,1207.7,2006
Kepler-42 c,0.73,82.125,720.0,0.006,3068.0,0.17,0.13,60.337,2011
Kepler-33 c,3.2,241.759,1009.0,0.1189,5904.0,1.82,1.291,0.39,2011
Kepler-35 b,8.16,2.5804,352.89,0.60347,5606.0,1.0284,0.8877,40.363,2011
CoRoT-16 b,13.11,96.1756,1195.53,0.0618,5650.0,1.19,1.098,170.032,2011
HD 240210 b,12.8,26.3684,970.67,1.16,4297.0,25.456816,0.82,1655.82,2009
BD+20 2457 c,12.4,366.1069,984.96,2.01,4137.0,49.0,2.8,3963.17,2009
HD 110014 b,12.4,43.9799,669.84,2.14,4445.0,20.9,2.17,3524.59,2009
HIP 5158 b,13.6,0.1389,219.65,0.89,4962.0,0.75,0.78,451.0,2009
Kepler-33 e,4.02,74.72,752.0,0.2138,5904.0,1.82,1.291,5.57,2011
Kepler-33 d,5.35,123.691,853.0,0.1662,5904.0,1.82,1.291,3.91,2011
BD+20 274 b,13.0,53.9651,755.7,1.3,4296.0,17.3,0.8,1334.886,2012
KELT-1 b,12.442,5165.92,2361.0,0.02466,6516.0,1.471,1.335,8654.15,2012
CoRoT-5 b,15.558,786.2949,1438.0,0.04947,6100.0,1.186,1.0,148.42,2009
HD 134987 c,13.9,0.0535,125.03,5.8,5585.0,1.25,1.1,260.0,2009
HD 147018 b,13.4,12.4842,519.98,0.2388,5441.0,0.937948,0.927,674.0,2009
Kepler-33 f,4.46,53.183,691.0,0.2535,5904.0,1.82,1.291,9.6,2011
Kepler-31 b,5.5,91.474,781.0,0.16,6340.0,1.22,1.21,36.7418,2011
Kepler-34 b,8.564,1.2545,294.42,1.0896,5913.0,1.1618,1.0479,69.92,2011
HD 45350 b,13.5,0.375,217.81,1.92,5566.0,1.26442,0.98,568.89,2004
HD 147018 c,12.7,0.1927,183.28,1.922,5441.0,0.937948,0.927,2080.0,2009
CFBDSIR J145829+101343 b,12.4,,370.0,2.6,580.5,,0.021,3337.1,2011
HD 220773 b,13.6,0.129,167.02,4.94,5940.0,1.679696,1.16,460.8,2011
HD 147513 b,13.7,0.5609,244.43,1.32,5883.0,0.98,1.11,385.0,2003
HD 129445 b,13.3,0.1462,173.36,2.9,5646.0,1.175816,0.99,797.74930157,2009
WASP-5 b,12.184,1559.4762,1706.0,0.0267,5700.0,1.029,0.96,502.15,2008
OGLE-TR-111 b,11.421971,204.9529,1019.0,0.0473,5040.0,0.83,0.82,174.799,2004
HD 8535 b,14.0,0.3584,206.21,2.45,6136.0,1.19,1.13,216.1244,2010
MOA-2009-BLG-266L b,3.21,,,3.2,,,0.56,10.4,2011
GJ 667 C b,2.25,5.3902,,0.050431,3350.0,,0.33,5.68,2012
HIP 5158 c,12.2,0.0046,72.63,7.7,4813.0,0.754089,0.78,4780.1632,2011
HAT-P-23 b,15.334,2796.2342,2056.0,0.0232,5905.0,1.203,1.13,664.237,2010
HAT-P-20 b,9.718,85.1168,970.0,0.0361,4595.0,0.694,0.756,2302.899,2010
CoRoT-17 b,11.43,640.9232,1626.0,0.0461,5740.0,1.59,1.04,772.29,2011
HD 132563 b,13.6,0.3447,213.27,2.62,6289.0,1.29577,1.231,473.547,2011
Kepler-45 b,10.76,68.37,1000.0,0.03,3820.0,0.55,0.59,160.497,2011
HU Aqr AB b,12.8,,,3.6,5952.0,,0.88,1875.197,2011
Kepler-417 b,2.31,43.624,671.0,0.1006,5177.0,0.806,0.9,11.0,2014
Kepler-37 d,2.03,10.39,499.0,0.2109,5357.0,0.789,0.79,2.0,2013
GJ 3634 b,2.83,24.2793,656.45,0.0287,3517.0,0.43,0.45,8.4,2010
Kepler-14 b,12.733,1029.51,1605.0,0.0771,6395.0,2.048,1.512,2669.66,2011
CoRoT-18 b,14.68,823.7009,1550.0,0.0295,5440.0,1.0,0.95,1102.82,2011
Kepler-15 b,10.76,430.677,1251.0,0.05714,5515.0,0.992,1.018,209.76,2011
KOI-55 b,0.759,636352.1258,7777.78,0.006,27730.0,0.203,0.496,0.44,2011
PSR J1719-1438 b,,,,0.0044,4500.0,,1.4,382.8,2011
CoRoT-14 b,12.22,1803.4781,1952.0,0.027,6035.0,1.21,1.13,2415.4,2010
HD 11964 b,14.1,0.2882,203.93,3.16,5303.0,2.00971,0.91,198.0,2005
HAT-P-4 b,14.28,1438.0,1686.0,0.04438,5860.0,1.596,1.248,213.255,2007
OGLE-TR-10 b,14.011,818.5035,1702.0,0.0434,5950.0,1.17,1.14,197.046,2004
OGLE-TR-113 b,12.251,528.4147,1342.0,0.02289,4790.0,0.774,0.779,400.449,2004
HD 192310 b,4.27,3.7598,355.0,0.32,5166.0,0.857922,0.8,16.9,2011
OGLE-2014-BLG-1760L b,13.8,,,1.887,,,0.803,295.89824692,2016
OGLE-2013-BLG-0132L b,11.6,,,3.6,,,0.54,92.0,2017
Kepler-277 b,2.92,198.245,964.0,0.14168,5946.0,1.69,1.12,87.3,2013
KMT-2017-BLG-1194L b,1.7,,,1.78,,,0.41,3.54,2023
KMT-2017-BLG-2331L b,14.2,,,2.14,,,0.4,171.0,2024
HD 41004 A b,13.2,,,,5310.0,0.85,0.95,807.25,2004
OGLE-2019-BLG-0299L b,12.7,,,2.8,,,0.59,1976.89269154,2021
Kepler-476 b,3.08,100.09,807.0,0.1126,5837.0,1.09,1.03,9.69,2016
KMT-2021-BLG-2294L b,5.02,,,1.15,,,0.14,22.24798849,2022
KMT-2022-BLG-1013L b,12.1,,,1.38,,,0.18,98.52680617,2023
Kepler-247 d,4.5,15.9,530.0,0.14081,5094.0,0.791,0.884,50.0,2014
Kepler-1976 b,12.21,349.4,1103.0,0.0565,5712.0,1.082,0.976,,2023
WASP-155 b,13.45077684,771.0,1468.0,0.043,5660.0,1.24,1.09,276.8285425,2025
KMT-2019-BLG-0414L b,12.9,,,1.16,,,0.74,1452.47581999,2022
HD 62509 b,13.3,15.2164,549.6,1.64,4892.63,8.9,2.0,731.0,2006
Kepler-65 b,1.42,2316.095,1740.0,0.035,6211.0,1.41,1.25,2.4,2012
RR Cae b,13.0,0.0003,35.94,5.3,3904.0,0.193119,0.44,1334.886,2012
WASP-65 b,12.464,957.0053,1480.0,0.0334,5600.0,1.01,0.93,492.62,2013
Kepler-30 c,12.3,6.217,411.0,0.3,5498.0,0.95,0.99,640.0,2012
Kepler-38 b,4.3,14.4568,475.0,0.4632,5623.0,1.752,0.941,122.0,2012
WASP-8 c,12.5,0.0314,116.99,5.28,5690.0,0.96,1.04,3003.37,2013
ROXs 42 B b,12.5,0.0,1975.0,157.0,3433.0,1.33658,1.0,2860.0,2013
WASP-1 b,16.623,2121.5175,1812.0,0.03889,6110.0,1.47,1.24,271.415,2007
Kepler-50 c,2.17,388.444,1125.0,0.087,6225.0,1.58,1.24,8.2,2012
BD+15 2940 b,13.7,352.2269,1207.75,0.539,4796.0,14.7,1.1,352.78,2013
Kepler-87 b,13.49,9.203,478.0,0.481,5600.0,1.82,1.1,324.2,2013
WASP-75 b,14.235,1657.0,1710.0,0.0375,6100.0,1.26,1.14,340.06,2013
Kepler-87 c,6.14,4.656,403.0,0.676,5600.0,1.82,1.1,6.4,2013
HD 40307 b,,104.8355,910.0,0.0468,4956.0,0.716684,0.77,1188.99607059,2009
WTS-1 b,16.7,554.9183,1500.0,0.047,6250.0,1.15,1.2,1274.44,2012
HD 40307 c,,35.9672,696.0,0.0799,4956.0,0.716684,0.77,1868.51320475,2009
CoRoT-26 b,14.12,1021.0065,1600.0,0.0526,5590.0,1.79,1.09,165.26,2013
91 Aqr b,13.1,100.506,891.73,0.7,4665.0,11.0,1.4,1017.0,2013
tau Gem b,12.1,241.3109,1012.69,1.17,4388.0,26.8,2.3,6547.0,2013
HAT-P-42 b,14.348,684.0973,1428.0,0.0575,5743.0,1.53,1.178,331.801,2012
Kepler-56 c,9.8,317.206,1087.0,0.1652,4840.0,4.23,1.32,181.0,2012
HD 40307 d,,13.1581,541.0,0.1321,4956.0,0.716684,0.77,1775.3894815,2009
HD 40307 f,2.13,3.7636,398.0,0.247,4956.0,0.716684,0.77,5.2,2013
Kepler-186 e,1.27,3.608,319.0,0.11,3788.0,0.472,0.478,2.15,2014
Kepler-186 c,1.25,13.98,464.0,0.0451,3788.0,0.472,0.478,2.1,2014
GJ 163 c,2.5,1.2457,305.07,0.1254,3500.0,0.409738,0.4,6.8,2013
GJ 163 d,5.92,0.0184,106.43,1.0304,3500.0,0.409738,0.4,29.4,2013
Kepler-56 b,6.51,819.245,1378.0,0.1028,4840.0,4.23,1.32,22.1,2012
HD 208527 b,12.5,165.4934,959.79,2.1,4035.0,51.1,1.6,3146.4,2012
HD 40307 g,2.56,0.6378,255.0,0.6,4956.0,0.716684,0.77,7.1,2013
Kepler-186 d,1.4,7.204,379.0,0.0781,3788.0,0.472,0.478,2.54,2014
GU Psc b,14.179,0.0,1050.0,2000.0,4031.81,0.450458,0.325,3591.3,2014
HIP 63242 b,12.5,133.6297,993.26,0.565,4830.0,10.275655,1.54,2917.56,2013
Kepler-11 b,1.8,146.36,849.0,0.091,5663.0,1.065,0.961,1.9,2010
KOI-351 f,2.88,6.796,407.0,0.48,6080.0,1.2,1.2,8.65,2013
CoRoT-1 b,16.7,2852.63,1898.0,0.02752,5950.0,1.11,0.95,327.35,2008
HAT-P-45 b,15.984,1052.239,1652.0,0.0452,6330.0,1.319,1.259,283.492,2014
HAT-P-44 b,13.922,185.119,1108.0,0.0507,5295.0,0.949,0.942,111.871,2014
Kepler-11 e,4.19,32.34,582.0,0.195,5663.0,1.065,0.961,8.0,2010
HD 95086 b,12.9,0.0021,1000.0,55.7,7595.0,1.48667,1.6,1589.0,2013
BD-06 1339 b,,51.8934,834.97,0.0428,4324.0,0.686355,0.7,1523.03372634,2013
HD 103774 b,13.3,714.1738,1487.08,0.07,6489.0,1.581047,1.335,116.0,2013
HAT-P-44 c,13.0,0.2084,187.92,1.752,5295.0,0.949,0.942,1271.3,2014
HATS-5 b,10.223,183.2395,1025.0,0.0542,5304.0,0.871,0.936,75.323,2014
Kepler-11 g,3.33,5.65,376.0,0.466,5663.0,1.065,0.961,25.0,2010
KOI-351 e,2.66,10.228,450.0,0.42,6080.0,1.2,1.2,7.56,2013
KOI-351 c,1.19,236.315,987.0,0.089,6080.0,1.2,1.2,1.81,2013
HD 109271 b,4.31,320.4393,1128.86,0.079,5783.0,1.294595,1.047,17.162,2013
HD 109271 c,5.27,52.058,716.68,0.196,5783.0,1.294595,1.047,24.154,2013
bet Cnc b,12.6,274.8541,1039.74,1.7,4092.1,47.2,1.7,2479.0,2014
mu Leo b,13.3,51.7863,704.49,1.1,4538.2,11.4,1.5,762.8,2014
Kepler-11 c,2.87,107.224,786.0,0.107,5663.0,1.065,0.961,2.9,2010
OGLE-2012-BLG-0358L b,13.4,,,0.87,,,0.022,588.0,2013
HD 166724 b,13.0,0.0105,94.83,5.42,5127.0,0.797485,0.81,1207.7479466,2012
WASP-64 b,14.247,1563.6374,1689.0,0.02648,5400.0,1.058,1.004,403.945,2012
Kepler-67 b,2.94,30.6,602.0,0.1171,5331.0,0.778,0.865,8.96,2013
GJ 667 C c,1.77,0.8774,,0.125,3350.0,,0.33,3.8,2013
HAT-P-38 b,9.247,243.0337,1082.0,0.0523,5330.0,0.923,0.886,84.857,2012
OGLE-2011-BLG-0251L b,14.2,,,2.72,,,0.26,170.0,2012
PH1 b,6.18,10.7524,481.0,0.652,6407.0,1.734,1.528,169.0,2012
Kepler-415 b,1.21,69.834,694.0,0.0426,4362.0,0.643,0.67,119.9,2014
Kepler-338 c,2.34,119.648,831.0,0.172,5923.0,1.735,1.105,6.08,2014
WASP-126 b,10.51358773,759.3374,1480.0,0.0449,5800.0,1.27,1.12,90.3,2016
Kepler-1544 b,1.78,0.833,269.0,0.54465,4886.0,0.74,0.81,3.82,2016
GJ 667 C e,1.45,0.3022,,0.213,3350.0,,0.33,2.7,2013
HD 207832 c,14.0,0.1732,179.84,2.112,5710.0,0.901,0.94,232.0159,2012
HAT-P-39 b,17.609,1915.6934,1752.0,0.0509,6430.0,1.625,1.404,190.372,2012
HD 150706 b,13.3,0.024,108.81,6.7,5961.0,0.96,1.17,772.32302901,2012
HIP 57274 d,14.2,1.5183,183.59,1.01,4640.0,0.68,0.73,167.4,2011
Kepler-82 e,2.47,144.337,926.0,0.063,5428.0,0.945,0.946,254.02,2014
Kepler-417 c,2.69,30.968,616.0,0.1194,5177.0,0.806,0.9,7.7,2014
CoRoT-2 b,16.432,932.9076,1521.0,0.02798,5625.0,0.906,0.96,1102.82,2008
TOI-1272 b,4.26,120.595,1051.0,0.041,4985.0,0.8,0.828,24.1,2022
Kepler-82 f,4.84,5.6657,423.57,0.3395,5401.0,0.898,0.91,20.9,2019
TOI-1883 b,5.65,14.7,544.0,0.0423,3554.0,0.506,0.495,13.7,2024
Oph 11 b,12.3,0.0,2175.0,243.0,2375.0,0.232692,0.016,4449.62,2006
Kepler-338 d,3.0,53.556,680.0,0.257,5923.0,1.735,1.105,9.27,2014
Kepler-418 b,13.45,8.877,434.0,0.39249,5820.0,1.09,0.98,349.6112477,2014
DP Leo b,12.7,0.0001,24.39,8.19,13500.0,0.0115,0.69,1995.88832,2009
Kepler-58 b,2.78,112.992,920.0,0.09291,5843.0,1.03,0.95,35.5,2012
Kepler-59 c,1.98,107.741,752.0,0.13114,6074.0,0.94,1.04,3.81,2012
Kepler-130 c,2.9,46.011,683.0,0.178,5879.0,1.17,1.0,8.75,2014
CoRoT-27 b,11.287,300.8697,1500.0,0.0476,5900.0,1.08,1.05,3302.11,2014
HIP 105854 b,12.6,71.2902,822.14,0.81,4780.0,10.305119,2.1,2606.1,2014
Kapteyn c,2.54,0.1666,165.59,0.311,3550.0,0.291,0.281,7.0,2014
2MASS J01225093-2439505 b,11.209,0.0,1600.0,52.0,3530.0,0.36645,0.4,7786.5,2013
Kepler-63 b,6.11,100.371,791.0,0.08,5576.0,0.901,0.984,120.0,2013
Kepler-53 c,3.17,23.176,550.0,0.22091,5858.0,0.89,0.98,36.0,2012
Kepler-54 c,1.23,3.07,395.0,0.0809,3705.0,0.5,0.51,0.7,2012
Kepler-83 c,2.36,5.9,362.0,0.11796,4082.0,0.61,0.66,2.03,2012
Kepler-81 b,2.42,39.95,635.0,0.0522,4385.0,0.59,0.64,17.2,2012
Kepler-55 c,2.21,3.84,349.0,0.2095,4362.0,0.58,0.62,69.8,2012
Kepler-59 b,1.1,187.51,864.0,0.09943,6074.0,0.94,1.04,4.1,2012
HD 82943 b,13.5,1.117,286.13,1.18306,5935.0,1.1826,1.08,534.25,2003
HD 154857 c,13.2,0.1601,154.88,5.36,5605.0,1.76,1.718,819.97,2014
Kepler-62 d,1.95,17.21,510.0,0.12,4925.0,0.64,0.69,14.0,2013
Kepler-62 b,1.31,80.326,750.0,0.0553,4925.0,0.64,0.69,9.0,2013
Kepler-83 b,2.83,15.412,460.0,0.07295,4082.0,0.61,0.66,2.94,2012
POTS-1 b,10.548,58.7159,841.95,0.03734,4400.0,0.588,0.695,734.16,2013
Kepler-54 b,2.1,12.357,453.0,0.0619,3705.0,0.5,0.51,0.98,2012
Kepler-55 b,2.43,6.642,400.0,0.1593,4362.0,0.58,0.62,43.0,2012
HD 82943 c,13.4,2.8285,360.95,0.74345,5935.0,1.1826,1.08,622.603,2003
Kepler-413 b,4.347,2.9436,334.96,0.3553,4700.0,0.7761,0.82,67.0,2014
Kepler-61 b,2.15,1.69,273.0,0.24861,4017.0,0.62,0.635,5.27,2013
HAT-P-27 b,11.43,336.0384,1091.99,0.04,5316.0,0.864673,0.916,197.05,2011
Qatar-4 b,12.722215,614.0,1385.0,0.02803,5215.0,0.849,0.896,1938.763,2017
WTS-2 b,15.277867,2544.6509,2000.0,0.01855,5000.0,0.752,0.82,355.9696,2014
HD 4203 c,13.3,0.0406,124.96,6.95,5582.0,1.49795,0.99,689.66,2014
Kepler-193 c,2.75,16.026,595.0,0.286,6335.0,1.147,1.051,8.0,2014
Kepler-207 b,1.57,4097.318,1930.0,0.029,5920.0,1.588,1.313,3.09,2014
Kepler-313 b,2.53,142.4,883.0,0.125,5727.0,1.536,1.114,6.94,2014
Kepler-120 c,1.53,16.625,455.0,0.088,4096.0,0.534,0.654,2.96,2014
Kepler-238 e,5.6,98.461,731.0,0.17286,5800.0,0.96,1.06,169.7,2013
Kepler-328 b,2.3,57.079,602.0,0.2199,6064.0,1.06,1.15,28.5,2013
Kepler-280 b,1.45,821.894,1425.0,0.032,5744.0,0.886,0.962,2.7,2014
Kepler-275 c,3.38,146.5,875.0,0.132,6165.0,1.383,1.189,11.4,2014
Kepler-214 b,2.61,196.402,758.0,0.13,6169.0,1.352,1.11,7.32,2014
Kepler-219 c,3.58,54.105,766.0,0.165,5786.0,1.491,1.164,12.5,2014
Kepler-331 b,1.82,35.984,540.0,0.065,4347.0,0.492,0.653,3.97,2014
Kepler-340 c,3.37,154.653,946.0,0.178,6620.0,1.85,1.65,11.3,2014
TOI-4438 b,2.4,6.0,446.0,0.0523,3501.0,0.365,0.345,4.11,2024
Kepler-293 b,3.07,28.944,657.0,0.144,5804.0,0.957,0.934,9.64,2014
Kepler-291 b,2.16,627.374,1212.0,0.047,6002.0,1.016,1.023,5.31,2014
Kepler-224 d,2.3,36.293,610.0,0.089,5018.0,0.676,0.777,5.9,2014
Kepler-124 c,1.75,30.716,560.0,0.1,4984.0,0.636,0.706,3.71,2014
DMPP-7 b,9.78,749.4682,1456.0,0.0607,6096.0,1.49,1.23,68.958,2026
HD 127195 b,14.0,,,,4981.0,4.16,1.34,212.94503269,2026
Kepler-111 b,1.58,677.503,1356.0,0.046,5952.0,1.157,1.171,3.12,2014
Kepler-148 c,3.6,187.197,957.0,0.05,5272.0,0.851,0.86,12.6,2014
Kepler-179 b,1.64,360.262,1075.0,0.036,5302.0,0.759,0.893,3.33,2014
Kepler-290 c,2.7,6.596,437.0,0.205,5147.0,0.743,0.756,7.75,2014
Kepler-302 c,12.45,4.585,392.0,0.503,5740.0,1.22,1.021,,2014
Kepler-226 b,1.55,270.402,1018.0,0.047,5571.0,0.802,0.904,24.0,2014
Kepler-333 b,1.32,16.819,480.0,0.087,4259.0,0.534,0.601,28.2,2014
Kepler-343 b,2.41,206.072,1024.0,0.088,5807.0,1.433,1.055,6.39,2014
Kepler-197 d,1.22,109.091,810.0,0.119,6004.0,1.12,0.857,1.98,2014
TOI-762 A b,8.33948164,17.0012,555.4,0.03418,3266.0,0.425,0.442,79.77493016,2024
Kepler-125 b,2.37,33.184,590.0,0.041,3810.0,0.512,0.542101,6.21,2014
Kepler-306 c,2.35,70.449,716.0,0.067,4954.0,0.719,0.75,6.12,2014
Kepler-53 d,2.12,144.852,870.0,0.091,6085.0,0.958,0.966,166.503,2014
Kepler-238 d,3.07,213.48,888.0,0.115,5751.0,1.43,1.229,23.1,2014
Kepler-127 d,2.64,31.519,590.0,0.28,6106.0,1.359,1.248,7.46,2014
Kepler-222 c,4.64,59.076,734.0,0.091,5433.0,0.869,0.933,19.4,2014
Kepler-257 d,4.95,15.2,567.0,0.16,5180.0,1.037,0.916,21.7,2014
Kepler-308 b,2.12,108.64,833.0,0.09,5895.0,0.941,0.92,5.14,2014
Kepler-310 c,3.38,7.109,417.0,0.281,5797.0,0.876,0.854,11.4,2014
Kepler-242 c,2.0,20.498,613.0,0.109,5020.0,0.85,0.748,4.66,2014
Kepler-241 c,2.57,5.88,397.0,0.189,4699.0,0.668,0.671,7.13,2014
Kepler-351 c,3.19,6.712,431.0,0.287,5643.0,0.854,0.81,11.1,2014
Kepler-341 c,1.7,237.43,940.0,0.08,6012.0,1.024,0.976,3.53,2014
Kepler-166 c,2.38,10.507,468.0,0.195,5413.0,0.742,0.811,6.26,2014
Kepler-108 c,8.18,7.8,426.0,0.721,5854.0,2.192,1.247,50.9,2014
Kepler-311 b,1.7,201.362,960.0,0.087,5905.0,1.188,0.994,3.53,2014
Kepler-276 b,2.87,58.586,739.0,0.119,6105.0,1.046,0.845,731.209,2014
Kepler-254 c,2.15,67.225,787.0,0.105,5957.0,0.91,0.849,3.2,2014
Kepler-268 c,3.38,13.662,471.0,0.391,6081.0,1.274,1.109,11.4,2014
Kepler-321 c,2.32,80.103,752.0,0.11,5740.0,1.194,1.024,5.99,2014
Kepler-349 b,1.9,248.274,972.0,0.065,5956.0,0.927,1.083,94.5,2014
Kepler-108 b,8.65,47.4,669.0,0.292,5854.0,2.192,1.247,56.0,2014
Kepler-264 b,3.33,79.478,772.0,0.249,6158.0,1.55,1.426,11.1,2014
Kepler-279 b,3.62,249.021,1104.0,0.112,6363.0,1.746,1.2,4180.93,2014
Kepler-286 c,1.37,353.0,1098.0,0.042,5580.0,0.863,0.83,2.45,2014
Kepler-171 c,2.56,78.905,752.0,0.098,5642.0,0.839,0.978,7.08,2014
Kepler-238 b,1.73,2500.588,1642.0,0.034,5751.0,1.43,1.229,3305.02,2014
Kepler-329 c,1.93,11.869,402.0,0.113,4257.0,0.523,0.602,4.38,2014
Kepler-345 c,1.2,25.83,575.0,0.077,4504.0,0.623,0.61,2.2,2014
Kepler-263 b,2.67,24.308,548.0,0.12,5265.0,0.785,0.793,7.61,2014
Kepler-268 b,2.55,64.933,695.0,0.18,6081.0,1.274,1.109,7.04,2014
Kepler-287 b,2.33,35.75,667.0,0.145,5806.0,1.032,0.963,83.0,2014
Kepler-290 b,2.25,22.637,594.0,0.11,5147.0,0.743,0.756,5.69,2014
TOI-4409 b,7.44,2.0466,305.05,,4928.0,0.72,0.763,14.93793513,2026
Kepler-148 b,1.8,609.017,1284.0,0.028,5272.0,0.851,0.86,3.89,2014
HD 13908 c,12.8,0.9705,273.57,2.03,6255.0,1.67,1.29,1630.4,2013
HD 159243 b,13.7,107.452,942.13,0.11,6123.0,1.12,1.125,359.13,2013
Kepler-292 d,2.23,103.005,808.0,0.068,5299.0,0.826,0.865,5.6,2014
Kepler-297 c,6.54,6.86,409.0,0.336,5619.0,0.915,0.927,42.1,2014
Kepler-150 e,3.12,19.671,544.0,0.189,5560.0,0.939,0.956,9.91,2014
Kepler-178 c,2.88,30.546,656.0,0.142,5676.0,1.066,0.852,8.65,2014
HD 73526 c,13.3,2.0521,329.17,1.03,5601.0,1.53,1.014,715.09,2005
HD 106906 b,12.4,0.0,1800.0,650.0,6516.0,2.12351,1.5,3496.0,2013
Kepler-267 b,1.98,45.843,615.0,0.037,4258.0,0.555,0.541571,37.9,2014
Kepler-273 b,1.5,285.636,1209.0,0.037,5626.0,0.815,0.756,2.86,2014
Kepler-306 b,1.52,127.255,830.0,0.05,4954.0,0.719,0.75,2.92,2014
Kepler-309 c,2.51,2.142,204.0,0.401,4713.0,0.721,0.816,6.85,2014
Kepler-207 c,1.5,1742.715,1556.0,0.044,5920.0,1.588,1.313,2.86,2014
Kepler-224 b,1.39,201.489,937.0,0.038,5018.0,0.676,0.777,2.51,2014
Kepler-265 c,2.63,65.359,755.0,0.127,5835.0,1.103,0.97,7.41,2014
Kepler-269 b,2.47,604.9,1007.0,0.061,5847.0,0.959,0.92,6.66,2014
Kepler-119 c,0.92,367.322,1016.0,0.049,5595.0,0.839,0.918,0.721,2014
Kepler-130 b,1.02,221.731,982.0,0.079,5884.0,1.127,0.927,1.04,2014
Kepler-235 e,2.22,1.33,306.0,0.213,4255.0,0.554,0.581,5.56,2014
Kepler-228 b,1.53,863.776,1360.0,0.038,6043.0,1.014,1.006,2.96,2014
Kepler-305 b,3.6,112.914,836.0,0.05746,5080.0,0.8,0.76,10.5,2013
Kepler-277 c,3.36,83.898,778.0,0.21781,5946.0,1.69,1.12,64.2,2013
Kepler-301 b,1.35,665.437,1278.0,0.036,5815.0,0.9,1.022,2.39,2014
Kepler-300 c,2.25,43.248,516.0,0.232,5986.0,0.9,1.07,5.69,2014
Kepler-133 b,1.76,408.58,1041.0,0.083,5736.0,1.425,1.02,3.75,2014
Kepler-152 c,2.39,2.57,326.0,0.356,5088.0,0.724,0.779,6.3,2014
TIC 46432937 b,13.31626907,115.1312,872.0,0.02065,3572.0,0.5299,0.563,1017.0509024,2024
Kepler-138 e,0.797,1.73,292.0,0.1803,3841.0,0.535,0.535,0.43,2022
Kepler-299 c,2.65,198.554,946.0,0.07,5617.0,1.032,1.004,7.51,2014
Kepler-298 b,1.96,24.707,540.0,0.08,4465.0,0.582,0.66,4.5,2014
Kepler-157 b,1.32,1572.309,1546.0,0.028,5774.0,1.044,0.95,2.3,2014
Kepler-162 b,1.26,305.946,961.0,0.069,5816.0,0.958,1.053,2.13,2014
Kepler-249 d,1.57,4.474,332.0,0.097,3568.0,0.482,0.510238,3.09,2014
Kepler-254 d,2.5,38.844,686.0,0.139,5957.0,0.91,0.849,6.8,2014
Kepler-114 c,1.6,51.623,507.0,0.06482,4660.0,0.54,0.56,2.8,2013
Kepler-145 b,2.65,154.705,873.0,0.17308,6022.0,1.85,1.32,37.1,2013
Kepler-295 b,1.22,287.5,741.0,0.099,5603.0,0.898,0.89,1.98,2014
Kepler-288 c,2.85,53.148,815.0,0.14,5918.0,1.091,0.842,8.5,2014
Kepler-286 d,1.33,173.9,919.0,0.061,5580.0,0.863,0.83,2.33,2014
Kepler-312 c,3.15,165.824,754.0,0.153,6115.0,1.467,1.314,10.1,2014
Kepler-287 c,3.26,12.457,513.0,0.246,5806.0,1.032,0.963,66.0,2014
Kepler-285 b,1.34,428.407,1131.0,0.036,5411.0,0.808,0.915,2.36,2014
Kepler-178 d,3.95,3.874,392.0,0.397,5676.0,1.066,0.852,14.8,2014
Kepler-183 b,2.06,281.845,1088.0,0.064,5888.0,0.958,0.99,4.9,2014
Kepler-315 b,3.77,6.674,409.0,0.402,5796.0,1.037,0.831,13.7,2014
Kepler-316 c,1.16,37.377,577.0,0.058,4204.0,0.52,0.587,1.65,2014
Kepler-284 b,2.24,38.366,686.0,0.104,5615.0,0.814,0.766,5.65,2014
Kepler-281 c,5.31,35.203,513.0,0.215,5723.0,0.899,0.95,161.124,2014
Kepler-85 d,1.2,38.39,626.0,0.13,5436.0,0.893,0.947,8.69679,2014
Kepler-353 b,0.89,27.189,534.0,0.051,3903.0,0.504,0.553,0.64,2014
Kepler-372 c,2.09,91.881,755.0,0.154,6509.0,1.137,1.202,5.02,2014
Kepler-374 c,1.1,966.591,1467.0,0.042,5977.0,0.911,1.033,1.37,2014
Kepler-151 c,2.09,21.407,544.0,0.16,5460.0,0.83,0.87,5.02,2014
Kepler-386 c,1.58,16.657,513.0,0.155,5178.0,0.767,0.825,3.12,2014
Kepler-213 c,2.34,339.536,1060.0,0.057,5696.0,1.195,1.07,6.08,2014
Kepler-211 b,1.26,158.188,954.0,0.048,5123.0,0.816,0.867,2.13,2014
Kepler-355 b,1.46,154.803,840.0,0.102,6184.0,1.066,0.933,2.73,2014
Kepler-356 b,1.57,844.979,1294.0,0.057,6133.0,1.335,1.163,3.09,2014
Kepler-355 c,2.71,49.973,633.0,0.179,6184.0,1.066,0.933,7.8,2014
Kepler-356 c,1.81,209.368,913.0,0.115,6133.0,1.335,1.163,3.93,2014
Kepler-387 b,1.03,304.081,994.0,0.068,5774.0,1.046,0.85,1.08,2014
Kepler-388 b,0.81,112.21,830.0,0.036,4498.0,0.586,0.635,0.457,2014
Kepler-404 b,1.27,44.534,730.0,0.102,5654.0,0.884,0.86,2.15,2014
Kepler-221 d,2.73,56.293,712.0,0.087,5243.0,0.821,0.854,3.61,2014
Kepler-357 b,1.84,69.57,793.0,0.063,5036.0,0.834,0.794,4.04,2014
Kepler-358 b,2.72,21.805,554.0,0.21,5908.0,0.954,0.94,7.85,2014
Kepler-376 c,1.79,168.29,873.0,0.115,5900.0,1.175,0.968,3.86,2014
Kepler-378 b,0.75,17.819,503.0,0.112,4661.0,0.671,0.78,0.347,2014
Kepler-389 b,1.51,167.058,1047.0,0.041,5376.0,0.792,0.765,2.89,2014
Kepler-118 b,1.96,79.753,784.0,0.073,5274.0,1.094,0.811,4.5,2014
Kepler-359 b,3.53,23.9,671.0,0.178,6248.0,1.086,0.827,12.2,2014
Kepler-363 c,1.69,376.29,1054.0,0.079,5593.0,1.485,1.226,66.4,2014
Kepler-379 c,2.29,19.793,530.0,0.326,6054.0,1.306,1.125,5.86,2014
Kepler-112 c,2.4,24.255,538.0,0.172,5544.0,0.841,0.782,6.35,2014
Kepler-163 b,1.05,115.612,906.0,0.078,5776.0,0.917,0.882,1.16,2014
Kepler-390 b,0.82,99.972,786.0,0.065,5166.0,0.776,0.787,0.477,2014
Kepler-52 d,1.95,2.945,332.0,0.182,4263.0,0.556,0.577,88.8775,2014
Kepler-231 b,1.73,14.879,488.0,0.074,3767.0,0.49,0.58,35.4,2014
Kepler-357 d,3.43,4.619,402.0,0.246,5036.0,0.834,0.794,11.6,2014
Kepler-358 c,2.85,6.599,411.0,0.381,5908.0,0.954,0.94,8.5,2014
Kepler-139 b,2.94,64.78,752.0,0.127,5594.0,1.3,1.078,7.0,2014
Kepler-172 d,2.25,75.29,736.0,0.118,5526.0,1.085,1.081,5.69,2014
Kepler-237 b,1.41,124.961,823.0,0.05,4861.0,0.725,0.696,2.57,2014
Kepler-235 c,1.28,14.2,555.0,0.065,4255.0,0.554,0.581,2.18,2014
Kepler-363 b,1.16,1000.243,1347.0,0.048,5593.0,1.485,1.226,1.65,2014
Kepler-272 b,1.43,801.741,1200.0,0.038,5297.0,0.929,0.91,78.0,2014
Kepler-353 c,1.38,16.561,472.0,0.065,3903.0,0.504,0.553,2.48,2014
Kepler-359 c,4.3,8.1,512.0,0.307,6248.0,1.086,0.827,2.9,2014
Kepler-173 b,1.29,599.495,1179.0,0.048,6031.0,0.949,1.067,2.21,2014
Kepler-175 c,3.1,31.95,583.0,0.213,6064.0,1.01,0.969,9.8,2014
Kepler-141 c,1.41,77.412,738.0,0.067,4910.0,0.787,0.878,2.57,2014
Kepler-239 c,2.51,4.315,366.0,0.268,4914.0,0.763,0.757,6.85,2014
Kepler-367 c,1.2,3.761,357.0,0.253,4710.0,0.695,0.768,1.87,2014
Kepler-143 c,3.37,58.7,703.0,0.181,5848.0,1.359,0.982,11.3,2014
Kepler-360 b,1.65,415.434,1116.0,0.044,6053.0,1.058,0.994,3.36,2014
Kepler-49 e,1.56,6.063,371.0,0.116,4252.0,0.559,0.549,1.03815,2014
Kepler-140 b,1.61,848.695,1301.0,0.045,6077.0,1.288,1.044,3.22,2014
Kepler-392 b,1.0,450.654,1125.0,0.059,5938.0,1.129,0.874,0.972,2014
Kepler-122 b,2.34,448.102,1159.0,0.064,6050.0,1.216,0.982,6.08,2014
Kepler-243 c,1.99,21.72,559.0,0.142,5228.0,0.842,0.904,4.62,2014
Kepler-374 d,1.31,548.099,1272.0,0.056,5977.0,0.911,1.033,2.27,2014
Kepler-375 b,1.45,64.444,851.0,0.101,5826.0,0.837,0.891,2.7,2014
Kepler-116 c,2.3,208.982,964.0,0.116,6142.0,1.454,1.198,5.9,2014
Kepler-280 c,2.01,279.085,1088.0,0.056,5744.0,0.886,0.962,4.7,2014
TOI-3053 b,13.56286665,460.0,1290.0,0.039,5378.0,0.97,0.96,270.15414595,2026
Kepler-133 c,2.84,67.161,663.0,0.204,5736.0,1.425,1.02,8.45,2014
Kepler-246 c,1.5,43.208,667.0,0.095,5206.0,0.831,0.853,2.86,2014
Kepler-251 e,2.77,3.548,360.0,0.404,5526.0,0.89,0.891,8.1,2014
Kepler-326 c,1.4,303.62,889.0,0.051,5105.0,0.801,0.91,17.4,2014
K2-24 b,5.638,52.0,732.0,0.1673,5726.0,1.185,1.091,20.6,2016
Kepler-281 b,2.82,118.246,694.0,0.117,5723.0,0.899,0.95,324.0,2014
Kepler-288 b,1.67,247.301,1197.0,0.065,5918.0,1.091,0.842,3.43,2014
Kepler-393 b,1.29,429.813,1052.0,0.091,6189.0,1.382,1.256,2.21,2014
Kepler-394 b,1.6,164.78,1035.0,0.083,6402.0,1.132,0.87,3.19,2014
Kepler-26 e,2.41,1.753,276.0,0.22,4486.0,0.571,0.593,6.39,2014
Kepler-255 b,1.55,174.395,971.0,0.063,5573.0,0.933,0.867,3.02,2014
Kepler-344 b,2.61,27.327,643.0,0.153,5774.0,0.976,0.931,7.32,2014
Kepler-342 b,2.25,160.261,905.0,0.128,6175.0,1.472,1.213,5.69,2014
Kepler-291 c,1.88,332.737,1035.0,0.065,6002.0,1.016,1.023,4.19,2014
Kepler-293 c,3.83,7.287,466.0,0.286,5804.0,0.957,0.934,14.0,2014
Kepler-189 b,1.21,45.389,678.0,0.088,5235.0,0.75,0.803,1.92,2014
Kepler-191 c,1.86,23.2,596.0,0.128,5282.0,0.789,0.857,4.12,2014
Kepler-258 c,3.61,7.985,470.0,0.193,4942.0,0.915,0.82,12.7,2014
Kepler-337 c,2.05,376.21,1017.0,0.093,5684.0,1.761,1.081,4.86,2014
Kepler-298 c,1.93,8.696,416.0,0.136,4465.0,0.582,0.66,4.38,2014
Kepler-300 b,1.67,265.186,812.0,0.094,5986.0,0.9,1.07,3.43,2014
Kepler-137 b,1.47,86.33,742.0,0.077,5187.0,0.802,0.85,2.76,2014
Kepler-261 c,2.0,14.512,505.0,0.156,5098.0,0.794,0.834,4.66,2014
Kepler-265 b,1.86,220.328,1022.0,0.069,5835.0,1.103,0.97,4.12,2014
Kepler-339 b,1.42,159.945,1023.0,0.055,5631.0,0.802,0.87,2.6,2014
Kepler-325 b,2.91,210.554,1017.0,0.053,5752.0,1.003,0.914,8.8,2014
Kepler-126 b,1.52,298.088,1009.0,0.099,6239.0,1.358,1.108,4.11726105,2014
Kepler-380 b,1.19,808.093,1317.0,0.05,6045.0,1.224,0.99,1.81,2014
Kepler-397 c,6.18,1.8,295.0,0.48,5307.0,0.767,0.844,31.6,2014
Kepler-411 b,2.401,201.3,1138.0,0.0375,4974.0,0.82,0.87,25.6,2013
TOI-2095 c,1.33,1.84,297.0,0.137,3759.0,0.44,0.44,7.4,2023
Kepler-416 d,1.61,583.25,1253.0,0.0407,5670.0,1.022,0.949,3.22,2023
TOI-4504 b,2.65,548.0544,1345.0,0.0338,5315.0,0.93,0.875,140.0,2024
Kepler-46 c,13.5,7.0957,455.0,0.2799,5155.0,0.938,0.902,119.499,2012
Kepler-188 b,1.68,1069.235,1463.0,0.032,6021.0,1.141,1.021,3.46,2014
Kepler-362 c,1.45,36.667,543.0,0.207,5788.0,0.722,0.904,2.7,2014
Kepler-136 c,1.99,162.044,847.0,0.133,6165.0,1.355,1.204,4.62,2014
Kepler-381 c,1.12,225.331,1180.0,0.117,6152.0,1.568,1.144,1.46,2014
Kepler-398 b,0.93,81.287,755.0,0.044,4493.0,0.613,0.649,0.749,2014
Kepler-136 b,2.05,257.984,951.0,0.106,6165.0,1.355,1.204,19.8,2014
Kepler-272 d,2.25,141.135,777.0,0.091,5297.0,0.929,0.91,5.69,2014
Kepler-206 d,1.19,44.17,681.0,0.163,5764.0,1.185,0.957,1.81,2014
Kepler-141 b,0.69,228.663,968.0,0.039,4910.0,0.787,0.878,0.257,2014
Kepler-399 d,1.89,5.57,486.0,0.261,5502.0,0.68,0.902,4.23,2014
Kepler-400 b,1.65,183.39,939.0,0.087,5886.0,1.145,1.08,3.36,2014
Kepler-366 b,1.46,1873.311,1326.0,0.045,6209.0,1.048,1.088,2.73,2014
Kepler-367 b,1.3,5.985,401.0,0.201,4710.0,0.695,0.768,2.24,2014
Kepler-135 b,1.81,496.678,1209.0,0.067,6090.0,1.275,1.047,3.93,2014
Kepler-383 b,1.32,20.91,545.0,0.095,4710.0,0.672,0.669,2.3,2014
Kepler-401 b,1.71,254.25,889.0,0.122,6117.0,1.333,1.173,3.57,2014
Kepler-402 c,1.56,353.973,1140.0,0.068,6090.0,1.264,1.072,3.05,2014
Kepler-351 b,3.06,11.983,498.0,0.214,5643.0,0.854,0.81,4.8,2014
Kepler-350 b,1.85,257.721,1037.0,0.104,6186.0,1.534,1.19,16.9,2014
Kepler-369 c,1.41,4.21,391.0,0.094,3591.0,0.471,0.5,2.57,2014
Kepler-371 b,1.89,41.737,554.0,0.2,5666.0,0.992,0.876,4.23,2014
Kepler-147 b,1.53,224.61,953.0,0.113,6012.0,1.468,1.145,2.96,2014
Kepler-132 d,1.55,68.6,758.0,0.136,6003.0,1.178,0.929,3.02,2014
Kepler-200 c,1.59,126.361,806.0,0.09,5678.0,0.944,0.972,3.15,2014
Kepler-215 e,1.75,7.444,405.0,0.314,5739.0,1.027,0.788,3.71,2014
Kepler-347 c,1.75,65.707,705.0,0.183,6088.0,1.005,0.922,3.71,2014
Kepler-202 b,1.63,108.504,802.0,0.045,4668.0,0.667,0.683,3.29,2014
Kepler-84 f,2.2,25.3,572.0,0.25,6031.0,1.169,1.06,5.48,2014
Kepler-310 b,1.19,45.97,665.0,0.111,5797.0,0.876,0.854,1.81,2014
Kepler-270 c,1.77,62.241,756.0,0.18,6067.0,1.461,1.17,3.78,2014
Kepler-24 d,1.67,601.895,1305.0,0.051,5897.0,1.289,1.046,293.959,2014
Kepler-217 c,1.85,730.808,1208.0,0.089,6171.0,1.799,1.342,4.08,2014
Kepler-220 e,1.33,4.274,341.0,0.226,4632.0,0.666,0.729,2.33,2014
Kepler-313 c,2.57,51.1,683.0,0.208,5727.0,1.536,1.114,7.13,2014
Kepler-311 c,1.43,72.456,744.0,0.145,5905.0,1.188,0.994,2.63,2014
Kepler-282 c,1.2,116.117,717.0,0.106,5602.0,0.904,0.86,1.87,2014
Kepler-286 e,1.77,20.6,539.0,0.176,5580.0,0.863,0.83,3.78,2014
Kepler-204 b,2.53,79.703,828.0,0.117,5812.0,1.238,1.038,6.94,2014
Kepler-359 d,4.01,5.5,464.0,0.372,6248.0,1.086,0.827,2.7,2014
Kepler-314 b,0.83,488.674,1195.0,0.035,5378.0,0.95,0.99,0.498,2014
Kepler-316 b,1.06,164.776,837.0,0.027,4204.0,0.52,0.587,1.2,2014
Kepler-288 d,2.67,12.659,570.0,0.287,5918.0,1.091,0.842,7.61,2014
Kepler-149 b,4.21,23.64,540.0,0.184,5381.0,0.953,1.013,16.5,2014
Kepler-372 b,1.36,384.627,1081.0,0.075,6509.0,1.137,1.202,2.42,2014
Kepler-205 b,1.51,102.562,757.0,0.032,4321.0,0.546,0.592,2.89,2014
Kepler-361 b,1.45,411.905,1060.0,0.086,6169.0,1.343,1.191,2.7,2014
Kepler-317 c,1.72,81.761,837.0,0.083,5497.0,0.941,0.865,3.61,2014
Kepler-319 d,2.29,17.962,528.0,0.191,5526.0,0.903,0.933,5.86,2014
Kepler-295 d,1.36,104.962,533.0,0.192,5603.0,0.898,0.89,2.42,2014
Kepler-308 c,2.16,58.679,714.0,0.123,5895.0,0.941,0.92,5.31,2014
Kepler-234 b,3.7,1007.716,1420.0,0.04,6224.0,1.113,1.129,13.2,2014
Kepler-378 c,0.7,8.166,414.0,0.166,4661.0,0.671,0.78,0.271,2014
Kepler-321 b,1.77,296.155,1042.0,0.057,5740.0,1.194,1.024,3.78,2014
Kepler-322 b,1.01,735.179,1373.0,0.027,5388.0,0.89,0.908,1.01,2014
Kepler-397 b,2.46,20.01,539.0,0.144,5307.0,0.767,0.844,6.62,2014
Kepler-198 b,2.82,44.549,655.0,0.131,5574.0,0.94,0.995,8.35,2014
Kepler-386 b,1.39,43.262,651.0,0.096,5178.0,0.767,0.825,2.51,2014
Kepler-206 c,1.77,95.51,825.0,0.111,5764.0,1.185,0.957,3.78,2014
Kepler-173 c,2.43,258.418,956.0,0.074,6031.0,0.949,1.067,6.48,2014
Kepler-250 b,1.13,148.103,938.0,0.048,5160.0,0.805,0.806,1.51,2014
Kepler-325 c,2.54,53.044,721.0,0.105,5752.0,1.003,0.914,6.99,2014
Kepler-157 c,2.24,101.754,779.0,0.11,5774.0,1.044,0.95,5.65,2014
Kepler-392 c,1.1,185.098,901.0,0.093,5938.0,1.129,0.874,1.37,2014
Kepler-365 c,1.64,66.87,729.0,0.137,6012.0,1.048,1.02,3.33,2014
Kepler-243 b,2.45,115.505,850.0,0.062,5228.0,0.842,0.904,6.57,2014
Kepler-402 e,1.46,157.481,931.0,0.102,6090.0,1.264,1.072,2.73,2014
Kepler-402 d,1.38,214.277,1006.0,0.087,6090.0,1.264,1.072,2.48,2014
Kepler-147 c,2.43,61.287,689.0,0.216,6012.0,1.468,1.145,6.48,2014
Kepler-183 c,2.27,108.717,857.0,0.103,5888.0,0.958,0.99,35.7,2014
Kepler-244 b,2.76,242.471,1038.0,0.05,5554.0,0.803,0.933,8.05,2014
Kepler-209 b,2.26,48.662,668.0,0.122,5513.0,0.935,0.971,5.73,2014
Kepler-127 b,1.4,159.163,884.0,0.125,6106.0,1.359,1.248,2.54,2014
Kepler-403 c,1.75,45.154,604.0,0.297,6090.0,1.329,1.299,3.71,2014
Kepler-376 b,1.07,689.912,1242.0,0.057,5900.0,1.175,0.968,1.24,2014
Kepler-331 c,1.84,13.888,425.0,0.105,4347.0,0.492,0.653,4.04,2014
Kepler-256 e,2.35,98.9,897.0,0.096,5551.0,1.301,1.037,6.12,2014
Kepler-209 c,3.1,13.637,486.0,0.231,5513.0,0.935,0.971,9.8,2014
Kepler-229 d,3.85,6.162,439.0,0.22,5120.0,0.728,0.808,14.2,2014
Kepler-237 c,2.08,60.642,687.0,0.071,4861.0,0.725,0.696,4.98,2014
Kepler-383 c,1.24,6.44,406.0,0.172,4710.0,0.672,0.669,2.07,2014
Kepler-333 c,1.11,7.049,386.0,0.135,4259.0,0.534,0.601,1.41,2014
Kepler-334 d,1.41,39.475,656.0,0.168,5828.0,1.068,1.022,2.57,2014
Kepler-156 c,2.55,28.642,588.0,0.117,5094.0,0.807,0.864,7.04,2014
Kepler-405 c,4.66,14.086,557.0,0.188,5818.0,0.893,0.873,19.6,2014
Kepler-274 c,1.84,36.518,678.0,0.204,6023.0,1.007,0.883,4.04,2014
Kepler-315 c,4.15,1.722,291.0,0.791,5796.0,1.037,0.831,16.1,2014
Kepler-387 c,0.89,144.963,826.0,0.098,5774.0,1.046,0.85,0.64,2014
Kepler-388 c,0.86,16.64,515.0,0.093,4498.0,0.586,0.635,0.566,2014
Kepler-337 b,1.54,1589.012,1458.0,0.045,5684.0,1.761,1.081,2.99,2014
Kepler-134 c,1.26,128.086,892.0,0.092,5983.0,1.176,0.956,2.13,2014
Kepler-140 c,1.8,9.957,428.0,0.414,6077.0,1.288,1.044,3.89,2014
Kepler-159 b,2.38,33.463,447.0,0.082,4625.0,0.663,0.628,6.26,2014
Kepler-320 c,1.37,101.619,1002.0,0.142,6435.0,1.108,1.072,2.45,2014
Kepler-292 c,1.47,242.416,1001.0,0.045,5299.0,0.826,0.865,2.76,2014
Kepler-82 b,4.07,19.558,562.0,0.1683,5401.0,0.898,0.91,12.15,2012
Kepler-122 c,5.87,160.499,897.0,0.108,6050.0,1.216,0.982,29.0,2014
Kepler-149 c,1.61,10.084,436.0,0.281,5381.0,0.953,1.013,3.22,2014
Kepler-164 b,1.41,370.922,1141.0,0.058,5888.0,1.148,1.036,2.57,2014
Kepler-320 b,1.14,280.559,1292.0,0.085,6435.0,1.108,1.072,1.55,2014
Kepler-338 e,1.56,428.524,1143.0,0.08979,5999.0,1.735,1.14,8.5,2014
Kepler-395 b,1.03,17.8,576.0,0.061,4262.0,0.556,0.622827,1.08,2014
Kepler-341 d,1.85,45.423,622.0,0.182,6012.0,1.024,0.976,4.08,2014
Kepler-341 e,1.99,25.667,539.0,0.242,6012.0,1.024,0.976,4.62,2014
Kepler-169 b,1.13,195.221,962.0,0.04,4997.0,0.763,0.825,1.51,2014
Kepler-169 f,2.58,2.439,321.0,0.359,4997.0,0.763,0.825,7.18,2014
Kepler-332 c,1.09,19.986,550.0,0.114,4955.0,0.72,0.743,1.32,2014
Kepler-143 b,2.41,118.334,838.0,0.127,5848.0,1.359,0.982,6.39,2014
Kepler-299 b,1.32,622.067,1258.0,0.04,5617.0,1.032,1.004,2.3,2014
Kepler-301 c,1.35,238.481,989.0,0.06,5815.0,0.9,1.022,2.39,2014
Kepler-342 d,2.49,44.828,658.0,0.242,6175.0,1.472,1.213,6.76,2014
Kepler-233 c,2.71,6.195,390.0,0.287,5360.0,0.758,0.855,7.8,2014
Kepler-171 d,1.89,15.103,497.0,0.223,5642.0,0.839,0.978,4.23,2014
HD 60779 b,3.246,42.3921,650.0,0.1922,6081.0,1.129,1.05,14.19,2026
Kepler-335 c,3.07,32.035,592.0,0.356,5877.0,1.854,1.367,9.64,2014
Kepler-332 d,1.18,7.253,427.0,0.189,4955.0,0.72,0.743,1.76,2014
Kepler-262 b,1.36,50.169,734.0,0.108,5841.0,0.881,0.816,2.42,2014
Kepler-263 c,2.47,5.994,386.0,0.242,5265.0,0.785,0.793,6.66,2014
Kepler-191 b,1.34,50.2,722.0,0.087,5282.0,0.789,0.857,2.36,2014
Kepler-197 e,0.91,57.941,691.0,0.164,6004.0,1.12,0.857,0.693,2014
Kepler-200 b,2.13,159.069,854.0,0.08,5678.0,0.944,0.972,5.18,2014
Kepler-201 b,2.46,64.549,683.0,0.175,6065.0,1.229,1.098,6.62,2014
Kepler-84 e,2.6,48.29,672.0,0.181,6031.0,1.169,1.06,7.27,2014
Kepler-265 e,2.59,10.354,476.0,0.319,5835.0,1.103,0.97,7.22,2014
Kepler-24 e,2.78,81.506,792.0,0.138,5897.0,1.289,1.046,26.2118,2014
Kepler-441 b,1.64,0.21,189.0,0.64,4340.0,0.55,0.572,3.33,2015
Kepler-253 c,2.65,51.273,680.0,0.089,5208.0,0.786,0.86,7.51,2014
Kepler-214 c,2.13,87.244,619.0,0.194,6169.0,1.352,1.11,5.18,2014
Kepler-170 c,2.86,50.682,702.0,0.131,5679.0,1.035,1.066,8.55,2014
Kepler-205 c,1.64,7.14,389.0,0.122,4321.0,0.546,0.592,3.33,2014
CoRoT-22 b,4.88,121.8837,885.0,0.092,5939.0,1.136,1.099,12.2,2014
Kepler-437 b,2.14,2.15,308.0,0.288,4551.0,0.68,0.707,5.22,2015
Kepler-192 b,2.74,105.297,803.0,0.09,5479.0,1.007,1.028,7.95,2014
Kepler-254 b,3.87,184.341,1013.0,0.064,5957.0,0.91,0.849,14.3,2014
Kepler-196 c,2.24,6.88,407.0,0.24,5128.0,0.782,0.839,5.65,2014
Kepler-101 b,5.77,1240.332,1513.0,0.0474,5667.0,1.56,1.17,51.1,2014
Kepler-439 b,2.24,1.83,291.0,0.563,5431.0,0.866,0.884,5.65,2015
Kepler-256 c,2.15,457.066,1315.0,0.045,5551.0,1.301,1.037,5.27,2014
Kepler-216 c,3.04,182.057,814.0,0.136,6091.0,1.26,1.126,9.48,2014
Kepler-184 c,1.97,29.875,630.0,0.141,5788.0,0.873,0.872,8.8,2014
KIC 10001893 d,,,,,27500.0,0.18,0.47,,2014
KIC 10001893 b,,,,,27500.0,0.18,0.47,,2014
HD 113538 c,13.8,0.0151,100.28,2.44,4462.0,0.53,0.585,295.57,2010
HD 30669 b,14.3,0.0987,151.45,2.69,5400.0,0.91,0.92,149.37,2014
Kepler-217 b,2.23,1366.477,1413.0,0.065,6171.0,1.799,1.342,5.6,2014
Kepler-83 d,1.94,28.81,569.0,0.051,4648.0,0.594,0.58,4.1,2014
Kepler-253 d,3.17,24.084,563.0,0.13,5208.0,0.786,0.86,10.2,2014
Kepler-424 c,12.7,1.3285,298.76,0.73,5460.0,0.94,1.01,2215.18,2014
Kepler-422 b,12.89,264.983,1028.0,0.082,5972.0,1.24,1.15,136.66,2014
Kepler-445 c,2.51,9.177,341.0,0.0301,3157.0,0.21,0.18,6.85,2015
Kepler-446 b,1.5,16.213,648.0,0.0182,3359.0,0.24,0.22,2.86,2015
Kepler-259 b,2.8,113.451,879.0,0.079,5938.0,0.898,0.867,8.25,2014
Kepler-193 b,2.39,117.303,979.0,0.106,6335.0,1.147,1.051,6.3,2014
Kepler-215 b,1.62,105.073,784.0,0.084,5739.0,1.027,0.788,3.26,2014
Kepler-192 c,2.79,38.216,623.0,0.15,5479.0,1.007,1.028,8.2,2014
Kepler-426 b,12.22,410.723,1300.0,0.0414,5725.0,0.92,0.91,108.06,2014
Kepler-424 b,9.98,470.754,1116.0,0.044,5460.0,0.94,1.01,327.35,2014
Kepler-427 b,13.79,208.721,1100.0,0.091,5800.0,1.35,0.96,92.17,2014
HD 103720 b,14.1,140.3478,926.24,0.0498,5017.0,0.73,0.794,197.046,2014
Kepler-434 b,12.67,158.285,1000.0,0.1143,5977.0,1.38,1.198,908.96,2015
Kepler-221 c,2.93,119.836,860.0,0.059,5243.0,0.821,0.854,9.3,2014
Kepler-222 b,3.16,206.769,1004.0,0.048,5433.0,0.869,0.933,10.1,2014
Kepler-94 c,12.5,0.0955,159.05,1.596806621,4781.0,0.76,0.81,3126.0,2014
Kepler-48 e,13.4,0.1426,171.49,1.898274748,5194.0,0.89,0.88,657.0,2014
Kepler-428 b,12.11,195.088,1070.0,0.0433,5150.0,0.8,0.87,403.63,2014
Kepler-425 b,10.962,229.036,1070.0,0.0464,5170.0,0.86,0.93,79.45,2014
Kepler-224 c,3.12,86.332,758.0,0.058,5018.0,0.676,0.777,9.91,2014
Kepler-407 c,12.3,0.0854,146.73,3.27090369,5476.0,1.01,1.0,4000.0,2014
Kepler-106 c,2.5,96.905,785.0,0.10987,5858.0,1.04,1.0,10.44,2014
TYC 1422-614-1 b,13.3,47.0221,730.19,0.69,4806.0,6.85,1.15,794.5,2014
TYC 1422-614-1 c,12.5,11.9278,518.21,1.37,4806.0,6.85,1.15,3178.0,2014
Kepler-445 b,1.58,17.657,401.0,0.0217,3157.0,0.21,0.18,3.12,2015
Kepler-446 d,1.35,3.307,436.0,0.0403,3359.0,0.24,0.22,2.39,2015
Kepler-164 c,2.73,131.487,881.0,0.097,5888.0,1.148,1.036,7.9,2014
Kepler-165 b,2.32,59.799,716.0,0.072,5211.0,0.77,0.746,5.99,2014
OGLE-2005-BLG-071L b,13.0,,55.0,3.6,,,0.46,1200.0,2005
OGLE-2008-BLG-092L b,8.74,,,15.0,,,0.71,57.0,2014
Kepler-246 b,2.34,141.613,896.0,0.052,5206.0,0.831,0.853,6.08,2014
Kepler-226 c,2.27,180.513,919.0,0.058,5571.0,0.802,0.904,45.2,2014
Kepler-227 b,3.11,104.641,793.0,0.09,5854.0,1.091,0.954,9.85,2014
Kepler-113 b,1.82,105.333,775.0,0.05123,4725.0,0.69,0.75,11.7,2014
Kepler-48 d,2.04,9.292,448.0,0.23302,5194.0,0.89,0.88,7.93,2014
Qatar-2 b,14.056,447.4134,1344.0,0.02153,4645.0,0.776,0.743,792.635,2011
Kepler-117 c,12.341,41.863,704.0,0.2804,6150.0,1.606,1.129,584.78,2014
Kepler-161 b,2.12,123.4,868.0,0.054,5078.0,0.806,0.853,2.63,2014
Kepler-153 b,2.92,21.609,621.0,0.129,5404.0,0.892,0.756,8.85,2014
Kepler-229 c,4.92,21.637,600.0,0.117,5120.0,0.728,0.808,21.5,2014
Kepler-100 d,1.61,53.981,670.0,0.21747,5825.0,1.49,1.08,3.0,2014
Kepler-98 b,1.99,1107.389,1592.0,0.02614,5539.0,1.11,0.99,3.55,2014
Kepler-117 b,8.059,157.541,984.0,0.1445,6150.0,1.606,1.129,29.875,2014
Kepler-430 b,3.25,40.844,667.0,0.2244,5884.0,1.485,1.166,10.6,2015
Kepler-230 b,4.26,11.816,506.0,0.191,5588.0,0.817,0.784,16.8,2014
Kepler-166 b,2.27,77.543,772.0,0.072,5413.0,0.742,0.811,5.77,2014
Kepler-131 b,2.41,66.122,718.0,0.12789,5685.0,1.03,1.02,16.13,2014
Kepler-406 b,1.43,826.933,1302.0,0.03599,5538.0,1.07,1.07,6.35,2014
Kepler-249 c,1.51,12.529,429.0,0.058,3568.0,0.482,0.510238,2.89,2014
Kepler-162 c,3.03,77.052,681.0,0.137,5816.0,0.958,1.053,9.43,2014
Kepler-180 c,3.01,16.423,540.0,0.229,5731.0,1.063,0.95,9.32,2014
Kepler-182 c,3.43,88.852,729.0,0.157,6250.0,1.146,1.114,11.6,2014
HD 10180 c,,362.4092,1185.4,0.06412,5911.0,1.109,1.06,2741.58783878,2010
Kepler-82 c,5.34,8.035,450.0,0.2626,5401.0,0.898,0.91,13.9,2012
Kepler-174 b,1.96,24.418,553.0,0.1,4880.0,0.622,0.602,4.5,2014
Kepler-176 c,2.6,39.631,633.0,0.102,5232.0,0.891,0.86,1.33,2014
Kepler-96 b,2.67,57.524,711.0,0.1261,5690.0,1.02,1.0,8.46,2014
Kepler-48 b,1.88,173.12,932.0,0.05394,5194.0,0.89,0.88,3.94,2012
HD 10180 d,,90.1098,837.06,0.12859,5911.0,1.109,1.06,3295.88058059,2010
HD 10180 e,5.39,20.4541,577.77,0.2699,5911.0,1.109,1.06,25.1,2010
Kepler-55 d,1.59,195.005,931.0,0.029,4503.0,0.619,0.631,3.15,2014
Kepler-187 c,2.67,324.134,963.0,0.099,6105.0,1.287,1.081,7.61,2014
Kepler-233 b,2.43,85.131,751.0,0.077,5360.0,0.758,0.855,6.48,2014
Kepler-234 c,3.51,273.304,1025.0,0.077,6224.0,1.113,1.129,12.1,2014
MOA-2011-BLG-322L b,12.4,,,4.3,,,0.39,3690.0,2013
CoRoT-24 b,3.7,79.826,1070.0,0.056,4950.0,0.86,0.91,5.7,2014
HD 10180 h,9.4,0.1303,163.24,3.381,5911.0,1.109,1.06,64.4,2010
Kepler-440 b,1.86,1.2,229.0,0.242,4134.0,0.559,0.575,4.12,2015
Kepler-251 c,2.77,38.953,655.0,0.122,5526.0,0.89,0.891,8.1,2014
Kepler-146 c,3.13,9.887,473.0,0.364,5948.0,1.208,1.079,9.96,2014
Kepler-150 d,2.79,65.142,734.0,0.104,5560.0,0.939,0.956,8.2,2014
OGLE-2008-BLG-355L b,12.9,,,1.7,,,0.37,1500.0,2014
CoRoT-24 c,5.0,26.0656,850.0,0.098,4950.0,0.86,0.91,28.0,2014
Kepler-186 f,1.17,0.3,177.0,0.432,3755.0,0.523,0.544,1.71,2014
Kepler-252 c,2.15,20.507,499.0,0.08,4208.0,0.549,0.61,5.27,2014
Kepler-213 b,1.62,833.469,1326.0,0.036,5696.0,1.195,1.07,3.26,2014
Kepler-159 c,3.41,4.791,275.0,0.218,4625.0,0.663,0.628,11.5,2014
Kepler-202 c,1.85,17.07,505.0,0.113,4668.0,0.667,0.683,4.08,2014
HD 35759 b,13.0,22.7689,621.56,0.389,6060.0,1.759974,1.15,1195.0408,2016
Kepler-477 b,2.07,38.71,649.0,0.0911,5240.0,0.79,0.87,4.94,2016
HD 67087 c,12.9,0.2327,193.42,3.86,6330.0,1.55,1.36,1540.0,2015
Kepler-6 b,14.616536,792.218,1460.0,0.04852,5647.0,1.391,1.209,212.31044,2009
HD 220842 b,13.1,4.155,397.62,0.74,5960.0,1.41647,1.13,1010.6994,2016
HIP 65407 c,13.9,6.5252,457.04,0.316,5460.0,0.952252,0.93,249.17872,2016
Kepler-505 b,2.6,3.641,314.0,0.1445,3931.0,0.53,0.55,7.27,2016
CoRoT-29 b,10.0881,540.3673,1224.75,0.0386,5260.0,0.9,0.97,270.1555,2015
tau Boo b,12.8,1333.7826,1682.02,0.049,6466.27,1.42588,1.32,1891.0,1996
Kepler-412 b,15.031269,2144.307,1850.0,0.02897,5750.0,1.287,1.167,299.07803,2014
HD 141399 b,14.3,9.2321,493.71,0.415,5600.0,1.387236,1.07,143.34133,2014
HD 141399 c,13.6,3.3493,383.17,0.689,5600.0,1.387236,1.07,422.7139,2014
Kepler-754 b,2.01,216.473,758.0,0.116,5935.0,1.08,1.06,4.7,2016
Kepler-753 b,1.91,41.674,641.0,0.054,4346.0,0.65,0.68,4.31,2016
HAT-P-54 b,10.581296,88.6713,818.0,0.04117,4390.0,0.617,0.645,241.5508,2015
TrES-5 b,13.383546,442.993,1480.0,0.02459,5171.0,0.868,0.901,568.9157,2011
KOI-13 b,16.948008,25339.901,2550.0,0.03641,7650.0,1.74,1.72,2949.4624,2011
WASP-42 b,12.576498,137.118,1021.0,0.0561,5315.0,0.892,0.951,167.49641,2012
Kepler-766 b,3.39,227.15,990.0,0.066,5992.0,1.15,1.1,11.4,2016
Kepler-771 b,1.82,339.296,890.0,0.0843,5906.0,1.05,1.03,3.97,2016
HD 100546 b,77.3421,0.0113,94.67,53.0,10500.0,1.85288,2.4,2701.5414595,2014
Kepler-432 c,13.3,,,,4995.0,4.06,1.32,772.3269,2015
Kepler-76 b,15.24424,3583.673,2140.0,0.0274,6409.0,1.32,1.2,638.8383,2013
OGLE-2003-BLG-235L b,13.2,,,4.3,,,0.63,830.0,2004
Kepler-765 b,2.43,48.947,641.0,0.1754,5901.0,1.06,1.05,6.48,2016
Kepler-432 b,12.834305,97.846,812.0,0.301,4995.0,4.06,1.32,1719.4603,2015
Kepler-5 b,15.984034,1822.758,1750.0,0.0538,6297.0,1.793,1.374,670.93913,2009
Kepler-7 b,18.180998,1375.11,1630.0,0.06067,5933.0,1.966,1.359,140.16303,2009
HIP 74890 b,13.3,3.7188,387.66,2.1,4850.0,5.77,1.74,762.792,2016
K2-29 b,13.33871,293.0,1171.0,0.04217,5358.0,0.86,0.94,232.0159,2016
Kepler-767 b,6.64,9.365,366.0,0.5874,5694.0,0.94,0.96,35.7,2016
Kepler-773 b,1.43,490.707,1160.0,0.04682,5850.0,1.01,1.04,2.63,2016
Kepler-774 b,3.17,451.177,1422.0,0.1082,6403.0,2.42,1.57,10.2,2016
2MASS J02192210-3925225 b,16.14096,0.0,6.27,156.0,3064.0,0.281,0.108,4417.837,2015
HD 7924 d,,15.17,499.0,0.1551,5075.0,0.7821,0.832,1568.16536014,2015
WASP-41 c,13.1,0.5573,241.0,1.07,5545.0,0.87,0.93,1010.6994,2015
HAT-P-50 b,14.437192,2108.4362,1862.0,0.0453,6280.0,1.698,1.273,429.0705,2015
HD 133131 A b,13.6,0.4642,227.72,1.44,5799.0,0.955014,0.95,451.3186,2016
HATS-17 b,8.709393,72.7,814.0,0.1308,5846.0,1.091,1.131,425.25654,2016
Kepler-772 b,1.82,264.576,866.0,0.11153,5714.0,1.11,0.98,3.97,2016
Kepler-769 b,2.92,241.128,1037.0,0.0778,6186.0,1.28,1.19,8.85,2016
Kepler-449 c,2.764,45.09,661.0,0.1979,5649.18,1.467,1.02,8.07,2015
HD 133131 A c,14.3,0.0477,128.96,4.49,5799.0,0.955014,0.95,133.4886,2016
WASP-92 b,16.376349,1622.2528,1871.0,0.0348,6280.0,1.341,1.19,255.85315,2016
Kepler-762 b,12.68,1065.734,1302.0,0.0493,5944.0,1.08,1.06,,2016
Kepler-781 b,2.89,44.397,629.0,0.1019,5162.0,0.78,0.81,8.7,2016
Kepler-92 d,2.067,46.844,637.0,0.28682,5904.34,1.81719,1.07,11.8666806,2015
Kepler-449 b,2.056,167.41,917.0,0.1027,5649.18,1.467,1.02,4.88,2015
HD 175607 b,,,,,5392.0,0.7,0.71,2456.1779293,2015
HD 1461 c,2.23,99.8365,892.87,0.1117,5765.0,1.152288,1.02,5.59,2015
WASP-93 b,17.900773,2531.1336,1942.0,0.04211,6700.0,1.524,1.334,467.2101,2016
HD 128311 c,13.0,0.1017,158.23,1.74,4965.0,0.76,0.828,1204.25787,2005
alf Tau b,12.7,220.442,1086.77,1.46,4055.0,45.1,1.13,2056.3601,2015
Kepler-450 d,0.837,557.205,1199.0,0.0827,6197.21,1.64162,1.19,17.6,2015
OGLE-2005-BLG-169L b,3.84,,,3.5,,,0.69,14.1,2006
WASP-46 b,13.159366,1281.2408,1636.0,0.02335,5600.0,0.858,0.828,607.0553,2011
HD 60532 b,13.8,16.9008,550.16,0.77,6245.0,2.57,1.5,336.8998,2008
HD 60532 c,13.3,3.9142,381.66,1.6,6245.0,2.57,1.5,797.7533,2008
OGLE-2013-BLG-0102L b,12.3,,,0.8,,,0.096,4100.0,2014
Kepler-41 b,14.46,2036.749,1790.0,0.03101,5750.0,1.29,1.15,177.98,2011
HIP 107773 b,13.4,142.9997,957.11,0.72,4945.0,11.6,2.42,629.3034,2015
HATS-8 b,9.785457,510.8195,1324.0,0.04667,5679.0,1.086,1.056,43.86054,2015
LkCa 15 b,,0.003,66.87,14.7,4194.0,1.60711,,,2015
LkCa 15 c,,0.0019,59.45,18.6,4194.0,1.60711,,,2015
Qatar-1 b,12.811887,382.328,1418.0,0.02332,5013.0,0.803,0.838,411.27202,2010
HAT-P-66 b,17.82231,1939.51,1896.0,0.04363,6002.0,1.881,1.255,248.86089,2016
Kepler-75 b,11.77,106.484,767.0,0.0818,5200.0,0.89,0.91,3209.9,2013
Kepler-453 b,6.204,0.9636,273.62,0.7903,5527.0,0.833,0.944,16.0,2015
WASP-89 b,11.65736,278.8533,1120.0,0.0427,5130.0,0.88,0.92,1875.197,2015
KIC 3558849 b,6.9,,,,6175.0,1.01,0.98,38.1,2015
KIC 8540376 c,2.4,,,,6474.0,1.26,1.04,6.35,2015
OGLE-2007-BLG-349L AB c,10.7,,,2.59,,,0.41,80.0,2016
Kepler-56 d,12.8,1.7204,324.75,2.16,4819.44,4.21799,1.29,1784.0,2016
Kepler-444 b,0.403,225.735,938.0,0.04178,5046.0,0.752,0.758,0.0374,2015
K2-6 b,2.5,28.6,615.0,0.1898,5850.0,0.96,0.97,6.8,2015
HD 42618 b,3.89,3.16,337.0,0.554,5727.0,0.999,1.015,14.4,2016
OGLE-2012-BLG-0950L b,6.56,,,2.6,,,0.57,35.0,2016
Kepler-444 e,0.546,81.344,727.0,0.0696,5046.0,0.752,0.758,0.1,2015
K2-15 b,2.48,48.0,676.0,0.091,5131.0,0.68,0.72,6.71,2015
K2-14 b,4.81,8.0,488.0,0.0627,3789.0,0.45,0.47,20.7,2015
K2-17 b,2.23,4.91,487.0,0.119,4320.0,0.66,0.71,5.6,2015
K2-9 b,2.25,1.36,314.0,0.091,3390.0,0.31,0.3,5.69,2015
WASP-36 b,14.874343,1422.6075,1733.0,0.02677,5959.0,0.985,1.081,750.39663,2011
Kepler-26 b,2.78,7.6,431.0,0.08551,3914.0,0.512,0.544,5.12,2011
HATS-13 b,13.585308,315.9878,1244.0,0.04057,5523.0,0.887,0.962,172.58169,2015
HATS-14 b,11.646151,505.884,1276.0,0.03815,5346.0,0.933,0.967,340.39593,2015
WASP-90 b,18.27067,1704.4939,1840.0,0.0562,6430.0,1.98,1.55,200.2329,2016
HD 5583 b,12.8,145.0268,964.55,0.53,4830.0,9.09,1.01,1837.0574,2016
Kepler-26 c,2.72,4.82,385.0,0.10725,3914.0,0.512,0.544,6.2,2011
Kepler-447 b,18.49,119.039,882.0,0.0769,5493.0,1.05,1.0,435.41,2015
OGLE-2011-BLG-0265L b,13.9,,,1.89,,,0.211,280.0,2015
HD 130322 b,13.7,67.9633,720.0,0.0925,5387.0,0.85,0.92,365.49,1999
OGLE-2012-BLG-0563L b,13.6,,,0.74,,,0.34,120.0,2015
Kepler-296 d,2.09,2.9,403.0,0.118,3740.0,0.48,0.498,5.02,2014
Pr0211 c,12.6,0.0152,99.1,5.5,5300.0,0.827,0.935,2475.8957,2016
BD+15 2375 b,13.8,111.9838,883.68,0.576,4649.0,8.95,1.08,337.21763,2016
Kepler-60 d,1.99,161.0,929.0,0.10203,5905.0,1.257,1.041,4.16,2012
HD 1666 b,12.7,6.0778,436.47,0.94,6317.0,1.93,1.5,2040.0,2015
HD 67087 b,13.1,2.9727,365.67,1.08,6330.0,1.55,1.36,973.0,2015
Kepler-296 e,1.53,1.41,337.0,0.169,3740.0,0.48,0.498,2.96,2014
Kepler-872 b,1.99,553.056,1230.0,0.0362,5902.0,1.08,1.05,4.62,2016
Kepler-871 b,3.74,79.722,640.0,0.1572,5993.0,1.14,1.11,13.5,2016
Kepler-603 c,6.5,8.8,401.0,0.53439,5808.0,1.01,1.01,34.5,2016
Kepler-908 b,1.22,3304.101,1783.0,0.02526,5973.0,1.12,1.11,1.98,2016
Kepler-499 b,2.17,148.456,844.0,0.0598,5312.0,0.83,0.87,5.35,2016
Kepler-801 b,2.0,14.442,419.0,0.0795,4435.0,0.63,0.67,4.66,2016
Kepler-799 b,6.88,6.356,433.0,0.5167,5681.0,0.93,0.95,37.9,2016
Kepler-870 b,2.78,54.869,691.0,0.1539,5857.0,1.02,1.01,8.15,2016
Kepler-869 b,3.61,17.234,494.0,0.2244,5664.0,0.95,0.97,12.7,2016
Kepler-907 b,1.2,137.66,879.0,0.1225,6106.0,1.38,1.08,1.87,2016
Kepler-912 b,2.8,519.95,1218.0,0.0339,5998.0,1.11,1.07,8.25,2016
Kepler-797 b,2.17,90.1,605.0,0.181,5680.0,0.95,0.96,5.35,2016
Kepler-867 b,4.64,2.72,327.0,0.5375,5541.0,0.91,0.92,19.4,2016
Kepler-868 b,2.05,417.034,1047.0,0.0575,5614.0,0.89,0.93,4.86,2016
Kepler-866 b,1.63,196.127,996.0,0.0331,4751.0,0.71,0.75,3.29,2016
Kepler-913 b,2.06,58.9,1129.0,0.1009,4687.0,0.61,0.63,4.9,2016
Kepler-910 b,0.82,2108.073,1752.0,0.03752,6230.0,1.5,1.26,0.477,2016
Kepler-847 b,1.18,292.31,1054.0,0.0315,4940.0,0.77,0.83,1.76,2016
Kepler-846 b,2.48,35.276,624.0,0.1399,5579.0,0.91,0.94,6.71,2016
Kepler-795 b,1.68,28.9,580.0,0.1803,5631.0,0.96,0.94,3.46,2016
Kepler-794 b,2.11,299.97,952.0,0.10036,5839.0,1.38,1.19,5.1,2016
Kepler-865 b,2.49,46.362,694.0,0.1057,5570.0,0.92,0.93,6.76,2016
Kepler-909 b,1.47,127.24,852.0,0.11873,6154.0,1.23,1.17,2.76,2016
Kepler-916 b,1.76,14.683,503.0,0.1885,5248.0,0.81,0.85,3.75,2016
Kepler-845 b,2.04,772.498,1361.0,0.01668,4913.0,0.75,0.79,4.82,2016
Kepler-844 b,1.68,89.652,713.0,0.0298,4128.0,0.57,0.59,3.46,2016
Kepler-792 b,1.96,176.032,852.0,0.0988,5971.0,1.12,1.09,4.5,2016
Kepler-791 b,3.05,140.057,939.0,0.1256,6383.0,1.47,1.3,9.53,2016
Kepler-862 b,2.21,547.293,1097.0,0.039,5333.0,0.84,0.88,5.52,2016
Kepler-861 b,2.28,197.29,966.0,0.0463,5047.0,0.78,0.82,5.82,2016
Kepler-930 b,2.13,16.851,561.0,0.34593,6335.0,1.4,1.25,5.18,2016
Kepler-842 b,1.6,588.95,1252.0,0.0204,4848.0,0.73,0.78,3.19,2016
Kepler-841 b,5.23,1.648,416.0,0.479,5324.0,0.81,0.85,23.8,2016
Kepler-790 b,2.18,38.274,634.0,0.101,5208.0,0.8,0.84,5.39,2016
Kepler-788 b,2.55,357.191,984.0,0.0835,6159.0,1.23,1.16,7.04,2016
Kepler-860 b,3.24,233.621,1050.0,0.058,5836.0,1.06,1.04,10.6,2016
Kepler-924 b,3.07,19.997,610.0,0.31318,6167.0,1.23,1.14,9.64,2016
Kepler-923 b,1.38,390.636,1104.0,0.07592,5988.0,1.26,1.11,2.48,2016
Kepler-838 b,2.73,61.089,777.0,0.1266,5770.0,0.96,0.98,7.9,2016
Kepler-837 b,2.56,55.966,701.0,0.1144,5403.0,0.81,0.85,7.08,2016
Kepler-787 b,1.28,493.553,1115.0,0.0159,4248.0,0.62,0.65,2.18,2016
Kepler-465 b,2.95,227.82,996.0,0.09195,6310.0,1.29,1.23,9.01,2016
Kepler-856 b,9.3,153.497,824.0,0.0787,5535.0,0.93,0.96,63.3,2016
Kepler-890 b,8.89,30.227,540.0,0.2944,5954.0,1.13,1.09,58.6,2016
Kepler-927 b,1.72,129.534,906.0,0.0866,5743.0,0.99,0.99,3.61,2016
Kepler-926 b,2.31,17.883,524.0,0.2739,5806.0,1.01,1.01,5.95,2016
Kepler-892 b,2.81,18.196,556.0,0.1015,4747.0,0.72,0.75,8.3,2016
Kepler-933 b,2.46,61.323,602.0,0.1041,5346.0,0.84,0.87,6.62,2016
Kepler-826 b,1.25,827.221,1305.0,0.05202,6079.0,1.15,1.05,2.1,2016
Kepler-830 b,1.7,160.18,907.0,0.1033,6037.0,1.11,1.07,3.53,2016
Kepler-829 b,2.11,247.47,857.0,0.0678,5698.0,0.97,0.98,5.1,2016
Kepler-895 b,1.54,106.585,771.0,0.0328,4315.0,0.61,0.65,2.99,2016
Kepler-743 b,1.21,397.252,1101.0,0.04166,5486.0,0.85,0.94,1.92,2016
Kepler-823 b,1.57,803.353,1277.0,0.0507,5643.0,0.96,0.98,3.09,2016
Kepler-487 c,2.68,15.038,487.0,0.21864,5444.0,0.88,0.91,7.65,2016
Kepler-898 b,1.49,37.11,616.0,0.0545,4223.0,0.62,0.65,2.83,2016
Kepler-899 b,2.68,62.198,640.0,0.1392,5595.0,0.91,0.93,7.65,2016
Kepler-747 b,5.27,10.19,456.0,0.1916,5096.0,0.78,0.82,24.1,2016
Kepler-821 b,1.31,496.82,1215.0,0.029,5191.0,0.8,0.84,2.27,2016
Kepler-498 b,3.03,202.775,931.0,0.0897,5744.0,0.96,0.98,9.43,2016
Kepler-887 b,1.84,109.842,785.0,0.15431,6194.0,1.29,1.19,4.04,2016
Kepler-901 b,1.37,68.723,704.0,0.0378,4184.0,0.57,0.59,2.45,2016
Kepler-900 b,2.08,54.109,716.0,0.0679,4836.0,0.73,0.78,4.98,2016
Kepler-751 b,2.46,39.01,679.0,0.1263,5387.0,0.84,0.87,6.62,2016
Kepler-755 b,1.76,889.888,1331.0,0.02156,5043.0,0.77,0.82,3.75,2016
Kepler-820 b,6.09,16.228,554.0,0.56004,6260.0,1.36,1.23,30.8,2016
Kepler-817 b,9.03,550.203,1124.0,0.0493,5861.0,1.03,1.03,60.2,2016
Kepler-886 b,1.52,231.432,1111.0,0.06428,6098.0,1.16,1.1,2.92,2016
Kepler-885 b,2.5,124.646,830.0,0.14403,6187.0,1.35,1.21,6.8,2016
Kepler-904 b,1.77,875.419,1332.0,0.0417,6160.0,1.25,1.16,3.78,2016
Kepler-905 b,1.41,185.771,928.0,0.05689,5461.0,0.86,0.95,2.57,2016
Kepler-756 b,1.12,2174.33,1741.0,0.0219,5282.0,0.79,0.82,1.46,2016
Kepler-757 b,1.36,3345.453,1734.0,0.019,6014.0,1.13,1.08,2.42,2016
Kepler-815 b,4.11,979.136,1374.0,0.09473,5028.0,3.42,1.25,15.8,2016
Kepler-852 b,2.54,92.131,565.0,0.27967,6100.0,1.16,1.19,6.99,2016
Kepler-883 b,1.78,163.052,818.0,0.10288,6116.0,1.09,1.06,3.82,2016
Kepler-509 b,2.49,28.481,584.0,0.23702,6060.0,1.2,1.1,6.76,2016
Kepler-466 c,1.25,410.4,1206.0,0.04658,5927.0,1.05,1.04,2.1,2016
Kepler-502 b,4.77,859.509,1217.0,0.0535,6125.0,1.22,1.15,20.4,2016
Kepler-758 b,2.48,349.193,1005.0,0.10754,6228.0,1.42,1.16,6.71,2016
Kepler-813 b,2.14,56.04,817.0,0.1439,5743.0,0.93,0.95,5.22,2016
Kepler-811 b,2.7,78.59,730.0,0.15911,5747.0,1.24,1.01,7.75,2016
Kepler-882 b,1.23,259.029,903.0,0.04741,5476.0,0.87,0.9,2.04,2016
Kepler-880 b,2.66,586.169,1622.0,0.0915,6761.0,1.74,1.46,7.56,2016
Kepler-474 b,3.06,671.064,1115.0,0.06092,5785.0,1.08,0.99,9.59,2016
Kepler-760 b,3.06,84.406,748.0,0.08087,5322.0,0.85,0.89,9.59,2016
Kepler-810 b,1.93,350.597,1105.0,0.055,5803.0,1.04,1.03,4.38,2016
Kepler-809 b,3.01,13.155,478.0,0.2901,5734.0,0.98,0.99,9.32,2016
Kepler-877 b,2.12,37.81,632.0,0.1301,5261.0,0.81,0.85,5.14,2016
Kepler-750 c,1.62,778.592,1537.0,0.05009,6160.0,1.23,1.15,3.26,2016
Kepler-255 d,1.32,1686.09,1710.0,0.0192,5431.0,0.86,0.9,2.3,2016
Kepler-775 b,1.19,1496.75,1612.0,0.01834,5468.0,0.84,0.92,1.81,2016
Kepler-500 b,2.58,193.68,909.0,0.08361,5813.0,1.03,1.02,7.18,2016
Kepler-808 b,1.46,1428.3,1322.0,0.01314,4653.0,0.71,0.76,2.73,2016
Kepler-875 b,2.9,41.431,569.0,0.1771,5958.0,1.11,1.06,8.75,2016
Kepler-732 c,1.27,199.846,893.0,0.0143,3631.0,0.46,0.49,2.15,2016
Kepler-777 b,1.47,33.953,569.0,0.0519,4043.0,0.56,0.58,2.76,2016
Kepler-779 b,0.92,15.028,425.0,0.0533,3804.0,0.44,0.46,0.721,2016
Kepler-804 b,1.94,83.427,779.0,0.11287,5817.0,1.05,1.01,4.42,2016
Kepler-803 b,3.79,20.882,543.0,0.26721,5919.0,1.12,1.05,13.8,2016
Kepler-1049 b,0.95,50.427,625.0,0.0349,3864.0,0.49,0.51,0.809,2016
Kepler-969 b,2.07,10.166,465.0,0.19726,5214.0,0.82,0.92,4.94,2016
Kepler-1137 b,2.2,197.846,1020.0,0.1871,6807.0,1.84,1.5,5.48,2016
Kepler-975 b,1.48,328.698,1599.0,0.02898,4897.0,0.75,0.8,2.79,2016
Kepler-995 b,2.7,11.92,517.0,0.1701,5206.0,0.8,0.83,7.75,2016
Kepler-1054 b,2.63,760.524,1177.0,0.05542,6209.0,1.34,1.22,7.41,2016
Kepler-1033 b,2.51,159.422,914.0,0.0761,5547.0,0.92,0.94,6.85,2016
Kepler-1040 b,2.08,2.121,300.0,0.67249,5694.0,0.96,0.98,4.98,2016
Kepler-1138 b,1.7,245.904,1080.0,0.0415,5582.0,0.92,0.95,3.53,2016
Kepler-1139 b,1.19,1717.276,1693.0,0.01664,5550.0,0.91,0.94,1.81,2016
Kepler-1060 b,2.38,17.416,484.0,0.2495,5797.0,0.99,0.99,6.26,2016
Kepler-1003 b,1.78,814.925,1157.0,0.04333,6109.0,1.17,1.11,3.82,2016
Kepler-1055 b,1.23,647.256,1304.0,0.0335,5723.0,0.94,0.98,2.04,2016
Kepler-998 b,2.32,409.917,1020.0,0.0626,6058.0,1.18,1.12,5.99,2016
Kepler-1017 b,1.99,119.603,831.0,0.07196,5473.0,0.87,0.93,4.62,2016
Kepler-974 b,1.57,28.511,577.0,0.0419,3687.0,0.5,0.52,3.09,2016
Kepler-1045 b,2.69,19.127,512.0,0.1616,5301.0,0.82,0.86,7.7,2016
Kepler-980 b,2.67,170.137,845.0,0.09993,5935.0,1.06,1.05,7.61,2016
Kepler-991 b,2.54,1.371,260.0,0.3104,4392.0,0.61,0.64,6.99,2016
Kepler-1072 b,1.58,2944.0,1849.0,0.02742,6199.0,1.32,1.2,3.12,2016
Kepler-490 b,11.65,1059.522,1597.0,0.0453,6045.0,1.12,1.08,,2016
Kepler-1018 b,2.58,12.098,498.0,0.253,5518.0,0.88,0.91,7.18,2016
Kepler-1004 b,6.28,1610.087,1661.0,0.06791,4972.0,3.39,1.11,32.5,2016
Kepler-997 b,1.36,1900.131,1709.0,0.04022,6150.0,1.56,1.22,2.42,2016
Kepler-1151 b,2.22,4.86,485.0,0.3197,5470.0,0.85,0.88,5.56,2016
Kepler-1064 b,1.55,24.87,570.0,0.1183,5153.0,0.79,0.85,3.02,2016
Kepler-971 b,2.13,82.766,1087.0,0.08679,5431.0,0.85,0.88,5.18,2016
Kepler-1051 b,3.4,87.457,850.0,0.18395,6675.0,1.73,1.43,11.5,2016
Kepler-1007 b,1.44,42.62,652.0,0.048,4587.0,0.7,0.73,2.67,2016
Kepler-968 b,2.0,103.909,745.0,0.0389,4598.0,0.7,0.76,4.66,2016
Kepler-1145 b,1.4,198.43,958.0,0.0443,5064.0,0.75,0.79,2.54,2016
Kepler-1147 b,2.61,206.563,872.0,0.0961,5941.0,1.14,1.09,7.32,2016
Kepler-1029 b,1.26,92.16,790.0,0.047,5030.0,0.77,0.82,2.13,2016
Kepler-996 b,1.98,723.081,1272.0,0.0474,6014.0,1.14,1.09,4.58,2016
Kepler-966 b,4.13,10.972,391.0,0.3907,5840.0,1.02,1.02,16.0,2016
Kepler-1047 b,2.09,28.851,503.0,0.29871,5754.0,1.13,1.08,5.02,2016
Kepler-1149 b,1.44,653.831,1128.0,0.0473,5833.0,1.01,1.02,2.67,2016
Kepler-1148 b,1.69,815.407,1397.0,0.0188,5054.0,0.77,0.81,3.5,2016
Kepler-1057 b,3.36,69.213,724.0,0.1138,5987.0,1.1,1.07,11.2,2016
Kepler-1059 b,1.73,174.074,908.0,0.044,4906.0,0.72,0.75,3.64,2016
Kepler-965 b,3.38,4.98,393.0,0.50998,5886.0,1.15,1.05,11.4,2016
Kepler-999 b,2.34,740.173,1355.0,0.06918,6237.0,1.65,1.29,6.08,2016
Kepler-1112 b,3.02,254.963,918.0,0.1239,6496.0,1.54,1.34,9.38,2016
Kepler-952 b,7.65,5.046,369.0,0.5183,5730.0,0.99,1.0,45.4,2016
Kepler-479 b,2.12,37.753,649.0,0.09636,5247.0,0.81,0.86,5.14,2016
Kepler-934 b,2.09,4.716,384.0,0.2658,5001.0,0.77,0.81,5.02,2016
Kepler-977 b,2.62,13.955,544.0,0.162,5315.0,0.83,0.87,7.37,2016
Kepler-1021 b,2.33,50.37,634.0,0.1034,5431.0,0.86,0.89,6.04,2016
Kepler-979 b,2.72,77.841,792.0,0.0753,5310.0,0.83,0.87,7.85,2016
Kepler-982 b,2.25,185.203,955.0,0.1277,6139.0,1.29,1.16,5.69,2016
Kepler-936 b,1.45,133.56,867.0,0.0954,5482.0,0.89,0.92,2.7,2016
Kepler-938 b,2.22,8.57,544.0,0.2689,5533.0,0.89,0.92,5.56,2016
Kepler-1006 b,1.54,153.493,791.0,0.1464,5328.0,0.74,0.78,2.99,2016
Kepler-1009 b,2.17,11.561,403.0,0.0796,4027.0,0.57,0.59,5.35,2016
Kepler-976 b,3.96,2.661,324.0,0.4217,5232.0,0.83,0.87,14.9,2016
Kepler-1052 b,2.93,20.976,522.0,0.20988,5888.0,1.03,1.03,8.91,2016
Kepler-1120 b,1.38,206.874,1027.0,0.0369,4904.0,0.74,0.78,2.48,2016
Kepler-1123 b,1.67,190.016,1061.0,0.0497,5500.0,0.9,0.93,3.43,2016
Kepler-940 b,3.34,10.519,486.0,0.3059,5769.0,0.96,0.97,11.1,2016
Kepler-1035 b,1.17,1180.064,1301.0,0.03883,5763.0,0.97,0.98,1.71,2016
Kepler-1027 b,0.89,1162.51,1268.0,0.02911,5436.0,0.82,0.91,0.64,2016
Kepler-986 b,2.36,10.857,465.0,0.29131,5642.0,0.98,0.96,6.17,2016
Kepler-1011 b,2.87,108.788,920.0,0.0633,5416.0,0.88,0.91,8.6,2016
Kepler-1068 b,3.63,55.933,702.0,0.13038,5806.0,1.01,1.01,12.8,2016
Kepler-917 b,1.91,228.11,991.0,0.0378,5418.0,0.76,0.8,4.31,2016
Kepler-918 b,1.74,258.702,1052.0,0.0569,6028.0,1.14,1.11,3.68,2016
Kepler-978 b,2.99,20.99,546.0,0.2726,6002.0,1.09,1.07,9.22,2016
Kepler-1002 b,1.71,981.68,1453.0,0.0564,6144.0,1.57,1.22,3.57,2016
Kepler-493 b,15.13,1414.329,1438.0,0.0439,6457.0,1.54,1.36,,2016
Kepler-1128 b,3.65,6.451,424.0,0.302,5543.0,0.91,0.94,12.9,2016
Kepler-920 b,2.42,153.138,907.0,0.065,5403.0,0.85,0.89,6.44,2016
Kepler-919 b,2.25,153.915,869.0,0.0981,6113.0,1.21,1.15,5.69,2016
Kepler-921 b,2.87,15.007,492.0,0.2716,5663.0,0.91,0.93,8.6,2016
Kepler-1015 b,3.55,172.112,1040.0,0.1345,6769.0,1.81,1.49,12.3,2016
Kepler-1005 b,1.5,301.329,1026.0,0.06717,5782.0,1.06,1.0,2.86,2016
Kepler-972 b,4.65,266.514,1060.0,0.0734,6146.0,1.22,1.15,19.5,2016
Kepler-1130 b,0.8,162.65,904.0,0.05963,5403.0,0.81,0.9,0.437,2016
Kepler-1131 b,1.59,453.142,1159.0,0.0459,5851.0,1.04,1.03,3.15,2016
Kepler-1025 b,1.98,17.952,1654.0,0.21607,6089.0,1.13,1.09,4.58,2016
Kepler-497 b,6.04,1129.272,1210.0,0.0457,5834.0,1.11,1.09,30.4,2016
Kepler-994 b,1.6,243.984,957.0,0.0177,3934.0,0.54,0.56,3.19,2016
Kepler-1132 b,2.35,4.547,384.0,0.2881,5298.0,0.83,0.87,6.12,2016
Kepler-1069 b,1.6,78.175,823.0,0.16587,5722.0,0.98,0.99,3.19,2016
Kepler-1034 b,2.26,36.787,675.0,0.0965,5198.0,0.8,0.83,5.73,2016
Kepler-944 b,2.63,20.174,459.0,0.2288,5409.0,0.83,0.86,7.41,2016
Kepler-942 b,2.13,4.957,379.0,0.22737,4861.0,0.75,0.81,5.18,2016
Kepler-946 b,1.93,124.072,857.0,0.1002,5665.0,0.93,0.94,4.38,2016
HD 50554 c,1.31,334.6171,1090.83,0.0652,5968.0,1.146,1.04,5.3,2026
Kepler-992 b,1.62,15.291,510.0,0.13372,4944.0,0.74,0.8,3.26,2016
Kepler-1134 b,2.64,29.864,611.0,0.1242,5281.0,0.81,0.84,7.46,2016
Kepler-1135 b,1.85,25.76,451.0,0.3436,5656.0,0.94,0.96,4.08,2016
Kepler-951 b,5.59,2.472,340.0,0.3091,4834.0,0.73,0.77,26.7,2016
Kepler-967 b,2.35,39.1,638.0,0.1027,5178.0,0.8,0.84,6.12,2016
Kepler-1013 b,2.15,16.101,766.0,0.137,4954.0,0.76,0.81,5.27,2016
Kepler-1233 b,2.6,30.061,604.0,0.263,6198.0,1.25,1.16,7.27,2016
Kepler-1234 b,2.81,40.12,625.0,0.096,4967.0,0.76,0.8,8.3,2016
Kepler-523 b,1.96,149.135,884.0,0.06159,5515.0,0.86,0.93,4.5,2016
Gl 725 B c,1.66,0.4742,215.0,0.139,3379.0,0.28,0.25,3.4,2026
Kepler-1180 b,1.99,175.855,765.0,0.1246,6077.0,1.14,1.09,4.62,2016
Kepler-1181 b,1.57,831.143,1374.0,0.0621,6176.0,1.3,1.17,3.09,2016
Kepler-1189 b,1.77,449.936,1158.0,0.0467,6012.0,1.16,1.11,3.78,2016
Kepler-1236 b,2.14,13.571,480.0,0.1803,5337.0,0.82,0.86,5.22,2016
Kepler-1235 b,0.79,265.325,985.0,0.04836,5541.0,0.9,0.93,0.418,2016
Kepler-518 b,2.11,133.317,839.0,0.07996,5842.0,0.88,0.96,5.1,2016
Kepler-1276 b,1.19,139.77,886.0,0.10863,6188.0,1.21,1.14,1.81,2016
Kepler-1277 b,1.6,12.11,496.0,0.21857,5578.0,0.92,0.94,3.19,2016
Kepler-1182 b,2.41,197.882,796.0,0.0981,5924.0,1.05,1.04,6.39,2016
Kepler-549 b,2.57,9.549,487.0,0.23236,5360.0,0.84,0.88,11.0,2016
Kepler-1237 b,2.86,4.042,366.0,0.3778,5472.0,0.9,0.94,8.55,2016
Kepler-1279 b,1.75,190.851,738.0,0.1785,6221.0,1.33,1.21,3.71,2016
Kepler-1280 b,1.87,35.293,757.0,0.33982,6227.0,1.32,1.2,4.16,2016
Kepler-1076 b,0.8,83.18,770.0,0.0611,4868.0,0.74,0.79,0.437,2016
Kepler-1077 b,2.77,26.928,576.0,0.2101,5816.0,1.02,1.02,8.1,2016
Kepler-1193 b,1.32,1286.386,1453.0,0.04004,5908.0,1.21,1.08,2.3,2016
Kepler-1194 b,1.51,49.35,676.0,0.1212,5590.0,0.92,0.94,2.89,2016
Kepler-1238 b,1.93,1195.201,1389.0,0.0541,6386.0,1.48,1.3,4.38,2016
Kepler-1282 b,1.55,672.532,1418.0,0.0335,5504.0,0.89,0.92,3.02,2016
Kepler-1078 b,1.9,373.99,1122.0,0.0388,5612.0,0.92,0.94,4.27,2016
Kepler-1079 b,1.63,195.353,887.0,0.1092,5758.0,1.36,1.08,3.29,2016
Kepler-1242 b,2.26,28.998,639.0,0.1039,4895.0,0.74,0.77,5.73,2016
Kepler-1243 b,1.75,36.162,690.0,0.1256,5667.0,0.94,0.96,3.71,2016
Kepler-1081 b,1.01,225.216,972.0,0.04662,5345.0,0.84,0.88,1.01,2016
Kepler-1199 b,1.15,131.7,931.0,0.11309,5889.0,1.17,0.94,1.6,2016
Kepler-1202 b,2.94,23.876,547.0,0.179,5834.0,1.04,1.03,8.96,2016
Kepler-519 b,2.1,19.87,532.0,0.15932,5260.0,0.8,0.89,5.06,2016
Kepler-1284 b,1.21,2190.082,1703.0,0.0143,5123.0,0.79,0.84,1.92,2016
Kepler-1083 b,3.36,10.148,448.0,0.1899,5049.0,0.77,0.81,11.2,2016
Kepler-1203 b,1.06,723.806,1188.0,0.0114,4105.0,0.61,0.64,1.2,2016
Kepler-1204 b,3.05,7.021,448.0,0.3877,5825.0,1.03,1.03,9.53,2016
Kepler-1246 b,1.36,26.451,554.0,0.0848,4611.0,0.69,0.73,2.42,2016
Kepler-1289 b,1.52,223.442,1113.0,0.0785,6080.0,1.17,1.1,2.92,2016
Kepler-1087 b,0.61,3496.493,2161.0,0.01554,5589.0,0.94,0.96,0.165,2016
Kepler-1086 b,2.44,9.157,433.0,0.1198,4350.0,0.66,0.7,6.53,2016
Kepler-1088 b,1.42,44.887,667.0,0.16163,5975.0,1.08,1.08,2.6,2016
Kepler-1206 b,1.64,588.021,1314.0,0.0201,4877.0,0.75,0.8,3.33,2016
Kepler-1205 b,1.41,1038.493,1667.0,0.0196,5226.0,0.81,0.84,2.57,2016
Kepler-1249 b,2.38,98.336,647.0,0.167,6202.0,1.28,1.19,6.26,2016
Kepler-1250 b,1.92,1866.193,1431.0,0.0393,5717.0,0.98,0.99,4.35,2016
Kepler-1293 b,0.97,929.122,1183.0,0.06763,6241.0,1.28,1.18,0.871,2016
Kepler-513 b,2.2,36.527,623.0,0.1779,5849.0,1.06,1.02,5.48,2016
Kepler-1092 b,2.07,17.016,508.0,0.2996,5862.0,1.0,0.99,4.94,2016
Kepler-1209 b,1.51,63.246,755.0,0.17515,6210.0,1.38,1.23,2.89,2016
Kepler-1252 b,1.67,57.579,665.0,0.1078,5949.0,1.09,1.06,3.43,2016
Kepler-1253 b,1.33,21.624,501.0,0.31444,5850.0,1.1,0.97,2.33,2016
Kepler-1156 b,1.32,83.014,787.0,0.09704,5778.0,1.0,1.0,2.3,2016
Kepler-1155 b,2.03,32.52,609.0,0.2006,5842.0,1.03,1.03,4.78,2016
Kepler-1093 b,1.95,98.8,776.0,0.17543,6166.0,1.2,1.13,4.46,2016
Kepler-1094 b,3.18,10.336,480.0,0.3625,6112.0,1.21,1.14,10.2,2016
Kepler-1213 b,1.19,595.424,1156.0,0.06026,6050.0,1.21,1.14,1.81,2016
Kepler-1255 b,2.32,39.671,694.0,0.2226,6018.0,1.12,1.08,5.99,2016
Kepler-1256 b,1.49,211.549,933.0,0.10733,6129.0,1.36,1.17,2.83,2016
Kepler-1160 b,2.14,93.308,839.0,0.0755,5519.0,0.89,0.92,5.22,2016
Kepler-1158 b,2.34,449.699,1079.0,0.12643,6203.0,1.95,1.41,6.08,2016
Kepler-1097 b,3.26,1.3,267.0,0.5791,5211.0,0.79,0.82,10.7,2016
Kepler-1095 b,1.21,356.54,1108.0,0.0514,5658.0,0.92,0.94,1.92,2016
Kepler-1217 b,1.99,1302.948,1542.0,0.0326,5905.0,1.08,1.06,4.62,2016
Kepler-1216 b,1.39,415.553,1191.0,0.0519,5743.0,0.98,0.99,2.51,2016
Kepler-1257 b,1.52,546.908,1252.0,0.0376,5502.0,0.87,0.9,2.92,2016
Kepler-1260 b,1.77,171.926,823.0,0.1444,5961.0,1.08,1.06,3.78,2016
Kepler-1163 b,1.03,511.757,1211.0,0.06868,6302.0,1.35,1.22,1.08,2016
Kepler-1100 b,1.75,238.508,1000.0,0.06745,6247.0,1.34,1.21,3.71,2016
Kepler-1098 b,1.3,995.67,1319.0,0.0358,5794.0,0.99,0.99,2.24,2016
Kepler-1261 b,2.26,4.744,396.0,0.239,5006.0,0.77,0.82,5.73,2016
Kepler-1166 b,1.69,14.188,486.0,0.1975,5446.0,0.86,0.9,3.5,2016
Kepler-1167 b,1.71,1039.697,1419.0,0.0175,4971.0,0.75,0.79,3.57,2016
Kepler-1103 b,2.27,160.282,736.0,0.15336,6092.0,1.15,1.11,5.77,2016
Kepler-1221 b,1.88,37.81,632.0,0.0906,5194.0,0.82,0.87,4.19,2016
Kepler-522 b,6.91,63.855,761.0,0.25029,6392.0,1.98,1.54,38.2,2016
Kepler-1264 b,1.18,2367.804,1677.0,0.01839,5791.0,0.98,0.99,1.76,2016
Kepler-1169 b,0.94,348.046,1125.0,0.06931,6191.0,1.23,1.24,0.779,2016
Kepler-1168 b,2.5,4.107,379.0,0.2663,5157.0,0.82,0.87,6.8,2016
Kepler-1106 b,1.65,2399.974,2199.0,0.0239,6104.0,1.17,1.11,3.36,2016
Kepler-1226 b,1.45,140.376,809.0,0.13945,5923.0,1.02,1.02,2.7,2016
Kepler-1266 b,2.58,10.313,489.0,0.16431,5044.0,0.76,0.8,7.18,2016
Kepler-1268 b,2.03,40.652,627.0,0.2383,5904.0,1.09,1.06,4.78,2016
Kepler-1171 b,2.56,10171.005,2700.0,0.0284,7044.0,1.95,1.58,7.08,2016
Kepler-1172 b,3.2,26.356,675.0,0.168,5558.0,0.89,0.92,10.3,2016
Kepler-1109 b,2.19,11.382,787.0,0.2466,5893.0,1.06,1.05,5.43,2016
Kepler-1110 b,2.66,43.136,609.0,0.0754,4781.0,0.7,0.73,7.56,2016
Kepler-1229 b,1.4,0.524,212.0,0.3006,3784.0,0.51,0.54,2.54,2016
Kepler-436 c,2.33,14.52,503.0,0.11452,4685.0,0.71,0.75,6.04,2016
Kepler-1270 b,3.32,1217.395,1598.0,0.07045,5047.0,3.38,1.28,11.0,2016
Kepler-804 c,1.14,141.839,890.0,0.08654,5817.0,1.05,1.01,1.55,2016
Kepler-1230 b,2.71,153.933,946.0,0.0921,5961.0,1.08,1.06,7.8,2016
Kepler-1271 b,1.48,975.181,1484.0,0.04233,6143.0,1.23,1.13,2.79,2016
Kepler-1273 b,2.49,14.877,573.0,0.1857,5566.0,0.91,0.94,6.76,2016
Kepler-1177 b,1.9,11.862,377.0,0.4301,5712.0,0.97,0.98,4.27,2016
Kepler-1179 b,1.32,288.57,1137.0,0.03497,5212.0,0.81,0.84,2.3,2016
Kepler-1152 b,0.87,139.601,806.0,0.0223,3964.0,0.53,0.55,0.59,2016
Kepler-1186 b,2.23,85.385,724.0,0.1281,5635.0,0.93,0.95,5.6,2016
Kepler-535 b,2.36,601.891,1247.0,0.06011,6123.0,1.27,1.18,6.17,2016
Kepler-1411 b,2.82,8.927,441.0,0.4001,5664.0,0.92,0.95,8.35,2016
Kepler-1413 b,1.82,42.825,661.0,0.1066,5196.0,0.8,0.84,3.97,2016
Kepler-1317 b,1.56,2413.261,1796.0,0.0128,5144.0,0.79,0.83,3.05,2016
Kepler-1318 b,3.11,0.492,202.0,0.6085,4598.0,0.7,0.73,9.85,2016
Kepler-1362 b,2.6,1.011,248.0,0.4626,4857.0,0.74,0.8,7.27,2016
Kepler-536 b,3.1,892.812,1877.0,0.02835,5524.0,0.89,0.92,9.8,2016
Kepler-1415 b,1.29,2138.079,1846.0,0.01416,5267.0,0.84,0.89,2.21,2016
Kepler-1320 b,1.7,672.113,1389.0,0.0163,4817.0,0.74,0.8,3.53,2016
Kepler-1321 b,4.92,13.547,408.0,0.0781,4094.0,0.53,0.54,21.5,2016
Kepler-1366 b,1.43,134.981,783.0,0.0273,4070.0,0.6,0.62,2.63,2016
Kepler-903 c,2.53,24.791,462.0,0.30249,5682.0,0.97,0.98,6.94,2016
Kepler-758 e,1.53,588.402,1144.0,0.0829,6228.0,1.42,1.16,2.96,2016
Kepler-1417 b,1.0,114.332,695.0,0.14062,5839.0,1.02,1.02,0.972,2016
Kepler-1322 b,1.61,2651.424,1666.0,0.0183,5488.0,0.87,0.9,3.22,2016
Kepler-525 b,2.63,176.232,832.0,0.14386,5573.0,1.15,0.95,7.41,2016
Kepler-722 c,2.82,5.48,401.0,0.4471,5863.0,1.05,1.03,8.35,2016
Kepler-1422 b,2.02,156.9,833.0,0.1499,6194.0,1.23,1.15,4.74,2016
Kepler-1327 b,1.8,79.9,831.0,0.11151,5885.0,1.03,1.02,3.89,2016
Kepler-1368 b,1.65,4849.257,2085.0,0.0153,5906.0,1.08,1.07,3.36,2016
Kepler-769 c,1.79,86.761,803.0,0.1297,6186.0,1.28,1.19,3.86,2016
Kepler-770 c,1.2,833.588,2740.0,0.0309,5598.0,0.92,0.94,1.87,2016
Kepler-1430 b,1.18,208.54,969.0,0.0304,4796.0,0.72,0.77,1.76,2016
Kepler-1431 b,1.47,469.819,1064.0,0.0648,5806.0,1.03,1.03,2.76,2016
Kepler-1328 b,0.98,545.672,1214.0,0.052,5780.0,0.99,1.0,0.904,2016
Kepler-1329 b,2.17,26.645,577.0,0.0747,4500.0,0.69,0.72,5.35,2016
Kepler-527 b,2.84,147.046,1157.0,0.11646,6388.0,1.45,1.28,8.45,2016
Kepler-1371 b,0.73,414.765,1015.0,0.04214,5361.0,0.83,0.87,0.315,2016
Kepler-770 d,1.4,209.752,1941.0,0.0616,5598.0,0.92,0.94,2.54,2016
Kepler-896 b,2.53,1.99,303.0,0.56378,5262.0,0.81,0.84,6.94,2016
Kepler-1427 b,1.1,2730.51,1844.0,0.0197,5793.0,1.01,1.01,1.37,2016
Kepler-1332 b,1.37,77.559,728.0,0.09915,5581.0,0.9,0.95,2.45,2016
Kepler-1330 b,1.65,322.399,879.0,0.0889,5608.0,0.94,0.97,3.36,2016
Kepler-1373 b,1.16,8385.9,1887.0,0.02598,6299.0,1.33,1.22,1.65,2016
Kepler-1374 b,2.29,59.789,737.0,0.0918,5323.0,0.81,0.85,5.86,2016
Kepler-1311 c,1.22,2144.553,1671.0,0.03753,5748.0,1.4,1.05,1.98,2016
Kepler-1428 b,1.64,817.579,1049.0,0.11051,6184.0,1.36,1.28,3.33,2016
Kepler-1429 b,1.29,551.156,1199.0,0.055,5902.0,1.07,1.05,2.21,2016
Kepler-1335 b,1.45,80.741,809.0,0.0615,4903.0,0.74,0.77,2.7,2016
Kepler-528 b,2.08,68.971,708.0,0.14219,5807.0,1.06,1.01,4.98,2016
Kepler-1321 c,2.4,115.909,697.0,0.0267,4094.0,0.53,0.54,6.35,2016
Kepler-1433 b,1.56,535.42,1226.0,0.0516,6097.0,1.19,1.14,3.05,2016
Kepler-1337 b,2.41,9.183,437.0,0.1441,4523.0,0.67,0.7,6.39,2016
Kepler-1339 b,0.71,3094.817,1642.0,0.02356,5586.0,0.93,0.94,0.285,2016
Kepler-1377 b,1.25,2909.21,1873.0,0.0153,5218.0,0.82,0.86,2.1,2016
Kepler-1378 b,2.2,14.867,525.0,0.0885,4407.0,0.67,0.7,5.48,2016
Kepler-1370 c,1.27,503.722,1075.0,0.08084,6202.0,1.29,1.19,2.15,2016
Kepler-1295 b,1.55,279.941,1029.0,0.0464,5486.0,0.89,0.92,3.02,2016
Kepler-1296 b,0.91,399.015,1285.0,0.0896,5359.0,0.83,0.87,0.693,2016
Kepler-1341 b,2.99,1.141,241.0,0.47267,4662.0,0.72,0.79,9.22,2016
Kepler-529 b,1.86,1808.41,1662.0,0.0309,6087.0,1.14,1.07,4.12,2016
Kepler-1380 b,1.43,90.1,786.0,0.0917,5570.0,0.94,0.96,2.63,2016
Kepler-1391 b,1.68,33.335,513.0,0.30045,5840.0,1.1,1.03,3.46,2016
Kepler-1392 b,1.96,61.42,714.0,0.1189,5479.0,0.85,0.88,4.5,2016
Kepler-1297 b,0.97,2760.593,1790.0,0.0283,5818.0,0.99,0.99,0.871,2016
Kepler-1343 b,1.93,1021.904,1294.0,0.0449,5759.0,0.93,0.95,4.38,2016
Kepler-1344 b,1.84,425.169,1219.0,0.05501,5981.0,1.13,1.09,4.04,2016
Kepler-1383 b,1.41,231.396,928.0,0.11397,6370.0,1.44,1.26,2.57,2016
Kepler-1381 b,2.25,29.701,649.0,0.1728,5747.0,0.94,0.96,5.69,2016
Kepler-1393 b,0.8,574.37,1249.0,0.0337,5697.0,0.92,0.95,0.437,2016
Kepler-1300 b,1.37,149.409,954.0,0.16005,6130.0,1.79,1.29,2.45,2016
Kepler-616 c,3.41,6.86,413.0,0.4024,5753.0,0.97,0.98,11.5,2016
Kepler-1347 b,1.03,34.32,617.0,0.104,5193.0,0.79,0.82,1.08,2016
Kepler-1345 b,2.36,68.469,693.0,0.26412,6449.0,1.55,1.32,6.17,2016
Kepler-1385 b,0.85,1591.477,1423.0,0.04262,5732.0,1.29,1.15,0.543,2016
Kepler-1384 b,1.94,32.23,608.0,0.1126,4919.0,0.74,0.78,4.42,2016
Kepler-1397 b,1.72,58.103,551.0,0.25861,6026.0,1.12,1.09,3.61,2016
Kepler-1398 b,0.9,1249.488,1510.0,0.03909,6126.0,1.18,1.13,0.666,2016
Kepler-1396 b,2.07,71.816,786.0,0.1406,6195.0,1.27,1.18,4.94,2016
Kepler-1302 b,1.43,58.344,778.0,0.0795,5236.0,0.82,0.86,2.63,2016
Kepler-1304 b,2.29,61.87,715.0,0.1202,5259.0,0.81,0.85,5.86,2016
Kepler-1350 b,2.52,27.176,535.0,0.0413,3827.0,0.53,0.55,6.9,2016
Kepler-1348 b,1.94,49.665,636.0,0.1834,5911.0,1.04,1.04,4.42,2016
Kepler-1387 b,0.93,300.312,1123.0,0.031,5046.0,0.77,0.82,0.749,2016
Kepler-1398 c,1.03,738.183,1324.0,0.05087,6126.0,1.18,1.13,1.08,2016
Kepler-1400 b,1.62,44.517,725.0,0.0771,5044.0,0.78,0.83,3.26,2016
Kepler-1307 b,2.47,41.185,768.0,0.1369,5884.0,1.08,1.06,6.66,2016
Kepler-1351 b,0.65,421.965,1212.0,0.0156,4439.0,0.67,0.7,0.208,2016
Kepler-521 b,3.18,160.612,803.0,0.17116,6406.0,1.46,1.34,10.2,2016
Kepler-1390 b,1.18,171.133,934.0,0.0662,5753.0,0.98,0.98,1.76,2016
Kepler-531 b,2.78,10.007,453.0,0.17446,4893.0,0.75,0.78,8.15,2016
Kepler-1389 b,1.77,1.871,300.0,0.38249,5078.0,0.74,0.81,3.78,2016
Kepler-1401 b,1.68,100.91,808.0,0.0975,5964.0,1.1,1.07,3.46,2016
Kepler-1402 b,0.76,2491.119,1789.0,0.0322,5416.0,0.87,0.9,0.363,2016
Kepler-1308 b,0.52,58.108,662.0,0.025,3468.0,0.34,0.35,0.0933,2016
Kepler-1309 b,2.37,13.77,491.0,0.1679,5235.0,0.8,0.85,6.21,2016
Kepler-1352 b,0.89,1892.586,1701.0,0.02883,6118.0,1.16,1.11,0.64,2016
Kepler-1353 b,1.8,10.767,491.0,0.153,4776.0,0.72,0.76,3.89,2016
Kepler-532 b,2.57,34.089,620.0,0.10151,5192.0,0.79,0.87,7.13,2016
Kepler-1403 b,2.14,699.644,1238.0,0.064,6060.0,1.15,1.11,5.22,2016
Kepler-1405 b,3.96,33.802,565.0,0.1778,5925.0,1.07,1.05,14.9,2016
Kepler-1310 b,1.44,2830.91,1883.0,0.01452,5549.0,0.88,0.91,2.67,2016
Kepler-1312 b,2.1,219.117,978.0,0.06053,5719.0,0.92,0.99,5.06,2016
Kepler-517 b,2.67,10.555,467.0,0.28682,5690.0,0.98,0.95,7.61,2016
Kepler-1356 b,1.53,1966.057,1714.0,0.0136,5106.0,0.78,0.82,2.96,2016
Kepler-1354 b,2.97,18.86,466.0,0.3521,6168.0,1.24,1.16,9.11,2016
Kepler-1050 c,1.48,40.644,935.0,0.15264,6010.0,1.13,1.09,2.79,2016
Kepler-1407 b,2.25,78.667,826.0,0.1502,6010.0,1.15,1.1,5.69,2016
Kepler-1313 b,1.76,227.198,1012.0,0.04619,5453.0,0.85,0.92,3.75,2016
Kepler-1359 b,2.83,2.451,369.0,0.26657,4709.0,0.72,0.78,8.4,2016
Kepler-1360 b,3.4,82.564,933.0,0.2866,6778.0,1.83,1.51,11.5,2016
Kepler-1611 b,0.81,146.22,1243.0,0.0586,5605.0,0.93,0.94,0.457,2016
Kepler-1463 b,1.86,57.634,619.0,0.1694,5679.0,0.95,0.96,4.12,2016
Kepler-1543 b,2.71,375.651,1774.0,0.0867,6561.0,1.65,1.39,7.8,2016
Kepler-1578 b,1.04,1486.438,1700.0,0.0252,5545.0,0.86,0.9,1.12,2016
Kepler-626 b,2.29,69.795,784.0,0.10913,5813.0,1.05,1.01,5.86,2016
Kepler-1465 b,1.77,6.246,668.0,0.1939,4726.0,0.71,0.75,3.78,2016
Kepler-1466 b,1.55,21.875,585.0,0.17981,5884.0,1.02,1.01,3.02,2016
Kepler-1546 b,3.13,36.302,671.0,0.1366,5623.0,0.93,0.95,9.96,2016
Kepler-1548 b,2.64,1.933,350.0,0.4679,5706.0,0.97,0.99,7.46,2016
Kepler-1613 b,2.08,6797.623,1926.0,0.02755,6005.0,1.12,1.08,4.98,2016
Kepler-1468 c,1.15,1479.567,1448.0,0.0466,5893.0,1.05,1.04,1.6,2016
Kepler-1582 b,1.49,2.5,354.0,0.0316,3208.0,0.3,0.28,2.83,2016
Kepler-1469 b,2.8,24.901,551.0,0.1466,5507.0,0.89,0.92,8.25,2016
Kepler-633 b,1.63,454.5,1021.0,0.08185,5899.0,1.15,1.02,3.29,2016
Kepler-1550 b,3.02,2.305,348.0,0.7681,5991.0,1.11,1.07,9.38,2016
Kepler-1552 b,2.47,1.854,268.0,0.6011,5202.0,0.78,0.85,6.66,2016
Kepler-1584 b,1.61,162.544,886.0,0.1168,6069.0,1.13,1.1,3.22,2016
Kepler-556 b,2.24,81.641,766.0,0.09833,5740.0,0.98,1.0,5.65,2016
Kepler-629 b,1.38,103.147,816.0,0.07107,5444.0,0.84,0.93,2.48,2016
Kepler-630 b,3.18,5.568,343.0,0.56201,5829.0,1.04,1.02,10.2,2016
Kepler-1470 b,1.07,23.918,574.0,0.116,4961.0,0.76,0.8,1.24,2016
Kepler-1475 b,2.92,13.76,441.0,0.373,6214.0,1.28,1.18,8.85,2016
Kepler-1476 b,1.67,75.641,860.0,0.0932,5663.0,0.96,0.98,3.43,2016
Kepler-154 f,1.5,139.884,838.0,0.08832,5769.0,0.98,0.98,2.86,2016
Kepler-1165 b,1.55,464.773,946.0,0.0914,6080.0,1.18,1.13,3.02,2016
Kepler-1587 b,1.33,254.701,981.0,0.08747,5933.0,1.22,1.08,2.33,2016
Kepler-579 b,2.0,60.609,730.0,0.0854,5636.0,0.96,0.99,4.66,2016
Kepler-1619 b,0.76,74.635,797.0,0.15413,5852.0,1.0,1.0,0.363,2016
Kepler-132 e,1.18,6.1,414.0,0.43927,6023.0,1.1,1.03,1.76,2016
Kepler-1471 b,1.41,314.233,1238.0,0.0453,5660.0,0.93,0.95,2.57,2016
Kepler-1554 b,2.9,1.014,288.0,0.59527,5297.0,0.81,0.84,8.75,2016
Kepler-541 b,3.36,1452.904,1673.0,0.06447,6166.0,2.06,1.41,11.2,2016
Kepler-1589 b,1.09,5228.785,2102.0,0.0205,6166.0,1.25,1.18,1.32,2016
Kepler-686 b,12.15,2132.903,1539.0,0.0258,5649.0,0.92,0.94,,2016
Kepler-1473 b,1.19,111.011,783.0,0.11606,6046.0,1.09,1.09,1.81,2016
Kepler-1472 b,1.9,57.079,613.0,0.2322,6159.0,1.25,1.16,4.27,2016
Kepler-1474 b,2.16,21.392,561.0,0.2108,5870.0,1.04,1.04,5.31,2016
Kepler-1556 b,1.96,92.138,797.0,0.0829,5608.0,0.95,0.97,4.5,2016
Kepler-542 b,1.57,61.573,698.0,0.10703,5526.0,0.9,0.93,3.09,2016
Kepler-1592 b,1.54,1918.34,1202.0,0.04,6213.0,1.28,1.18,2.99,2016
Kepler-1623 b,1.31,243.08,1000.0,0.0518,5772.0,1.0,1.0,2.27,2016
Kepler-1622 b,1.47,236.005,922.0,0.10136,6436.0,1.5,1.31,2.76,2016
Kepler-631 b,2.9,94.137,828.0,0.14017,6185.0,1.33,1.24,8.75,2016
Kepler-1477 b,1.18,78.163,674.0,0.0911,5100.0,0.78,0.81,1.76,2016
Kepler-1478 b,1.73,85.282,598.0,0.1681,5904.0,1.06,1.04,3.64,2016
Kepler-1558 b,0.68,189.886,1019.0,0.04278,5101.0,0.79,0.83,0.244,2016
Kepler-1557 b,1.53,645.543,1287.0,0.049,6099.0,1.17,1.11,2.96,2016
Kepler-544 b,2.12,126.031,748.0,0.15482,6206.0,1.22,1.16,5.14,2016
Kepler-1442 b,3.93,25.972,522.0,0.40814,6394.0,1.44,1.34,14.7,2016
Kepler-1435 b,0.86,893.886,1331.0,0.05456,6356.0,1.32,1.21,0.566,2016
Kepler-1559 b,0.72,1620.063,1609.0,0.01835,5316.0,0.82,0.86,0.299,2016
Kepler-1596 b,1.9,33.378,471.0,0.3237,5706.0,0.92,0.95,4.27,2016
Kepler-403 d,1.42,285.295,958.0,0.12178,6209.0,1.45,1.25,2.6,2016
Kepler-1443 b,0.97,2809.165,1602.0,0.03783,6289.0,1.27,1.19,0.871,2016
Kepler-1438 b,0.94,561.12,1490.0,0.0346,5530.0,0.96,0.97,0.779,2016
Kepler-1562 b,3.55,31.768,554.0,0.3308,5760.0,1.05,1.02,12.3,2016
Kepler-1561 b,1.09,2364.807,1682.0,0.0194,5957.0,1.11,1.07,1.32,2016
Kepler-1598 b,0.95,308.46,1236.0,0.05207,5940.0,1.09,1.07,0.809,2016
Kepler-1445 b,0.96,248.548,987.0,0.09587,6150.0,1.26,1.13,0.84,2016
Kepler-511 b,6.35,4.208,332.0,0.85672,5770.0,1.2,1.0,33.1,2016
Kepler-1564 b,1.47,41.514,635.0,0.1327,5528.0,0.9,0.93,2.76,2016
Kepler-1563 b,0.75,390.57,1134.0,0.0442,5765.0,0.99,1.0,0.347,2016
Kepler-1565 b,1.19,510.566,1234.0,0.0241,4940.0,0.73,0.76,1.81,2016
Kepler-1602 b,1.34,124.507,1159.0,0.09744,6296.0,1.36,1.22,2.36,2016
Kepler-1448 b,1.61,86.645,811.0,0.1058,5774.0,0.93,0.95,3.22,2016
Kepler-1449 b,1.68,271.885,867.0,0.1176,5979.0,1.1,1.08,3.46,2016
Kepler-1566 b,0.79,2340.984,1871.0,0.01198,5254.0,0.81,0.84,0.418,2016
Kepler-1567 b,2.73,2.723,330.0,0.552,5655.0,0.93,0.95,7.9,2016
Kepler-597 b,2.37,76.375,743.0,0.10916,5683.0,0.95,0.97,6.21,2016
Kepler-1603 b,1.29,1269.46,1522.0,0.0351,6241.0,1.31,1.21,2.21,2016
Kepler-1450 b,1.71,3.078,308.0,0.2401,4524.0,0.68,0.71,3.57,2016
Kepler-1451 b,3.35,18.751,523.0,0.2101,5782.0,0.99,1.0,11.2,2016
Kepler-603 d,1.32,497.4,1098.0,0.07117,5808.0,1.01,1.01,2.3,2016
Kepler-605 c,0.86,513.03,1278.0,0.03336,5462.0,0.88,0.91,0.566,2016
Kepler-1568 b,1.3,72.568,729.0,0.15157,5956.0,1.19,1.09,2.24,2016
Kepler-1606 b,2.07,1.29,324.0,0.6421,5422.0,0.86,0.9,4.94,2016
Kepler-1452 b,2.7,73.501,810.0,0.25764,6101.0,2.06,1.41,7.75,2016
Kepler-1571 b,1.52,757.132,1476.0,0.04287,6297.0,1.39,1.23,2.92,2016
Kepler-1570 b,1.07,76.457,836.0,0.16699,5550.0,0.89,0.92,1.24,2016
Kepler-1572 b,0.94,583.523,1293.0,0.05838,5618.0,0.95,0.97,0.779,2016
Kepler-1607 b,0.92,449.632,913.0,0.11978,6116.0,1.21,1.14,0.721,2016
Kepler-1609 b,2.22,12.975,429.0,0.4679,6132.0,1.27,1.18,5.56,2016
Kepler-1457 b,1.99,23.468,478.0,0.26391,5866.0,1.01,1.01,4.62,2016
Kepler-1458 b,2.76,8.293,493.0,0.24869,5653.0,0.94,0.96,8.05,2016
Kepler-217 d,1.32,2099.752,1574.0,0.0534,6341.0,1.76,1.37,2.3,2016
Kepler-625 c,1.05,932.132,1048.0,0.05379,5789.0,0.96,1.04,1.16,2016
Kepler-653 c,0.78,3743.275,2078.0,0.01855,5665.0,1.19,1.02,0.399,2016
Kepler-1575 b,1.31,803.679,1312.0,0.0366,5667.0,0.92,0.95,2.27,2016
Kepler-578 b,2.0,496.898,1774.0,0.0266,5334.0,0.83,0.87,4.66,2016
Kepler-1461 b,2.03,8.88,451.0,0.1715,4919.0,0.74,0.79,4.78,2016
Kepler-1541 b,1.16,75.56,1048.0,0.07555,5282.0,0.81,0.86,1.65,2016
Kepler-1576 b,1.04,156.608,1059.0,0.07211,5876.0,1.06,1.05,1.12,2016
Kepler-603 b,2.65,97.8,731.0,0.16052,5808.0,1.01,1.01,7.51,2016
Kepler-640 b,2.56,35.062,609.0,0.15418,5653.0,0.94,1.01,7.08,2016
Kepler-722 b,2.63,414.601,1182.0,0.0514,5863.0,1.05,1.03,7.41,2016
Kepler-634 b,1.89,808.844,1309.0,0.05765,6075.0,1.24,1.03,4.23,2016
Kepler-701 b,2.84,75.623,777.0,0.0895,5343.0,0.84,0.88,8.45,2016
Kepler-709 b,2.92,28.216,613.0,0.1173,5071.0,0.77,0.8,8.85,2016
Kepler-1625 b,6.06,3.3,350.0,0.87762,5677.0,0.94,0.96,30.6,2016
Kepler-1501 b,1.56,100.001,787.0,0.11592,6229.0,1.3,1.2,3.05,2016
Kepler-1500 b,1.2,131.818,928.0,0.1236,5845.0,1.0,1.0,1.87,2016
Kepler-1522 b,1.73,1513.457,1374.0,0.0288,5706.0,0.93,0.96,3.64,2016
Kepler-702 b,9.17,88.906,713.0,0.088,5419.0,0.86,0.9,61.8,2016
Kepler-641 b,1.85,311.788,926.0,0.0895,5713.0,1.13,1.02,4.08,2016
Kepler-1626 b,2.02,1328.654,1352.0,0.0537,6826.0,1.85,1.51,4.74,2016
Kepler-609 b,3.35,258.059,932.0,0.0682,5971.0,1.14,1.09,11.2,2016
Kepler-724 b,3.29,339.401,1155.0,0.0433,5437.0,0.86,0.9,10.8,2016
Kepler-1504 b,2.13,25.17,485.0,0.3704,5393.0,0.81,0.85,5.18,2016
Kepler-1505 b,0.93,36.121,525.0,0.18298,5686.0,0.86,0.93,0.749,2016
Kepler-1524 b,3.54,8.443,438.0,0.3392,6179.0,1.25,1.17,12.3,2016
Kepler-495 b,5.23,310.021,1200.0,0.0427,5346.0,0.83,0.86,23.8,2016
Kepler-710 b,1.88,710.872,1174.0,0.0524,5611.0,0.91,0.94,4.19,2016
Kepler-540 b,2.71,4.525,355.0,0.58822,5946.0,1.08,1.02,7.8,2016
Kepler-1644 b,1.88,31.86,606.0,0.142,5499.0,0.86,0.89,4.19,2016
Kepler-1507 b,0.84,30.476,630.0,0.11946,5410.0,0.85,0.89,0.52,2016
Kepler-1506 b,1.32,235.807,783.0,0.1168,5676.0,0.93,0.95,2.3,2016
Kepler-1086 c,2.94,0.519,211.0,0.503,4350.0,0.66,0.7,8.96,2016
Kepler-604 b,2.59,46.982,637.0,0.1735,5890.0,1.03,1.02,7.22,2016
Kepler-1627 b,3.69,143.12,794.0,0.0643,5445.0,0.84,0.87,13.2,2016
Kepler-1510 b,3.36,14.036,537.0,0.4089,6200.0,1.28,1.19,11.2,2016
Kepler-1511 b,1.68,228.219,903.0,0.1753,6064.0,1.29,1.17,3.46,2016
Kepler-1526 b,2.43,99.097,787.0,0.0418,4601.0,0.69,0.73,6.48,2016
Kepler-643 b,10.16,211.711,963.0,0.13485,4908.0,2.52,1.0,321.0083,2016
Kepler-642 b,2.9,719.373,1810.0,0.05631,6570.0,1.66,1.4,8.75,2016
Kepler-711 b,3.41,15.569,487.0,0.1429,5222.0,0.8,0.84,11.5,2016
Kepler-726 b,3.26,25.296,543.0,0.1406,5452.0,0.85,0.88,10.7,2016
Kepler-401 d,2.27,8.485,380.0,0.66886,6184.0,1.29,1.17,5.77,2016
Kepler-1512 b,1.18,1.6,322.0,0.13693,4372.0,0.67,0.73,1.76,2016
Kepler-1528 b,1.46,1106.851,1549.0,0.0296,5857.0,1.03,1.03,2.73,2016
Kepler-1529 b,2.1,115.765,817.0,0.0525,5048.0,0.77,0.81,5.06,2016
Kepler-1388 d,2.86,8.66,363.0,0.126,4098.0,0.61,0.63,8.55,2016
Kepler-622 b,2.13,12.486,446.0,0.0978,4201.0,0.61,0.64,5.18,2016
Kepler-1530 b,1.64,353.561,1484.0,0.03553,5477.0,0.88,0.92,3.33,2016
Kepler-1530 c,1.65,135.179,1167.0,0.05744,5477.0,0.88,0.92,3.36,2016
Kepler-1632 b,2.47,6.062,369.0,0.6762,6137.0,1.19,1.12,6.66,2016
Kepler-1631 b,1.35,446.918,1122.0,0.0511,5679.0,0.95,0.97,2.39,2016
Kepler-1534 b,1.89,196.51,955.0,0.0599,5442.0,0.86,0.9,4.23,2016
Kepler-1531 b,1.11,4457.2,2537.0,0.02204,6260.0,1.27,1.16,1.41,2016
Kepler-1093 c,1.96,18.1,508.0,0.41037,6166.0,1.2,1.13,4.5,2016
Kepler-714 b,9.67,484.006,986.0,0.0832,5995.0,1.12,1.09,67.6,2016
Kepler-1633 b,1.58,26.258,925.0,0.3875,6256.0,1.32,1.2,3.12,2016
Kepler-713 b,2.48,228.283,905.0,0.0748,5785.0,0.99,0.98,6.71,2016
Kepler-1480 b,1.67,16.317,721.0,0.1525,5156.0,0.81,0.85,3.43,2016
Kepler-1479 b,1.83,98.574,746.0,0.11341,5796.0,0.98,0.99,4.01,2016
Kepler-1481 b,1.23,71.94,797.0,0.059,4908.0,0.75,0.8,2.04,2016
Kepler-990 c,1.53,5272.4,2386.0,0.01232,5948.0,1.08,1.05,2.96,2016
Kepler-969 c,0.99,564.581,1270.0,0.0265,5214.0,0.82,0.92,0.937,2016
Kepler-489 b,7.72,20.618,538.0,0.12109,5014.0,0.76,0.82,46.1,2016
Kepler-1532 b,1.35,1705.762,1681.0,0.0206,5559.0,0.88,0.91,2.39,2016
Kepler-605 b,1.44,316.718,1133.0,0.04244,5462.0,0.88,0.91,2.67,2016
Kepler-1635 b,3.64,0.4,200.0,1.12664,5347.0,0.85,0.89,12.9,2016
Kepler-1483 b,1.52,265.018,1131.0,0.0958,6337.0,1.4,1.25,2.92,2016
Kepler-545 b,2.69,101.143,806.0,0.11248,5882.0,1.07,1.04,7.7,2016
Kepler-636 b,4.45,67.509,614.0,0.1185,5203.0,0.8,0.85,18.1,2016
Kepler-1016 c,3.68,7.071,407.0,0.43519,5821.0,1.0,0.99,13.1,2016
Kepler-1535 b,2.55,5.384,384.0,0.5329,6021.0,1.11,1.08,7.04,2016
Kepler-600 b,2.9,20.182,528.0,0.1536,5279.0,0.81,0.84,8.75,2016
Kepler-717 b,2.42,398.0,1139.0,0.052,5485.0,0.85,0.88,6.44,2016
Kepler-1485 b,1.47,85.176,728.0,0.14732,6087.0,1.12,1.11,2.76,2016
Kepler-1484 b,2.11,35.92,624.0,0.1939,5730.0,0.92,0.94,5.1,2016
Kepler-1486 b,2.32,22.372,538.0,0.2846,5965.0,1.12,1.08,5.99,2016
Kepler-342 e,0.88,3111.322,1897.0,0.02909,6366.0,1.34,1.26,0.615,2016
Kepler-582 b,3.68,25.056,603.0,0.1254,5564.0,0.91,0.93,13.1,2016
Kepler-1129 c,2.73,7.006,503.0,0.35367,5831.0,1.0,1.0,7.9,2016
Kepler-1538 b,2.82,1.989,346.0,0.6095,5837.0,1.03,1.03,8.35,2016
Kepler-644 b,3.15,2381.77,1655.0,0.04641,6747.0,1.81,1.49,10.1,2016
Kepler-1487 b,2.13,323.294,1682.0,0.0898,6541.0,1.63,1.38,5.18,2016
Kepler-581 b,2.63,12.39,521.0,0.2259,5772.0,1.0,1.0,7.41,2016
Kepler-1516 b,1.75,615.253,967.0,0.0718,5904.0,1.07,1.04,3.71,2016
Kepler-1047 c,0.99,1323.065,1309.0,0.04413,5754.0,1.13,1.08,0.937,2016
Kepler-1409 b,1.04,1552.133,1733.0,0.01553,5160.0,0.79,0.83,1.12,2016
Kepler-585 b,2.83,489.149,1178.0,0.03841,5593.0,0.93,0.96,8.4,2016
Kepler-1488 b,1.86,73.335,650.0,0.24153,5820.0,1.31,1.05,4.12,2016
Kepler-697 b,4.13,472.236,1151.0,0.0471,5513.0,0.88,0.92,16.0,2016
Kepler-1425 b,0.94,216.405,676.0,0.11435,5718.0,0.95,0.97,0.779,2016
Kepler-1350 c,1.73,94.054,730.0,0.0222,3827.0,0.53,0.55,3.64,2016
Kepler-719 b,8.52,234.28,998.0,0.0556,5777.0,0.98,0.99,54.5,2016
Kepler-1491 b,1.51,138.108,821.0,0.127,5728.0,0.99,1.0,2.89,2016
Kepler-1492 b,1.49,11.523,801.0,0.1262,4712.0,0.72,0.77,2.83,2016
Kepler-698 b,3.68,172.557,727.0,0.1255,5612.0,0.91,0.94,13.1,2016
Kepler-1454 b,1.88,9.08,492.0,0.2447,5448.0,0.86,0.9,4.19,2016
Kepler-460 c,5.52,7.4,389.0,0.75318,6146.0,1.26,1.17,26.1,2016
Kepler-720 b,8.41,384.561,1162.0,0.0539,5618.0,0.92,0.95,53.4,2016
Kepler-547 b,4.0,87.713,768.0,0.058,4828.0,0.73,0.78,15.1,2016
Kepler-1494 b,3.07,9.113,415.0,0.3982,5659.0,0.94,0.96,9.64,2016
Kepler-1520 b,5.77,1134.386,1437.0,0.0129,4677.0,0.71,0.76,28.1,2016
Kepler-1065 c,1.6,734.619,1256.0,0.0344,5635.0,0.93,0.94,3.19,2016
Kepler-707 b,1.33,336.673,1160.0,0.0325,5099.0,0.76,0.8,2.33,2016
Kepler-602 b,2.09,128.783,852.0,0.1224,6062.0,1.13,1.08,5.02,2016
Kepler-606 b,3.31,71.843,683.0,0.17,6161.0,1.22,1.13,11.0,2016
Kepler-721 b,2.64,138.751,850.0,0.0583,5075.0,0.78,0.82,7.46,2016
Kepler-937 c,2.67,6.93,377.0,0.5545,6095.0,1.22,1.15,7.61,2016
Kepler-638 b,1.83,872.567,1111.0,0.06695,5382.0,0.93,0.88,4.01,2016
Kepler-1073 c,1.64,357.082,1169.0,0.0483,5792.0,1.0,1.0,3.33,2016
MOA-2010-BLG-353L b,11.1,,,1.72,,,0.18,86.0,2015
HATS-30 b,13.170575,718.9097,1414.0,0.04354,5943.0,1.061,1.093,224.38798,2016
K2-84 c,2.03,25.3,625.08,0.1768,5652.0,0.93,0.95,4.78,2016
K2-88 b,1.23,7.8,464.6,0.0345,3537.0,0.256,0.258,2.04,2016
Kepler-615 b,1.74,19.18,620.0,0.085,4655.0,0.69,0.73,3.68,2016
Kepler-506 b,2.73,330.547,1080.0,0.07437,6236.0,1.19,1.19,7.9,2016
Kepler-668 b,2.7,77.619,790.0,0.0768,5352.0,0.82,0.87,7.75,2016
Kepler-669 b,4.83,826.765,1243.0,0.0529,6038.0,1.2,1.15,20.8,2016
HATS-15 b,12.385945,2201.3363,1505.0,0.02712,5311.0,0.922,0.871,689.6911,2016
HATS-16 b,14.5717,994.8095,1592.0,0.03744,5738.0,1.238,0.97,1039.3041,2016
K2-89 b,0.615,78.0,830.07,0.01462,3691.0,0.318,0.347,0.17,2016
K2-91 b,1.1,46.0,726.81,0.0164,3622.0,0.284,0.292,1.37,2016
Kepler-737 b,1.96,2.297,298.0,0.1422,3813.0,0.48,0.51,4.5,2016
Kepler-670 b,13.18,528.223,1219.0,0.0383,5709.0,0.99,0.99,,2016
Kepler-671 b,2.69,331.438,1012.0,0.0503,5624.0,0.95,0.97,7.7,2016
K2-5 c,2.26,10.2,456.0,0.0818,3930.0,0.57,0.61,5.73,2015
K2-5 b,1.91,24.1,565.0,0.0532,3930.0,0.57,0.61,4.31,2015
Kepler-223 c,3.44,302.474,947.0,0.09117,5803.0,1.72,1.125,5.1,2014
WASP-98 b,12.823096,269.8828,1171.0,0.03762,5473.0,0.741,0.809,293.03926,2014
Kepler-223 b,2.99,444.053,1042.0,0.07525,5803.0,1.72,1.125,7.4,2014
Kepler-672 b,2.5,16.36,529.0,0.2163,5627.0,0.92,0.95,6.8,2016
Kepler-571 b,2.64,219.036,978.0,0.0546,5527.0,0.9,0.93,7.46,2016
K2-16 b,2.02,44.5,658.0,0.0667,4742.0,0.66,0.68,4.74,2015
K2-16 c,2.54,13.1,485.0,0.1229,4742.0,0.66,0.68,6.99,2015
K2-8 c,2.41,97.8,801.0,0.0532,4870.0,0.74,0.78,6.39,2016
Kepler-223 d,5.24,175.951,827.0,0.11956,5803.0,1.72,1.125,8.0,2014
Kepler-653 b,1.95,90.384,819.0,0.11945,5665.0,1.19,1.02,4.46,2016
Kepler-742 b,3.24,38.101,690.0,0.0744,4642.0,0.71,0.76,10.6,2016
Kepler-673 b,6.54,253.456,1023.0,0.0455,5355.0,0.84,0.88,34.8,2016
Kepler-154 d,3.84,53.002,657.0,0.14354,5769.0,0.98,0.98,14.1,2016
HD 87646 b,12.4,665.812,1012.7,0.117,5770.0,1.55,1.12,3941.092,2016
Kepler-80 e,1.6,94.781,629.0,0.0491,4540.0,0.678,0.73,4.13,2014
Kepler-654 b,2.07,229.311,831.0,0.11664,5865.0,1.11,1.04,4.94,2016
Kepler-148 d,8.68,6.532,413.0,0.2607,5172.0,0.81,0.86,56.3,2016
Kepler-676 b,3.04,8.241,396.0,0.0798,3701.0,0.49,0.51,9.48,2016
OGLE-2012-BLG-0026L b,7.72,,,4.0,,,1.06,46.1,2012
WASP-85 A b,13.89916,640.3258,1452.0,0.039,6112.0,0.935,1.09,402.05495,2016
Kepler-80 f,1.21,750.964,1054.0,0.0175,4540.0,0.678,0.73,4459.73,2016
Kepler-656 b,3.12,924.374,1569.0,0.02231,5281.0,0.82,0.86,9.91,2016
Kepler-655 b,2.71,28.767,588.0,0.25697,6170.0,1.24,1.15,7.8,2016
Kepler-678 b,5.14,113.64,833.0,0.0732,5520.0,0.91,0.94,23.1,2016
Kepler-572 b,2.58,26.889,553.0,0.1192,5212.0,0.79,0.83,7.18,2016
WASP-114 b,15.008851,2978.2048,2043.0,0.02851,5940.0,1.43,1.289,562.24127,2016
WASP-113 b,15.793481,821.405,1496.0,0.05885,5890.0,1.608,1.318,150.96925,2016
HD 59686 A b,12.7,56.2338,783.08,1.086,4658.0,13.2,1.9,2199.3836,2016
Kepler-679 b,3.01,56.002,677.0,0.0983,5403.0,0.84,0.87,9.32,2016
Kepler-680 b,2.42,706.62,1147.0,0.0469,5890.0,1.11,1.08,6.44,2016
K2-47 b,1.89,10.7,503.72,0.1779,5054.0,0.76,0.75,4.23,2016
K2-48 b,2.24,15.3,550.56,0.1344,4899.0,0.73,0.77,5.65,2016
Kepler-617 b,1.32,100.295,750.0,0.0219,3712.0,0.48,0.51,2.3,2016
Kepler-588 b,2.63,718.075,1176.0,0.052,5835.0,1.0,1.01,7.41,2016
Kepler-573 b,2.79,46.44,646.0,0.14527,5746.0,1.02,0.99,8.2,2016
Kepler-681 b,3.08,14.151,489.0,0.1635,5021.0,0.76,0.8,9.69,2016
K2-49 b,1.93,59.0,768.28,0.0309,4175.0,0.45,0.51,4.38,2016
K2-58 b,2.68,118.0,920.17,0.0692,5413.0,0.86,0.89,7.65,2016
Kepler-1600 b,3.13,0.4,209.0,0.98141,5214.0,0.82,0.86,9.96,2016
Kepler-727 b,2.53,176.685,964.0,0.0546,5441.0,0.86,0.89,6.94,2016
Kepler-589 b,2.27,32.142,656.0,0.1196,5296.0,0.83,0.88,5.77,2016
Kepler-660 b,2.57,44.09,649.0,0.0759,4779.0,0.71,0.75,7.13,2016
K2-58 c,1.62,462.0,1293.86,0.035,5413.0,0.86,0.89,3.26,2016
K2-58 d,1.71,24.6,621.48,0.1517,5413.0,0.86,0.89,3.57,2016
Kepler-560 b,1.72,2.46,298.0,0.0899,3556.0,0.33,0.34,3.61,2016
Kepler-550 b,4.42,77.258,760.0,0.0747,5322.0,0.83,0.87,17.9,2016
Kepler-496 b,2.32,62.926,747.0,0.0747,5293.0,0.82,0.86,5.99,2016
KELT-10 b,15.681391,600.0,1377.0,0.0525,5948.0,1.209,1.112,215.80657,2016
Kepler-712 c,4.85,0.662,236.0,0.66479,5148.0,0.78,0.84,21.0,2016
K2-59 c,2.3,38.3,692.77,0.0905,5055.0,0.731,0.774,5.9,2016
K2-59 b,2.41,17.1,566.37,0.1354,5055.0,0.731,0.774,6.39,2016
Kepler-650 b,2.96,1218.88,1507.0,0.0421,5849.0,1.35,1.08,9.06,2016
Kepler-728 b,3.34,484.51,982.0,0.0625,5660.0,0.93,0.95,11.1,2016
Kepler-663 b,2.6,167.979,917.0,0.0559,5264.0,0.82,0.86,7.27,2016
Kepler-1629 b,0.77,315.457,1081.0,0.0485,5776.0,1.01,1.01,0.381,2016
K2-64 b,2.07,98.0,877.23,0.0619,5312.0,0.726,0.741,4.94,2016
K2-63 b,3.22,188.0,1033.44,0.1627,6771.0,1.63,1.4,10.5,2016
Kepler-729 b,3.58,1089.549,1273.0,0.0432,5633.0,0.91,0.94,12.5,2016
Kepler-487 b,11.42,51.492,662.0,0.11819,5444.0,0.88,0.91,,2016
Kepler-618 b,2.6,677.569,1296.0,0.0449,5860.0,1.08,1.05,7.27,2016
WASP-129 b,10.42437,345.7201,1100.0,0.0628,5900.0,0.9,1.0,317.83,2016
WASP-133 b,13.56289,2054.7956,1790.0,0.0345,5700.0,1.44,1.16,368.6828,2016
K2-69 b,2.32,17.9,573.61,0.0591,4127.0,0.491,0.551,5.99,2016
K2-68 b,1.58,41.0,706.64,0.0708,4746.0,0.675,0.73,3.12,2016
Kepler-590 b,4.02,782.415,1056.0,0.0647,6000.0,1.15,1.1,15.2,2016
Kepler-664 b,2.66,652.435,1406.0,0.0374,5754.0,1.02,1.01,7.56,2016
MOA-2013-BLG-605L b,1.62,,,0.93,,,0.024,3.24,2016
K2-75 b,2.67,430.0,1268.65,0.081,5995.0,1.56,1.16,7.61,2016
K2-71 b,2.15,13.4,533.27,0.0559,4006.0,0.426,0.477,5.27,2016
Kepler-591 b,3.39,5.615,436.0,0.3554,5677.0,0.94,0.97,11.4,2016
HATS-25 b,14.12334,454.8721,1277.0,0.05163,5715.0,1.107,0.994,194.82979,2016
HATS-26 b,19.61575,2236.5716,1918.0,0.04735,6071.0,2.04,1.299,206.5895,2016
K2-80 b,2.01,32.5,666.05,0.135,5441.0,0.87,0.9,4.7,2016
K2-75 c,2.77,138.0,955.14,0.1429,5995.0,1.56,1.16,8.1,2016
Kepler-736 b,2.93,233.031,996.0,0.0428,5217.0,0.81,0.86,8.91,2016
Kepler-735 b,2.95,32.679,657.0,0.0965,5107.0,0.8,0.85,9.01,2016
Kepler-569 b,3.16,19.314,526.0,0.19784,5616.0,0.93,0.95,10.1,2016
Kepler-592 b,2.39,935.827,1367.0,0.0397,5913.0,1.04,1.04,6.3,2016
HATS-27 b,16.8135,1342.5733,1659.0,0.0611,6438.0,1.74,1.415,168.4499,2016
K2-83 c,1.483,7.42,459.75,0.07131,3910.0,0.424,0.484,2.8,2016
K2-84 b,2.41,178.0,1019.22,0.0665,5652.0,0.93,0.95,6.39,2016
Kepler-562 b,5.21,67.435,658.0,0.1333,5575.0,0.9,0.93,23.7,2016
Kepler-651 b,2.37,27.223,574.0,0.14078,5522.0,0.87,0.92,6.21,2016
Kepler-593 b,2.87,61.02,706.0,0.1508,5967.0,1.1,1.08,8.6,2016
Kepler-570 b,2.45,214.04,1009.0,0.0497,5496.0,0.9,0.93,6.57,2016
MOA-2016-BLG-227L b,13.2,,,1.39,,,0.29,890.0,2017
Kepler-1650 b,0.96,54.562,602.0,0.0167,3410.0,0.334,0.326,0.84,2017
K2-178 b,3.55790985,117.826,840.29,,5525.0,0.887267,0.95109,12.4,2018
K2-72 c,1.16,2.2,333.81,0.078,3360.47,0.330989,0.271365,1.65,2016
WASP-53 b,12.038466,241.6656,1053.0,0.04101,4953.0,0.798,0.839,677.61356,2017
K2-60 b,7.655747,1212.0,1400.0,0.045,5500.0,1.12,0.97,135.39558,2016
Kepler-1651 b,1.84,5.65,393.0,0.0692,3713.0,0.503,0.522,4.04,2017
BD+03 2562 b,12.7,296.5605,985.04,1.3,4095.0,32.35,1.14,2034.112,2017
K2-72 e,1.29,1.2,286.34,0.106,3360.47,0.330989,0.271365,2.21,2016
K2-72 d,1.01,5.4,416.92,0.05,3360.47,0.330989,0.271365,1.01,2016
K2-81 b,1.97,62.9,739.23,0.059,4674.13,0.634663,0.745273,4.54,2016
WASP-81 b,16.017661,1034.0911,1623.0,0.03908,5870.0,1.283,1.08,231.69807,2017
HD 177565 b,4.0,14.5941,539.21,0.246,5627.0,0.971489,1.0,15.1,2017
MOA-2012-BLG-505L b,2.48,,,0.9,,,0.1,6.7,2017
K2-201 c,3.28568401,,,,5507.0,0.878161,0.956055,10.8,2018
K2-201 b,1.40006712,,,,5507.0,0.878161,0.956055,2.54,2018
GJ 1148 b,11.9,0.4906,232.94,0.166,3287.0,0.358519,0.344045,96.7,2010
HD 17674 b,13.9,0.7946,259.52,1.42,5904.0,1.18,0.98,276.5121,2017
HATS-22 b,10.682177,111.299,858.0,0.05025,4803.0,0.689,0.759,870.8542,2017
TYC 4282-00605-1 b,12.4,456.431,1285.1,0.422,4300.0,16.21,0.97,3426.2074,2017
K2-206 b,2.79522879,,,,5043.0,0.758046,0.789481,8.22,2018
K2-207 b,2.60585269,,,,5522.0,0.928158,0.941851,7.3,2018
K2-132 b,14.5717,293.374,1586.0,0.0916,4840.0,3.85,1.08,155.7367,2017
WASP-153 b,17.37395,1400.0,1700.0,0.048,5914.0,1.73,1.336,123.9537,2017
HATS-23 b,20.84874,994.8004,1654.0,0.03397,5780.0,1.199,1.121,467.2101,2017
HD 219134 b,1.602,176.2,1015.0,0.03876,4699.0,0.778,0.81,4.74,2015
HD 40956 b,13.2,23.5561,580.56,1.4,4869.0,8.56,2.0,858.141,2017
Ross 128 b,1.11,1.38,301.0,0.0496,3192.0,0.1967,0.168,1.4,2017
K2-219 b,1.34762583,,,,5753.0,1.189232,1.021545,2.38,2018
OGLE-2013-BLG-1721L b,14.1,,,2.6,,,0.46,200.0,2017
HD 34445 c,8.42,3.8979,390.12,0.7181,5836.0,1.38,1.07,53.5,2017
HD 219134 d,1.61,4.72,410.5,0.237,4699.0,0.778,0.81,16.17,2015
HD 219134 f,1.31,12.38,522.6,0.1463,4699.0,0.778,0.81,7.3,2015
OGLE-2016-BLG-1190L b,12.3,,,2.17,,,0.88,4253.0,2017
HD 113996 b,12.7,113.6719,798.69,1.6,4181.0,25.11,1.49,2002.329,2017
K2-213 b,1.51398464,,,,5794.0,1.20424,1.069596,2.9,2018
K2-215 b,2.12381238,,,,5704.0,0.974398,0.999987,5.16,2018
HD 34445 d,6.07,8.6625,476.32,0.4817,5836.0,1.38,1.07,30.7,2017
HD 34445 g,13.6,0.0497,131.09,6.36,5836.0,1.38,1.07,120.6,2017
Kepler-20 g,4.71,16.2132,524.0,0.2055,5495.0,0.9639,0.948,19.96,2016
NGC 2682 Sand 978 b,13.3,,,,4200.0,21.017414,1.37,692.8694,2017
Kepler-80 g,1.13,,418.0,,4540.0,0.678,0.83,0.065,2017
K2-217 b,3.57854073,,,,5967.0,1.333718,1.102661,12.5,2018
K2-218 b,2.56948149,,,,5757.0,1.008231,1.047488,7.13,2018
GJ 3293 c,4.87,0.17,176.62,0.36175,3466.0,0.404,0.42,21.09,2015
GJ 3293 b,5.19,1.07,280.54,0.14339,3466.0,0.404,0.42,23.54,2015
Wolf 1061 b,1.21,7.34,461.1,0.0375,3342.0,0.307,0.294,1.91,2015
K2-80 d,2.55211506,,,,5377.0,0.841458,0.913111,7.04,2018
Kepler-1652 b,1.6,0.81,268.0,0.1654,3638.0,0.382,0.404,3.19,2017
Wolf 1061 c,1.66,1.3,299.3,0.089,3342.0,0.307,0.294,3.41,2015
PSR J2322-2650 b,13.9,,,0.0102,,,1.4,252.643067,2017
HATS-50 b,12.66617,625.3023,1275.39,0.05046,5990.0,1.117,1.168,123.9537,2017
tau Cet f,1.81,0.2782,201.97,1.334,5310.0,0.83,0.783,3.93,2017
WASP-91 b,11.54527,332.5562,1160.0,0.037,4920.0,0.86,0.84,425.8922,2017
HD 9174 b,13.7,0.4979,234.3,2.2,5577.0,1.67,1.03,352.7913,2016
HD 68402 b,12.6,0.2462,196.26,2.18,5950.0,1.02,1.12,2510.8444153,2016
GJ 3138 b,1.18,118.1,902.98,0.0197,3717.0,0.5,0.681,1.78,2017
MOA-2012-BLG-006L b,12.6,,,10.2,,,0.49,2700.0,2017
WASP-105 b,10.76064,166.5368,900.0,0.075,5070.0,0.9,0.89,572.094,2017
HD 147873 c,13.3,3.2385,373.68,1.36,5972.0,2.29,1.38,731.009,2016
HD 128356 b,13.9,0.4756,232.36,0.87,4875.0,0.85,0.65,282.8687,2016
GJ 3138 d,3.23,0.1,151.7,0.698,3717.0,0.5,0.681,10.5,2017
TYC 3318-01333-1 b,13.1,8.1115,470.43,1.414,4776.0,5.9,1.19,1086.9786,2018
GJ 625 b,1.49,2.0787,335.59,0.078361,3499.0,0.31,0.3,2.82,2017
GJ 3323 c,1.32,0.17,147.8,0.1264,3159.0,0.119,0.164,2.31,2017
BD+48 740 b,13.5,15.1044,538.94,1.7,4534.0,10.33,1.09,540.311,2018
K2-21 b,1.84,10.0,500.0,0.076,4222.06,0.646783,0.676023,4.04,2015
K2-4 b,2.1,15.6,563.0,0.078,4014.73,0.569359,0.635026,5.06,2015
K2-21 c,2.49,5.1,420.0,0.107,4222.06,0.646783,0.676023,6.76,2015
WASP-141 b,13.56289,1061.5542,1540.0,0.0469,5900.0,1.37,1.25,854.9627,2016
K2-31 b,11.88154,1272.0,1688.0,0.022,5280.0,0.78,0.91,563.83042,2016
GJ 3293 e,1.63,3.34,370.79,0.08208,3466.0,0.404,0.42,3.28,2017
GJ 3293 d,2.67,0.59,241.22,0.19394,3466.0,0.404,0.42,7.6,2017
K2-149 b,1.64,7.0,472.41,0.083,3745.0,0.568,0.595,3.33,2018
KELT-21 b,17.777474,2950.0,2051.0,0.05224,7598.0,1.638,1.458,1242.7153,2018
K2-125 b,2.18,2.0,321.22,0.121,3654.47,0.402049,0.494727,5.39,2017
V830 Tau b,14.0,370.0414,1213.95,0.057,4250.0,2.0,1.0,222.481,2016
HATS-31 b,18.38276,1619.406,1823.0,0.0478,6050.0,1.87,1.275,279.6904,2016
Kepler-150 f,3.64,0.4485,227.77,1.24,5528.0,0.905339,0.97,12.9,2017
Qatar-3 b,12.285064,1330.0,1681.0,0.03783,6007.0,1.272,1.145,1369.8473,2017
K2-160 b,3.17824034,,,,5649.0,0.913754,0.982829,10.2,2018
K2-128 b,1.42,68.8,803.1,0.056,4469.51,0.777569,0.711248,2.6,2017
HATS-34 b,16.02887,691.8428,1445.0,0.03166,5380.0,0.98,0.955,299.07803,2016
KELT-18 b,17.59813,3152.0,2085.0,0.0455,6670.0,1.908,1.524,375.0394,2017
K2-163 b,2.46610713,,,,4937.0,0.762201,0.826112,6.65,2018
K2-165 b,1.27443657,,,,5185.0,0.803827,0.834847,2.17,2018
K2-35 c,1.93,68.0,766.0,0.055,4402.71,0.619575,0.701968,4.38,2016
HATS-35 b,16.409976,2440.7,2037.0,0.03199,6300.0,1.433,1.317,388.38826,2016
OGLE-2016-BLG-1195L b,1.11,,,1.16,,,0.078,1.43,2017
K2-175 b,2.03803688,,,,5909.0,1.420038,1.094693,4.81,2018
K2-165 c,1.55409035,,,,5185.0,0.803827,0.834847,3.03,2018
K2-116 b,0.69,78.6,783.03,0.048,4348.35,0.6694,0.694512,0.257,2017
K2-102 b,1.3,,,,4695.0,0.71,0.77,2.24,2016
XO-6 b,23.20263,580.386,1577.0,0.0815,6720.0,1.93,1.47,1398.452,2016
HD 6434 b,14.2,57.2458,786.83,0.14,5769.0,1.12,1.1,155.7367,2003
HD 68988 b,13.4,340.126,1179.39,0.07,5932.0,1.19,1.28,626.1251,2001
HD 220074 b,12.2,305.7049,1069.88,1.6,3787.0,54.92,2.2,5288.6912,2012
WASP-58 b,16.02887,404.7112,1270.0,0.0562,5800.0,1.22,1.06,308.2951,2012
K2-231 b,2.5,,,,5695.0,0.95,1.01,6.8,2018
HATS-39 b,17.59813,1547.1014,1645.0,0.06007,6572.0,1.621,1.379,200.2329,2018
HD 137388 b,9.32,0.5807,248.42,0.89,5181.0,0.88,0.68,63.566,2011
HD 13931 b,13.2,0.0592,139.38,5.15,5867.0,1.25,1.3,889.9195396,2009
HD 7199 b,,0.3785,218.73,1.36,5371.0,0.97,0.77,3639.13526015,2011
HD 75289 b,14.2,821.3488,1260.0,0.05,6117.0,1.23,1.29,155.7367,1999
WASP-72 b,14.45961,6233.7915,2210.0,0.03711,6250.0,2.18,2.78,731.009,2012
HATS-40 b,17.71022,3163.3762,2101.0,0.04997,6460.0,2.26,1.561,505.3497,2018
HATS-41 b,14.90797,1300.3125,1710.0,0.0583,6424.0,1.71,1.496,3082.951,2018
HD 142022 A b,12.9,0.1176,155.74,2.93,5421.0,1.04,0.9,1433.40611557,2005
HD 145377 b,12.8,7.7037,442.98,0.45,6014.0,1.05,1.2,1913.3366,2008
HD 76700 b,9.6,723.1837,1424.61,0.05,5644.0,1.37,0.99,66.7443,2002
HD 82886 b,13.3,5.568,435.78,1.58,4953.0,5.26,2.53,740.5439,2011
HD 24040 b,12.9,0.0779,143.81,4.92,5802.0,1.3,1.11,1589.142035,2006
HD 222155 b,13.4,0.1222,164.93,5.14,5701.0,1.85,1.21,581.62598481,2011
HD 158996 b,12.3,234.6259,960.27,2.1,4069.0,50.3,1.8,4449.62,2018
KPS-1 b,11.54527,729.0,1459.0,0.0269,5165.0,0.907,0.892,346.4347,2018
HD 154672 b,12.8,5.0225,410.76,0.6,5743.0,1.32,1.18,1706.7471,2008
KELT-6 b,14.5717,718.188,1313.0,0.07939,6102.0,1.73,1.42,165.2716,2014
HAT-P-49 b,17.82231,4392.03,2131.0,0.04378,6820.0,2.06,2.22,699.226,2014
K2-155 c,2.6,7.0,583.0,0.0946,4258.0,0.58,0.65,7.27,2018
HD 158038 b,13.5,5.2889,405.91,1.5,4860.0,4.5,1.3,486.2799,2011
HR 810 b,12.7,2.116,329.57,0.92,6167.0,1.13,1.34,1970.5361234,1999
BD-13 2130 b,12.5,40.0372,744.77,1.66,4545.0,19.17,2.12,3108.3774,2007
HD 285507 b,13.8,53.0123,736.35,0.06,4503.0,0.69,0.82,311.4734,2013
WASP-117 b,11.88154,706.3929,1001.0,0.09459,6040.0,1.22,1.29,95.349,2014
K2-155 d,1.9,1.67,381.0,0.1937,4258.0,0.58,0.65,4.27,2018
HD 16175 b,12.8,0.7164,259.78,2.12,5981.0,1.72,1.63,1875.1876013,2009
HD 16141 b,10.9,17.9052,562.87,0.36,5757.0,1.48,1.11,82.6358,2000
WASP-11 b,12.44199,184.988,992.0,0.0435,4800.0,0.89,1.42,251.0857,2008
WASP-13 b,13.67498,617.309,1531.0,0.05362,5950.0,1.37,0.72,114.4188,2009
WASP-95 b,13.78707,2841.0562,1570.0,0.03416,5830.0,1.23,1.46,457.6752,2014
WASP-97 b,12.77826,1414.87,1555.0,0.03303,5640.0,1.08,1.18,432.2488,2014
11 UMi b,12.3,114.8502,896.43,1.53,4213.0,29.79,2.78,4684.8142,2009
BD-08 2823 b,,65.7249,798.86,0.06,4816.0,0.71,0.5,2948.49413174,2009
HD 1690 b,12.5,17.8958,841.73,1.36,4374.0,21.66,1.86,2793.7257,2010
WASP-14 b,15.46842,1356.33,1872.0,0.037,6475.0,1.4,1.62,2809.6172,2008
WASP-101 b,16.02887,1089.171,1560.0,0.05057,6380.0,1.31,1.41,162.0933,2014
BD-10 3166 b,14.1,402.4216,1240.38,0.04,5393.0,0.91,1.47,187.5197,2000
GJ 86 b,12.9,33.7048,661.12,0.11,5182.0,0.77,0.93,1404.8086,1999
WASP-22 b,13.78707,837.7034,1502.0,0.047,6000.0,1.24,1.46,212.9461,2010
HD 95127 b,12.4,116.3001,1151.28,1.28,4218.0,41.01,3.7,3378.5329,2015
WASP-82 b,18.15858,3557.29,2190.0,0.0447,6480.0,2.1,1.48,371.8611,2015
HD 204941 b,10.1,0.0477,134.04,2.55,5026.0,0.78,0.58,73.1009,2011
WASP-29 b,8.63093,121.7724,970.0,0.0457,4800.0,0.79,0.77,73.1009,2010
WASP-26 b,13.56289,1225.5264,1650.0,0.04,6034.0,1.22,0.86,270.1555,2010
K2-164 b,3.24925008,,,,5791.0,2.196069,1.180894,10.6,2018
K2-169 b,1.27328671,,,,5548.0,0.919053,0.986144,2.16,2018
HAT-P-22 b,12.89035,325.569,1463.0,0.0414,5302.0,1.11,1.13,785.0401,2010
HAT-P-24 b,14.5717,1294.929,1637.0,0.04651,6373.0,1.38,1.37,238.3725,2010
HD 212301 b,14.2,1944.4444,1870.75,0.03,6239.0,1.16,1.55,162.0933,2005
WASP-38 b,13.78707,501.5014,1250.0,0.07522,6180.0,1.52,1.76,1093.3352,2010
K2-170 b,1.41817537,,,,5748.0,0.981614,0.963657,2.6,2018
K2-171 b,2.68657205,,,,5250.0,1.717458,0.891587,7.69,2018
HAT-P-29 b,13.11453,433.0,1281.0,0.0667,6087.0,1.3,1.45,279.6904,2011
HD 213240 b,12.8,0.7524,257.7,1.89,5979.0,1.51,1.57,1655.88600047,2001
HD 215497 b,,155.6181,1015.96,0.05,5110.0,0.85,0.67,1588.82420659,2009
WASP-41 b,12.3299,344.149,1244.0,0.04022,5545.0,0.83,0.81,270.1555,2011
WASP-48 b,16.8135,3410.2601,2035.0,0.03444,5920.0,1.58,0.88,254.264,2011
K2-172 b,1.66608079,,,,5569.0,0.868889,0.934356,3.42,2018
K2-172 c,3.20569097,,,,5569.0,0.868889,0.934356,10.4,2018
K2-190 b,1.35673729,,,,5631.0,0.912206,0.904597,2.41,2018
HAT-P-5 b,13.56289,850.6754,1517.0,0.04073,5960.0,1.12,1.04,311.4734,2007
HAT-P-6 b,16.58932,1099.44,1675.0,0.05239,6570.0,1.62,1.79,419.5356,2007
HD 218566 b,9.32,0.7414,253.15,0.69,4730.0,0.85,0.76,63.566,2010
HD 240237 b,12.2,83.8296,1153.09,1.92,3926.0,71.23,8.76,5050.3187,2011
XO-1 b,12.77826,321.85,1210.0,0.0488,5750.0,0.88,0.88,263.7989,2006
XO-4 b,14.01125,1112.27,1630.0,0.05524,6397.0,1.45,1.1,451.3186,2010
K2-191 b,1.57889322,,,,5176.0,0.839696,0.900994,3.12,2018
K2-200 b,1.3643987,,,,5233.0,0.791736,0.860208,2.43,2018
HD 101930 b,10.6,5.4444,417.04,0.3,5108.0,0.86,0.57,79.4575,2005
HD 2638 b,14.3,292.3345,1212.27,0.04,5186.0,0.94,0.77,133.4886,2005
HD 30562 b,13.6,0.5147,235.27,2.34,5882.0,1.61,1.12,467.20775829,2009
KELT-2 A b,15.13215,3108.45,2080.0,0.05497,6327.0,1.93,1.54,540.311,2012
Pr0201 b,14.2,487.9693,1303.39,0.06,6174.0,1.15,1.24,171.6282,2012
K2-173 b,1.60826194,,,,5580.0,0.843154,0.881538,3.22,2018
HD 102195 b,14.2,185.2,1035.17,0.05,5301.0,0.82,0.76,130.3103,2006
HD 102117 b,8.47,63.8539,780.86,0.15,5655.0,1.23,1.06,54.0311,2005
HD 330075 b,14.3,292.3345,990.0,0.04,5000.0,0.84,0.47,152.5584,2004
HD 34445 b,13.9,0.4691,231.47,2.07,5879.0,1.38,1.14,260.6206,2009
HD 77338 b,4.12,152.7909,1035.54,0.06,5341.0,0.97,1.37,15.9,2012
HAT-P-40 b,17.03768,1747.4151,1770.0,0.0608,6080.0,1.94,1.03,152.5584,2012
HD 215152 c,,66.105,783.2,0.067393,4935.0,0.73,0.77,468.79690033,2018
HD 215152 d,,38.779,685.43,0.08799,4935.0,0.73,0.77,770.41605857,2018
HD 103197 b,5.83,7.52,474.97,0.25,5250.0,0.88,0.8,28.6047,2011
HD 108874 b,13.6,0.923,271.33,1.04,5600.0,1.05,1.1,451.3186,2002
HD 40979 b,12.9,2.7022,354.69,0.85,6165.0,1.21,1.45,1484.2661,2002
HD 4203 b,13.3,1.4338,297.28,1.17,5596.0,1.42,1.25,708.7609,2001
WASP-49 b,12.44199,615.4709,1400.0,0.0379,5600.0,0.97,0.92,117.5971,2012
UKIRT-2017-BLG-001L b,13.7,,,4.18,,,0.81,407.0,2018
HD 121504 b,13.6,14.2224,523.32,0.33,6027.0,1.07,1.62,479.9233,2003
HD 47186 b,5.02,441.6068,1267.79,0.05,5657.0,1.08,0.96,22.2481,2008
WASP-66 b,15.6926,1434.7739,1569.7,0.0546,6600.0,1.76,1.33,746.9005,2012
WASP-67 b,12.89035,188.1062,1003.0,0.05179,5200.0,0.88,0.91,136.6669,2012
K2-197 b,2.56,118.4501,848.0,0.0806,5667.0,0.93,1.0,7.08,2018
HD 185269 b,13.8,832.9821,1455.61,0.077,5923.0,2.0,1.3,321.0083,2006
HD 181342 b,13.2,5.836,410.15,1.592,4945.0,4.71,1.69,807.2882,2009
K2-240 b,2.0,20.1392,586.0,0.0513,3810.0,0.54,0.58,4.66,2018
CoRoT-20 c,12.2,0.1759,168.16,2.9,5880.0,1.02,1.14,5403.11,2018
HD 89345 b,7.39794,275.6427,1089.0,0.1066,5576.0,1.747,1.157,34.9613,2018
WASP-158 b,11.99363,903.013,1590.0,0.0517,6350.0,1.39,1.38,886.7457,2018
HD 200964 b,13.5,4.7312,425.95,1.565,4982.0,4.92,1.39,508.21017,2010
K2-238 b,14.5717,1082.6407,1587.0,0.046,5630.0,1.59,1.19,273.3338,2018
WASP-162 b,11.209,121.918,910.0,0.0871,5300.0,1.11,0.95,1652.716,2018
WASP-168 b,16.8135,278.886,1340.0,0.0519,6000.0,1.12,1.08,133.4886,2018
HD 28678 b,13.5,16.4464,561.84,1.18,4972.0,6.48,1.53,490.09386,2011
HD 30856 b,13.5,2.8926,364.02,1.85,4895.0,4.4,1.17,491.68301,2011
OGLE-2014-BLG-1722L c,11.0,,,1.7,,,0.4,83.7,2018
K2-244 b,1.75,37.9007,638.0,0.1418,5677.0,0.92,0.86,3.71,2018
K2-266 b,3.3,879.5,1515.0,0.01306,4285.0,0.703,0.686,11.26782377,2018
K2-266 c,0.705,32.4,664.5,0.0679,4285.0,0.703,0.686,0.29013072,2018
WASP-173 A b,13.4508,1920.0,1880.0,0.0248,5800.0,1.11,1.05,1172.7927,2018
OGLE-2011-BLG-0173L b,9.01,,,8.0,,,0.41,60.0,2018
HD 5319 b,13.5,3.2825,377.72,1.57,4871.0,4.06,1.27,494.54348,2007
K2-159 b,2.26,49.2934,684.0,0.1013,5425.0,0.83,0.9,5.73,2018
K2-266 e,2.73,9.581,490.1,0.1249,4285.0,0.703,0.686,14.3,2018
K2-266 d,2.93,13.95,538.3,0.1035,4285.0,0.703,0.686,8.9,2018
WASP-147 b,12.498035,639.4923,1404.0,0.0549,5702.0,1.429,1.044,87.40325,2018
WASP-160 B b,12.21781,210.575,1119.0,0.0452,5298.0,0.868,0.87,88.35674,2018
HD 95089 c,13.1,1.2174,292.91,3.33,4918.0,5.08,1.54,1096.5135,2016
K2-166 b,2.19,390.3952,1140.0,0.0858,5960.0,1.61,1.16,5.43,2018
HATS-36 b,12.92,561.0,1203.0,0.0523,5950.0,1.1,1.1,1022.14128,2018
WASP-165 b,14.12334,1373.5324,1624.0,0.04823,5599.0,1.75,1.248,209.13214,2018
HD 96063 b,13.7,10.3076,500.75,1.11,5020.0,4.75,1.37,403.6441,2011
K2-228 b,1.21,123.9803,914.0,0.0338,4715.0,0.65,0.71,1.92,2018
K2-283 b,3.52,353.6521,1186.0,0.0291,5060.0,0.82,0.89,12.2,2018
K2-151 b,1.49,20.8,566.0,0.0373,3695.0,0.45,0.47,2.83,2018
K2-281 b,8.18,37.7384,665.0,0.0773,4812.0,0.76,0.82,50.9,2018
K2-216 b,1.75,248.0,1103.0,0.028,4503.0,0.72,0.7,8.0,2018
HD 5319 c,13.8,2.1721,340.67,1.93,4871.0,4.06,1.27,334.67499,2014
K2-230 b,1.96,1241.5334,1529.0,0.0409,5945.0,1.39,1.11,4.5,2018
K2-188 b,1.35,1945.6975,1692.0,0.0289,5977.0,1.19,1.06,2.39,2018
GJ 96 b,4.67,1.0486,257.81,0.291,3785.0,0.580612,0.6,19.66,2018
KMT-2016-BLG-1820L b,12.9,,,1.08,,,0.039,1450.0,2018
HD 94834 b,13.7,1.3107,286.45,2.74,4798.0,4.2,1.11,400.4658,2018
K2-153 b,2.0,11.8,497.0,0.0614,3845.0,0.53,0.55,4.66,2018
HATS-11 b,18.03,1027.296,1596.0,0.0507,6563.0,1.54,1.33,263.7989,2016
KMT-2016-BLG-2142L b,12.2,,,0.83,,,0.073,4923.0,2018
MOA-2015-BLG-337L b,6.42,,,0.24,,,0.0094,33.7,2018
K2-241 b,2.55,14.5807,507.0,0.1567,5262.0,0.75,0.71,7.04,2018
K2-117 c,2.06,21.4,537.0,0.0492,3778.0,0.51,0.54,4.9,2017
K2-284 b,2.78,42.6,653.0,0.04771,4140.0,0.607,0.63,8.15,2018
MOA-2016-BLG-319L b,14.1,,,0.95,,,0.15,200.0,2018
HD 12648 b,13.4,194.0796,1053.23,0.54,4835.0,11.02,0.67,622.9468,2015
K2-243 b,2.17,226.095,1035.0,0.1087,6570.0,1.39,1.29,5.35,2018
K2-117 b,2.03,145.8,868.0,0.0189,3778.0,0.51,0.54,4.78,2017
K2-312 c,12.8,0.4596,229.0,1.882,5959.0,1.199,1.15,1681.31227303,2023
K2-245 b,4.34,83.0,923.0,0.0959,5793.0,1.25,0.83,17.4,2018
K2-270 c,2.95,122.7722,848.0,0.0497,4877.0,0.77,0.85,9.01,2018
HATS-59 b,12.621334,269.0,1128.0,0.06112,5670.0,1.036,1.038,256.17098,2018
KELT-15 b,19.50366,1612.7618,1642.0,0.04613,6003.0,1.78,2.06,416.3573,2016
K2-247 b,2.12,142.1387,979.0,0.0304,4667.0,0.69,0.74,5.14,2018
EPIC 211945201 b,5.76,101.0,817.0,0.1493,6069.0,1.39,1.17,11.0,2018
CoRoT-21 b,14.5717,2915.5997,2044.44,0.0417,6200.0,1.95,1.29,718.2958,2012
70 Vir b,12.6,12.2183,525.24,0.481,5495.0,1.89,1.09,2380.45,1996
K2-39 b,6.27704,1356.0,1670.0,0.05708,4881.0,2.97,0.66,28.6047,2016
K2-248 b,2.57,132.3323,886.0,0.0699,5528.0,0.92,0.88,7.13,2018
K2-276 b,3.77,23.5921,583.0,0.1291,5139.0,0.85,0.82,13.7,2018
HD 102956 b,13.8,1781.1928,1804.96,0.0807,4985.0,4.55,1.66,305.1168,2010
HD 108863 b,13.3,9.6419,490.51,1.32,4878.0,5.74,1.59,767.24162,2011
HATS-46 b,10.121727,209.7699,1054.0,0.05367,5495.0,0.853,0.917,54.98459,2018
HATS-7 b,6.310667,211.6178,1084.0,0.04012,4985.0,0.815,0.849,38.1396,2015
K2-252 b,1.74,36.0315,639.0,0.1041,5152.0,0.82,0.79,3.68,2018
K2-188 c,2.83,230.628,1026.0,0.0785,5977.0,1.19,1.06,8.4,2018
HD 131496 b,13.4,2.4257,347.3,2.01,4846.0,4.44,1.34,572.094,2011
HD 1502 b,13.2,7.2835,458.89,1.262,4947.0,4.67,1.46,874.0325,2011
NGTS-3 A b,16.58932,1000.5679,1434.44,0.023,5600.0,0.93,1.017,756.4354,2018
K2-254 b,1.63,74.9905,791.0,0.0448,4629.0,0.67,0.71,3.29,2018
K2-192 b,1.52,181.7191,939.0,0.049,5222.0,0.81,0.9,2.92,2018
K2-239 c,1.0,4.8225,427.0,0.0576,3420.0,0.36,0.4,0.972,2018
K2-258 b,3.0,84.2989,831.0,0.149,6351.0,1.31,1.21,9.27,2018
HD 70642 b,13.0,0.0934,150.52,3.318,5732.0,0.984,1.078,1239.5307873,2003
HATS-69 b,10.592505,466.6,1295.7,0.03211,5137.0,0.8785,0.892,183.38791,2018
HD 202696 b,,9.5418,492.46,1.566,5040.0,6.43,1.91,634.38868,2019
HD 202696 c,,4.2662,402.69,2.342,5040.0,6.43,1.91,592.43512,2019
KMT-2017-BLG-1038L b,13.4,,,1.8,,,0.37,640.0,2019
HD 117618 b,8.59,50.4075,745.79,0.18,5990.0,1.2,1.077,55.30242,2004
NGTS-4 b,3.18,886.9841,1650.0,0.019,5143.0,0.84,0.75,20.6,2019
K2-295 b,10.054473,97.8595,852.0,0.0451,4444.0,0.7,0.74,106.47305,2018
HIP 79098 AB b,12.1,,2450.0,345.0,9193.75,,3.75,6515.515,2019
Kepler-730 b,12.3299,418.797,1219.0,0.0694,5620.0,1.411,1.047,,2016
K2-133 c,1.603,17.6181,570.6,0.04341,3655.0,0.455,0.461,3.2,2017
K2-133 d,2.003,48.3251,734.0,0.07487,3655.0,0.455,0.461,4.67,2017
HAT-P-25 b,12.722215,325.0,1182.0,0.0466,5519.0,0.919,1.012,180.84527,2012
HD 89744 b,12.6,7.4311,462.62,0.917,6291.0,2.13257,1.86,2653.8805,1999
HD 65216 c,13.4,0.0214,105.87,5.75,5612.0,0.88,0.874,645.1949,2013
K2-133 e,1.73,1.8,296.0,0.1346,3655.0,0.455,0.461,3.64,2019
EPIC 201497682 b,0.692,,,,4991.0,0.554,0.78,0.26,2019
OGLE-2015-BLG-1670L b,4.42,,,2.62,,,0.55,17.9,2019
K2-290 c,11.276254,28.2979,676.0,0.305,6302.0,1.511,1.194,246.00042,2019
HAT-P-34 b,13.417173,433.78,1520.0,0.06774,6442.0,1.53,1.392,1058.3739,2011
EPIC 201754305 d,1.03,,,,4761.0,0.544,0.67,1.08,2019
EPIC 201833600 c,1.0,,,,4326.0,0.634,0.611,0.972,2019
HAT-P-36 b,14.313893,1821.0,1780.97,0.0241,5620.0,1.041,1.03,587.413406,2011
K2-52 b,18.0,1124.0,2004.0,0.054,7147.0,2.192,1.691,,2016
K2-53 b,2.6,52.5,665.0,0.098,5263.0,0.807,0.851,7.27,2016
K2-293 b,2.45,,750.0,,5532.0,0.947,0.958,6.57,2019
TOI-172 b,10.816685,299.0,1198.0,0.0914,5645.0,1.777,1.128,1722.6386,2019
EPIC 206024342 b,1.7,,,,5724.0,0.823,0.928,3.53,2019
EPIC 206032309 b,1.01,,,,3489.0,0.37344,0.221,1.01,2019
HAT-P-9 b,15.614137,931.0,1540.0,0.05287,6350.0,1.338,1.281,238.05467,2008
HATS-24 b,15.636555,2706.9606,2166.0,0.0238,6125.0,1.12,1.07,718.2958,2017
K2-90 b,2.6,10.2,502.0,0.096,4484.0,0.619,0.629,7.27,2016
K2-294 b,1.66,,1425.0,,5612.0,1.2,0.987,3.39,2019
GJ 685 b,2.95,3.0917,368.84,0.1344,3816.0,0.54,0.55,9.0,2019
EPIC 206317286 b,0.96,,,,4752.0,0.669,0.711,0.84,2019
K2-308 b,9.916,512.9234,1213.76,,6100.0,1.24,1.09,70.6,2019
Kepler-9 c,8.08,18.903,523.0,0.227,5774.0,0.958,1.022,29.9,2010
K2-124 b,2.9,8.7,442.0,0.049,3570.0,0.388,0.39,8.75,2017
HD 92788 b,13.0,1.1129,300.27,0.97,5744.0,1.14,1.15,1195.0408,2000
Kepler-25 c,5.217,210.172,934.0,0.1117,6354.0,1.316,1.165,15.2,2011
WASP-33 b,17.855937,9392.0471,2781.7,0.0239,7430.0,1.444,1.495,665.21819,2010
HD 134060 c,5.91,0.2515,200.67,2.3928,5966.0,1.164285,1.095,29.29,2019
WASP-177 b,17.71022,279.7736,1142.0,0.03957,5017.0,0.885,0.876,161.45764,2019
WASP-181 b,13.271456,382.4492,1186.0,0.05427,5839.0,0.965,1.04,95.03117,2019
Kepler-25 b,2.748,542.96,1185.0,0.0695,6354.0,1.316,1.165,8.7,2011
WASP-161 b,12.811887,990.0,1557.0,0.0673,6400.0,1.712,1.39,791.3967,2018
WASP-163 b,13.473218,1200.0,1638.0,0.0266,5500.0,1.015,0.97,594.3421,2018
HD 20781 b,1.21,175.0994,1006.1,0.0529,5256.0,0.833609,0.7,1.93,2019
HD 20003 b,3.43,75.8952,814.93,0.0974,5494.0,0.921637,0.875,11.66,2019
Kepler-47 c,4.65,0.9037,267.82,0.9638,5636.0,0.936,0.957,3.17,2012
Gl 49 b,2.24,6.0291,435.99,0.0905,3805.0,0.511,0.515,5.63,2019
HD 21693 b,2.8,29.2864,656.39,0.1455,5430.0,0.914378,0.8,8.23,2019
HD 20781 c,2.17,48.6103,730.3,0.1004,5256.0,0.833609,0.7,5.33,2019
Kepler-47 d,7.04,1.7171,314.44,0.6992,5636.0,0.936,0.957,19.02,2019
LSPM J2116+0234 b,3.71,2.6063,371.68,0.0876,3475.0,0.431,0.43,13.3,2019
K2-285 e,1.95,10.5,500.9,0.18041,4975.0,0.787,0.83,10.7,2018
K2-285 d,2.48,24.61,619.9,0.1178,4975.0,0.787,0.83,6.5,2018
HD 31527 b,3.22,76.3108,832.2,0.1254,5898.0,1.073694,0.96,10.47,2019
HD 31527 d,3.46,1.8299,327.48,0.8098,5898.0,1.073694,0.96,11.82,2019
HD 21749 c,0.892,305.9425,701.0,0.0695,4640.0,0.695,0.73,3.7,2019
HD 114729 b,13.9,0.617,237.89,2.067,5844.0,1.473,0.936,262.20975,2002
K2-286 b,2.1,2.8792,347.0,0.1768,3926.0,0.62,0.64,5.06,2018
Qatar-9 b,11.309881,210.669,1134.0,0.0234,4309.0,0.696,0.719,378.2177,2019
NGTS-5 b,12.733424,101.253,952.0,0.0382,4987.0,0.739,0.661,72.78307,2019
HD 126525 b,10.3,0.2701,198.47,1.837,5638.0,0.979,0.897,75.32571,2018
HD 117207 b,13.4,0.0811,147.2,3.787,5732.0,1.074,1.053,669.34662514,2004
HD 143361 b,12.9,0.205,180.26,1.988,5507.0,0.916,0.968,1382.55357045,2008
K2-288 B b,1.9,0.4368,226.36,0.164,3341.0,0.32,0.33,4.27,2018
HATS-60 b,12.923977,903.9,1528.0,0.04708,5688.0,1.46,1.097,210.40346,2018
HD 20781 e,3.83,4.3043,398.38,0.3374,5256.0,0.833609,0.7,14.03,2019
HD 45184 c,2.91,93.3884,884.78,0.11,5869.0,1.075139,1.03,8.81,2019
HD 152079 b,13.2,0.073,147.84,4.187,5907.0,1.128,1.147,845.74563,2009
HATS-62 b,11.825495,387.4,1237.0,0.04163,5416.0,0.933,0.896,56.89157,2018
HATS-63 b,13.529263,634.1,1398.3,0.04026,5627.0,1.07,0.931,305.1168,2018
HATS-70 b,15.513256,9110.0,2730.0,0.03632,7930.0,1.881,1.78,4100.007,2019
K2-264 b,2.231,13.0794,496.0,0.05023,3660.0,0.473,0.496,5.61,2018
KMT-2016-BLG-1107L b,13.1,,,0.342,,,0.087,1043.0,2019
HD 103949 b,3.35,1.3983,302.65,0.439,4792.0,0.753113,0.77,11.2,2019
HIP 35173 b,3.61,6.4967,444.34,0.217,4881.0,0.773404,0.79,12.7,2019
HD 23127 b,13.5,0.5038,223.4,2.37,5843.0,1.49,1.208,485.32641,2006
HD 25171 b,13.9,0.2141,190.04,2.971,6125.0,1.23,1.076,290.81445,2010
HATS-65 b,16.824709,1178.0,1634.0,0.04497,6277.0,1.31,1.257,260.93843,2018
HATS-66 b,15.815899,2637.0,1998.0,0.04714,6626.0,1.841,1.411,1694.0339,2018
HD 1397 b,11.500434,356.0,1228.3,0.1097,5521.0,2.336,1.324,131.89945,2018
HD 64114 b,4.41,12.0441,518.51,0.246,5676.0,0.882858,0.95,17.8,2019
HD 206255 b,6.47,21.0939,596.48,0.461,5635.0,2.221489,1.42,34.2,2019
HD 38801 b,12.5,1.7311,287.8,1.623,5338.0,2.029,1.207,3082.31534,2009
HATS-67 b,18.887165,3821.0,2193.0,0.03032,6594.0,1.441,1.435,460.8535,2018
HATS-68 b,13.809488,1521.0,1741.0,0.05071,6147.0,1.748,1.351,410.0007,2018
Gl 378 b,3.66,38.5823,830.0,0.039435,3879.0,0.56,0.56,13.02,2019
WASP-190 b,12.89035,747.132,1500.0,0.0663,6400.0,1.6,1.35,317.83,2019
Kepler-1610 c,2.09,8.34,433.0,0.2323,5295.0,0.8,0.825,5.02,2023
XO-7 b,15.389957,1540.0,1743.0,0.04421,6250.0,1.48,1.405,225.34147,2019
HATS-55 b,14.022459,355.909,1367.0,0.05412,6214.0,1.126,1.1955,292.72143,2019
Kepler-1996 c,2.81,1.38,276.0,0.3608,4580.0,0.675,0.748,8.3,2023
Kepler-1988 b,1.53,351.79,1105.0,0.1038,6033.0,1.788,1.127,2.96,2023
TOI-813 b,6.71,23.1,610.0,0.423,5907.0,1.94,1.32,36.4,2020
GJ 433 b,2.33,5.2029,473.94,0.062,3461.0,0.5,0.48,6.043,2013
HATS-58 A b,12.273855,382.7103,1721.0,0.05798,7175.0,1.433,1.461,327.3649,2019
HR 5183 b,13.1,0.0077,171.0,18.0,5794.0,1.53,1.07,1052.01202717,2019
Kepler-1991 b,1.47,78.79,760.0,0.1065,5478.0,1.053,0.914,2.76,2023
Kepler-1471 c,1.88,118.5,841.0,0.0981,5533.0,1.166,0.934,4.19,2023
GJ 180 b,2.43,1.5359,344.43,0.092,3371.0,0.413049,0.43,6.49,2014
WASP-169 b,14.616536,1486.8579,1604.0,0.0681,6110.0,2.011,1.337,178.30263,2019
Kepler-1998 b,0.6,468.31,1187.0,0.0405,5640.0,0.921,0.962,0.156,2023
Kepler-164 e,4.24,7.99,429.0,0.4025,5888.0,1.097,0.966,16.7,2023
Kepler-1994 b,0.51,268.27,1032.0,0.053,5495.0,0.961,0.932,0.087,2023
Kepler-1984 b,6.81,48.82,675.0,0.0238,3638.0,0.42,0.45,37.3,2023
GJ 433 d,2.14,0.6312,279.71,0.178,3461.0,0.5,0.48,5.223,2020
GJ 3082 b,2.79,5.521,457.53,0.079,3910.0,0.465216,0.47,8.2,2020
WASP-175 b,13.540472,649.429,1571.0,0.04403,6229.0,1.204,1.212,314.6517,2019
Kepler-619 d,4.17,112.07,830.0,0.1021,6122.0,0.964,1.041,16.2,2023
Kepler-1126 c,1.45,2.06,305.0,0.6193,5678.0,0.921,0.794,2.7,2023
EPIC 249893012 b,1.95,1037.0,1616.0,0.047,5430.0,1.71,1.05,8.75,2020
Kepler-1661 b,3.87,0.88,243.0,0.633,5100.0,0.762,0.841,17.0,2020
OGLE-2016-BLG-1067L b,14.3,,,1.7,,,0.3,140.0,2019
Kepler-1987 c,1.33,129.44,860.0,0.0427,4769.0,0.714,0.799,2.33,2023
Kepler-1985 b,2.27,382.68,1129.0,0.0426,5370.0,0.966,0.877,5.77,2023
Kepler-1987 b,1.23,233.38,997.0,0.0318,4769.0,0.714,0.799,2.04,2023
Kepler-1801 c,2.91,4.47,371.0,0.4572,5738.0,0.981,0.936,8.8,2023
EPIC 249893012 c,3.67,160.0,990.0,0.13,5430.0,1.71,1.05,14.67,2020
EPIC 249893012 d,3.94,53.0,752.0,0.22,5430.0,1.71,1.05,10.18,2020
WASP-180 A b,13.89916,918.3877,1540.0,0.048,6600.0,1.19,1.3,286.047,2019
WASP-2 b,12.116929,492.0,1311.0,0.03144,5180.0,0.866,0.895,295.89973,2007
Kepler-949 c,2.97,27.2,582.0,0.1394,5211.0,0.895,0.817,9.11,2023
Kepler-311 d,2.05,2.71,327.0,0.7326,5903.0,1.156,0.974,4.86,2023
WASP-44 b,12.3299,533.0,1337.0,0.03453,5420.0,0.906,0.935,276.5121,2011
WASP-45 b,10.603714,294.0,1153.0,0.03963,5150.0,0.855,0.85,306.38812,2011
Kepler-1834 c,1.22,1334.22,1541.0,0.015,4821.0,0.788,0.765,1.98,2023
HATS-47 b,12.520453,87.73,852.9,0.04269,4512.0,0.6564,0.674,117.27927,2020
GJ 15 A c,6.67,0.0008,46.14,5.4,3607.0,0.38,0.38,36.0,2018
Kepler-763 c,1.42,182.9,938.0,0.0466,4999.0,0.843,0.8,2.6,2023
Kepler-347 d,3.04,12.75,482.0,0.3802,5592.0,1.451,1.0,9.48,2023
EPIC 248847494 b,12.44199,0.19,183.0,4.5,4898.0,2.7,0.9,4131.79,2018
WASP-184 b,14.90797,669.018,1480.0,0.0627,6000.0,1.65,1.23,181.1631,2019
WASP-185 b,14.01125,662.3252,1160.0,0.0904,5900.0,1.5,1.12,311.4734,2019
Kepler-290 d,0.86,1503.79,1589.0,0.0154,5142.0,0.755,0.84,0.566,2023
Kepler-549 d,4.2,27.93,586.0,0.1575,5312.0,0.986,0.859,16.4,2023
KMT-2017-BLG-0165L b,6.45,,,3.45,,,0.76,34.0,2018
Kepler-865 c,0.89,164.98,914.0,0.061,5440.0,0.885,0.782,0.64,2023
TOI-150.01,14.067295,750.922,1404.5,0.07037,6255.0,1.526,1.351,797.7533,2019
GJ 682 c,2.89,0.0646,190.08,0.176,3028.0,0.298255,0.27,8.7,2014
OGLE-2015-BLG-1649L b,13.2,,,2.07,,,0.34,807.0,2019
Kepler-2000 c,1.57,3.92,359.0,0.1228,3757.0,0.576,0.581,3.09,2023
Kepler-448 c,12.0,0.2399,184.72,4.2,6635.0,1.4,1.5,6992.26,2017
MOA-bin-29 b,14.1,,,0.48,,,0.03,190.0,2019
TOI-4562 c,12.8,0.0657,138.11,5.219,6096.0,1.152,1.192,1833.86990839,2024
HD 50554 d,1.41,42.4756,651.11,0.1831,5968.0,1.146,1.04,10.4,2026
HD 97048 b,13.3,0.0024,63.44,130.0,10000.0,2.25,2.4,794.575,2019
7 CMa b,13.4,3.7372,387.33,1.758,4826.0,4.87,1.34,587.9855,2011
Kepler-1983 b,2.33,100.13,807.0,0.0689,5135.0,0.874,0.812,6.04,2023
NGTS-8 b,12.21781,503.0,1345.0,0.035,5241.0,0.98,0.89,295.5819,2019
EPIC 205950854 c,1.31,,960.6,,5502.7,0.83,0.877,2.27,2019
7 CMa c,13.9,2.4917,350.0,2.153,4826.0,4.87,1.34,276.5121,2019
Kepler-1990 c,0.98,442.08,1170.0,0.0504,5751.0,1.071,1.028,0.904,2023
HD 220197 b,9.32,0.1332,164.22,2.729,5683.0,0.98,0.91,63.566,2018
K2-43 c,2.42,,1093.7,,3840.6,0.542,0.571,6.44,2019
Kepler-763 d,1.67,98.81,804.0,0.0634,4999.0,0.843,0.8,3.43,2023
Kepler-1162 c,1.81,6.14,401.0,0.2832,5225.0,0.859,0.861,3.93,2023
HD 213885 b,1.745,1882.94,2128.0,0.02012,5978.0,1.1011,1.068,8.83,2019
Kepler-896 c,3.15,16.56,515.0,0.1792,5510.0,0.803,0.877,10.1,2023
Kepler-1982 b,0.77,638.38,1282.0,0.0511,6202.0,1.122,1.213,0.381,2023
HD 213885 c,4.71,426.5327,1265.4,0.056798,5978.0,1.1011,1.068,19.95,2019
HAT-P-69 b,18.786284,2320.18,1930.0,0.06555,7394.0,1.926,1.648,1137.8314,2019
Kepler-2000 b,2.73,18.73,530.0,0.0562,3757.0,0.576,0.581,7.9,2023
TOI-763 c,2.63,64.3196,800.0,0.1011,5450.0,0.897,0.917,9.32,2020
TOI-905 b,13.125739,337.0,1192.0,0.04666,5570.0,0.918,0.968,211.99261,2020
TOI-564 b,11.43318,1423.0,1714.0,0.02734,5640.0,1.088,0.998,464.98529,2020
Kepler-29 b,2.55,55.9,777.0,0.08482,5378.0,0.732,0.761,5.0,2011
Kepler-1674 b,3.2057749,7.13,417.0,0.3017,5473.91,0.877273,0.96,10.4,2020
Kepler-1675 b,3.12483349,11.8,465.0,0.32185,5853.19,1.12865,1.06,9.93,2020
HD 108236 b,1.615,312.1807,1099.0,0.04527,5660.0,0.877,0.869,3.24,2020
HD 164922 c,3.66,6.29,400.5,0.341,5390.0,0.946,0.926,13.0,2016
KMT-2019-BLG-0842L b,3.19,,,3.31,,,0.76,10.28,2020
HD 108236 e,3.083,35.0031,636.0,0.1367,5660.0,0.877,0.869,9.71,2020
WASP-150 b,11.99363,854.7074,1460.0,0.0694,6218.0,1.651,1.394,2688.8418,2020
NGTS-13 b,12.800678,1096.0,1605.0,0.0549,5819.0,1.788,1.3,1538.2972,2021
MOA-2009-BLG-319L b,9.64,,,2.03,,,0.524,67.3,2010
Kepler-1685 b,2.57673985,36.01,625.0,0.1485,5484.0,0.835451,0.96,7.16,2020
Kepler-1686 b,1.42553017,167.2,913.0,0.08827,5714.96,1.19951,1.02,2.62,2020
KMT-2016-BLG-2397L b,13.2,,,3.64,,,0.64,836.0,2020
OGLE-2017-BLG-0604L b,14.2,,,4.06,,,0.7,160.0,2020
OGLE-2017-BLG-1375L b,12.4,,,3.04,,,0.81,3585.0,2020
NGTS-14 A b,4.976796,191.782,1143.0,0.0403,5187.0,0.842,0.898,29.24036,2021
HD 13808 b,3.35,33.2278,661.56,0.10519,5035.0,0.781,0.771,11.2,2021
OGLE-2015-BLG-1771L b,14.3,,,0.85,,,0.077,138.0,2020
OGLE-2018-BLG-1700L b,12.9,,,2.8,,,0.42,1400.0,2020
Kepler-1687 b,1.65623882,30.22,598.0,0.0532,4132.0,0.726119,0.65,3.38,2020
Kepler-1689 b,0.94678642,149.3,879.0,0.0784,5731.43,0.996208,1.023,0.799,2020
Kepler-462 b,3.0,31.269,611.0,0.4172,7500.0,1.57,1.59,53.9,2016
HD 4760 b,12.3,654.9231,1198.67,1.14,4076.0,42.4,1.05,4417.837,2021
HD 110113 c,2.11384817,199.9,990.0,0.068,5732.0,0.968,0.997,10.5,2021
HD 96992 b,13.7,19.1936,557.72,1.24,4725.0,7.43,0.96,362.3262,2021
KMT-2018-BLG-1292L b,12.9,,,6.03,,,1.09,1400.0,2020
OGLE-2012-BLG-0838L b,8.39,,,4.43,,,0.4,53.1,2020
Kepler-1691 b,1.83470985,641.53,1283.0,0.0495,6000.0,1.13152,1.11,4.02,2020
Kepler-1692 b,1.11177184,153.48,897.0,0.0646,5146.0,0.866139,0.87,1.42,2020
EPIC 201170410.02,1.047,10.3359,500.03,0.0349,3648.0,0.282,0.287,1.15,2020
Kepler-160 d,,34.9481,676.54,0.17,5471.0,1.118,1.003,100.0,2020
Kepler-160 c,3.76,84.848,771.0,0.1192,5471.0,1.118,1.003,13.6,2014
Kepler-1694 b,1.17986031,197.66,956.0,0.0449,4954.0,0.756284,0.82,1.76,2020
Kepler-716 c,1.39281536,151.8,992.0,0.04548,5012.0,0.742183,0.83,2.52,2020
EPIC 201757695.02,0.90819,494.202,1025.29,0.0296,4520.0,0.655,0.727,0.688,2020
HD 110082 b,3.2,198.3948,957.2,0.113,6200.0,1.19,1.21,10.3,2021
Kepler-1664 b,3.03320653,85.46,776.0,0.1137,5735.81,1.072,0.944,9.45,2020
Kepler-1001 c,1.57799279,72.4,804.0,0.08296,5376.0,0.836475,0.93,3.11,2020
TOI-954 b,9.550068,1393.0,1526.0,0.04963,5710.0,1.892,1.201,55.30242,2020
K2-329 b,8.675766,45.7,650.0,0.1016,5282.0,0.822,0.901,82.6358,2020
HATS-49 b,8.574885,80.45,834.8,0.04515,4405.0,0.6977,0.7133,112.19399,2020
TYC 8998-760-1 c,12.3299,0.0,1240.0,320.0,4573.0,1.02,1.0,1906.98,2020
Wendelstein-1 b,11.5609626,113.6142,2198.0,0.0282,4251.0,0.61,0.65,188.15536,2020
MOA-2013-BLG-220L b,13.2,,,3.03,,,0.88,871.0,2014
KMT-2016-BLG-1836L b,13.3,,,3.5,,,0.49,700.0,2019
OGLE-2013-BLG-0911L b,12.5,,,0.39,,,0.29,3020.0,2019
BD-11 4672 c,4.04,1.7444,320.21,0.3,4550.0,0.639,0.651,15.37,2020
BD-11 4672 b,14.1,0.0282,114.17,2.36,4550.0,0.639,0.651,206.5895,2014
HIP 65 A b,22.75427,661.0,1411.0,0.01782,4590.0,0.7242,0.781,1021.18779,2020
TOI-481 b,11.09691,253.126,1370.0,0.097,5735.0,1.66,1.14,486.2799,2020
TIC 237913194 b,12.520453,83.3856,974.0,0.1207,5788.0,1.088,1.026,617.22586,2020
OGLE-2016-BLG-1227L b,13.9,,,3.4,,,0.1,250.0,2020
TOI-157 b,14.414774,1062.0,1588.0,0.03138,5404.0,1.167,0.948,375.0394,2020
TOI-169 b,12.172974,1443.0,1715.0,0.03524,5880.0,1.288,1.147,251.40353,2020
Kepler-1700 b,2.90129941,2.2,329.0,0.76094,6031.0,1.0937,1.12,8.76,2020
Kepler-1666 b,2.88273782,48.23,672.0,0.1761,6293.0,1.14586,1.23,8.66,2020
Gl 686 b,2.46,3.5638,379.0,0.091,3656.0,0.427,0.426,6.624,2018
HD 180617 b,3.53,0.2751,201.8,0.343,3534.0,0.481,0.484,12.214,2018
HD 158259 e,2.34,,,,5801.89,1.21,1.08,6.08,2020
HD 158259 c,2.23,,,,5801.89,1.21,1.08,5.6,2020
HATS-37 A b,6.792654,229.7,1085.0,0.04913,5326.0,0.877,0.843,31.46517,2020
GJ 687 b,4.32,0.801,263.65,0.163,3413.0,0.4183,0.4,17.2,2014
GJ 2056 b,4.17,1.5537,310.74,0.283,4069.95,0.709495,0.62,16.2,2020
TOI-237 b,1.44,3.7,388.0,0.0341,3212.0,0.211,0.179,2.67,2020
HD 216520 c,3.03,1.2669,295.22,0.528,5103.0,0.76,0.82,9.44,2020
CoRoT-30 b,11.309881,89.2872,894.6,0.0844,5650.0,0.91,0.98,921.707,2020
CoRoT-31 b,16.36514,727.7611,1664.86,0.0586,5700.0,2.15,1.25,266.9772,2020
HIP 38594 b,2.77,1.3216,308.29,0.256,4086.3,0.626646,0.61,8.1,2020
WASP-186 b,12.44199,853.1355,1378.4,0.06,6361.0,1.47,1.22,1341.2426,2020
Kepler-29 c,2.34,34.4,715.0,0.10027,5378.0,0.732,0.761,4.5,2011
Kepler-783 c,2.33153725,113.3,840.0,0.06903,5411.49,0.872088,0.94,6.04,2020
Kepler-1667 b,2.98385261,9.3,655.0,0.35905,5941.54,1.08751,1.09,9.19,2020
HIP 4845 b,3.89,2.9859,358.21,0.176,4010.0,0.603999,0.62,14.4,2020
HIP 48714 b,5.11,5.5708,446.47,0.112,4015.5,0.595456,0.58,22.9,2020
TOI-251 b,2.74,277.7462,1041.19,0.05741,5875.0,0.881,1.036,317.83,2021
HAT-P-68 b,12.016048,184.8,1027.8,0.02996,4508.0,0.6701,0.6785,230.10892,2020
Kepler-177 b,3.5,30.4,549.0,0.21101,5732.0,1.324,0.921,5.84,2013
Kepler-36 b,1.498,247.0,978.0,0.11419,5979.0,1.634,1.034,3.83,2012
KOI-1783.01,8.86,5.7,412.0,0.52661,5922.0,1.143,1.076,71.0,2020
Kepler-1668 b,4.34764405,63.79,721.0,0.124,5542.0,1.01738,0.98,17.4,2020
Kepler-598 c,3.02420941,3.7,367.0,0.36672,5245.0,0.900316,0.9,9.4,2020
KMT-2019-BLG-1953L b,14.1,,,,,,0.31,200.0,2020
Kepler-1514 c,1.1758241,193.0,1066.0,0.0997,6145.0,1.289,1.196,1.74,2020
KOI-1783.02,5.44,2.49,321.0,0.86695,5922.0,1.143,1.076,15.0,2020
HD 156668 c,6.17,0.1169,166.08,1.57,4903.69,0.774528,0.785167,31.49679513,2021
HD 211403 b,12.8,3.44,380.0,0.768,6273.0,1.206,1.2,1760.76937478,2021
K2-344 b,1.59,37.2966,722.0,,4374.0,0.49,0.51,3.15,2021
HD 24040 c,9.35,1.1163,287.75,1.3,5776.49,1.387296,1.10394,63.88350981,2021
HD 3765 b,8.56,0.0863,152.85,2.108,5049.8,0.83061,0.851785,54.98431441,2021
HD 213472 b,13.1,0.0114,91.76,13.0,5729.54,1.433902,1.048132,1112.3994245,2021
K2-348 c,2.67,,655.0,,5077.0,0.85,0.83,7.61,2021
CD Cet b,1.82,8.6,464.0,0.0185,3130.0,0.175,0.161,3.95,2020
G 264-012 b,1.39,20.5,587.0,0.02279,3326.0,0.305,0.297,2.5,2021
K2-352 d,2.23,,727.0,,5791.0,0.95,0.98,5.6,2021
K2-339 b,1.92,,508.0,,4857.0,0.72,0.74,4.35,2021
K2-282 b,2.5,245.0004,1057.0,0.0499,5499.0,1.0,0.94,6.8,2018
K2-156 b,1.1,654.0363,1347.0,0.0149,4460.0,0.62,0.66,1.37,2018
TOI-257 b,7.16253867,186.0,1027.0,0.1528,6095.0,1.867,1.407,43.86032017,2021
HAT-P-58 b,14.93036229,1146.0,1622.0,0.04994,6078.0,1.53,1.031,118.2321674,2021
HAT-P-59 b,12.58768533,441.4,1277.8,0.05064,5678.0,1.1038,1.008,489.45574678,2021
K2-268 d,1.49,,888.0,,5106.0,0.78,0.84,2.83,2021
TOI-269 b,2.77,19.0,531.0,0.0345,3514.0,0.398,0.3917,8.8,2021
K2-268 f,2.23,,492.0,,5106.0,0.78,0.84,5.6,2021
K2-187 b,1.2,2367.252,1815.0,0.0164,5438.0,0.83,0.966999,1.87,2018
K2-210 b,0.86,,,,5500.0,0.89,0.911717,0.566,2018
K2-32 b,5.299,79.5,837.0,0.0795,5271.0,0.86,0.83,15.0,2016
K2-32 e,1.212,210.7222,1066.0,0.04899,5271.0,0.86,0.83,2.1,2019
HAT-P-64 b,19.08889413,1611.0,1766.0,0.05387,6457.0,1.735,1.298,184.34047606,2021
Kepler-129 c,2.52,17.554,525.0,0.39,5770.0,1.653,1.178,43.0,2014
K2-331 b,1.79,,909.0,,5994.0,1.06,1.1,3.86,2021
EPIC 228836835 b,1.1,,932.0,,3782.0,0.32,0.418179,1.37,2021
K2-223 c,1.5,305.7945,1091.0,0.0549,5859.0,1.0,1.06,2.86,2018
K2-32 c,3.134,26.2,634.0,0.13843,5271.0,0.86,0.83,8.1,2016
K2-32 d,3.484,14.8,550.0,0.18422,5271.0,0.86,0.83,6.7,2016
KIC 10068024 b,13.4,,,,6118.4,1.574,1.22,635.656814,2021
K2-350 b,1.54,,1158.0,,5789.0,1.04,0.98,2.99,2021
K2-353 b,5.55,33.0649,735.0,,5698.0,0.99,0.87,26.3,2021
K2-137 b,0.64,975.5731,1471.0,0.0058,3697.0,0.29,0.463,158.915,2017
EPIC 206042996 b,1.7,,,,4114.0,0.5,0.565,3.53,2019
NGTS-15 b,12.32987877,425.0,1146.0,0.0441,5600.0,0.954,0.995,238.68913366,2021
K2-354 b,1.56,,543.0,,3669.0,0.41,0.43,3.05,2021
K2-330 b,2.77,114.929,969.0,,6232.0,1.5,1.23,8.1,2021
TOI-1333 b,15.647764,1112.85,1679.0,0.0626,6274.0,1.925,1.464,753.2571,2021
HD 238090 b,2.52,8.1,469.6,0.0932,3933.0,0.57,0.578,6.89,2020
NGTS-18 b,13.56286665,845.0,1381.0,0.0448,5610.0,1.392,1.003,129.99181846,2021
HD 136352 b,1.664,111.6,905.0,0.0964,5664.0,1.058,0.87,4.72,2019
K2-336 b,1.22,,569.0,,5424.0,0.8,0.86,1.98,2021
GJ 414 A b,2.63,2.2033,308.6,0.2324,4120.0,0.68,0.65,7.6,2021
BD+55 362 b,14.0,0.7996,259.06,0.78,5012.0,0.896193,0.909,228.83645304,2021
HD 136352 d,2.562,5.74,431.0,0.425,5664.0,1.058,0.87,8.82,2019
K2-337 b,2.62,,850.0,,5869.0,1.32,0.94,7.37,2021
K2-138 c,2.299,279.0,1012.0,0.04461,5356.3,0.863,0.935,6.31,2017
KOI-1831 d,1.13,11.8,475.0,0.19924,5233.0,0.835,0.901,2.23,2018
K2-340 b,3.36,,606.0,,5532.0,1.13,0.93,11.2,2021
K2-138 d,2.39,160.0,888.0,0.05893,5356.3,0.863,0.935,7.92,2017
K2-138 e,3.39,91.1,757.0,0.0782,5356.3,0.863,0.935,12.97,2017
EPIC 212297394 c,2.27,,866.0,,5171.0,0.8,0.83,5.77,2021
K2-138 f,2.904,51.0,653.0,0.10447,5356.3,0.863,0.935,1.63,2017
K2-100 b,3.88,1915.0,1841.0,0.0301,5945.0,1.24,1.15,21.8,2016
TOI-2202 c,13.4,16.431,560.61,0.15544,5144.0,0.794,0.823,117.27868218,2021
KMT-2019-BLG-1715L b,13.2,,,3.32,,,0.61,813.64072192,2021
K2-349 b,1.38,,518.0,,4385.0,0.49,0.54,2.48,2021
K2-350 c,2.74,,687.0,,5789.0,1.04,0.98,7.95,2016
K2-351 b,2.54,,934.0,,5769.0,1.05,1.02,6.99,2021
GJ 740 b,1.53,79.0,829.0,0.029,3913.0,0.56,0.58,2.96,2021
HD 60292 b,12.7,110.1333,889.53,1.5,4348.0,27.0,1.7,2065.895,2020
TOI-1749 b,1.39,83.8379,831.0,0.0291,3985.0,0.55,0.58,57.0,2021
TOI-1749 d,2.52,14.2074,533.0,0.0707,3985.0,0.55,0.58,15.0,2021
KMT-2018-BLG-1025L b,2.34,,,1.305,,,0.219,6.059,2021
K2-185 b,1.15,,809.0,,5788.0,0.94,0.96,1.6,2018
EPIC 212587672 c,2.32,,658.0,,6004.0,0.98,0.99,5.99,2021
HD 221420 b,12.0,0.0389,123.49,10.15,5847.0,1.947,1.351,7278.2705203,2019
K2-185 c,2.39,,477.0,,5788.0,0.94,0.96,6.3,2018
TOI-1201 b,2.415,40.6,703.0,0.0287,3476.0,0.508,0.512,6.28,2021
HD 136925 b,13.9,0.0518,134.25,5.13,5773.19,1.193078,0.875104,266.97586188,2021
HD 109286 b,13.2,0.709,259.4,1.259,5694.0,1.089,0.98,950.30693693,2021
Kepler-1771 b,4.05537256,5.51,391.0,0.3815,5661.0,0.934,0.941,15.5,2021
Kepler-1786 b,3.16305828,10.7,501.0,0.35722,5808.0,1.397,1.058,10.1,2021
Kepler-1834 b,1.4593834,105.2,848.0,0.04911,4821.0,0.788,0.765,2.73,2021
TOI-559 b,12.22899794,404.915,1180.0,0.0723,5925.0,1.233,1.026,1910.14872607,2021
Kepler-418 c,5.22108654,107.6,835.0,0.10632,5822.0,1.081,0.957,23.7,2021
Kepler-1801 b,2.70926154,111.52,829.0,0.0915,5738.0,0.981,0.936,7.8,2021
Kepler-1838 b,1.66049425,271.6,1097.0,0.11082,5877.0,1.963,1.187,3.4,2021
Kepler-1839 b,1.9493759,286.32,1049.0,0.0583,5926.0,0.939,1.03,4.46,2021
TOI-530 b,9.30345398,14.259,565.0,0.052,3659.0,0.54,0.53,127.1313628,2021
Kepler-1749 b,1.61301783,7.34,420.0,0.0956,3957.0,0.553,0.551,3.23,2021
Kepler-1841 b,1.48912557,20.35,542.0,0.1606,5190.0,0.899,0.823,2.82,2021
Kepler-1842 b,2.35388681,108.07,822.0,0.116,5970.0,1.131,1.057,6.14,2021
HAT-P-43 b,13.63,521.877,1353.0,0.0444,5693.0,1.08,1.03,210.395,2012
Kepler-1742 b,2.1782413,10.73,462.0,0.2587,5776.0,0.849,0.939,5.38,2021
Kepler-1743 b,1.59887007,515.0,1144.0,0.084,5855.0,1.613,1.266,3.18,2021
Kepler-1741 b,1.273,33.79,615.0,0.0296,3683.0,0.424,0.454,2.16,2021
Kepler-1810 b,3.91815325,4.91,380.0,0.4137,5492.0,1.016,0.921,14.6,2021
Kepler-1812 b,2.3249424,270.34,1034.0,0.0765,6174.0,1.103,1.162,6.01,2021
Kepler-1845 b,2.43836702,27.47,584.0,0.0885,4703.0,0.701,0.686,6.52,2021
Kepler-1716 b,2.4247685,6.3,408.0,0.18836,4894.0,0.684,0.753,6.46,2021
K2-95 b,3.31,8.4172,474.0,0.0525,3566.0,0.4,0.41,11.0,2016
Kepler-1746 b,8.93504475,3.4,310.0,0.94082,6018.0,1.286,1.09,59.1,2021
Kepler-1745 b,1.92872921,1044.49,1449.0,0.0408,5611.0,1.4,0.995,4.38,2021
Kepler-1814 b,2.36961357,216.9,1022.0,0.03765,4922.0,0.823,0.79,6.21,2021
Kepler-1813 b,1.413,298.2,1059.0,0.0364,5167.0,0.787,0.812,2.58,2021
Kepler-1815 b,2.7489262,80.01,763.0,0.0984,5516.0,0.967,0.856,7.99,2021
Kepler-1856 b,1.73447868,772.73,1344.0,0.0215,4948.0,0.816,0.782,3.66,2021
K2-101 b,2.0,20.1207,618.0,0.1124,4927.0,0.76,0.82,4.66,2016
Kepler-1669 c,1.90120972,199.28,958.0,0.0228,4224.0,0.603,0.609,4.27,2021
Kepler-1165 c,3.36093385,40.76,644.0,0.1969,6249.0,1.076,1.13,11.2,2021
Kepler-1816 b,1.9679397,2.0,310.0,0.35647,5051.0,0.706,0.786,4.53,2021
Kepler-1847 b,2.74516914,119.44,843.0,0.0989,6122.0,0.964,1.041,7.97,2021
K2-355 b,2.25,192.2722,1066.0,0.0632,5790.0,0.92,0.96,5.69,2021
K2-356 b,2.29,22.3128,624.0,0.1599,5568.0,0.86,0.9,5.86,2021
Kepler-1757 b,2.94660251,21.5,549.0,0.1335,5288.0,0.74,0.828,8.99,2021
Kepler-1758 b,2.57059831,93.64,1028.0,0.0919,5557.0,1.616,1.035,7.13,2021
Kepler-1819 b,3.90351256,78.99,760.0,0.1337,6090.0,1.071,1.173,14.5,2021
Kepler-1817 b,2.27349126,10.85,463.0,0.2348,5316.0,0.915,0.878,5.79,2021
K2-357 b,3.72,40.8918,735.0,0.145,5794.0,1.0,0.98,13.4,2021
K2-358 b,2.68,92.6053,888.0,0.0863,5650.0,0.91,0.93,7.65,2021
Kepler-1731 b,2.93295657,13.3,486.0,0.1399,4859.0,0.72,0.781,8.92,2021
Kepler-1762 b,2.76022913,61.49,714.0,0.204,6572.0,1.238,1.298,8.05,2021
Kepler-1820 b,3.11883067,23.41,561.0,0.1964,5841.0,0.931,1.047,9.9,2021
Kepler-1821 b,2.59248115,40.61,644.0,0.1244,5475.0,0.884,0.946,7.24,2021
Kepler-1788 b,2.37850461,197.81,956.0,0.0343,4786.0,0.704,0.686,6.25,2021
Kepler-1859 b,1.58313575,1056.15,1455.0,0.0394,5887.0,1.235,1.09,3.13,2021
Kepler-1860 b,1.13863767,56.3,697.0,0.10625,5420.0,0.868,0.874,1.55,2021
K2-184 b,1.47,14.0501,533.0,0.1685,5245.0,0.75,0.84,2.76,2018
Kepler-1712 b,2.28372556,5.52,391.0,0.0903,3732.0,0.509,0.515,5.83,2021
Kepler-1763 b,1.14651332,2597.27,1822.0,0.0257,5897.0,1.259,1.026,1.59,2021
Kepler-1764 b,4.55527871,16.17,511.0,0.3512,6461.0,1.131,1.162,18.8,2021
Kepler-1790 b,3.1446145,49.2,682.0,0.20989,5866.0,1.367,1.02,10.0,2021
Kepler-1791 b,3.12103321,257.14,1021.0,0.0761,5887.0,1.177,0.985,9.91,2021
EPIC 220554210 c,1.6,,,,5499.0,1.0,0.94,3.19,2019
K2-273 b,3.05,83.5129,849.0,0.0729,5161.0,0.85,0.89,9.53,2018
K2-104 b,1.79,62.1,798.0,0.0242,3712.0,0.48,0.51,3.86,2016
Kepler-1792 b,2.51990972,283.78,1047.0,0.0488,5229.0,1.005,0.878,6.89,2021
Kepler-1090 c,3.29265785,13.8,496.0,0.22622,5330.0,1.013,0.869,10.9,2021
EPIC 220492298 b,0.99,,,,5620.0,0.89,0.95,0.937,2021
EPIC 206024342 c,1.4,,,,5724.0,1.1,0.928,2.54,2021
Kepler-1760 b,2.28995546,12.56,480.0,0.2084,5229.0,0.903,0.821,5.86,2021
Kepler-1777 b,2.13189678,71.3,819.0,0.10301,5771.0,1.068,0.984,5.19,2021
K2-275 c,2.21,45.7572,653.0,0.0881,4841.0,0.69,0.77,5.52,2018
K2-275 b,2.34,161.2476,1166.0,0.0277,4841.0,0.69,0.77,6.08,2018
Kepler-1775 b,3.64762153,9.9,522.0,0.39565,5818.0,1.647,1.149,12.9,2021
Kepler-1797 b,3.05774442,51.68,684.0,0.1637,6244.0,1.009,1.069,9.58,2021
Kepler-1798 b,2.30911251,6.52,408.0,0.1082,3967.0,0.587,0.593,5.94,2021
TIC 172900988 b,11.25,5.7522,361.24,0.90281,6050.0,1.3842,1.2384,942.0,2021
HD 93385 d,2.89,24.471,619.44,0.2565,5977.0,1.18484,1.04,8.7,2021
OGLE-2018-BLG-0567L b,12.3,,,2.72,,,0.25,101.70509024,2021
OGLE-2018-BLG-0962L b,13.6,,,3.59,,,0.54,425.89006538,2021
Kepler-487 d,2.77513568,550.8,1226.0,0.03445,5422.0,0.887,0.874,8.12,2021
Kepler-1822 b,2.64755943,15.65,507.0,0.1416,5165.0,0.702,0.782,7.5,2021
Kepler-1823 b,2.0861268,78.0,718.0,0.15332,6000.0,1.126,1.068,5.0,2021
HD 96700 c,1.69,69.413,808.42,0.141,5845.0,1.16,0.89,3.5,2021
HD 96700 d,3.61,7.6762,466.19,0.424,5845.0,1.16,0.89,12.7,2021
TOI-2257 b,2.194,0.6703,256.0,0.145,3430.0,0.313,0.328,5.45,2021
Kepler-1769 b,4.465,8.9,483.0,0.40598,6071.0,1.295,1.061,18.2,2021
Kepler-1778 b,3.01665969,186.14,942.0,0.0956,6310.0,1.095,1.143,9.36,2021
Kepler-1824 b,2.38127597,7.45,421.0,0.4267,6002.0,1.081,1.135,6.26,2021
HD 189567 b,2.85,171.2523,845.16,0.111,5726.0,1.04,0.83,8.5,2021
HD 189567 c,2.54,54.3688,634.41,0.197,5726.0,1.04,0.83,7.0,2021
HD 137496 c,12.6,1.5713,370.0,1.2163,5799.0,1.59,1.04,2434.56559762,2021
Kepler-1782 b,2.22927435,86.0,773.0,0.05825,4931.0,0.734,0.794,5.6,2021
Kepler-1784 b,2.79936489,64.8,724.0,0.1072,5442.0,0.974,0.887,8.24,2021
Kepler-1828 b,2.11598626,96.27,799.0,0.0924,5806.0,0.899,0.996,5.13,2021
Kepler-1829 b,2.47887001,129.37,860.0,0.0559,5230.0,0.777,0.873,6.71,2021
Kepler-1776 b,2.61157023,29.9,603.0,0.2093,5872.0,1.153,1.041,7.33,2021
Kepler-1709 b,3.12424875,11.7,472.0,0.32704,5918.0,1.043,1.003,9.93,2021
Kepler-1833 b,1.30027362,439.2,1177.0,0.07545,6164.0,1.446,1.286,2.24,2021
TOI-3362 b,12.80065596,37.2117,688.0,0.153,6532.0,1.83,1.445,1598.3590588,2021
Kepler-1738 b,2.82472883,198.67,957.0,0.0781,6063.0,1.001,1.079,8.37,2021
Kepler-1739 b,2.43056832,117.5,839.0,0.0697,5757.0,0.762,0.865,6.48,2021
Kepler-1924 b,2.65446572,107.44,821.0,0.1216,5726.0,1.285,1.018,7.53,2021
Kepler-1925 b,3.00177922,18.74,531.0,0.2588,5856.0,1.092,1.057,9.28,2021
HATS-76 b,12.09449018,129.8,939.8,0.02658,4016.0,0.6259,0.662,835.570882,2021
Kepler-1130 d,0.64472273,221.4,981.0,0.05068,5450.0,0.842,0.944,0.202,2021
Kepler-1802 c,2.322,3.86,357.0,0.1748,4245.0,0.637,0.649,6.0,2021
Kepler-1942 b,2.1170287,247.34,1012.0,0.0516,5834.0,0.797,0.852,5.13,2021
Kepler-1943 b,1.54869189,724.2,1098.0,0.05975,6032.0,0.973,1.055,3.02,2021
Kepler-1927 b,3.40627075,34.7,677.0,0.38733,6056.0,2.481,1.408,11.5,2021
Kepler-1722 b,2.86719266,76.14,753.0,0.0819,5506.0,0.788,0.876,8.58,2021
HD 69123 b,13.1,4.7903,411.78,2.482,4842.0,7.72,1.68,982.08977763,2022
Kepler-1266 c,1.68023962,110.4,881.0,0.0506,4996.0,0.831,0.791,3.46,2021
Kepler-394 d,1.50066814,302.0,1165.0,0.05904,6398.0,1.101,1.141,2.86,2021
Kepler-1944 b,2.75971163,97.62,801.0,0.0918,5585.0,0.972,1.064,8.05,2021
Kepler-1945 b,1.289,100.72,808.0,0.0597,4991.0,0.804,0.767,2.21,2021
Kepler-1946 b,2.48812698,403.53,1143.0,0.0394,5505.0,0.873,0.887,6.75,2021
Kepler-1929 b,3.07250761,37.2,566.0,0.30883,5786.0,1.471,1.006,9.65,2021
Kepler-913 c,3.8580709,122.82,1357.0,0.0699,6068.0,1.797,1.294,14.2,2021
Kepler-324 e,2.03862444,38.9,635.0,0.10972,5191.0,0.826,0.844,235.014,2021
Kepler-1727 b,3.17321625,77.75,757.0,0.0796,5349.0,0.82,0.824,10.2,2021
Kepler-1931 b,2.65323514,51.7,619.0,0.23329,6167.0,1.221,1.174,7.53,2021
Kepler-1530 d,3.27870115,69.2,972.0,0.08276,5678.0,1.303,1.015,10.8,2021
Kepler-1932 b,1.51482218,2799.9,1891.0,0.0123,5278.0,0.815,0.911,2.91,2021
YZ Cet b,0.913,8.21,471.2,0.01634,3151.0,0.157,0.142,0.7,2017
YZ Cet c,1.05,4.72,410.3,0.02156,3151.0,0.157,0.142,1.14,2017
Kepler-281 d,5.93747806,2.51,321.0,0.5456,5717.0,0.884,0.984,654.0,2021
Kepler-495 c,1.21936414,108.13,1000.0,0.0614,5392.0,1.087,0.888,1.98,2021
Kepler-501 c,1.68119739,683.84,1304.0,0.0467,5794.0,1.216,1.032,3.47,2021
Kepler-196 d,2.66065673,1.8,297.0,0.4545,5132.0,0.77,0.805,7.56,2021
Kepler-1950 b,1.52696349,75.83,752.0,0.0871,5455.0,0.852,0.759,2.95,2021
Kepler-1899 b,1.55098292,124.3,851.0,0.0457,4791.0,0.742,0.759,3.02,2021
Kepler-1869 b,1.11955354,138.5,865.0,0.07976,5808.0,0.902,0.987,1.46,2021
Kepler-1312 c,1.02732734,1770.2,1659.0,0.02103,5721.0,0.905,0.983,1.07,2021
Kepler-1952 b,1.23923346,65.27,725.0,0.1724,5973.0,1.305,0.922,2.07,2021
Kepler-1728 b,2.95501875,145.48,886.0,0.0535,5170.0,0.807,0.891,9.04,2021
Kepler-1926 b,2.31495961,9.8,451.0,0.2197,5256.0,0.832,0.768,5.97,2021
Kepler-1729 b,3.89404186,29.68,595.0,0.0418,3837.0,0.517,0.544,14.4,2021
Kepler-1972 b,0.802,341.3,1084.0,0.08006,5818.0,1.384,1.12,2.02,2022
Kepler-1321 d,2.62843782,15.84,509.0,0.0501,3640.0,0.503,0.513,7.41,2021
Kepler-1600 c,1.94206512,84.7,786.0,0.06961,5119.0,0.834,0.818,4.43,2021
Kepler-1954 b,1.80235934,192.09,949.0,0.0625,5840.0,0.849,0.942,3.9,2021
Kepler-1730 b,4.48524519,113.75,833.0,0.1131,5942.0,1.142,1.009,18.4,2021
Kepler-1721 b,3.11856756,172.6,924.0,0.0519,5351.0,0.796,0.89,9.9,2021
Kepler-1887 b,2.92454357,36.14,625.0,0.1421,5749.0,0.864,0.961,8.88,2021
Kepler-1958 b,2.05124311,99.6,806.0,0.0856,5749.0,0.864,0.961,4.86,2021
Kepler-1726 b,2.50861954,24.0,582.0,0.12794,5316.0,0.804,0.876,6.84,2021
Kepler-1723 b,2.88046569,24.54,568.0,0.2249,6072.0,1.01,0.96,8.65,2021
Kepler-1705 b,2.03,91.74,789.0,0.08,6312.0,1.259,1.139,4.47,2021
OGLE-2019-BLG-0960L b,1.39,,,1.9,,,0.5,2.5,2021
Kepler-1890 b,0.86867375,493.0,1328.0,0.05712,6046.0,1.396,1.024,0.587,2021
Kepler-1892 b,1.83707938,108.04,822.0,0.0633,5383.0,0.759,0.851,4.03,2021
Kepler-1959 b,1.14315727,102.25,811.0,0.0617,5071.0,0.811,0.768,1.57,2021
Kepler-1960 b,1.30749704,1352.14,1547.0,0.0354,6371.0,1.072,1.117,2.26,2021
Kepler-457 d,2.98467257,244.47,1008.0,0.0996,6474.0,1.242,1.148,9.19,2021
Kepler-633 c,2.296,115.4,725.0,0.16246,5877.0,1.265,0.997,5.89,2021
Kepler-1861 b,2.20677414,31.5,617.0,0.24082,5855.0,1.373,1.161,5.5,2021
Kepler-1863 b,2.26309256,41.5,508.0,0.23678,5871.0,0.983,1.097,5.74,2021
Kepler-1895 b,2.11934728,91.45,789.0,0.0615,5076.0,0.763,0.86,5.14,2021
Kepler-1911 b,1.011,223.93,987.0,0.0636,5721.0,0.972,0.954,1.01,2021
Kepler-1865 b,1.57686072,495.14,1203.0,0.0344,5420.0,0.871,0.849,3.11,2021
Kepler-1866 b,2.08215108,114.36,834.0,0.1016,5791.0,1.083,1.03,4.99,2021
Kepler-1897 b,2.81407954,15.43,505.0,0.1546,5165.0,0.761,0.859,8.32,2021
Kepler-1896 b,3.09935997,19.5,536.0,0.2529,6122.0,0.996,1.07,9.8,2021
Kepler-1967 b,0.73022577,57.1,1086.0,0.06686,4970.0,1.806,0.996,0.315,2021
b Cen AB b,12.4,,,556.0,,,5.5,3464.3296363,2021
OGLE-2018-BLG-0532L b,2.37,,,1.064,,,0.195,6.228,2020
Kepler-1867 b,1.15985997,82.32,768.0,0.0872,5693.0,0.816,0.911,1.65,2021
Kepler-1868 b,3.14950109,0.5,215.0,0.62348,4658.0,0.686,0.743,10.1,2021
Kepler-1903 b,2.28642395,82.56,769.0,0.1321,6347.0,0.996,1.053,5.85,2021
Kepler-1969 b,1.68161001,235.89,999.0,0.0717,6046.0,1.007,1.111,3.47,2021
Kepler-1968 b,1.50004034,72.16,744.0,0.0696,5008.0,0.788,0.844,2.86,2021
Kepler-1871 b,2.42172881,917.15,1403.0,0.0308,5741.0,0.946,1.02,6.44,2021
Kepler-1872 b,2.38421141,241.25,1005.0,0.0465,5223.0,0.885,0.913,6.28,2021
Kepler-1906 b,2.77615754,155.72,901.0,0.0738,5868.0,0.894,0.987,8.13,2021
Kepler-1907 b,0.86973029,75.0,856.0,0.05444,5159.0,0.8,0.752,0.589,2021
Kepler-1913 b,1.51852059,105.7,818.0,0.1209,6214.0,1.076,1.169,2.92,2021
HD 79181 b,14.1,76.0617,821.87,0.9,4862.0,11.06,1.28,203.41018048,2021
HD 10975 b,14.3,68.2992,799.92,0.95,4840.0,11.16,1.41,143.02278315,2021
HD 99283 b,13.8,55.3069,759.06,1.08,4886.0,11.21,1.76,308.29355479,2021
Kepler-1873 b,1.62573811,2412.15,1787.0,0.0128,5151.0,0.792,0.903,3.28,2021
Kepler-1874 b,2.21110724,3.79,356.0,0.2633,4701.0,0.775,0.758,5.52,2021
Kepler-1909 b,1.09217411,266.01,1031.0,0.0306,4935.0,0.685,0.663,1.33,2021
Kepler-1717 b,2.98929758,87.69,780.0,0.2014,6200.0,1.64,1.158,9.21,2021
Kepler-1917 b,1.88971288,48.99,675.0,0.103,5530.0,0.788,0.882,4.23,2021
Kepler-1918 b,2.29763023,14.43,497.0,0.2524,5889.0,0.924,0.967,5.89,2021
ups Leo b,14.2,45.3174,719.08,1.18,4836.0,11.22,1.48,162.09248757,2021
HD 219139 b,14.0,70.5297,804.83,0.94,4831.0,11.22,1.46,247.90615746,2021
Kepler-616 d,2.653,14.69,499.0,0.2749,6004.0,0.977,1.061,7.52,2021
Kepler-534 c,1.227,178.68,933.0,0.0761,5936.0,0.965,1.075,2.02,2021
Kepler-1919 b,2.62390658,12.46,479.0,0.2107,5513.0,0.818,0.868,7.38,2021
Kepler-1488 c,1.65156749,760.6,1212.0,0.06959,5710.0,1.524,1.003,3.37,2021
gam Psc b,13.6,33.5227,666.07,1.32,4742.0,11.2,0.99,425.89006538,2021
HIP 34222 b,13.9,0.3832,218.98,0.492,4050.0,0.6186,0.62,263.79757781,2021
Kepler-1881 b,2.98104391,1.5,289.0,0.53325,5135.0,0.874,0.812,9.17,2021
Kepler-1879 b,2.06512018,242.6,987.0,0.0957,5865.0,1.388,1.023,4.92,2021
Kepler-1934 b,0.91307734,1835.6,1700.0,0.02466,5925.0,1.035,0.968,0.702,2021
Kepler-1935 b,2.50271696,324.78,1083.0,0.0463,5570.0,0.899,0.845,6.82,2021
Kepler-1921 b,2.89459458,216.2,967.0,0.15865,6120.0,2.0,1.251,8.72,2021
HIP 86221 b,14.0,,,0.031,,,0.79,225.65816897,2021
Kepler-1883 b,3.25107395,7.08,416.0,0.4438,6208.0,1.024,1.086,10.6,2021
Kepler-1938 b,1.82828927,18.25,527.0,0.0938,4522.0,0.655,0.646,4.0,2021
TOI-1268 b,9.1,91.0972,918.9,0.0711,5300.0,0.92,0.96,96.4,2022
K2-25 b,3.44,9.91,494.0,0.0287,3207.0,0.2932,0.2634,24.5,2015
TOI-2136 b,2.19,4.0,395.0,0.057,3342.0,0.34,0.34,6.37,2022
K2-382 b,2.072,,,,5452.0,0.811,0.922,4.95,2022
K2-376 b,1.736,,,,5937.0,1.149,0.908,3.66,2022
iot Dra b,12.4,24.9999,618.67,1.453,4504.0,11.79,1.54,3756.73177074,2002
CoRoT-35 b,18.83108758,1251.8629,1747.0,0.0429,6390.0,1.65,1.01,349.6112477,2022
CoRoT-36 b,15.80466279,1491.0287,1567.0,0.066,6730.0,1.52,1.32,216.12331676,2022
K2-383 b,1.564,,,,5129.0,0.804,1.061,3.07,2022
K2-366 b,2.359,,,,5601.0,0.94,0.825,6.16,2022
iot Dra c,12.2,0.1402,169.31,19.4,4504.0,11.79,1.54,4958.1231492,2021
K2-373 b,2.061,,,,6138.0,1.486,1.158,4.9,2022
K2-367 b,2.413,,,,4348.0,0.625,0.756,6.41,2022
HD 160691 c,,0.1092,157.21,4.17,5773.0,1.33,1.13,1398.4449908,2004
HD 160691 d,3.23,209.5104,900.0,0.0952,5773.0,1.33,1.13,10.49,2004
K2-384 f,2.222,,,,3623.0,0.348,0.33,5.57,2022
K2-369 b,1.313,,,,5682.0,0.881,0.735,2.28,2022
TOI-620 b,3.76,20.8,603.6,0.04825,3708.0,0.55,0.577,13.6,2022
AB Aur b,12.5,0.0067,83.63,93.9,9770.0,2.95887,2.4,2860.455663,2022
HD 33142 b,13.7,8.6781,477.5,1.074,5025.4,4.17,1.52,400.46379282,2011
K2-384 e,1.345,,,,3623.0,0.348,0.33,2.37,2022
K2-371 b,13.024,198.0922,956.83,,4925.0,0.736,0.958,,2022
K2-372 b,2.945,,,,5479.0,0.922,0.847,8.98,2022
TYC 2187-512-1 b,12.5,0.0279,114.69,1.22,3734.0,0.495,0.498,104.88337431,2022
TOI-1246 b,3.01,196.0,955.0,0.049,5151.0,0.86,0.87,8.1,2022
HD 160691 e,,2.0603,327.66,0.96,5773.0,1.33,1.13,2224.798849,2006
K2-393 b,2.352,,,,5678.0,1.071,0.881,6.13,2022
K2-375 b,2.243,,,,5822.0,1.543,1.119,5.66,2022
HIP 94235 b,3.0,219.2841,1060.0,0.0787,5991.0,1.08,1.094,379.0,2022
KOI-984 c,14.1,22.0364,597.0,0.1467,5295.0,0.818,0.928,209.8,2022
K2-389 c,2.04,,,,5782.0,1.084,0.802,4.82,2022
K2-390 b,4.662,260.965,1119.0,,5558.0,0.966,0.789,19.6,2022
HD 73583 b,2.79,43.3,714.0,0.0604,4511.0,0.65,0.73,10.2,2022
HD 103891 b,13.2,0.5714,241.25,3.27,6072.0,2.22,1.28,918.52409623,2022
HD 105779 b,14.1,0.0683,147.29,3.38,5792.0,0.94,0.89,203.41018048,2022
HD 33142 d,9.32,48.9956,736.04,0.452,5025.4,4.17,1.52,63.5656814,2022
HD 19615 b,12.6,270.2479,1113.92,1.1,4263.0,32.3,1.1,2701.5414595,2022
K2-391 b,1.371,,,,5543.0,0.566,0.757,2.45,2022
HD 73583 c,2.39,10.2,498.0,0.1242,4511.0,0.65,0.73,9.7,2022
GJ 411 b,1.45,3.13,349.83,0.07879,3719.0,0.3685,0.3899,2.69,2019
TOI-1064 c,2.651,26.8,634.0,0.09429,4734.0,0.726,0.748,2.5,2022
K2-316 b,1.33,68.5057,841.0,0.0147,3436.0,0.379,0.408,2.33,2020
HD 95735 c,3.76,0.0023,63.49,2.94,3719.0,0.3685,0.3899,13.6,2021
TOI-2669 b,19.72780603,375.554,1226.0,,4800.0,4.1,1.19,193.87532827,2022
TOI-4329 b,16.81347105,3990.5716,2027.12,,6000.0,2.31,1.538,143.02278315,2022
K2-397 b,2.417,,,,5387.0,0.966,0.937,6.42,2022
K2-316 c,1.83,4.3703,423.0,0.0582,3436.0,0.379,0.408,4.01,2020
TOI-2046 b,16.14093221,2643.655,1828.82,,6250.0,1.21,1.13,731.0053361,2022
Kepler-1656 c,14.0,0.1126,161.19,3.053,5569.0,1.1,1.03,126.4,2022
TOI-206 b,1.3,117.7582,910.0,0.0112,3383.0,0.35,0.35,2.24,2022
K2-398 c,5.098,,,,5946.0,1.239,0.945,22.8,2022
K2-319 b,2.79,25.1842,641.0,0.1516,5440.0,0.898,0.954,8.2,2020
mu2 Sco b,12.3,0.1074,159.05,242.4,21700.0,5.6,9.1,4576.7290608,2022
TOI-1693 b,1.41,57.0208,764.0,0.0226,3499.0,0.46,0.49,2.57,2022
K2-402 b,2.678,,,,5716.0,1.28,0.944,7.65,2022
K2-323 b,2.1,2.8163,318.0,0.1275,3710.0,0.549,0.478,5.06,2020
HD 81040 b,12.6,0.2213,189.77,1.946,5755.0,0.91,0.99,2301.07766668,2005
HD 171238 b,12.5,0.0989,166.96,2.518,5467.0,1.01,0.92,2796.8899816,2009
HD 87883 b,12.7,0.0238,110.52,3.77,4980.0,0.798557,0.8,2005.49724817,2009
TOI-2411 b,1.68,1051.1379,1355.0,0.0144,4099.0,0.68,0.65,3.46,2022
TOI-2427 b,1.8,62.7136,1117.0,0.0202,4072.0,0.65,0.64,3.89,2022
K2-404 b,2.53,,,,3748.0,0.552,0.552,6.94,2022
K2-325 b,2.2,5.0999,423.0,0.0419,3287.0,0.298,0.274,5.48,2020
HD 106515 A b,12.1,0.0342,116.53,4.48,5362.0,0.91,0.89,6006.9568923,2012
KMT-2017-BLG-2509L b,13.4,,,2.14,,,0.46,664.26137063,2021
K2-406 b,4.602,,,,5784.0,0.961,0.798,19.2,2022
K2-326 b,2.28,268.1283,1114.0,0.0198,3924.0,0.688,0.507,5.82,2020
TOI-5153 b,11.88151954,49.5559,906.0,0.158,6300.0,1.4,1.24,1036.12060682,2022
NGTS-20 b,11.99360935,6.7645,688.0,0.313,5980.0,1.78,1.47,947.12865286,2022
HD 29021 b,12.9,0.1252,163.2,2.294,5560.0,0.85,0.86,1420.69297929,2017
KMT-2021-BLG-0912L b,1.49,,,3.14,,,0.8,2.81,2022
K2-407 c,1.36,,,,5563.0,0.927,0.881,2.42,2022
K2-199 b,1.73,116.2,913.0,0.0382,4491.0,0.682,0.711,6.9,2018
Ross 508 b,1.83,1.2464,293.86,0.05366,3071.0,0.2113,0.1774,4.0,2022
K2-387 b,7.322,,,,3572.0,0.585,0.57,42.2,2022
K2-374 b,1.593,,,,5789.0,0.907,0.731,3.16,2022
HD 136118 b,12.3,0.684,249.62,2.327,6097.0,1.67754,1.18,4164.18778851,2022
HD 140901 b,4.07,109.3426,904.37,0.085,5610.0,0.95,0.99,15.57359194,2022
HD 93351 c,12.3,0.0051,74.54,11.154,5408.0,0.911435,0.94,4154.01727949,2022
GJ 2030 b,2.03,3542.7587,2147.31,0.034,5485.0,2.24104,0.96,4.76742611,2022
TOI-2570 b,13.64132951,699.0,1431.0,0.04145,5771.0,1.095,1.063,260.61929374,2022
HD 113337 b,13.1,4.1073,395.73,1.022,6774.0,1.5,1.41,1035.80277841,2013
HIP 97233 b,12.1,2.5778,354.42,2.491,5020.0,5.34,1.81,6098.17364511,2014
HD 144899 b,4.77,58.843,770.87,0.242,6126.0,1.64802,1.16,20.34101805,2022
HD 142 A d,10.9,13.2625,530.32,0.474,6245.0,1.47,1.21,82.63538582,2022
GJ 2030 c,12.3,0.0146,96.71,16.761,5485.0,2.24104,0.96,4069.15709482,2022
GJ 3222 b,3.4,67.5954,811.06,0.091,5257.46,0.931389,0.89,11.44182265,2022
GJ 680 b,12.0,0.0003,36.57,10.138,3563.0,0.45933,0.456,7977.4930157,2022
TOI-3540 A b,23.53885947,841.3,1498.0,0.04289,5810.0,1.228,1.081,375.03752026,2022
TOI-3331 A b,12.97999965,818.5,1488.0,0.03144,5609.0,0.952,1.016,721.47048389,2022
TOI-3693 b,12.59889431,68.6,801.0,0.0813,5321.0,0.791,0.867,324.18497514,2022
HD 145934 b,13.4,0.9461,276.92,4.89,4823.75,6.930587,2.058,658.5404593,2015
HD 151450 b,6.94,66.5618,795.0,0.16,6091.98,1.17184,1.14,38.45723725,2022
HD 149806 b,12.3,0.0037,69.13,12.404,5352.05,0.89,0.93,4003.68444298,2022
HD 151450 c,12.8,0.0085,84.59,14.131,6091.98,1.17184,1.14,1636.18063924,2022
HD 115404 A b,6.09,39.0242,695.65,0.088,5019.17,0.727007,0.83,30.82935548,2022
TOI-2196 b,3.51,2000.0,1860.0,0.02234,5634.0,1.043,1.032,26.0,2022
HD 191806 b,12.5,0.2951,206.98,2.749,6010.0,1.40223,1.07,2966.61035094,2016
HD 153557 c,4.36,22.2262,604.33,0.111,4837.0,0.745171,0.79,17.48056238,2022
HD 153557 d,11.9,0.0006,43.47,21.449,4837.0,0.745171,0.79,8725.66108578,2022
HD 12235 c,12.5,0.0076,82.22,22.21,5986.0,1.80185,1.1,3135.69506346,2022
HD 56414 b,3.71,1614.3559,1133.0,0.229,8500.0,1.751,1.89,13.3,2022
GJ 896 A b,13.3,0.0429,126.7,0.63965,3345.0,0.394682,0.43599,718.29219982,2022
GJ 676 A c,12.3,0.001,47.96,9.726,3734.0,0.69,0.626,4288.14086724,2016
HD 219828 c,12.2,0.0822,149.17,5.657,5891.0,1.56,1.04,5102.41724598,2016
HD 72892 b,12.8,26.9314,634.46,0.228,5688.0,1.22,1.01,1737.88572948,2016
HD 155918 b,2.67,1153.7389,1622.13,0.03,5771.84,1.01906,1.03,7.62788177,2022
TOI-2048 b,2.61,29.035,646.0,,5185.0,0.79,0.83,7.32,2022
HD 111232 b,12.6,0.1496,172.05,2.148,5512.0,0.9,0.96,2531.50326176,2003
HD 10697 b,12.8,0.7124,259.25,2.051,5641.0,1.863076,0.99,1825.2885414,1999
HD 125612 b,13.2,0.6309,253.38,1.349,5900.0,1.07,1.05,945.22168242,2007
HIP 67537 b,12.3,1.7903,323.2,4.807,4985.0,8.69,2.316,4309.11754211,2017
HD 156098 c,12.8,0.1642,177.18,8.415,6419.19,2.75716,1.29,1661.6069118,2022
HD 156098 b,4.12,416.9726,1257.73,0.167,6419.19,2.75716,1.29,15.89142035,2022
HD 168863 b,12.7,0.0026,63.01,10.961,4905.0,0.777826,0.8,2154.87659946,2022
HIP 19976 b,4.94,3.4055,378.1,0.234,4316.0,0.772319,0.67,21.61233168,2022
HD 203387 c,12.6,2.8216,360.63,5.067,5174.32,10.5852,2.817,2378.9456264,2022
HIP 35965 b,12.6,0.0009,48.85,15.898,4836.0,0.697551,0.78,2589.98368864,2022
HD 125612 c,4.07,441.4278,1303.14,0.051,5900.0,1.07,1.05,15.57359194,2009
HD 125612 d,12.7,0.0724,147.48,3.982,5900.0,1.07,1.05,2281.37230545,2009
HD 156279 c,12.5,0.0237,109.42,5.486,5453.0,0.95,0.94,3098.82696825,2016
HD 27894 d,12.7,0.0124,95.87,5.362,4875.0,0.891767,0.81,2063.65984665,2017
HD 181234 b,12.5,0.0144,98.09,7.427,5386.0,1.059423,0.94,2980.91262925,2019
HD 18143 b,3.28,61.873,769.92,0.088,5078.0,0.87,0.85,10.80616584,2022
HIP 948 b,12.1,0.0008,46.4,15.037,4497.0,0.688488,0.71,6547.2651842,2022
HD 139357 b,12.1,7.649,446.97,2.949,4700.0,11.47,2.69,6315.5682755,2008
HD 25015 b,12.5,0.0106,90.69,6.248,5160.0,0.83,0.86,2884.92845034,2019
HD 188641 b,11.9,0.0285,114.36,12.027,5897.32,1.94492,1.07,9333.03117155,2022
HD 168443 b,12.6,28.2942,641.03,0.292,5491.0,1.711479,0.98,2424.3950886,1998
HD 156279 b,12.5,2.8355,361.73,0.502,5453.0,0.95,0.94,2997.75753482,2011
HD 168443 c,12.2,0.2987,205.47,2.842,5491.0,1.711479,0.98,5500.33841154,2000
GJ 229 A c,2.87,0.1899,188.1,0.384,3564.0,0.46,0.509,8.58136699,2020
HD 81817 b,12.0,174.402,1016.37,3.233,4140.0,83.8,4.3,7668.5638041,2020
HD 204313 e,12.2,0.0226,106.81,7.457,5767.0,1.1,1.03,4868.17771002,2022
HD 169830 c,12.6,0.4856,241.03,3.075,6300.0,1.935709,1.17,2437.42605328,2003
HIP 56640 b,12.7,0.542,239.37,4.55,4769.0,4.93,1.75,2151.69831539,2021
HD 213519 b,2.99,125.3797,931.36,0.099,5840.0,1.08287,1.05,9.2170238,2022
HD 217786 c,2.61,1308.8643,1663.13,0.038,5966.0,1.27,1.14,7.31005336,2022
TOI-3629 b,8.29464572,39.0,690.0,0.043,3870.0,0.6,0.63,82.63538582,2022
HD 183263 c,12.5,0.057,134.6,5.585,5948.0,1.23,1.06,2958.98246917,2008
HD 66428 c,13.5,0.0141,95.52,9.408,5716.0,1.13,1.01,560.64930995,2021
HD 80869 b,12.8,0.142,203.2,2.905,5837.0,1.062,1.06,1609.80088146,2021
HD 25912 b,6.9,18.7477,579.16,0.242,5920.58,0.995896,1.08,38.13940884,2022
HD 217958 b,14.2,0.1388,169.89,3.758,5930.64,1.32619,1.08,166.54208527,2022
HD 25912 c,12.2,0.0034,67.44,17.848,5920.58,0.995896,1.08,5252.75008249,2022
HD 109988 b,12.1,0.0031,65.91,12.518,5185.97,0.869694,0.88,6935.33366915,2022
HD 28192 b,12.2,91.1399,859.98,0.118,5919.87,1.07094,1.08,99.7981198,2022
HD 43197 c,12.6,0.01,90.89,8.54,5508.0,1.0,0.96,2500.67390628,2022
HD 38529 b,14.1,516.1847,1369.46,0.115,5697.0,2.857838,0.98,206.58846455,2000
HD 38529 c,12.5,0.656,258.56,3.226,5697.0,2.857838,0.98,3299.05886466,2000
HD 110537 b,11.9,0.0047,72.83,16.714,5718.0,1.16626,1.02,8612.83200129,2022
HD 56957 b,12.8,0.075,145.67,6.426,5743.0,1.77793,1.03,1880.90851263,2022
HD 62364 c,12.0,0.002,58.7,36.984,6255.0,1.401,1.19,7923.46218651,2022
TOI-712 c,2.701,3.08,369.9,0.2447,4622.0,0.674,0.732,7.76,2022
TOI-712 d,2.474,1.6,313.6,0.3405,4622.0,0.674,0.732,6.68,2022
HD 43197 b,14.2,0.9377,282.81,0.882,5508.0,1.0,0.96,175.75910907,2010
HD 4113 b,13.5,0.744,251.65,1.28,5688.0,1.077514,1.008,541.26177712,2007
HD 111232 c,12.2,0.0023,60.71,17.25,5512.0,0.9,0.96,5740.93451564,2022
HD 62549 b,12.6,0.0121,92.25,11.842,5930.46,1.23227,1.08,2707.58019923,2022
TOI-1452 b,1.672,1.8,326.0,0.061,3185.0,0.275,0.249,4.82,2022
KMT-2021-BLG-0171L b,3.35,,,3.5,5200.0,,0.78,11.2,2022
HD 73267 b,13.0,0.1577,165.89,2.229,5387.0,0.909,0.93,1321.53051631,2008
HD 11505 b,12.6,0.0035,67.46,20.247,5757.15,1.19568,1.03,2510.52658689,2022
HD 80913 b,12.0,0.0326,118.23,9.95,6013.24,1.6542,1.11,7505.2000029,2022
HD 81817 c,12.0,337.2228,1198.52,2.325,4140.0,83.8,4.3,7185.78245386,2022
TOI-2207 b,11.1529358,406.0,1259.0,0.0854,6101.0,1.564,1.296,203.41018048,2022
HD 86264 b,12.5,0.5987,247.01,2.763,6210.0,1.88,1.26,3117.26101586,2009
HD 7449 b,12.6,0.2125,183.23,2.438,6024.0,0.97,1.196,2597.92939882,2011
HD 8673 b,12.3,0.3841,219.11,2.97,6389.05,1.50225,1.28,4210.59073594,2009
HD 127506 b,5.67,2.6404,354.8,0.287,4595.32,0.735766,0.73,27.333243,2022
HD 135872 b,12.8,0.4969,233.64,4.172,4992.0,3.93038,1.646,1744.56012602,2022
HD 86065 b,12.5,0.0013,52.56,15.947,4927.56,0.780347,0.81,2877.30056857,2022
HD 88072 b,12.6,0.0056,76.03,13.895,5785.33,1.032,1.04,2511.79790052,2022
HD 93351 b,1.69,522.5845,1330.76,0.035,5408.0,0.911435,0.94,3.49611248,2022
TOI-2421 b,10.36830715,923.6,1534.0,0.0543,5607.0,1.75,1.131,105.83685953,2022
HD 142 c,12.4,0.031,116.56,9.811,6245.0,1.47,1.21,3464.64746471,2012
TOI-2583 A b,14.4595851,750.9,1456.0,0.0571,5936.0,1.477,1.215,79.45710175,2023
OGLE-2018-BLG-1119L b,13.9,,,4.06,,,0.48,289.22385037,2022
KMT-2021-BLG-1554L b,6.9,,,0.72,,,0.08,38.13940884,2022
TOI-2796 b,17.26183028,352.0,1205.0,0.0569,5764.0,1.069,1.063,139.84449908,2023
TOI-2096 b,1.243,9.4,445.0,0.025,3300.0,0.235,0.231,2.08,2023
KMT-2021-BLG-1898L b,14.0,,,1.9,,,0.48,232.01473711,2022
GJ 338 B b,3.25,3.9278,391.0,0.142,4014.0,0.58,0.64,10.6,2020
TOI-2842 b,12.84549188,781.8,1471.0,0.0475,5910.0,1.265,1.135,117.59651059,2023
TOI-4603 b,11.67975789,1192.0,1677.0,0.0888,6264.0,2.738,1.765,4096.80816623,2023
KMT-2021-BLG-0712L b,6.91,,,2.22,,,0.22,38.19,2023
KMT-2021-BLG-0909L b,13.7,,,1.75,,,0.38,400.46379282,2023
MASCARA-1 b,17.90074218,38711.5,2594.3,0.040352,7490.0,2.082,1.9,1175.971,2017
K2-38 b,1.54,426.0,1266.0,0.04994,5731.0,1.06,1.03,7.3,2016
TOI-3364 b,12.22899794,425.0,1264.0,0.0675,5706.0,1.419,1.186,530.77343969,2023
KMT-2021-BLG-2478L b,13.9,,,1.85,,,0.2,286.0455663,2023
KMT-2021-BLG-1105L b,13.6,,,3.54,,,0.63,413.1769291,2023
K2-414 b,1.219,72.113,811.92,0.0487,4343.0,0.732,0.814,1.98,2022
TOI-4582 b,10.53644186,33.7343,614.66,,5190.0,2.5,1.34,168.44905571,2023
TOI-3688 A b,13.08088048,924.3,1534.0,0.0456,5950.0,1.302,1.199,311.47183886,2023
TOI-942 c,4.67,59.2488,772.63,0.08598,4969.0,0.894,0.822,37.0,2020
TOI-733 b,1.992,207.1,1055.8,0.0618,5585.0,0.949,0.956,5.72,2023
Kepler-20 c,2.894,78.7,828.0,0.0936,5495.0,0.9164,0.929,11.1,2011
HIP 21152 b,12.0,0.015,1300.0,17.0,6655.0,1.59186,1.4,7627.881768,2022
OGLE-2019-BLG-0468L c,12.5,,,2.77,,,0.92,3248.20631954,2022
OGLE-2019-BLG-0468L b,13.1,,,3.29,,,0.92,1090.15143601,2022
TOI-3976 A b,12.27383387,469.0,1295.0,0.0743,5975.0,1.501,1.254,55.61997123,2023
KMT-2017-BLG-1003L b,2.13,,,1.38,,,0.32,5.19,2023
TOI-4087 b,13.04725353,753.9,1458.0,0.04469,6060.0,1.112,1.178,232.01473711,2023
TOI-942 b,3.89,261.858,1120.0,0.04866,4969.0,0.894,0.822,826.358,2020
KMT-2021-BLG-0240L b,9.6,,,2.8,,,0.56,66.74396547,2022
KMT-2017-BLG-0673L b,13.0,,,2.34,,,0.63,1166.43025369,2022
KMT-2019-BLG-1367L b,1.85,,,1.7,,,0.25,4.08,2023
OGLE-2017-BLG-1806L b,2.15,,,1.75,,,0.38,5.27,2023
TOI-4791 b,12.44196858,783.2,1472.0,0.0555,6058.0,1.409,1.242,734.18362017,2023
EPIC 229004835 b,2.332,69.7,804.0,0.1237,5868.0,0.999,0.97,10.4,2023
OGLE-2019-BLG-1053L b,1.38,,,3.4,,,0.61,2.48,2021
KMT-2019-BLG-2974L b,11.4,,,2.0,,,0.47,88.99195396,2022
OGLE-2019-BLG-1470L AB c,13.3,,,3.2,,,0.57,699.2224954,2022
HD 23472 b,2.0,16.0,543.0,0.1162,4684.0,0.71,0.67,8.32,2019
HD 191939 c,3.195,21.0,600.0,0.1752,5348.0,0.94,0.81,8.0,2020
OGLE-2018-BLG-0506L b,4.18,,,3.0,,,0.63,16.3,2022
TIC 279401253 b,11.2089807,9.1803,486.37,0.369,5951.0,1.06,1.13,1951.46641898,2023
HD 23472 c,1.87,7.96,467.0,0.1646,4684.0,0.71,0.67,3.41,2019
HD 23472 f,1.137,26.3,630.0,0.0906,4684.0,0.71,0.67,0.77,2022
OGLE-2019-BLG-1492L b,6.79,,,2.7,,,0.68,37.1,2022
TIC 279401253 c,12.6,3.5788,384.31,0.591,5951.0,1.06,1.13,2548.98382414,2023
TOI-1811 b,11.14172682,55.9743,962.2,0.04389,4766.0,0.769,0.817,308.9292116,2023
HD 23472 d,0.75,117.0,909.0,0.04298,4684.0,0.71,0.67,0.55,2022
HD 23472 e,0.818,46.7,723.0,0.068,4684.0,0.71,0.67,0.72,2022
HATS-54 b,11.37711541,476.965,1429.0,0.037,5621.0,1.23,1.05,239.32479047,2019
HD 45364 c,14.2,0.7829,261.82,0.902,5466.0,0.89,0.82,174.48779544,2008
KMT-2021-BLG-1253L b,4.59,,,1.52,,,0.24,19.05,2022
TOI-2152 A b,14.35870428,2195.7879,1802.0,0.05064,6630.0,1.612,1.516,899.45439181,2023
NGTS-23 b,14.20177855,815.7013,1327.0,0.0504,6057.0,1.24,1.01,194.82881349,2022
NGTS-24 b,13.60770257,391.83,1499.0,0.0479,5820.0,1.64,1.26,165.27077164,2022
NGTS-25 b,11.46678726,339.4356,1101.0,0.0388,5321.0,0.86,0.91,203.09235207,2022
KMT-2021-BLG-1372L b,9.12,,,2.37,,,0.42,61.27,2022
TOI-2497 b,11.14172682,997.8085,1595.0,0.1166,7360.0,2.36,1.859,1531.93292174,2023
TOI-5542 b,11.30986153,9.6,441.0,0.332,5700.0,1.058,0.89,419.53349724,2022
TOI-2338 b,11.2089807,13.8485,799.0,0.158,5581.0,1.05,0.99,1900.61387386,2023
KMT-2021-BLG-1077L b,9.86,,,1.26,,,0.14,69.92224954,2022
PZ Tel b,11.9,0.0014,53.77,27.0,5169.0,1.25646,1.36,8581.366989,2023
KMT-2018-BLG-0030L b,13.6,,,4.39,,,0.51,460.85119015,2022
MOA-2020-BLG-135L b,3.37,,,1.11,,,0.23,11.3,2022
TOI-2364 b,8.60849718,237.0,1091.0,0.04871,5306.0,0.886,0.954,71.51139158,2023
OGLE-2018-BLG-0298L b,7.56,,,2.86,,,0.69,44.49597698,2022
TOI-969 c,12.4,0.0208,96.4,2.52,4435.0,0.671,0.734,3591.4609991,2022
OGLE-2006-BLG-284L A b,14.3,,,2.17,,,0.35,144.0,2020
K2-3 d,1.458,1.44,305.2,0.2014,3844.0,0.546,0.549,2.2,2015
K2-3 c,1.582,3.17,371.8,0.1357,3844.0,0.546,0.549,2.68,2015
HD 111998 b,12.9,0.8918,275.49,1.91,6557.0,1.45,1.4,1525.5763536,2016
HIP 70849 b,12.9,0.0056,78.85,3.99,4105.0,0.633112,0.65,1430.2278315,2011
HD 114783 c,13.4,0.017,101.53,5.0,5135.0,0.840622,0.9,603.8739733,2016
Kepler-409 b,1.199,6.15,438.0,0.3192,5421.0,0.897,0.913,6.0,2014
Kepler-20 f,0.952,35.9,681.0,0.1387,5495.0,0.9164,0.929,1.4,2011
KMT-2022-BLG-0440L b,4.05,,,1.9,,,0.53,15.4,2023
TOI-411 c,2.328,156.75,931.0,0.1017,6169.0,1.117,1.098,9.72,2022
HD 140901 c,13.4,0.0057,76.76,11.8,5610.0,0.95,1.06,572.0911326,2022
Kepler-102 c,0.567,61.0,777.0,0.06702,4909.0,0.724,0.803,1.7,2014
K2-416 b,2.66,6.9344,447.0,0.088,3746.0,0.554,0.548,1652.7077164,2023
TOI-411 b,1.362,495.139,1241.0,0.05727,6169.0,1.117,1.098,13.71,2022
HIP 54597 b,13.3,0.0143,94.0,4.0,4799.0,0.66,0.8,762.7881768,2023
HD 75302 b,12.8,0.0299,115.76,5.3,5697.46,0.940904,1.06,1716.2733978,2023
Kepler-68 c,0.979,204.0,1052.0,0.09008,5847.0,1.2564,1.057,1.3,2013
MOA-2020-BLG-208L b,7.71,,,2.74,,,0.43,46.0,2023
HD 15906 b,2.24,33.14,668.0,0.09,4757.0,0.762,0.79,5.65,2023
HIP 81208 C b,12.3,,2050.0,23.04,,,0.135,4703.8604236,2023
HD 108202 b,13.1,0.0125,93.04,3.7,4556.03,0.66355,0.74,953.485221,2023
Kepler-323 b,1.381,1900.0,1838.0,0.02778,6004.0,1.12,1.015,3.9,2014
HD 15906 c,2.93,13.37,532.0,0.141,4757.0,0.762,0.79,8.91,2023
TOI-622 b,9.2362001,602.0,1388.0,0.0708,6400.0,1.415,1.313,96.30200732,2023
TOI-4201 b,13.67495645,45.2,725.0,0.04,3794.0,0.63,0.61,788.21444936,2023
HD 99492 b,5.44,23.2671,622.27,0.12,4929.0,0.822539,0.85,25.5,2004
Kepler-454 b,2.37,117.7,916.0,0.09528,5687.0,1.066,1.03,5.4,2015
Kepler-109 b,2.49,442.0,1276.0,0.0701,5950.0,1.387,1.094,4.9,2014
GJ 1252 b,1.193,233.0,1090.0,0.00915,3458.0,0.391,0.381,1.32,2020
HAT-P-2 c,12.4,,,,6412.0,1.416,1.33,3400.7639549,2023
TOI-4600 b,6.8,3.3159,347.0,0.349,5170.0,0.81,0.89,959.84178914,2023
TOI-858 B b,14.06727078,908.9,1529.0,0.04435,5842.0,1.308,1.081,349.6112477,2023
K2-36 b,1.43,519.0,1328.0,0.02288,4916.0,0.718,0.79,4.3,2016
K2-36 c,3.2,89.0,854.0,0.05528,4916.0,0.718,0.79,7.9,2016
Kepler-538 b,2.215,5.07,417.0,0.3554,5534.0,0.8717,0.892,12.9,2016
TOI-1235 b,1.69,60.3,775.0,0.03845,3997.0,0.619,0.63,6.69,2020
TOI-1052 b,2.87,246.0,1135.0,0.09103,6146.0,1.264,1.204,16.9,2023
K2-110 b,2.592,27.7,638.0,0.10207,5010.0,0.713,0.738,15.9,2017
TOI-1634 c,,,,,3472.0,0.45,0.451,,2022
TOI-2018 b,2.268,26.0758,576.34,,4174.0,0.62,0.57,9.2,2023
TOI-1052 c,6.48,39.7,719.0,0.2263,6146.0,1.264,1.204,34.3,2023
TOI-519 b,11.54525012,54.0,687.0,0.0159,3322.0,0.35,0.335,147.15455244,2021
TOI-244 b,1.52,7.3,458.0,0.0559,3433.0,0.426,0.428,2.68,2023
TOI-2084 b,2.47,12.8,527.0,0.05006,3551.0,0.475,0.453,6.66,2023
TOI-4184 b,2.43,4.8,412.0,0.0336,3238.0,0.2347,0.2109,6.48,2023
TOI-470 b,4.34,44.7551,660.0,0.119,5190.0,0.831,0.87,17.4,2023
TOI-1470 b,2.18,46.3,734.0,0.0285,3709.0,0.469,0.471,7.32,2023
Kepler-21 b,1.639,2749.0,2015.0,0.0434,6305.0,1.902,1.408,7.5,2012
Kepler-78 b,1.201,4070.0,2223.0,0.00901,5058.0,0.7475,0.779,1.68,2013
WISE J033605.05-014350.4 b,12.6,,325.0,0.97,415.0,,0.0131,2622.08435775,2023
OGLE-2018-BLG-1126L b,4.41,,,3.23,,,0.69,17.79839079,2022
HD 6860 b,11.9,406.4355,1196.06,2.03,3802.0,86.4,2.49,8981.83078182,2023
TOI-1470 c,2.47,3.35,373.0,0.106,3709.0,0.469,0.471,7.24,2023
K2-12 b,2.44,185.0,1026.0,0.0792,5672.0,1.117,0.965,5.2,2015
OGLE-2018-BLG-1212L b,9.32,,,1.68,,,0.16,63.5656814,2022
GJ 649 b,10.8,0.0352,120.74,1.112,3734.0,0.5,0.51,81.99972901,2009
HD 36384 b,12.7,229.7515,1032.58,1.3,3940.0,38.4,1.14,2097.6674862,2023
MWC 758 c,,0.001,500.0,100.0,7314.0,2.01446,1.5,,2023
K2-2016-BLG-0005L b,13.7,,,4.16,,,0.584,349.6112477,2023
GJ 849 b,13.9,0.0048,73.63,2.32,3467.0,0.45,0.45,283.82076745,2006
GJ 849 c,13.8,0.001,50.41,4.95,3467.0,0.45,0.45,314.65012293,2014
Kepler-68 b,2.357,441.0,1275.0,0.06135,5847.0,1.2564,1.057,8.03,2013
Kepler-107 d,0.86,315.0,1173.0,0.08377,5854.0,1.447,1.238,7.7,2014
TOI-139 b,2.4566,22.4219,561.17,,4570.0,0.7007,0.69,6.6,2023
HD 62364 b,12.1,0.072,143.96,6.15,6255.0,1.401,1.157,5965.63919939,2022
BD-210397 b,14.0,0.02,104.11,2.63,4051.0,0.747,0.679,214.0,2023
KMT-2022-BLG-0371L b,10.9,,,3.02,,,0.63,82.63538582,2023
WASP-79 b,17.14974047,1645.9887,1716.2,0.0519,6600.0,1.51,1.39,270.15414595,2012
Kepler-454 d,13.3,0.0434,125.37,5.1,5687.0,1.066,1.03,734.18362017,2023
HD 74698 b,5.12,123.0,925.57,0.121,5783.0,1.333,1.039,23.0,2023
HD 74698 c,14.0,0.088,151.77,4.5,5783.0,1.333,1.039,126.0,2023
GJ 9404 b,3.48,11.2454,473.5,0.0943,3811.0,0.626041,0.62,11.9,2023
GJ 832 b,13.8,0.0019,57.84,3.7,3472.0,0.441557,0.45,314.65012293,2008
Kepler-323 c,1.57,700.0,1431.0,0.0458,6004.0,1.12,1.015,6.8,2014
TOI-5803 b,3.2732,73.722,678.87,,5134.0,0.7625,0.87,10.7,2023
KMT-2019-BLG-1216L b,5.98,,,2.44,,,0.39,29.87587026,2023
TOI-1680 b,1.466,4.41,404.0,0.03144,3225.0,0.2106,0.1798,2.75,2023
HD 100777 b,13.7,0.9345,264.28,1.06,5533.0,1.04,1.08,390.92894061,2007
HD 215497 c,13.0,0.2267,198.6,1.31,5113.0,0.85,0.92,111.23994245,2009
Kepler-107 c,1.597,602.0,1378.0,0.06064,5854.0,1.447,1.238,10.0,2014
K2-3 b,2.078,10.5,501.3,0.0747,3844.0,0.546,0.549,5.11,2015
Kepler-107 b,1.536,1073.0,1592.0,0.04544,5854.0,1.447,1.238,3.8,2014
Kepler-122 d,2.2,77.14,747.0,0.155,6050.0,1.216,0.982,5.48,2014
HD 167677 b,13.2,0.0891,151.9,2.877,5474.0,0.95271,0.96,905.81095995,2023
HD 165131 b,12.1,0.0967,155.2,3.54,5870.0,1.06419,1.06,5943.3912109,2023
HIP 39017 b,12.0,0.0115,91.06,22.1,7201.0,1.51987,1.52,7500.7504052,2024
Kepler-415 c,2.01,26.237,543.0,0.0695,4362.0,0.643,0.67,4.7,2014
omi UMa b,13.0,8.4795,473.88,3.691,5075.0,13.84,2.72,1160.39151396,2012
omi CrB b,13.7,135.8368,947.65,0.699,4769.0,11.87,1.3,355.96781584,2012
TOI-544 b,2.018,240.195,999.0,0.0225,4169.0,0.623,0.631,2.89,2022
Teegarden's Star d,0.954,0.12,159.0,0.0791,3034.0,0.12,0.097,0.82,2024
TOI-782 b,2.734,5.91,435.0,0.0578,3370.0,0.413,0.397,19.1,2024
HD 4732 c,13.1,0.5881,243.69,4.725,4898.0,5.03,1.39,1069.49258955,2012
HD 4732 b,13.4,10.3009,498.53,1.129,4898.0,5.03,1.39,631.2072163,2012
ome Ser b,14.0,77.1527,824.94,0.838,4724.0,10.99,1.01,233.92170755,2013
TOI-2010 b,11.81426566,4.09,400.2,0.5516,5929.0,1.079,1.112,408.7273314,2023
TOI-1273 b,11.09689089,225.013,1211.0,0.0549,5690.0,1.06,1.06,70.55790635,2024
TOI-904 b,2.426,8.3169,429.43,0.056,3770.2,0.527,0.557,6.46,2023
KMT-2023-BLG-0469L b,7.04,,,2.31,,,0.47,39.41072247,2024
HD 2952 b,13.9,46.9588,731.02,1.117,4853.0,10.9,1.91,284.77425267,2013
TOI-2416 b,9.86390302,130.93,1080.0,0.0831,5808.0,1.236,1.118,953.485221,2023
TOI-2373 b,10.42435205,69.8726,860.0,0.112,5651.0,1.102,1.041,2955.8041851,2023
TOI-904 c,2.167,0.5449,217.26,0.312,3770.2,0.527,0.557,5.34,2023
TOI-4860 b,8.7,42.5,694.0,0.01808,3260.0,0.358,0.34,86.7,2023
TOI-4633 c,3.2,1.56,268.57,0.847,5800.0,1.05,1.1,123.0,2024
gam Lib b,13.7,45.374,720.78,1.319,4879.0,12.38,1.78,357.87478628,2018
KMT-2021-BLG-1770L b,12.1,,,0.9,,,0.13,6674.396547,2023
OGLE-2019-BLG-1180L b,13.5,,,5.19,,,0.545,555.24622703,2023
HD 47366 b,13.4,17.9154,577.05,1.207,4866.0,7.3,1.81,661.71874337,2016
HD 47366 c,13.5,7.7091,467.37,1.84,4866.0,7.3,1.81,483.73483545,2016
Kepler-100 e,5.27,25.4128,621.73,0.312391586,5884.0,1.5,1.097,24.14271827,2023
NGTS-27 b,15.64773706,1680.0,1783.0,0.0446,5700.0,1.77,1.07,188.47224535,2024
HD 134606 d,7.59,0.3082,207.68,1.941,5576.0,1.158,1.046,44.8,2024
HATS-2 b,12.57647635,950.0563,1550.0,0.02317,5227.0,0.876,0.904,435.42491759,2013
gam Cep b,12.7,2.6076,343.48,2.13,4775.0,4.74,1.27,2097.6674862,2003
TOI-5398 c,3.52,370.603,1242.0,0.057,6000.0,1.051,1.146,11.8,2023
HD 134606 f,2.24,36.479,685.04,0.1784,5576.0,1.158,1.046,5.63,2024
HD 134606 e,1.33,418.0334,1260.39,0.0527,5576.0,1.158,1.046,2.34,2024
TOI-238 c,2.18,58.3,696.0,0.0749,5059.0,0.733,0.79,6.7,2024
2MASS J11550485-7919108 b,12.1,0.0,2506.0,587.0,3021.0,0.600455,0.58846,6356.56814,2024
2MASS J21252752-8138278 b,12.4,0.0,1616.0,7493.0,3592.0,0.672832,0.643977,3813.940884,2024
Kepler-1513 c,11.0,,,,5491.0,0.95,0.943,84.54235626,2023
HIP 66074 b,12.9,0.2381,192.69,0.799,4300.0,0.69,0.705,1589.142035,2023
HAT-P-19 b,11.29865255,154.0,981.2,0.04599,4962.0,0.773,0.807,88.03846874,2010
Kepler-849 b,8.08167508,2.86,362.7,1.137,5950.0,1.822,1.259,298.75870258,2016
TOI-1853 b,3.46,435.33,1479.0,0.0213,4985.0,0.808,0.837,73.2,2023
TOI-5126 b,4.74,467.0,1442.0,0.06519,6150.0,1.241,1.24,20.2,2023
Kepler-1513 b,8.594,2.23,346.0,0.56971,5491.0,0.95,0.943,48.30991786,2016
HAT-P-51 b,13.50682174,310.0,1168.2,0.05042,5453.0,0.995,0.961,97.57332095,2015
Kepler-553 c,11.57887706,0.589,251.0,0.898,5191.0,0.902,0.889,2129.4503269,2016
Kepler-111 c,7.0840758,2.48,352.2,0.751,5914.0,1.145,1.118,222.4798849,2014
14 And b,13.1,115.1634,909.92,0.775,4888.0,11.55,1.78,1131.15130051,2008
18 Del b,12.5,7.0173,452.72,2.476,4980.0,8.8,2.1,2926.24614325,2008
GJ 724 b,3.27,23.32,611.0,0.04685,3799.0,0.52226,0.5271,10.75,2023
KMT-2019-BLG-0335L b,12.1,,,1.64,,,0.32,6674.396547,2023
Kepler-553 b,4.74139884,235.0,1089.0,0.04766,5191.0,0.902,0.889,116.00736855,2016
6 Lyn b,13.4,3.1949,371.86,2.028,4941.0,4.94,1.32,597.83523357,2008
4 UMa b,12.6,150.0929,967.44,0.877,4415.0,18.11,1.234,2511.48007211,2006
TOI-4641 b,8.18255591,192.5802,950.11,0.173,6560.0,1.72,1.41,1229.99593509,2023
CI Tau c,13.0,19.2542,610.62,0.17,3807.0,1.880857,0.9,1144.1822652,2024
TOI-1994 b,13.67495645,1910.26,2290.0,0.0613,7700.0,2.3,1.86,7024.0077947,2024
TOI-4515 b,12.17,42.2987,705.0,0.118,5433.0,0.86,0.949,637.0,2024
M62H b,,,,,,,1.4,785.03616529,2024
HD 145457 b,13.2,77.8446,826.81,0.762,4757.0,9.9,1.9,888.01256916,2010
HD 167042 b,13.6,7.6592,462.08,1.22,4919.0,4.63,1.39,444.00628458,2007
LHS 1678 c,0.941,13.5,510.9,0.0327,3490.0,0.329,0.345,1.4,2021
HD 173416 b,13.4,58.1544,771.03,1.158,4683.0,13.5,2.0,585.12209729,2008
HD 32518 b,13.2,131.2791,916.07,0.594,4580.0,10.22,1.13,905.49313154,2009
HS Psc b,13.6,64.4735,783.44,0.0435,4203.0,0.65,0.69,464.02947422,2024
HD 81688 b,13.5,143.6043,958.66,0.648,4797.0,11.13,1.07,525.68818518,2007
kap CrB b,13.3,1.7376,319.32,2.5,4840.0,4.68,1.33,689.6911,2007
KMT-2021-BLG-1547L b,13.6,,,4.5,,,0.72,467.20775829,2023
TOI-4559 b,1.415,15.77,554.16,0.0359,3558.0,0.374,0.392,2.59,2024
11 Com b,12.2,68.5387,803.26,1.178,4874.0,13.76,2.09,4914.89848585,2007
nu Oph b,12.0,25.1924,620.57,1.765,4887.0,12.24,2.61,7057.73298,2012
TOI-4377 b,15.10970598,430.9826,1162.08,0.0579,4974.0,3.52,1.36,304.1617855,2023
KMT-2023-BLG-0416L b,3.67,,,2.96,,,0.63,13.03096469,2024
HD 76920 b,13.1,24.7841,621.44,1.091,4664.0,8.33,1.0,994.80291391,2017
75 Cet b,13.3,14.175,540.31,1.912,4809.0,10.38,1.92,787.89662095,2012
LHS 3154 b,3.69,3.7134,343.83,0.02262,2861.0,0.1405,0.1118,13.15,2023
TOI-1269 b,2.40144286,231.2034,1004.9,0.0496,5499.0,0.8521,0.9027,6.4,2024
Kepler-23 d,2.206,161.038,896.0,0.12012,5828.0,1.548,1.078,4.44,2014
TOI-3919 b,12.31866979,184.322,1198.0,0.0795,6100.0,1.319,1.208,1233.17421916,2024
TOI-1288 b,4.96846551,1198.41,1203.44,0.0374,5388.0,0.9583,0.9552,44.1,2022
GJ 238 b,0.566,229.4579,758.0,0.02123,3485.0,0.4314,0.4193,0.126,2024
Kepler-49 c,2.444,12.341,443.0,0.07821,4095.6,0.618,0.607,8.38,2012
TOI-5301 b,13.09208946,429.794,1648.0,0.073,6240.0,2.19,1.483,1182.32167404,2024
TOI-5232 b,12.778238,1193.86,1772.0,0.05593,6500.0,1.785,1.389,743.71847238,2024
TOI-1410.01,3.10083009,565.5415,1236.7,0.0207,4635.0,0.7558,0.7941,12.5,2024
TOI-1386 b,6.2163865,34.68,615.03,0.173,5735.0,1.0235,1.0363,45.8,2024
TOI-6029 b,14.39233122,806.794,1484.0,,6223.0,2.338,1.548,519.64944544,2024
OGLE-2017-BLG-0448L b,4.08,,,5.75,,,0.5,15.6,2024
Kepler-128 c,1.521,130.979,843.0,0.16517,6072.0,1.659,1.184,3.38,2013
TOI-1451 b,2.61143902,53.0216,723.33,0.127,5801.0,1.0162,1.0022,15.2,2024
TIC 4672985 b,11.5004142,11.9376,517.2,0.33,5757.0,1.15,1.01,4049.13390518,2024
TOI-5218 b,9.86,62.0,783.0,0.0469,4230.0,0.708,0.739,657.0,2024
Kepler-305 d,2.76,25.523,576.0,0.12091,5090.0,0.792,0.827,6.2,2014
TOI-1601 b,14.19902343,1071.42,1493.97,0.069,5982.0,2.195,1.5055,387.0,2021
TOI-1444 b,1.41792246,5028.6263,2130.02,0.0116,5460.0,0.9105,0.9513,3.58,2021
TOI-1736 b,3.18175535,329.6,1099.79,0.073,5636.0,1.4286,1.0373,12.3,2023
TOI-5634 A b,10.42,77.0,837.0,0.0272,3896.0,0.54,0.556,588.0,2024
TOI-1683.01,2.6382,163.056,929.25,0.036507593,4402.0,0.7,0.694661,7.45,2024
TOI-1298 b,9.65807033,732.0077,1278.0,0.057,5752.0,1.4536,1.2187,99.0,2021
TOI-1751 b,2.9507845,192.521,651.64,0.215,5970.0,1.3137,0.9382,19.5,2024
K2-419 A b,10.55,3.3,377.0,0.1208,3711.0,0.541,0.562,196.0,2024
TOI-2095 b,1.25,3.43,347.0,0.101,3759.0,0.44,0.44,4.1,2023
HIP 97166 b,2.4801338,9.0686,701.66,0.091,5216.0,0.8418,0.9342,19.1,2021
TOI-1776 b,1.21612741,560.3349,1269.21,0.0378,5785.0,0.9356,0.9196,1.4,2024
Kepler-963 c,0.6,,,,5169.47,0.928,0.821,0.156,2024
OGLE-2023-BLG-0836L b,12.9,,,3.7,,,0.71,1385.73185452,2024
BD-14 3065 b,21.59,646.761,2001.0,0.0656,6935.0,2.35,1.41,3932.0,2024
HIP 97166 c,2.75,30.7622,642.0,0.124,5216.0,0.8418,0.9342,8.0,2021
TOI-1794 b,3.29701268,228.913,992.91,0.082,5631.0,1.3162,0.9698,8.7,2024
2MASS J03590986+2009361 b,12.2,0.0,2369.0,572.0,2943.0,0.289776,0.264996,5720.911326,2024
TOI-663 c,2.26,22.3,553.0,0.0437,3681.0,0.512,0.514,3.65,2024
TOI-1246 c,2.45109846,129.0,862.49,0.061,5213.0,0.8649,0.8889,9.1,2022
TOI-1842 b,12.3485023,354.639,1199.55,0.1,6039.0,2.032,1.4643,89.4,2021
TOI-1824 b,2.7438269,14.6287,528.67,0.151,5165.0,0.8123,0.8801,16.0,2024
HIP 77900 b,12.1,,2507.0,3319.0,13646.0,,,6674.396547,2024
2MASS J11011926-7732383 b,11.9,,2677.0,266.0,,,,8899.195396,2024
SPECULOOS-3 b,0.977,15.54,553.0,0.00733,2800.0,0.123,0.1009,0.894,2024
KMT-2023-BLG-1431L b,3.76,,,3.2,,,0.57,13.6,2024
TOI-3071 b,7.16,2579.61,2155.0,0.0249,6177.0,1.31,1.29,68.2,2024
TOI-1246 e,3.5141875,11.0,463.98,0.212,5213.0,0.8649,0.8889,14.5,2022
TOI-2019 b,5.33275337,126.052,917.46,0.128,5626.0,1.7457,1.1832,34.4,2024
TIC 139270665 c,12.9,0.21,200.0,2.0,5844.0,1.016,1.035,1554.18091023,2024
HD 48948 b,2.06,138.85,957.0,0.0652,4593.0,0.679,0.686,4.88,2024
HD 93963 A c,3.11976057,543.8,1212.45,0.04726,5908.0,1.0311,1.0844,18.4,2022
HD 93963 A b,1.46954368,2898.0,1842.23,0.02061,5908.0,1.0311,1.0844,2.8,2022
TOI-815 c,2.62,8.03,469.0,0.193,4869.0,0.77,0.776,23.5,2024
HD 48948 c,2.6,15.5,553.0,0.1951,4593.0,0.679,0.686,7.27,2024
HD 48948 d,3.24,2.46,349.0,0.4894,4593.0,0.679,0.686,10.59,2024
HIP 8152 c,2.52442508,39.9,650.68,0.139,5618.0,0.9603,0.9373,10.7,2023
HIP 8152 b,2.53625843,88.9,794.96,0.093,5618.0,0.9603,0.9373,8.9,2023
TOI-1669 b,14.1,0.571,241.72,1.27,5497.0,1.0561,0.9867,191.0,2023
OGLE-2014-BLG-0221L b,12.9,,,3.76,,,0.69,1382.55357045,2024
TOI-329 b,4.94057819,576.8749,1213.02,0.0638,5614.0,1.5326,1.0678,40.4,2024
TOI-480 b,2.85372018,531.521,1198.94,0.077,6174.0,1.4877,1.2793,20.8,2024
TOI-1410 c,5.63,4.1841,397.45,0.239,4635.0,0.7558,0.7941,27.0,2024
TOI-757 b,2.5,24.3644,641.0,0.122,5278.0,0.78,0.8,10.5,2024
GJ 900 b,12.4,0.0,1.48,12000.0,3976.0,0.716187,1.08,3496.112477,2024
TOI-1450 A c,1.13,,533.0,,3437.0,0.483,0.48,1.527,2024
TOI-1855 b,18.49481816,852.162,1701.0,0.02398,5359.0,1.041,0.987,360.09958513,2024
TOI-3261 b,3.82,1466.0,1722.0,0.01714,5068.0,0.849,0.861,30.3,2024
TOI-669 b,2.58606487,388.2,1124.85,0.048,5597.0,0.9882,0.9245,10.0,2023
HD 25463 b,2.54535814,461.4,1198.46,0.076,6353.0,1.4182,1.251,8.7,2023
HD 73344 b,2.884,111.9729,911.0,0.131,6252.6,1.22,1.2,10.48,2024
TOI-2368 b,10.83908434,162.7267,1000.0,0.05649,5360.0,0.846,0.897,206.58846455,2024
TOI-2107 b,13.57407563,508.468,1397.0,0.03515,5627.0,0.932,0.961,263.79757781,2024
TOI-1248 b,6.8084859,202.0739,952.09,0.051,5205.0,0.8686,0.9042,27.4,2024
TOI-837 b,9.16894621,164.0,995.3,0.0888,5995.0,1.052,1.142,120.45696625,2020
SWEEPS-11 b,12.666,,,0.03,,1.45,1.1,3082.82,2006
Kepler-24 c,2.514,144.827,915.0,0.10612,6028.0,1.099,1.06,9.99,2011
Kepler-57 b,3.135,124.349,850.0,0.05988,5187.9,0.826,0.859,25.06,2012
TOI-3894 b,15.27784069,546.903,1531.0,0.05354,6000.0,1.502,1.138,260.61929374,2024
TOI-3321 b,15.55806521,967.919,1616.0,0.047,5850.0,1.549,1.041,176.07693748,2024
TOI-1744.01,2.68,63.31,598.0,0.164086,6179.0,1.14,1.18,7.65,2024
K2-360 c,4.02,115.0,912.0,0.0883,5679.0,0.98,0.958,15.23,2024
WASP-132 b,10.09929161,58.5,682.0,0.0674,4686.0,0.758,0.789,136.0305582,2016
TOI-469.01,3.41,74.7,716.0,0.111,5289.0,0.98,0.901,9.1,2021
K2-260 b,18.41635529,2520.03,2090.0,0.04392,6860.0,1.755,1.637,546.66486004,2018
K2-237 b,16.06246934,1860.0,1759.0,0.03552,6180.0,1.236,1.256,434.15360396,2018
TOI-1772.01,2.905,140.93,877.67,0.078375,5583.0,0.995,0.99,8.78,2024
WASP-132 c,1.841,791.0,1329.0,0.01833,4686.0,0.758,0.789,6.26,2022
BD-17 63 b,12.8,0.1169,168.92,1.34,4714.0,0.74,0.741,1639.99458012,2008
K2-261 b,9.26982704,180.0,1036.0,0.1086,5490.0,1.663,1.107,68.96876432,2018
K2-321 b,2.05124347,68.5516,830.0,0.02839,3750.0,0.595,0.578,4.86,2020
TOI-1777.01,2.246,71.34,580.0,0.119466,5859.0,0.98,1.06,5.67,2024
HD 20794 d,2.04,5.2273,388.0,0.3625,5368.0,0.93,0.79,4.8,2011
HD 175167 b,12.3,0.496,232.03,2.4,5635.0,1.75,1.09,4703.8604236,2009
Kepler-289 d,3.03,10.5675,502.81,0.33,5990.0,1.0,1.08,5.33,2014
Kepler-289 c,11.23,4.882,394.0,0.50155,5990.0,1.0,1.08,157.18,2014
K2-167 b,2.36509493,317.0,1220.0,0.0932,6310.0,1.499,1.084,6.5,2018
K2-265 b,1.70824866,592.0,1366.0,0.03359,5420.0,0.92,0.901,7.3418362,2018
Kepler-289 b,2.49,27.371,607.0,0.21183,5990.0,1.0,1.08,3.7,2014
KELT-24 b,12.71098411,624.0,1391.0,0.0665,6426.0,1.338,1.268,1458.83238813,2019
TOI-3568 b,5.3,130.1481,899.0,0.0485,4969.0,0.719,0.78,26.4,2024
K2-57 b,2.30905002,24.1,635.8,0.0752,4413.0,0.671,0.699,5.94,2016
K2-54 b,2.6116925,6.1,560.0,0.0761,3990.0,0.643,0.615,7.33,2016
TOI-4638.01,2.933,87.81,779.83,0.093013,5700.0,0.895,1.02,8.92,2024
TOI-5076 b,3.48935569,12.8373,550.0,0.1481,4780.0,0.844,0.789,16.14568308,2024
K2-77 b,2.4996027,58.0,806.0,0.0753,5160.0,0.792,0.847,603.877,2016
K2-180 b,2.46597575,48.3,797.5,0.0756,5365.0,0.719,0.735,11.41003981,2018
TOI-2458 c,3.18,131.8551,922.76,0.129,6005.0,1.31,1.05,10.22,2024
K2-97 b,13.45077684,114.149,1566.0,0.0854,4673.0,4.14,1.17,174.48779544,2016
K2-182 b,2.71257333,146.9,965.8,0.05174,5128.0,0.789,0.823,20.97667486,2018
NGTS-33 b,18.38272835,2620.0,1991.0,0.048,7437.0,1.47,1.6,1153.71711741,2024
Kepler-105 b,2.53,341.809,1418.0,0.06016,5933.0,1.026,0.991,10.8,2013
TOI-2537 b,11.25381662,7.4445,338.0,0.3715,4870.0,0.771,0.771,415.40172795,2024
K2-98 b,5.06645928,339.0,1185.0,0.0986,6260.0,1.518,1.246,34.00763955,2016
K2-114 b,10.59248676,40.0,701.4,0.0944,4899.0,0.832,0.863,638.83509807,2017
TOI-4994 b,8.54124329,40.0,717.6,0.1515,5640.0,1.055,1.005,88.99195396,2024
Kepler-105 c,1.44,236.167,997.0,0.07229,5933.0,1.026,0.991,5.6,2014
TOI-2295 c,12.8,0.5059,234.9,2.018,5730.0,1.459,1.168,1783.01736327,2024
TOI-5110 b,11.98240037,15.1027,976.0,0.2157,6160.0,2.333,1.469,921.7023803,2024
TOI-2537 c,12.7,0.0389,123.1,2.78,4870.0,0.771,0.771,2297.89938261,2024
MOA-2008-BLG-310L b,5.18,,,1.1,,,0.21,23.4,2009
K2-115 b,11.80305668,20.4393,696.0,0.1415,5870.0,0.855,0.918,321.00669107,2017
K2-277 b,2.18575124,195.0,1049.0,0.0664,5680.0,0.973,0.974,7.4,2018
TOI-406 c,1.32,19.0,584.0,0.0322,3392.0,0.41,0.408,2.08,2024
TOI-5005 b,6.25,226.0,1040.0,0.06614,5749.0,0.93,0.97,32.7,2024
HD 86728 b,3.03,37.1828,687.36,0.1916,5610.0,1.237,0.967,9.43,2025
KMT-2021-BLG-2609L b,3.17,,,2.3,,,0.2,10.17050902,2024
TOI-5688 A b,10.3,50.3,742.0,0.03379,3713.0,0.57,0.6,124.0,2024
HD 222237 b,12.8,0.0019,58.74,10.8,4751.0,0.71,0.76,1649.52943233,2024
HD 21520 b,2.697,25.7431,637.0,0.1726,5871.0,1.044,1.09,17.7,2024
TOI-2768 b,2.63,89.0458,855.0,0.027,4008.0,0.657,0.63,7.41,2024
TOI-1174 b,2.562,52.02,713.83,0.07994,5030.0,0.76,0.85,32.0,2024
TOI-2981 b,13.4,556.616,1358.0,0.048,5940.0,1.08,1.03,638.0,2024
TOI-1180 b,3.072,36.97,638.18,0.080799,4738.0,0.73,0.75,10.0,2024
OGLE-2016-BLG-1800L b,13.2,,,1.88,,,0.41,823.17557413,2024
TOI-5713 b,1.77,2.2554,347.2,0.06008,3225.0,0.2992,0.2653,3.78,2024
TOI-6002 b,1.65,1.6823,321.4,0.05722,3229.0,0.2432,0.2101,3.36,2024
HD 135694 b,2.857,71.8,750.83,0.124695,5712.0,1.08,1.02,6.1,2023
TOI-1295 b,15.69257298,1800.0,2360.0,0.047,6280.0,1.7,1.38,451.31633794,2024
TOI-6130 b,14.3474953,1150.0,1750.0,0.036,6110.0,1.51,1.31,333.71982735,2024
TOI-1437 b,2.24,82.0,794.23,0.14,6008.0,1.17,1.1,9.6,2024
HD 183579 b,3.49,58.1,752.0,0.1322,5784.0,0.96,0.996,20.4,2021
KMT-2023-BLG-1866L b,1.43,,,2.63,,,0.51,2.63,2024
K2-203 b,1.26549392,49.6336,738.4,0.0824,5026.0,0.765,0.793,2.14,2018
TOI-6651 b,5.09,817.0,1493.0,0.0633,5940.0,1.721,1.323,61.0,2024
TOI-1630.01,2.417,55.58,584.0,0.101151,5504.0,0.83,0.95,6.42,2024
TOI-1467 b,1.92,18.13,506.07,0.050748,3834.0,0.491,0.489,9.0,2024
TOI-1659.01,2.255,268.44,1031.14,0.065757,5977.0,1.006,1.1,5.71,2024
HD 101581 c,0.99,52.0,747.0,0.0573,4675.0,0.63,0.653,0.937,2025
K2-208 b,1.67462172,264.3425,1122.0,0.04878,5500.0,0.872,0.881,3.45,2018
TOI-1716.01,3.143,254.83,959.0,0.080496,5879.0,1.24,1.07,10.0,2024
TOI-6038 A b,6.41,716.0,1439.0,0.069,6110.0,1.648,1.291,78.5,2025
HIP 116454 b,2.469,51.2858,753.2,0.0792,5048.0,0.758,0.8,9.7,2014
TOI-2420 b,15.02003414,1017.0,1571.6,0.0684,5707.0,2.369,1.158,294.62693329,2024
K2-225 b,3.60929179,121.3934,923.0,0.1409,5520.0,1.7,1.482,12.7,2018
TOI-1739 b,1.946,53.91,755.55,0.073872,4814.0,0.781,0.78,4.45,2024
HD 73344 d,13.2,0.0407,126.51,6.7,6148.0,1.22,1.19,810.46243785,2025
TOI-2485 b,12.1393261,275.6,1134.0,0.1093,6016.4,1.72,1.163,766.60211768,2024
K2-7 b,4.03523305,125.0,786.0,0.1867,5700.0,1.533,1.056,15.3,2015
HD 118203 c,12.4,0.1122,146.0,6.28,5742.0,2.04,1.27,3747.19691853,2024
TOI-4734 b,10.9175472,775.0,1468.0,0.074,6070.0,1.857,1.391,61.65871096,2025
TOI-1453 c,2.224,75.3,819.8,,4975.0,0.72,0.715,2.95,2025
TOI-3493 b,3.22,245.0,1102.0,,5844.0,1.228,1.023,8.97,2025
TOI-2969 b,12.32987877,382.0,1186.0,0.0261,4738.0,0.7,0.71,368.68095212,2025
TOI-5300 b,9.86390302,198.0,1043.0,0.0295,4610.0,0.65,0.67,190.6970442,2025
TOI-4794 b,14.35870428,1310.0,1673.0,0.0492,6390.0,1.451,1.25,308.29355479,2025
TOI-2443 b,2.363,13.2931,519.0,0.105,4375.0,0.631,0.642,4.8,2023
OGLE-2016-BLG-0007L b,1.09,,,10.1,,,0.59,1.32,2025
TOI-5340 b,15.07607904,1004.0,1566.0,0.0628,5990.0,1.842,1.35,270.15414595,2025
AT2021ueyL b,13.6,,,4.01,3680.0,,0.49,425.89006538,2025
Kepler-10 c,2.355,18.3,579.0,0.241,5708.0,1.065,0.91,11.29,2011
TOI-2407 b,4.26,41.0,705.0,0.033,3530.0,0.567,0.548,16.8,2025
TOI-5386 A b,14.70618268,817.0,1488.0,0.04856,6094.0,1.245,1.165,155.10026262,2025
TOI-2015 c,2.93,6.68,448.0,0.041232,3297.0,0.3273,0.3041,8.91,2025
TOI-2015 b,3.309,13.185,530.9,0.029322,3297.0,0.3273,0.3041,9.2,2023
GJ 3998 b,1.39,48.0,733.5,0.03,3726.0,0.5,0.52,2.5,2016
TOI-1117 b,2.46,928.0,1538.0,0.033,5635.0,1.05,0.97,8.9,2025
GJ 3998 c,2.5,5.4,423.49,0.09,3726.0,0.5,0.52,6.82,2016
TOI-640 b,19.2794468,1150.12,1816.0,0.06608,6460.0,2.082,1.536,181.16219199,2021
K2-157 d,5.16,6.46,429.1,0.309,5334.0,0.86,0.89,23.3,2025
TOI-1117 c,2.91,355.0,1210.0,0.0534,5635.0,1.05,0.97,8.78,2025
TOI-1117 d,3.27,152.0,978.0,0.0817,5635.0,1.05,0.97,10.71,2025
Proxima Cen d,0.692,1.814,282.0,0.02881,2900.0,0.141,0.1221,0.26,2025
Proxima Cen b,1.02,0.641,218.0,0.04848,2900.0,0.141,0.1221,1.055,2016
LP 261-75 b,12.1,0.0,1500.0,450.0,3138.0,0.308,0.22,6674.396547,2006
TIC 88785435 b,5.03,28.3253,635.0,0.08432,3998.0,0.911,0.724,22.3,2025
TOI-1238 c,2.11,63.0,695.0,0.037,4089.0,0.58,0.59,8.32,2022
TOI-1238 b,1.21,442.0,1133.0,0.0139,4089.0,0.58,0.59,3.76,2022
KOI-1843.03,0.61,1769.292,1654.0,0.005,3584.0,0.45,0.46,8.0,2013
TOI-5143 c,16.25302201,158.1646,904.48,0.05602,5183.0,0.852,0.864,,2025
TOI-1803 b,2.99,58.0,747.0,0.06,4687.0,0.715,0.756,10.32,2025
TOI-5882 b,11.46678726,4792.5,1515.0,0.0804,5920.0,2.26,1.334,6995.40323807,2025
TOI-4465 b,14.01122587,130.528,427.0,0.416,5545.0,1.014,0.93,1872.00931723,2025
TOI-1478 b,11.99360935,261.013,918.0,0.0818,5597.0,1.048,0.947,279.68899816,2021
HIP 67851 b,13.7,83.22,840.72,0.42,4840.0,5.45,1.28,365.50266805,2015
HIP 67851 c,12.7,0.7091,255.43,4.55,4840.0,5.45,1.28,2204.77565936,2015
TOI-2346 b,16.11851425,1360.0,1689.0,0.0473,6480.0,1.38,1.271,394.10722468,2025
HD 94890 b,13.3,13.5382,533.83,2.07,4867.0,10.71,1.74,676.97450691,2025
HD 87816 b,12.7,17.2656,567.39,1.618,4989.0,9.0,2.41,2142.16346318,2025
TOI-2886 b,18.6405349,2560.0,1978.0,0.02871,6240.0,1.241,1.229,444.9597698,2025
TOI-2876 b,9.6397234,124.2,929.0,0.0654,5271.0,0.873,0.939,54.03082919,2025
TOI-2986 b,9.292245,1156.0,1622.0,0.04489,5906.0,1.458,1.122,96.61983573,2025
WASP-116 b,13.67495645,663.0,1414.0,0.065,6250.0,1.426,1.25,203.41018048,2025
HD 102888 b,12.8,37.4512,688.63,1.05,4990.0,8.6,2.42,1808.44363583,2025
HD 94890 c,12.5,3.094,369.1,4.33,4867.0,10.71,1.74,2831.85110637,2025
TOI-3135 b,13.65253849,464.0,1292.0,0.04756,5890.0,0.985,1.044,327.36325921,2025
Gaia-4 b,12.4,,,,4034.0,0.624,0.644,3750.3752026,2025
WASP-188 b,14.81827249,1278.0,1666.0,0.072,6850.0,1.83,1.5,458.6263913,2025
WASP-154 b,10.76062147,162.0,994.0,0.044,4774.0,0.823,0.8,198.96058278,2025
TIC 434398831 b,3.51,333.6313,1250.0,0.04641,5638.0,0.909,0.992,12.1,2025
TOI-3464 b,13.7646283,1370.0,1693.0,0.0515,6370.0,1.56,1.363,397.28550875,2025
HR 858 c,1.979,512.0,1309.0,0.0687,6354.0,1.258,1.204,3.8,2019
WASP-197 b,14.44837612,1276.0,1665.0,0.065,6050.0,2.112,1.36,403.32424848,2025
WASP-102 b,14.90794433,1293.0,1671.0,0.041,5990.0,1.375,1.08,197.68926915,2025
TOI-3486 b,10.5700688,334.0,1190.0,0.03138,4930.0,0.788,0.837,99.16246298,2025
TOI-2328 b,9.97599282,20.0982,842.0,0.127,5525.0,0.9,0.95,50.85254512,2025
TOI-3837 b,10.87271128,138.065,1178.0,0.099,5905.0,1.2,0.89,187.51876013,2025
Gl 410 b,2.83,20.4555,592.44,0.0531,3842.0,0.543,0.55,8.4,2025
HD 219666 b,4.898,598.4408,1076.0,0.06356,5540.0,1.059,1.02,17.6,2018
TOI-3682 b,12.80065596,1258.0,1657.0,0.048,5703.0,1.735,1.32,69.28659273,2025
TOI-6628 b,10.98480109,20.0861,833.0,0.134,5463.0,1.01,0.97,235.19302118,2025
Kepler-289 e,2.94,1.58,286.0,0.9342,5990.0,0.985,1.061,17.4,2025
KMT-2022-BLG-2076L b,13.9,,,5.67,,,0.67,279.68899816,2025
TOI-4214 b,10.68215861,1210.0,1642.0,0.05018,6370.0,1.434,1.382,165.27077164,2025
GJ 581 c,2.5,2.3985,346.13,0.0718,3500.0,0.302,0.295,6.81,2007
G 192-15 c,3.87,0.0016,55.9,1.137,2999.0,0.170718,0.132,14.3,2025
G 268-110 b,1.13,13.57,534.0,0.01283,,0.177,0.137,1.52,2025
TOI-2449 b,11.24,362.642,400.0,0.45,6021.0,1.065,1.079,222.0,2025
KMT-2024-BLG-2242L b,3.82,,,0.89,,,0.069,13.98444991,2025
GJ 508.2 b,,0.0025,59.3,4.85,3720.0,0.53,0.54,587.98255295,2025
GJ 3512 c,14.3,0.0005,42.92,1.731,3141.0,0.139,0.123,143.97626837,2020
HD 28471 b,1.75,653.3957,1377.0,0.042,5766.0,1.08,0.98,3.72,2025
HD 28471 c,2.26,272.8024,1066.0,0.065,5766.0,1.08,0.98,5.72,2025
NGTS-32 b,15.91675259,1554.0,1750.0,0.044,5680.0,1.85,1.07,181.16219199,2025
HD 143811 AB b,15.69257298,0.0011,1042.0,63.0,6791.0,1.68398,1.32,1938.7532827,2025
AF Lep b,13.0,0.0241,1400.0,8.996,6140.0,1.25,1.218,1147.36054927,2023
TOI-238 b,1.559,753.1,1378.0,0.0212,5059.0,0.756,0.781,3.37,2024
HD 152843 b,3.05,265.4,1003.11,0.1049,6310.0,1.43,1.15,9.82,2021
MOA-2022-BLG-033L b,3.52,,,2.15,,,0.51,12.15,2025
HD 28471 d,2.06,115.259,945.0,0.1,5766.0,1.08,0.98,4.91,2025
HD 152843 c,5.94,133.1,253.08,0.1482,6310.0,1.43,1.15,9.67,2021
KMT-2023-BLG-1896L b,4.19,,,2.86,,,0.72,16.35,2025
KMT-2023-BLG-0119L b,11.0,,,3.14,,,0.71,83.7,2025
TOI-6054.02,2.82,285.0,1143.0,0.1079,6047.0,1.662,1.107,9.3,2024
WASP-110 b,13.19297028,279.0,1158.0,,5392.0,0.853,0.814,154.78243421,2021
K2-233 d,2.363,12.7,525.0,0.1516,4796.0,0.71,0.79,10.3,2018
K2-233 c,1.272,66.2,794.0,0.0664,4796.0,0.71,0.79,4.6,2018
BEBOP-4 AB b,,0.5477,239.44,3.634,5701.43,2.75645,1.507,8358.8871041,2025
2MASS J22501512+2325342 b,11.9,0.0,1600.0,518.0,3352.0,0.437589,0.433173,9534.85221,2018
WASP-4 b,15.12091496,1188.6219,1653.0,0.02261,5436.0,0.912,0.899,381.3940884,2007
Kepler-391 b,2.5,690.0,930.0,0.083,5038.0,2.879,1.27,1100.0,2014
GJ 251 b,1.79,2.37,336.0,0.0808,3342.0,0.36,0.35,3.85,2020
TOI-1438 b,3.04,145.0,971.0,0.0553,5230.0,0.82,0.876,9.4,2025
GJ 536 c,2.3,1.692,290.5,0.1617,3641.0,0.529,0.528,5.89,2025
TOI-1438 c,2.75,65.0,794.0,0.083,5230.0,0.82,0.876,10.6,2025
Kepler-391 c,2.88,179.0,662.0,0.164,5038.0,2.879,1.27,450.0,2014
TOI-756 b,2.81,127.0,934.0,0.018,3657.0,0.505,0.505,9.83,2025
TOI-756 c,13.0,0.24,194.0,0.439,3657.0,0.505,0.505,1287.20504835,2025
HD 224018 d,2.4,4.7348,411.0,0.53,5784.0,1.147,1.013,4.2,2025
TOI-2141 c,2.35,241.0,1095.0,0.0585,5635.0,0.95,0.896,6.14,2025
TOI-6448 b,8.47398941,28.1152,745.0,0.131,5910.0,0.897,1.03,54.0,2025
K2-214 b,2.51,238.0,1001.0,0.0834,5875.0,1.236,1.03,6.85,2018
51 Eri b,,0.0529,807.0,10.4,7422.0,1.45,1.75,3464.3296363,2015
TOI-1203.01,2.918,51.0,743.6,0.1632,5737.0,1.179,0.886,7.39,2021
TOI-2093 c,2.3,3.0647,329.0,0.257,4426.0,0.729,0.745,15.8,2025
KMT-2024-BLG-1209L b,13.2,,,2.51,,,0.77,839.06699448,2025
HD 135344 A b,16.25302201,0.061,1585.0,16.5,9540.0,1.5,2.32,3178.28407,2025
K2-10 b,3.773,42.1,649.0,0.137,5533.0,0.956,0.88,25.2,2015
TOI-1203 b,1.52,572.2,1361.2,0.04869,5737.0,1.179,0.886,3.51,2025
TOI-1203 c,2.2,,,,5737.0,1.179,0.886,5.46,2025
HIP 18606 b,14.0,4.4294,405.91,1.61,4860.0,4.83,1.21,244.72787339,2025
HIP 111909 c,13.9,2.6982,357.64,1.97,4891.0,4.53,1.28,257.44100967,2025
TIC 257060897 b,17.26183028,1804.5549,1775.0,0.04922,5993.0,1.863,1.187,201.50321004,2021
OGLE-2016-BLG-1266L b,12.4,,,0.43,,,0.015,3813.940884,2018
BD+37 3172 b,12.4,31.9959,713.25,4.65,4500.0,50.24,3.75,3368.9811142,2023
TOI-654.01,2.378,65.0,794.0,0.01944,3521.0,0.43,0.419,8.71,2024
K2-37 b,1.39,193.0,949.0,0.05105,5352.0,0.809,0.84,2.51,2016
K2-37 d,2.31,41.3,646.0,0.1102,5352.0,0.809,0.84,12.5,2016
K2-55 b,4.43,141.3,900.0,0.03486,4300.0,0.715,0.688,44.0,2016
TOI-5261 b,11.60129502,159.592,1244.0,0.05134,5790.0,1.021,1.037,3651.84839643,2025
TOI-4773 b,15.22179579,3879.8071,2255.0,0.03216,6740.0,1.55,1.452,1687.66884117,2025
BD+42 2315 b,14.2,335.1294,1247.58,0.54,4500.0,17.85,1.38,174.80562385,2023
Ross 176 b,1.84,36.2,682.0,0.0464,4041.0,0.569,0.577,4.57,2025
K2-62 c,1.99,14.3,495.0,0.1148,4455.0,0.696,0.67,4.62,2016
K2-61 b,1.92,730.0,1325.0,0.0392,5748.0,0.995,0.97,4.35,2016
TOI-6420 b,11.93756445,106.619,1213.0,0.0753,6020.0,1.312,1.165,2606.1929374,2025
TOI-5350 b,12.41955062,321.879,1195.0,0.0796,6220.0,1.263,1.167,2094.48920213,2025
TOI-5817 b,3.08,126.8632,950.0,0.1223,5770.0,1.427,0.97,10.3,2025
K2-73 b,2.58,209.0,968.0,0.07619,5867.0,1.058,1.02,9.2,2016
TOI-5799 b,1.733,11.91,505.0,0.0348,3452.0,0.321,0.325,3.65,2024
TOI-1346 b,2.39,468.5415,1324.0,,5099.0,0.78,0.82,6.3,2025
TOI-1346 c,2.23,102.6644,928.0,,5099.0,0.78,0.82,5.6,2025
K2-105 b,3.4,100.0,805.0,0.0796,5373.0,0.905,0.94,15.4,2017
TOI-5799 c,1.76,2.4202,337.0,0.0782,3452.0,0.321,0.325,3.75,2025
TOI-6223 b,5.07,41.8646,714.0,0.04018,3895.0,0.576,0.582,22.6,2025
KOI-351 g,7.718,3.387,342.0,0.71704,6031.13,1.185,1.242,15.0,2013
HD 63433 c,2.692,35.3582,678.92,0.146,5553.0,0.934,0.956,15.539,2020
HD 17156 b,12.26262489,68.8,888.0,0.1632,6046.0,1.517,1.285,1036.12060682,2007
TOI-6000 b,0.94,258.7482,1120.0,,3419.0,0.38,0.37,0.779,2025
K2-189 c,2.31,140.0,877.0,0.068,5442.0,0.879,0.85,5.95,2018
KMT-2024-BLG-0404L b,11.9,,,0.85,,,0.09,8657.64580668,2025
KMT-2024-BLG-1281L b,4.59,,,1.96,,,0.32,19.06970442,2025
GJ 317 b,13.3,0.0159,100.32,1.138,3496.0,0.403,0.402,794.5,2007
TOI-6303 b,11.59,14.28,541.0,0.0761,3977.0,0.609,0.644,2493.0,2025
LHS 1903 d,2.5,6.35,442.0,0.08604,3664.0,0.539,0.538,5.96,2026
LHS 1903 e,1.732,2.05,333.0,0.15135,3664.0,0.539,0.538,5.79,2026
WASP-120 b,15.58048317,1818.5489,1749.0,0.0514,6450.0,1.68443,1.393,1541.4755,2016
WASP-140 b,14.23540549,491.326,1270.0,0.0323,5300.0,0.87,0.9,775.5052,2016
HD 85426 c,3.19,,640.0,,5746.0,1.1303,0.991,10.3,2026
TOI-1774.01,2.78,73.7609,824.0,,5746.0,1.1303,0.991,8.5,2021
HD 176986 b,,81.7,767.0,0.062956,4931.0,0.782,0.789,1487.75477317,2017
KOINTREAU-3 b,13.1,0.0,8.74,342.0,3920.0,0.730795,0.41,1080.6165838,2026
PDS 70 b,21.96960217,0.0008,1392.0,20.8,4109.0,1.26,0.982,1017.0509024,2018
HD 176986 d,2.49,4.09,363.0,0.28149,4931.0,0.782,0.789,6.76,2026
TOI-6692 b,11.67975789,182.3533,467.0,0.512,5890.0,1.385,1.047,197.05361234,2026
TOI-4342 b,2.329,27.8,639.0,0.0519,3866.0,0.598,0.587,7.3,2023
PDS 70 c,22.19378179,0.0003,1054.0,34.3,4109.0,1.26,0.982,2383.7130525,2019
V2376 Ori b,87.20586985,,2100.0,71.0,,,0.45,6356.56814,2025
TOI-5489 b,1.4,25.1137,624.0,,3547.0,0.42,0.41,2.54,2025
HD 208487 b,14.3,6.0876,437.59,0.53,6134.0,1.16,1.15,146.20106722,2004
HD 181433 b,,51.0227,732.52,0.0828,4918.0,0.79,0.86,1708.64551603,2008
TOI-1135 b,9.91994792,310.0,1171.0,0.0815,6320.0,1.202,1.119,58.79825529,2024
TOI-5716 b,0.96,3.4093,400.0,,3436.0,0.22,0.19,0.84,2025
HD 181433 d,13.2,0.0077,81.19,6.74,4918.0,0.79,0.86,858.1366989,2008
HD 181433 c,,0.0984,153.53,1.885,4918.0,0.79,0.86,2207.00045821,2008
DMPP-1 b,4.26,103.0711,877.0,0.1423,6196.0,1.26,1.21,16.8,2019
HD 202206 b,12.1,1.6613,314.96,0.81,5764.23,1.04,1.06,6849.20217085,2026
TOI-4940 b,6.61,40.4612,643.0,0.165,5504.0,1.163,1.012,89.0,2025
TOI-5734 b,2.1,56.3778,688.0,0.05921,4750.0,0.639,0.724,9.1,2026
GJ 480 b,2.91,5.929,406.0,0.068,3509.0,0.449,0.45,8.8,2020
DMPP-1 d,2.02,1045.9594,1632.0,0.04467,6196.0,1.26,1.21,4.72,2019
DMPP-2 b,14.2,288.2234,1000.0,0.06638,6500.0,1.78,1.41,171.48,2019
K2-19 d,1.044,404.0,1258.0,0.03478,5350.0,0.824,0.892,6.2,2016
NGTS-35 b,10.9,9.8437,451.0,0.16,4717.0,0.753,0.789,152.0,2025
TOI-2267 c,1.14,4.7,374.0,0.0263,3030.0,0.2075,0.171,1.55,2025
TOI-2267 b,1.0,8.4,424.0,0.0205,3030.0,0.2075,0.171,0.972,2025
HD 39194 c,2.65,33.2512,675.19,0.1083,5205.0,0.783742,0.86,7.49,2021
DMPP-3 A b,1.44,142.7812,854.0,0.05958,5138.0,0.91,0.9,2.67,2019
TOI-5007 b,11.07447293,85.3,774.0,0.0307,3793.0,0.656,0.632,211.03806225,2026
TOI-7166 b,2.01,1.07,249.0,0.06191,3099.0,0.222,0.19,4.7,2025
TOI-375 b,10.77183045,593.3,1373.0,0.099,5259.9,2.9,1.441,236.78216321,2026
TOI-5422 b,9.10169233,580.0,1369.0,0.0619,5820.0,1.474,1.066,8899.195396,2026
HD 28185 b,12.8,0.9073,271.95,1.034,5602.0,1.048,0.974,1859.29618095,2001
XO-3 b,14.79585452,1161.72,1890.0,0.04815,6970.0,1.523,1.449,4217.58296089,2007
DMPP-6 c,3.74,42.4847,715.27,0.2206,6182.09,1.27,1.079,13.47,2026
TOI-7510 b,7.31,1678.5119,878.0,0.1019,5720.0,1.035,1.063,18.1,2025
TOI-5788 c,2.272,49.8,667.0,0.1197,5615.0,0.87,0.87,6.4,2026
TOI-5788 b,1.528,175.1,910.0,0.064,5615.0,0.87,0.87,3.72,2026
DMPP-9 b,3.89,176.6011,995.58,0.1097,6092.0,1.26,1.1,14.43,2026
HD 72659 c,12.1,0.0051,71.91,21.5,5929.0,1.36,1.033,6165.8710958,2022
KMT-2020-BLG-0202L b,12.4,,,4.17,,,0.81,3902.93283796,2026
KMT-2022-BLG-1551L b,13.2,,,2.29,,,0.54,940.77208472,2026
HD 95338 b,4.27174254,7.42,443.0,0.262,5097.0,0.868,0.848,42.9,2020
KMT-2022-BLG-1818L b,13.0,,,2.6,,,0.79,1271.313628,2026
TOI-1243 b,2.33,17.2664,450.0,,3515.0,0.511,0.515,7.7,2026
TOI-5938 b,3.82,249.273,1077.0,0.0308,4650.0,0.712,0.744,14.0,2026
TOI-7009 b,3.71,42.4124,872.0,0.0287,4080.0,0.564,0.583,13.3,2026
KMT-2025-BLG-0121L b,12.6,,,3.05,,,0.61,2469.52672239,2026
HD 28109 b,2.69,33.4501,867.0,0.1357,6189.0,1.425,1.227,6.2,2022
TOI-5388.01,0.99,3.3023,488.0,0.024335855,3440.0,0.3,0.292,2.2,2024
KMT-2024-BLG-2087L b,12.9,,,3.03,,,0.48,1395.26670673,2026
HD 100508 b,13.7,0.0216,106.66,6.11,5419.0,1.0179,0.94,381.3940884,2026
HD 114386 c,13.4,0.2616,200.82,1.05,4895.0,0.76,0.8,117.59651059,2026
HD 28109 d,3.11,17.3745,561.0,0.411,6189.0,1.425,1.227,5.8,2022
KMT-2020-BLG-0414L b,1.2,,,2.07,,,0.49,1.87,2021
TOI-6716 b,0.982,4.4,369.0,0.0319,3110.0,0.231,0.223,0.911,2026
HD 154345 b,13.7,0.0349,119.21,4.158,5468.0,0.85,0.89,376.9444907,2006
HD 217107 b,13.6,231.1546,1105.84,0.07359,5622.0,1.2245,1.045,459.57987652,1998
TOI-1472 b,4.058,110.0201,891.0,0.064,5100.0,0.84,0.87,18.05,2024
TOI-1648 b,2.54,27.4026,799.0,0.0694,4850.0,0.81,0.83,7.4,2025
HD 164604 b,12.3,0.1402,170.16,1.362,4663.0,0.78,0.77,4195.3349724,2009
HD 164604 c,12.5,0.0084,84.25,5.556,4663.0,0.78,0.77,3019.3698665,2026
HIP 54515 b,12.2,0.0171,100.72,24.8,8100.0,1.64915,1.9,5625.5628039,2026
TOI-1518 b,21.05046575,7010.0,2546.0,0.03712,7299.0,1.942,1.88,581.62598481,2021
GJ 4274 b,1.53,14.7,548.53,0.0153,3228.0,0.19,0.18,2.97,2026
LHS 1903 b,1.382,66.66,796.0,0.02656,3664.0,0.539,0.538,3.28,2026
LHS 1903 c,2.046,16.2,559.0,0.05387,3664.0,0.539,0.538,4.55,2026
TOI-1080 b,1.2,4.35,368.0,0.0272,3065.0,0.2019,0.1667,10.7,2026
TOI-2145 b,12.24020692,515.939,1484.0,0.1117,6206.0,2.75,1.71,1805.26535176,2023
TIC 231949697 b,1.52831855,154.97,982.91,,3451.32,0.492584,0.490679,2.95,2026
CWISEP J193518.59-154620.3 b,12.2,,390.0,2.48,,,0.024,4926.3403085,2025
HD 202772 A b,18.2370116,3770.0,2181.0,0.05208,6442.0,2.554,1.721,323.54931833,2019
TOI-4588 b,2.92922558,2310.43,1768.0,0.1376,7746.12,1.57458,2.018,8.9,2026
TOI-4513 b,2.34587608,30.3621,653.0,,5623.93,0.796628,0.979,6.11,2026
TIC 24750448 b,2.43722231,,,,4545.43,0.713599,0.69,6.51,2026
TOI-4127 b,12.07,22.3,556.0,0.303,6096.0,1.293,1.23,743.71847238,2023
TOI-697 b,2.35859364,117.5495,839.8,,5681.95,0.968149,0.97,6.16,2026
TOI-4561 b,1.77789214,91.9624,789.81,,5537.93,0.851957,1.0,3.81,2026
TIC 24750448 c,3.09028272,,,,4545.43,0.713599,0.69,9.75,2026
GJ 1137 c,2.11,58.4,768.51,0.0835,5033.8,0.837,0.836,5.12,2026
TIC 87422071 b,10.8615023,140.925,1110.0,0.106,6150.0,1.489,1.239,409.99864503,2026
TOI-883 b,7.17166228,91.5488,861.0,,5713.15,1.01477,1.003,40.7,2026
TOI-4640 b,2.84326517,854.2741,1378.86,,5743.01,1.06715,1.1,8.46,2026
TIC 38828280 b,2.62701629,,,,5046.63,0.741147,0.84,7.4,2026
TIC 147027702 b,10.92875618,90.5749,863.0,0.274,6410.0,2.136,1.406,346.43296363,2026
TIC 245076932 b,10.87271128,85.6018,845.0,0.157,6130.0,1.288,1.117,162.09248757,2026
TOI-921 b,3.53409617,426.7683,951.0,,6011.66,1.14165,1.13,12.2,2026
TOI-4930 b,6.93277225,310.079,1169.0,,5624.72,1.15926,1.04,38.4,2026
TIC 62895484 b,3.49391667,,,,5520.79,0.874291,0.98,12.0,2026
TOI-941 b,6.51165317,220.1422,982.42,,5745.88,1.1849,1.078,34.6,2026
TOI-5159 b,1.54732112,133.1006,866.29,,5156.16,0.854084,0.9,3.01,2026
TIC 86380416 b,2.4123612,,,,5723.74,0.989724,1.07,6.4,2026
K2-19 b,7.0,87.0,857.0,0.07487,5322.0,0.82,0.88,30.8,2015
TOI-5335 b,4.02422162,200.83,1048.0,,5528.92,0.916633,0.945,15.3,2026
TIC 88692598 b,1.81295951,,,,3483.17,0.532473,0.529218,3.94,2026
TOI-1752 b,1.693,194.1729,1036.0,0.01624,3762.0,0.53,0.524,3.51,2026
TOI-1269 c,2.22999162,54.6767,757.0,,5554.02,0.848906,0.9027,5.6,2026
TOI-5486 b,3.96824928,53.3297,752.0,,3750.17,0.553216,0.548138,14.9,2026
TIC 139702105 b,2.45316949,,,,5742.35,1.25423,0.9,6.59,2026
TOI-5624 c,2.474,96.429,857.0,0.07374,5327.0,0.82,0.858,4.8,2026
TOI-1718 b,4.10824994,134.155,948.0,,5304.91,0.939285,0.93,15.8,2026
TOI-5532 b,2.52763693,34.3229,617.33,,4208.45,0.662052,0.636083,6.93,2026
TIC 161045582 b,2.24566738,,,,5683.87,1.07976,1.04,5.67,2026
TOI-1232 c,8.88,31.4327,660.05,0.194,5823.0,1.072,1.058,58.48042689,2026
TOI-1732 b,2.49549787,44.2458,657.79,,4201.93,0.632571,0.613891,6.78,2026
TOI-5605 b,2.52611303,33.3499,669.0,,4583.79,0.736044,0.68,6.92,2026
TOI-1756 b,1.94225664,55.5824,696.39,,3891.86,0.562607,0.556454,4.43,2026
TOI-5630 b,2.37117553,937.884,1541.0,,5385.64,0.933361,0.934,6.22,2026
TIC 206466666 b,2.14817673,,,,4620.3,0.667193,0.76,5.26,2026
TOI-198 b,1.36,7.2,456.0,0.0675,3801.0,0.418,0.417,3.17,2023
KMT-2024-BLG-2005L b,8.18,,,1.12,,,0.12,50.85254512,2026
TOI-1839 b,2.21895097,921.8467,1405.35,,5315.91,0.848099,0.934,5.56,2026
TOI-5926 b,7.56807148,157.644,987.0,,5388.92,0.890046,0.946,44.6,2026
TIC 290487717 b,6.63777941,,,,5328.97,0.943767,0.92,35.7,2026
TOI-672 b,5.31,39.8,699.5,0.0376,3810.0,0.54,0.54,50.9,2023
TOI-2071 b,2.56484195,265.3025,1029.33,,5755.41,1.00286,1.063,7.1,2026
TOI-4156 c,2.92303762,101.3929,809.32,,5971.64,1.03963,1.1,8.87,2026
TIC 356227008 b,2.39024009,,,,5731.86,0.959792,1.02,6.3,2026
TOI-2518 b,2.26838675,239.133,1095.0,,5751.2,0.993374,1.11,5.77,2026
TOI-6393 b,2.75958542,39.0679,696.0,,5008.2,0.766023,0.835,8.04,2026
EPIC 220674823 b,1.606,4467.0,2324.0,0.0132,5578.0,0.99,0.913,7.54,2016
EPIC 220674823 c,2.712,70.0,838.0,0.1078,5578.0,0.99,0.913,7.9,2016
TOI-2654 b,7.94454164,75.0167,819.0,,4594.08,0.756095,0.69,48.4,2026
TOI-6699 b,2.32645266,150.91,976.0,,4705.1,0.75309,0.75,6.02,2026
TOI-1839 c,2.40867246,,,,5315.91,0.848099,0.934,6.39,2026
K2-111 c,3.34,142.0569,923.0,0.11565,5775.0,1.25,0.84,11.1,2020
TOI-4156 b,2.53823825,459.495,1289.0,,5971.64,1.03963,1.1,6.98,2026
TOI-7333 b,2.09469416,53.9635,755.0,,4586.87,0.666066,0.721,5.04,2026
rho CrB e,1.75,151.5473,1004.88,0.1061,5817.0,1.3617,1.0,3.71,2023
MOA-2007-BLG-192L b,3.58,,,2.02,,,0.28,12.49,2008
K2-79 b,4.15,180.0,1033.0,0.0987,5897.0,1.269,1.06,5.9,2016
K2-111 b,1.837,490.0,1293.0,0.0565,5775.0,1.25,0.84,5.35,2017
TOI-4363 b,1.76689273,144.7854,884.71,,4278.45,0.69132,0.62,3.77,2026
HD 5388 b,13.1,1.4901,316.59,1.757,6297.0,1.91,1.21,1017.0509024,2010
Kepler-79 b,3.51,205.404,929.0,0.11929,6389.0,1.316,1.244,7.6,2012
Kepler-79 c,3.76,79.765,734.0,0.19144,6389.0,1.316,1.244,4.6,2012
HD 16760 b,12.1,0.5388,226.14,1.156,5518.0,0.835,0.93,6833.3107505,2009
TOI-3457 b,10.64,17.4858,824.2,0.2001,6300.0,1.474,1.04,797.74930157,2026
TOI-6884 b,10.39072511,1230.0,1652.0,0.0629,6330.0,1.84,1.41,8365.24367224,2026
TOI-4602.01,2.45,664.0,1344.0,0.04747,5966.0,1.08,0.9,5.53,2024
TOI-791 b,11.13051784,8.47,434.3,0.602,6294.0,1.474,1.28,9.5,2026
eps Eri b,13.8,0.0306,112.26,3.53,5020.38,0.759106,0.82,317.828407,2000
TOI-791 c,12.94637271,4.12,362.8,0.863,6294.0,1.474,1.28,18.6,2026
HD 190360 b,13.5,0.0741,150.0,3.965,5560.0,1.14,0.996,537.0,2003
HD 190360 c,5.53,69.1705,794.55,0.1298,5560.0,1.14,0.996,26.2,2005
HD 190360 d,3.48,7.7173,459.21,0.3886,5560.0,1.14,0.996,11.9,2026
TOI-3664 b,13.69737442,349.544,1232.0,0.0431,5593.0,1.11,0.98,114.41822652,2026
TOI-4034 b,17.71018951,1870.78,1907.0,0.03289,5891.0,1.83,1.19,276.51071409,2026
HD 126105 b,13.5,4.8659,413.6,1.36,4875.0,4.21,1.2,530.77343969,2026
TIC 52059926 b,10.71,4.4802,229.6,0.553,4505.0,0.72,0.73,5380.0,2026
TOI-4427 b,13.09208946,195.0,1040.0,0.05389,5347.0,0.89,0.9,87.72064033,2026
TOI-2049 b,16.64533634,2032.0,1869.0,0.06919,6164.0,3.2,1.57,486.27746271,2026
TOI-4458 b,12.40834163,1595.0,1759.0,0.0522,6151.0,1.96,1.47,552.06794296,2026
TOI-159 b,18.18,1797.8272,1891.0,0.056,7287.0,1.62,1.661,1110.0,2026
COCONUTS-2 b,12.57647635,0.0,493.0,7506.0,3552.0,0.366,0.4,2383.7130525,2021
HD 30177 c,12.9,0.0124,87.87,9.9,5680.0,1.019,0.98,1484.25866069,2016
TOI-1710 b,5.06,33.0,602.99,0.1652,5775.0,0.93,1.02,19.1,2022
K2-370 b,2.67,428.205,1267.0,0.0321,5662.0,0.945,0.962,11.1,2022
HIP 8923 b,12.5,0.0539,136.48,5.9,5980.0,1.32164,1.01,3171.92750186,2026
TOI-201 c,10.4,0.1367,169.58,4.37,6423.0,1.31,1.32,4990.0,2025
KMT-2023-BLG-0332L b,12.0,,,3.2,,,0.54,6992.224954,2026
XO-2 S d,13.0,0.0253,110.98,5.46,5325.0,1.02,0.98,1179.14338997,2024
TOI-237 c,1.206,16.0,515.0,0.016,3226.0,0.2056,0.1698,1.9,2026
bet Pic b,18.49485,0.0885,1612.0,10.07,8038.68,1.54416,1.789,2765.1071409,2008
bet Pic c,12.5,1.2305,1250.0,2.7,8038.68,1.54416,1.789,2765.1071409,2019
bet Pic d,14.12331568,0.0133,600.0,26.0,8038.68,1.54416,1.789,762.7881768,2026
Kepler-484 b,2.28,90.629,766.0,0.09036,5668.0,0.87,0.96,5.82,2016
Kepler-758 c,1.69,1211.822,1372.0,0.05768,6228.0,1.42,1.16,3.5,2016
TOI-4311 b,1.376,1273.0,1664.0,0.01817,5063.0,0.8441,0.816,4.5,2026
TOI-2147 b,10.5,68.2928,820.0,0.172,5983.0,1.39,0.99,116.0,2026
TOI-6019 b,12.3,249.6501,1095.0,0.1212,5561.0,2.02,1.13,149.0,2026
Kepler-929 b,1.11,8159.933,2362.0,0.01982,5869.0,1.02,1.01,1.41,2016
Kepler-1767 b,3.01299077,5.66,393.0,0.2873,5243.0,0.831,0.887,9.34,2021
Kepler-223 e,4.6,119.882,751.0,0.14481,5803.0,1.72,1.125,4.8,2014
Kepler-1127 b,1.96,160.765,994.0,0.0556,5664.0,0.95,0.97,4.5,2016
Kepler-1793 b,3.79037518,61.24,713.0,0.0787,5191.0,0.764,0.85,13.8,2021
HD 141937 b,12.4,0.4436,231.49,1.54,5870.0,1.03,1.09,3591.4609991,2002
Kepler-1367 b,0.92,225.233,998.0,0.0236,4106.0,0.6,0.62,0.721,2016
Kepler-1900 b,1.62314676,798.35,1356.0,0.042,6173.0,1.041,1.104,3.27,2021
Kepler-1364 b,2.15,672.06,1299.0,0.1284,6805.0,1.79,1.49,5.27,2016
Kepler-482 b,2.36,4.436,352.0,0.25787,4871.0,0.72,0.75,6.17,2016
Kepler-1646 b,1.23,4.2,365.0,0.0295,3299.0,0.26,0.24,2.04,2016
HD 6718 b,13.3,0.0907,148.94,3.53,5746.0,1.02,0.96,762.7881768,2009
Kepler-32 c,2.0,10.68,451.0,0.09,3900.0,0.53,0.58,158.9,2011
K2-177 b,2.1162048,,,,6063.0,1.213565,1.210525,5.13,2018
Kepler-259 c,2.7,15.054,530.0,0.217,5938.0,0.898,0.867,7.75,2014
K2-183 b,1.1,,,,5482.0,0.87,0.942219,1.37,2018
Kepler-222 d,3.69,15.087,522.0,0.18,5433.0,0.869,0.933,13.2,2014
Kepler-165 c,2.23,25.931,581.0,0.11,5211.0,0.77,0.746,5.6,2014
K2-263 b,2.513,8.17,482.0,0.2573,5368.0,0.85,0.88,15.4,2018
Kepler-166 d,1.73,651.409,1313.0,0.02449,5350.0,0.83,0.88,3.64,2016
Kepler-52 b,2.1,22.72,553.0,0.0637,4075.0,0.52,0.54,135.0,2012
K2-186 b,3.17207779,,,,5784.0,0.98083,1.018617,10.2,2018
K2-195 c,2.57581891,,,,5712.0,0.906367,0.963364,7.16,2018
K2-187 e,1.9,52.0501,698.0,0.1106,5438.0,0.83,0.966999,4.27,2018
K2-187 c,1.4,414.343,1173.0,0.0392,5438.0,0.83,0.966999,2.54,2018
K2-189 b,1.403,497.0,1203.0,0.0361,5442.0,0.879,0.85,2.55,2018
K2-280 b,7.5,69.5,787.0,0.1461,5500.0,1.28,1.03,37.1,2018
K2-381 c,2.0,,,,4473.0,0.675,0.754,4.66,2022
Kepler-229 b,2.2,76.217,823.0,0.062,5120.0,0.728,0.808,5.48,2014
K2-222 b,2.275,95.0,803.0,0.1186,5942.0,1.072,0.94,7.5,2018
K2-220 b,2.37,79.7,761.0,0.1104,5612.0,1.026,0.91,6.21,2018
Kepler-491 b,8.92,312.514,1111.0,0.05191,5582.0,1.03,1.04,59.0,2016
Kepler-197 b,1.02,431.256,1142.0,0.06,6004.0,1.12,0.857,1.04,2014
Kepler-216 b,2.35,540.034,1069.0,0.079,6091.0,1.26,1.126,6.12,2014
K2-176 b,1.49090097,,,,5428.0,0.86416,0.938545,2.83,2018
K2-223 b,0.89,5714.3505,2271.0,0.0127,5859.0,1.0,1.06,0.64,2018
Kepler-1732 b,4.09903273,27.05,699.0,0.2015,5821.0,1.494,1.043,15.7,2021
14 Her b,12.5,0.0873,147.32,2.839,5338.0,0.93,0.97,2828.6728223,2002
16 Cyg B b,13.5,0.454,228.76,1.66,5750.0,1.13,1.08,565.7374,1996
K2-368 d,1.948,,,,4663.0,0.663,0.746,4.45,2022
Kepler-261 b,2.18,45.779,672.0,0.088,5098.0,0.794,0.834,5.39,2014
1RXS J160929.1-210524 b,18.647,0.0,1700.0,330.0,4060.0,1.31316,0.85,3000.0,2008
CoRoT-4 b,13.34,203.9517,1074.0,0.09,6190.0,1.17,1.16,228.83,2008
K2-224 c,2.41,73.1328,764.0,0.0886,5620.0,0.84,0.91,6.39,2018
K2-368 c,1.361,,,,4663.0,0.663,0.746,2.42,2022
24 Sex c,13.9,3.3719,377.31,2.08,5098.0,4.9,1.54,273.32,2010
CoRoT-7 b,1.68135,1773.7952,1756.0,0.017016,5275.0,0.83,0.82,4.07660518,2009
K2-226 b,1.53899305,332.7564,1187.0,0.04095,5288.0,0.889,0.856,2.98,2018
K2-227 b,1.66551298,,,,5673.0,0.890666,0.950811,3.41,2018
2MASS J12073346-3932539 b,15.69257298,0.0,1163.0,46.0,2825.0,0.21887,0.188001,1652.7077164,2004
CoRoT-7 c,2.83,242.7184,1098.59,0.046,5256.0,0.864273,0.899,8.4,2009
eps Tau b,12.7,22.147,603.08,1.878,4877.0,12.35,2.57,2285.18624633,2006
gam1 Leo b,12.5,228.5105,1080.7,1.19,4330.0,31.88,1.23,2790.43,2009
K2-229 b,1.0,2290.0,1818.0,0.0131,5315.0,0.79,0.87,2.55,2018
Kepler-752 b,2.81,45.278,632.0,0.1353,5373.0,0.83,0.87,8.3,2016
CoRoT-9 b,11.948794,3.444,420.0,0.4021,5625.0,0.96,0.96,266.9772,2009
K2-343 b,1.65,,653.0,,3804.0,0.46,0.49,3.36,2021
51 Peg b,14.1,506.1775,1328.93,0.052,5761.0,1.19,1.07,193.87532827,1995
K2-331 c,2.72,,673.0,,5994.0,1.06,1.1,7.85,2021
EPIC 212624936 c,2.3,,,,5765.0,0.93,1.0,5.9,2021
K2-334 b,5.65,832.2294,1380.0,,6502.0,1.49,1.36,27.2,2021
K2-379 b,2.181,,,,4603.0,0.751,0.856,5.4,2022
61 Vir d,5.11,3.5464,382.51,0.476,5577.0,0.963,0.942,22.9,2009
K2-202 b,2.30165603,,,,5491.0,0.910685,0.971461,5.91,2018
K2-343 c,2.02,,465.0,,3804.0,0.46,0.49,4.74,2021
K2-342 b,2.03,,861.0,,5920.0,1.09,1.01,4.78,2021
Kepler-260 b,2.01,132.134,782.0,0.075,5250.0,0.862,1.013,4.7,2014
K2-381 d,1.689,,,,4473.0,0.675,0.754,3.5,2022
K2-381 b,1.075,,,,4473.0,0.675,0.754,1.26,2022
K2-348 b,3.26,133.083,908.0,,5077.0,0.85,0.83,10.7,2021
K2-384 d,1.392,,,,3623.0,0.348,0.33,2.52,2022
81 Cet b,13.1,13.0071,526.92,2.104,4734.0,11.21,1.23,1051.05854195,2008
K2-352 c,1.92,,885.0,,5791.0,0.95,0.98,4.35,2021
K2-384 c,1.191,,,,3623.0,0.348,0.33,1.82,2022
BD+14 4559 b,13.8,0.7867,246.28,0.78,4864.0,0.86,0.49,330.5432,2009
K2-204 b,3.17214154,290.0978,1148.0,0.0738,5783.0,1.253,1.076,10.2,2018
Kepler-1736 b,3.8765856,24.27,566.0,0.2188,6085.0,0.973,0.976,14.3,2021
K2-205 b,1.99552771,,,,5890.0,1.077574,0.951027,4.64,2018
Kepler-8 b,15.871944,1444.881,1680.0,0.0474,6213.0,1.486,1.213,187.5197,2010
K2-209 b,0.86850263,,,,4720.0,0.712365,0.74479,0.586,2018
Kepler-745 b,2.16,286.026,931.0,0.0915,5849.0,1.04,1.04,5.31,2016
K2-211 b,1.33162691,2056.0589,1873.0,0.01419,5117.0,0.818,0.851,2.33,2018
Kepler-262 c,1.64,25.26,618.0,0.152,5841.0,0.881,0.816,3.33,2014
Kepler-119 b,3.6,745.285,1213.0,0.035,5595.0,0.839,0.918,12.6,2014
K2-394 b,1.692,28.5068,643.0,,4938.0,0.631,0.478,3.51,2022
CoRoT-19 b,14.46,1103.809,2000.0,0.0518,6090.0,1.65,1.21,352.78,2011
Kepler-748 b,2.52,439.778,938.0,0.0745,5934.0,1.1,1.07,6.9,2016
HD 113538 b,13.2,0.0585,140.67,1.24,4462.0,0.53,0.585,114.41,2010
Kepler-112 b,2.36,123.818,809.0,0.076,5544.0,0.841,0.782,6.17,2014
HD 114386 b,13.6,0.0964,154.56,1.73,4836.0,0.76,0.6,464.02947422,2003
HD 136418 b,13.3,4.0863,411.81,1.29,4989.0,3.78,1.48,680.1562,2009
GJ 676 A b,12.8,0.0301,113.55,1.735,3734.0,0.69,0.626,1840.86213334,2010
HAT-P-31 b,12.21781,746.9025,1450.0,0.061,6065.0,1.39,1.31,721.4741,2011
HD 11506 b,12.9,0.2609,193.57,2.885,6123.0,1.24,1.22,1551.00262616,2007
HD 11506 c,14.0,3.6537,374.44,0.771,6123.0,1.24,1.22,127.1313628,2008
GJ 581 e,1.38,15.783,554.37,0.02799,3500.0,0.302,0.295,2.48,2009
HAT-P-35 b,14.930388,999.6688,1581.0,0.04978,6096.0,1.435,1.236,335.62848,2011
HD 116029 b,13.6,4.1506,400.04,1.65,4819.0,4.89,0.83,444.962,2011
HD 142245 b,13.1,1.7468,306.3,2.78,4922.0,4.63,3.5,975.7381,2011
GJ 876 b,13.3,0.2857,190.6,0.208317,3293.74,0.3,0.32,723.2235,1998
HD 118203 b,12.778238,593.4,1361.0,0.0713,5742.0,2.04,1.27,680.15279098,2005
HD 142 b,12.7,2.7603,358.19,1.039,6245.0,1.47,1.21,2256.5816897,2001
GJ 876 d,2.51,28.6429,603.09,0.02080665,3293.74,0.3,0.32,6.83,2005
HD 125595 b,,37.7085,687.97,0.08,4691.0,0.74,0.29,3531.07360177,2011
GQ Lup b,33.6,0.0001,2650.0,100.0,4360.0,1.94153,0.7,6356.0,2004
GJ 876 e,3.92,0.111,150.46,0.3343,3293.74,0.3,0.32,14.6,2010
HD 100655 b,13.5,92.9931,907.14,0.68,4891.0,10.06,2.28,511.7063,2011
Kepler-744 b,1.62,62.955,750.0,0.09735,5594.0,0.93,0.94,3.26,2016
HD 10180 f,5.24,6.1329,427.54,0.4929,5911.0,1.109,1.06,23.9,2010
HD 126614 b,12.7,0.2392,209.54,2.249,5568.0,1.369794,0.96,107.74382997,2009
HD 10180 g,,0.7317,251.27,1.427,5911.0,1.109,1.06,3375.33768234,2010
HD 12661 b,13.3,1.9237,325.35,0.84,5645.0,1.2,1.2,772.3269,2000
HAT-P-15 b,11.88154,79.7578,904.0,0.0965,5568.0,1.07,1.0,616.5902,2010
HAT-P-16 b,14.68376472,1597.59,1566.0,0.0413,6140.0,1.158,1.218,1341.56043,2010
Kepler-764 b,1.64,160.457,875.0,0.0724,5557.0,0.89,0.92,3.33,2016
Kepler-123 b,2.94,138.807,817.0,0.135,6089.0,1.264,1.079,55.3,2014
HD 104985 b,12.8,115.1548,901.01,0.715,4738.0,11.12,1.22,1766.80811451,2003
HD 104067 b,9.2,4.2965,407.83,0.2674,4952.0,0.78,0.82,62.1,2011
HD 13189 b,12.4,277.0528,1115.98,1.25,4175.0,38.41,2.24,3480.2385,2005
HD 106252 b,12.5,0.1884,178.13,2.655,5874.0,1.05,1.05,3178.28407,2002
HD 132406 b,12.8,0.4641,228.73,1.98,5766.0,1.34,0.973,1887.90073758,2007
HD 108874 c,13.8,0.1412,168.21,2.659,5551.0,1.05,0.95,314.64,2005
HD 10647 b,13.8,0.3471,221.54,2.015,6218.0,1.1,1.11,298.75,2006
HD 134060 b,3.16,730.4602,1473.18,0.0444,5966.0,1.164285,1.095,10.1,2019
HAT-P-21 b,12.44199,459.542,1367.0,0.05037,5588.0,1.21,1.24,1547.8321,2010
HD 215152 b,,90.3745,846.89,0.057638,4935.0,0.73,0.77,565.41673605,2018
HD 37124 c,14.1,0.2641,204.73,1.71,5698.64,0.949168,0.85,207.22516,2002
HD 159868 b,13.3,0.668,255.69,2.32,5534.0,2.13,1.19,704.94694,2006
HD 187085 b,13.9,30.5887,229.38,2.1,6117.0,1.27,1.189,265.70588,2006
HD 216437 b,13.0,0.3389,209.85,2.57,5909.0,1.394,1.22,1334.8793094,2002
HD 187123 c,13.2,0.056,135.42,4.89,5790.0,1.15043,1.04,912.16752809,2008
HD 216770 b,14.1,3.7539,370.18,0.46,5399.0,0.93,0.74,181.1631,2003
HD 18742 b,13.1,4.1964,399.93,1.82,4940.0,5.13,1.36,1080.622,2011
HD 21693 c,4.34,9.2712,492.36,0.2586,5430.0,0.914378,0.8,17.37,2019
HD 162020 b,12.5,39.0625,650.0,0.08,4723.0,0.75,0.42,3127.4472,2002
HD 190647 b,13.4,0.3978,214.19,2.231,5656.0,1.376,1.069,630.89255,2007
HD 190984 b,13.0,0.089,152.29,5.5,5988.0,1.53,0.91,1137.82569706,2009
HD 192263 b,14.2,15.0597,486.0,0.15,4976.0,0.74,0.66,177.9848,1999
HD 217786 b,12.3,0.3159,207.3,2.446,5966.0,1.27,1.14,4402.55909376,2011
HD 217107 c,12.9,0.0357,123.27,5.922,5622.0,1.2245,1.045,1388.91013859,2005
HD 41004 B b,12.1,,,,5036.0,1.04137,0.4,5838.29,2003
HD 163607 c,13.3,0.4605,228.5,2.39,5522.0,1.76,1.12,699.54383,2012
HD 192310 c,5.25,0.2765,185.0,1.18,5166.0,0.857922,0.8,24.0,2011
HD 4208 b,13.9,0.2878,196.68,1.662,5717.0,0.846,0.883,257.4423,2001
HD 164922 b,13.3,0.1578,159.4,2.16,5390.0,0.946,0.926,116.0,2005
HD 197037 b,13.9,0.4042,216.67,2.07,6150.0,1.105,1.11,251.0,2012
HD 4308 b,4.12,68.8078,799.37,0.12,5686.0,1.02,0.93,15.8915,2005
Kepler-272 c,1.79,310.76,947.0,0.061,5297.0,0.929,0.91,97.8,2014
HD 4313 b,13.4,10.533,502.39,1.157,4943.0,5.14,1.63,612.45841,2009
HD 168746 b,11.1,224.4898,900.0,0.07,5570.0,1.09,1.07,85.8141,2002
HD 148156 b,13.9,0.2965,213.76,2.45,6308.0,1.21,1.22,270.144,2009
HD 17092 b,12.5,33.1963,671.64,1.31,4326.0,13.58,6.73,3219.6179,2007
HD 27894 b,14.1,22.7604,627.88,0.125,4875.0,0.891767,0.81,196.73578393,2005
HD 28254 b,13.0,0.3645,212.28,2.45,5664.0,1.48,1.1,1207.7479466,2010
HD 148427 b,13.7,4.8905,451.86,1.11,5025.0,3.86,1.64,381.3940884,2009
HD 171028 b,13.2,3.1028,374.07,1.32,5671.0,2.47,1.53,832.7146,2007
HD 204313 c,4.31,28.2644,634.95,0.211,5767.0,1.1,1.03,17.16273398,2015
HD 30177 b,12.6,0.0995,148.0,3.49,5680.0,1.019,0.98,2622.08435775,2002
HD 290327 b,13.3,0.0616,139.7,3.43,5505.0,0.95,0.84,772.3269,2009
HD 152581 b,13.4,5.4072,426.55,1.66,5027.0,5.14,1.3,594.02427,2011
HD 177830 b,13.5,3.7258,399.64,1.14,4901.0,3.26,1.7,537.1327,1999
HD 20794 b,1.45,43.4733,660.0,0.1257,5368.0,0.93,0.79,2.7,2011
HD 31253 b,14.1,2.0698,348.36,1.26,6130.0,1.75,1.7,197.0546,2010
HD 178911 B b,12.6,7.8319,480.24,0.34,5588.0,1.08,1.24,2552.1749,2001
HD 155358 b,13.8,5.0212,421.43,0.63,5905.0,1.38,1.15,314.6517,2007
HD 154857 b,13.3,2.7638,359.86,1.29,5589.0,2.3,1.96,778.6835,2004
HD 155358 c,13.9,1.9155,330.92,1.02,5900.0,1.38,0.92,261.0,2007
HD 210702 b,13.6,9.3194,485.86,1.079,4912.0,4.54,1.33,481.5100366,2007
HD 3651 b,10.1,6.1123,432.84,0.295,5221.0,0.871954,0.799,72.46524,2003
HD 156668 b,1.87,679.2975,887.48,0.05,4850.0,0.72,0.772,4.15,2010
HD 156411 b,14.0,1.5229,304.95,1.88,5900.0,2.16,1.25,235.18,2009
HD 183263 b,13.1,0.8347,263.26,1.46,5948.0,1.23,1.06,1103.1824007,2004
HD 63454 b,12.31,159.9116,1018.06,0.04,4812.0,0.77,0.42,79.4575,2005
HD 89307 b,13.4,0.1265,166.55,3.27,5955.0,1.1,1.27,642.01338214,2009
rho CrB b,13.7,34.7,614.0,0.2245,5817.0,1.3617,1.0,347.995,1997
HD 66428 b,12.4,0.1082,159.02,3.395,5716.0,1.13,1.01,3478.94974302,2005
HD 93083 b,14.3,1.59,311.57,0.508,5033.8,0.837,0.836,143.34061156,2005
HD 69830 b,3.17,97.7824,872.84,0.0785,5385.0,0.886947,0.86,10.2,2006
TrES-3 b,14.975,1025.5022,1638.0,0.02282,5650.0,0.829,0.928,607.03,2007
WASP-50 b,13.069694,690.3398,1394.84,0.0293,5400.0,0.843,0.892,466.828704,2011
HD 69830 d,4.45,1.5182,308.1,0.63,5385.0,0.886947,0.86,18.1,2006
HD 96127 b,13.0,364.3861,947.29,1.41,3943.0,35.0,0.91,1207.7479466,2011
HD 70573 b,12.8,0.3222,206.11,1.76,5737.0,0.976919,1.0,1900.0,2007
HD 97658 b,2.12,41.924,751.0,0.0805,5212.0,0.728,0.85,8.3,2010
V0391 Peg b,13.1,9.375,519.69,1.7,29300.0,0.23,0.5,1017.056,2007
WASP-8 b,12.66617,209.118,1059.0,0.0801,5600.0,1.03,1.34,807.2882,2010
WASP-10 b,12.106,174.0323,1370.0,0.03781,4675.0,0.698,0.75,1001.12,2008
XO-2 N b,11.130537,428.036,1328.0,0.03666,5290.0,0.998,0.96,199.91507,2007
HD 74156 b,13.5,32.0951,679.63,0.28,6068.0,1.510576,1.1,532.36258173,2003
HD 99706 b,13.7,3.9282,391.46,1.98,4862.0,5.52,1.46,390.9309,2011
HIP 12961 b,13.2,1.5889,303.32,0.25,3901.0,0.65,0.69,114.4188,2010
HD 45184 b,3.52,272.4625,1156.34,0.0644,5869.0,1.075139,1.03,12.19,2019
WASP-16 b,13.67498,481.917,1389.0,0.0415,5700.0,1.14,1.78,394.1092,2009
HD 45364 b,9.03,1.3804,301.69,0.6793,5466.0,0.89,0.82,60.16491745,2008
HD 75898 b,13.2,1.9945,335.16,1.2025,6122.0,1.55,1.295,810.46243785,2007
HD 7924 b,,113.7,825.9,0.06,5131.0,0.78,0.65,2058.25676373,2008
Kepler-746 b,1.11,421.61,1156.0,0.0435,5418.0,0.93,0.91,1.41,2016
HD 79498 b,13.6,0.1207,164.53,2.98,5748.0,1.05,1.08,425.8922,2011
HD 48265 b,12.6,1.167,283.0,1.814,5733.0,1.901,1.312,2351.9302118,2008
HD 49674 b,6.2,264.2871,1113.78,0.06,5602.0,1.02,1.03,31.783,2002
HIP 57274 c,14.2,48.8832,437.32,0.178,4640.0,0.68,0.73,130.0,2011
HD 52265 b,13.7,7.3281,405.0,0.52,6136.0,1.32,1.204,384.5743,2000
HR 8799 e,13.11453,0.0201,1150.0,16.4,7400.0,1.49338,1.51,3178.3,2010
HD 5891 b,12.6,96.1914,918.78,0.64,4673.0,10.64,1.93,2425.0429,2011
HD 85390 b,6.16,0.2281,190.89,1.373,5186.0,0.8,0.758,31.46517,2011
xi Aql b,13.4,149.8624,973.07,0.625,4841.0,10.86,1.74,616.90493799,2007
WASP-35 b,14.5717,758.1026,1338.29,0.04317,5990.0,1.08,1.05,225.6593,2011
TOI-1408 b,25.0,465.179,1293.0,0.05778,6117.0,1.53,1.312,593.0,2023
TOI-2524 b,11.2089807,210.609,1100.0,0.073,5831.0,1.119,1.007,203.41018048,2023
HD 219415 b,13.8,0.4071,221.26,3.2,4820.0,2.9,1.0,317.83,2012
WD 0806-661 b,12.10569916,,357.0,2500.0,10393.0,,0.605,2224.798849,2011
WASP-99 b,11.43318,2005.426,1480.0,0.0717,6150.0,1.64,1.21,772.3269,2014
HD 32963 b,13.4,0.0996,157.63,3.41,5727.0,1.111044,0.94,657.90480249,2015
K2-133 b,1.34,32.5438,665.21,0.03194,3655.0,0.455,0.461,2.36,2017
HATS-53 b,15.02006,471.61,1312.0,0.04753,5644.0,1.101,0.964,189.10885,2017
Kepler-286 b,1.24,850.1,1367.0,0.027,5580.0,0.863,0.83,2.07,2014
TOI-283 b,2.34,30.4,661.0,0.123,5213.0,0.85,0.8,6.54,2025
Kepler-69 b,2.24,123.517,779.0,0.094,5638.0,0.93,0.81,5.65,2013
TOI-2525 b,8.67575106,16.3643,512.97,0.1511,5096.0,0.785,0.849,26.69758619,2023
HD 169830 b,13.2,7.8465,345.0,0.765,6300.0,1.935709,1.17,804.42369812,2000
HD 192699 b,13.4,9.0351,495.11,1.063,5041.0,4.41,1.38,666.17168,2007
Pr0211 b,13.4,457.3078,1304.13,0.03176,5300.0,0.827,0.935,597.5204,2012
HATS-3 b,15.48,1212.0044,1648.0,0.0485,6351.0,1.404,1.209,340.382,2013
HD 33844 c,13.5,2.8101,360.22,2.24,4861.0,5.29,1.78,556.2025,2015
HATS-29 b,14.022459,356.0,1212.0,0.05475,5670.0,1.073,1.032,207.54299,2016
K2-138 b,1.51,486.0,1157.0,0.03385,5356.3,0.863,0.935,3.1,2017
gam Lib c,12.8,14.6916,543.71,2.318,4879.0,12.38,1.78,1662.56039702,2018
TOI-406.01,2.08,3.0,368.0,0.0809,3392.0,0.41,0.408,6.57,2024
Kepler-282 d,2.46,52.348,588.0,0.15837,5656.0,0.89,0.97,61.0,2013
TOI-663 b,2.27,49.1,674.0,0.0295,3681.0,0.512,0.514,4.45,2024
Kepler-283 b,2.13,16.26,488.0,0.082,4351.0,0.566,0.596,5.18,2014
HD 195019 b,13.0,109.862,901.66,0.14,5751.0,1.48,1.21,1264.9634,1998
BD-06 1339 c,8.38,0.5024,261.91,0.435,4324.0,0.686355,0.7,53.0,2013
CoRoT-25 b,12.11,414.1434,1330.0,0.0578,6040.0,1.19,1.09,85.81,2013
HD 564 b,12.5,0.7254,261.1,1.2,5902.0,1.01,0.961,104.88,2014
HATS-45 b,14.414774,811.3504,1518.0,0.05511,6450.0,1.315,1.272,222.481,2018
Kepler-421 b,4.16,0.2,185.0,1.219,5308.0,0.757,0.794,16.1,2014
TOI-663 d,1.92,12.9,482.0,0.0576,3681.0,0.512,0.514,5.2,2024
TOI-1443 b,2.30381001,16.8576,520.66,0.147,5224.0,0.7511,0.7663,30.0,2024
HAT-P-41 b,22.97845,2485.0721,1941.0,0.04258,6390.0,2.05,2.56,378.2177,2012
HD 5608 b,13.7,4.4568,403.72,1.79,4807.0,5.43,1.29,371.22357938,2012
HD 13908 b,13.9,168.6392,993.25,0.154,6255.0,1.67,1.29,274.91,2013
HD 108341 b,13.3,0.1066,155.23,2.0,5122.0,0.79,0.843,715.11391575,2014
KELT-12 b,19.95202,1749.0,1800.0,0.06708,6279.0,2.37,1.591,301.9385,2017
HD 34445 f,6.88,0.8442,266.14,1.543,5836.0,1.38,1.07,37.9,2017
HD 34445 e,4.26,27.8395,637.76,0.2687,5836.0,1.38,1.07,16.8,2017
KELT-19 A b,21.40919,2340.0,1935.0,0.0637,7500.0,1.83,1.62,1293.5681,2017
KOI-1257 b,10.54,7.28,511.0,0.382,5520.0,1.13,0.99,460.83,2014
TOI-1226 b,2.4101112,376.4613,1123.44,,5434.91,0.986943,1.01,6.39,2026
K2-219 d,2.57634456,,,,5753.0,1.189232,1.021545,7.16,2018
HD 216435 b,13.7,0.5501,242.57,2.56,5999.0,1.800029,1.3,400.4,2002
HD 23079 b,13.2,0.5273,237.47,1.6,5994.0,1.08,1.16,845.42356262,2001
BD+49 828 b,13.5,1.673,320.63,4.2,4943.0,7.6,1.52,508.5,2015
HD 20794 e,2.03,2.6513,352.04,0.509,5401.0,0.93,0.813,4.77,2017
K2-239 b,1.1,8.227,502.0,0.0441,3420.0,0.36,0.4,1.37,2018
TOI-880.02,2.19,301.8661,1085.0,0.0349,5050.0,0.83,0.87,5.43,2024
TOI-1232 b,10.92875618,90.0659,785.71,0.117,5823.0,1.072,1.058,220.57291446,2026
WASP-71 b,13.22662,3384.6097,2016.1,0.046,6050.0,1.82,0.76,441.7837,2012
HD 159243 c,13.4,2.0315,349.35,0.8,6123.0,1.12,1.125,603.9,2013
HIP 91258 b,13.7,166.6086,1024.97,0.06,5519.0,0.89,0.97,346.4347,2013
HIP 109384 b,13.5,0.3732,213.83,1.134,5180.0,0.831075,0.78,495.8148,2016
HD 27894 c,8.24,9.0713,498.89,0.198,4875.0,0.891767,0.8,51.48846,2017
K2-239 d,1.1,3.4099,399.0,0.0685,3420.0,0.36,0.4,1.37,2018
Kepler-778 b,1.68,216.568,977.0,0.0453,5102.0,0.77,0.81,3.46,2016
TOI-1244 b,2.467,56.63,714.86,0.060694,4599.0,0.721,0.73,6.6,2024
TOI-1466 b,2.46741991,167.099,1001.0,,4435.39,0.749646,0.66,6.65,2026
K2-157 b,0.935,6660.0,2432.0,0.00962,5334.0,0.86,0.89,1.14,2018
HD 33564 b,12.5,2.8331,344.43,1.1,6250.0,1.4367,1.25,2892.1,2005
WASP-55 b,14.72860064,504.0,1342.0,0.0558,6096.0,1.09,1.071,186.2474465,2012
ROXs 12 b,12.2,0.0,13.23,210.0,3850.0,1.06627,0.87,5085.0,2013
bet UMi b,12.7,273.9958,1040.63,1.4,4126.0,38.3,1.4,1938.7,2014
HD 216536 b,13.8,169.5666,897.99,0.61,4639.0,9.83,0.81,333.7215,2015
HIP 65407 b,14.3,20.7979,610.68,0.177,5460.0,0.952252,0.93,136.03124,2016
HD 12484 b,13.2,11.9305,524.3,0.297,5920.0,1.001848,1.01,947.1334,2016
NGTS-1 b,14.90797,65.3,790.0,0.0326,3916.0,0.573,0.617,258.07796,2017
K2-148 b,1.33,48.8,733.87,0.0454,4079.0,0.632,0.65,2.33,2018
K2-158 b,2.64,87.3327,794.0,0.0887,5503.0,0.95,0.92,7.46,2018
HD 86081 b,13.6,2003.7697,1860.31,0.0346,5939.0,1.46,1.21,470.3884,2006
HD 45652 b,14.3,11.2332,508.4,0.237,5294.0,0.94,0.92,137.62039,2008
WASP-62 b,14.79588,1817.8874,1475.3,0.0571,6230.0,1.23,1.11,165.2716,2012
TOI-1422 b,3.83,90.5151,870.0,0.107,5840.0,1.019,0.9903,9.5,2022
HIP 65426 b,16.8135,0.0022,1500.0,92.0,8840.0,1.77,1.96,2860.47,2017
K2-148 d,1.64,16.8,562.05,0.0774,4079.0,0.632,0.65,3.33,2018
GJ 1265 b,2.63,5.3846,424.04,0.026,3236.0,0.192,0.178,7.4,2018
HD 6061 b,2.42763557,339.1,1075.31,0.06,5934.0,1.0072,1.0269,10.0,2023
FU Tau b,12.2,0.0,2375.0,800.0,2838.0,,0.05,5085.28,2008
Kepler-19 c,3.68,22.1608,589.64,0.1765736996,5544.0,0.859,0.936,13.1,2011
Kepler-25 d,10.0,15.2243,544.68,0.4164221832,6354.0,1.316,1.165,71.9,2014
HIP 8541 b,12.6,1.4683,305.12,3.729,4672.0,6.84,2.009,2451.7283316,2016
K2-113 b,12.14,277.39,1098.0,0.0642,5660.0,1.24,1.04,410.0007,2017
K2-152 b,2.29,2.9,337.0,0.1716,4044.0,0.61,0.63,5.86,2018
K2-243 c,2.01,80.9171,801.0,0.1817,6570.0,1.39,1.29,4.7,2018
HD 13167 b,13.1,0.5428,208.79,4.1,5671.0,2.39,1.35,1052.0173,2018
TOI-929 b,2.68983343,59.7261,774.0,,4457.16,0.717414,0.7,7.7,2026
K2-162 b,1.44,34.8621,631.0,0.0795,4842.0,0.69,0.75,2.67,2018
K2-161 b,6.11721229,,,,4972.0,2.568173,0.986876,31.1,2018
KELT-3 b,17.48604,1704.57,1816.0,0.04123,6304.0,1.7,1.96,616.5902,2013
Kepler-97 c,,,,,5779.0,0.98,0.94,344.0,2014
KELT-14 b,19.537287,826.113,1970.0,0.03005,5720.0,1.52,1.239,408.09372,2016
tau Cet h,1.19,8.3829,473.22,0.243,5310.0,0.83,0.783,1.83,2017
K2-154 c,2.07,20.5,552.0,0.0677,4097.0,0.63,0.65,4.94,2018
K2-246 b,3.49,194.9508,977.0,0.0602,5610.0,0.94,0.87,12.0,2018
TOI-969 b,2.765,188.0,941.0,0.02636,4435.0,0.671,0.734,9.1,2022
TOI-1291 b,5.63826391,1230.42,1649.0,,6139.95,1.8109,1.2,27.1,2026
HD 220689 b,13.7,0.1074,160.11,3.396,5921.0,1.068,1.016,381.3940884,2012
GJ 163 b,3.25,5.3165,438.49,0.0607,3500.0,0.409738,0.4,10.6,2013
WASP-104 b,12.745,867.7365,1516.0,0.02918,5475.0,0.963,1.076,404.263,2014
HAT-P-53 b,14.773462,1400.0226,1778.0,0.03159,5956.0,1.209,1.093,471.65972,2015
HD 111591 b,12.9,6.0912,422.08,2.5,4884.0,8.03,1.94,1398.452,2017
K2-155 b,1.8,19.9,708.0,0.0562,4258.0,0.58,0.65,3.89,2018
HD 180053 b,13.3,17.673,542.98,0.843,5131.0,4.06,1.75,697.31902,2018
TOI-1669 c,2.2963977,342.997,1285.16,0.0376,5497.0,1.0561,0.9867,13.0,2024
K2-165 d,2.64809498,37.0819,629.38,,5185.0,0.803827,0.834847,7.5,2018
DENIS-P J082303.1-491201 b,11.9,,,0.36,,,0.075,9057.77,2013
NGC 2682 YBP 1514 b,14.0,,,,5725.0,0.89,0.96,127.132,2014
HD 14067 b,12.2,2.9812,360.28,5.15,4815.0,12.4,2.4,4862.7746271,2014
K2-30 b,11.646151,299.0,1092.0,0.04839,5425.0,0.844,0.9,184.02357,2016
YZ Cet d,1.03,2.7,356.7,0.02851,3151.0,0.157,0.142,1.09,2017
Kepler-90 i,1.32,128.579,709.0,0.1201380843,6015.0,1.29,1.12,2.3,2017
HD 75784 c,12.8,0.0808,149.31,8.4,4867.0,3.4,1.26,1792.5612,2018
WASP-56 b,10.53646,447.82,1216.0,0.05614,5600.0,0.96,0.71,143.0235,2012
GJ 667 C g,1.99,0.0455,,0.549,3350.0,,0.33,4.6,2013
WASP-135 b,14.5717,917.4101,1403.66,0.0243,5675.0,0.96,0.98,603.877,2015
CoRoT-32 b,6.38913,132.26,938.0,0.071,5970.0,0.79,1.08,47.6745,2018
TOI-1054.01,2.43432,88.0718,853.0,,6122.0,1.17,1.14,6.5,2021
Kepler-504 b,1.59,5.991,374.0,0.0646,3519.0,0.33,0.33,3.15,2016
KMT-2025-BLG-0975L b,5.97,,,0.81,,,0.1,29.8,2026
TOI-1691 b,3.66,59.13,703.49,0.129365,5759.0,1.0,1.03,14.6,2024
K2-221 b,1.67890272,,,,5716.0,0.947599,1.010842,3.46,2018
GJ 504 b,12.10569916,0.0011,510.0,43.5,6234.0,1.26,1.22,1271.3,2013
WASP-68 b,14.79588,843.4794,1490.0,0.06206,5910.0,1.79,1.49,343.2564,2014
psi1 Dra B b,13.5,0.1079,159.48,4.43,6212.0,1.255735,1.19,486.2799,2015
K2-118 b,2.54,4.3,394.64,0.245,4726.29,0.734626,0.756446,6.99,2017
GJ 3942 b,2.57,20.5207,590.0,0.0608,3867.0,0.61,0.63,7.14,2017
Kepler-1654 b,9.180171,0.3,206.0,2.026,5597.0,1.179,1.011,158.915,2018
TOI-1695 b,1.9,39.0,698.0,0.033548,3690.0,0.515,0.513,6.36,2022
Kepler-750 b,3.07,255.74,1163.0,0.08742,6160.0,1.23,1.15,9.64,2016
WASP-78 b,21.63337,4812.6238,2469.7,0.03488,6100.0,2.46,1.87,352.7913,2012
HD 66141 b,12.8,120.6806,880.31,1.2,4323.0,21.4,1.1,1906.9,2012
HD 203030 b,14.4595851,0.0,1040.0,487.1,5603.0,0.856458,0.94,3496.112477,2006
WASP-88 b,16.36514,1489.5543,1772.0,0.06431,6430.0,1.8,0.94,133.4886,2014
KIC 10001893 c,,,,,27500.0,0.18,0.47,,2014
Wolf 1061 d,2.69,0.06,130.24,0.47,3342.0,0.307,0.294,7.7,2015
K2-130 b,1.25,136.4,1013.11,0.032,4356.47,0.744261,0.69563,2.1,2017
K2-129 b,1.04,4.5,419.19,0.057,3459.09,0.36001,0.360031,1.12,2017
HD 147379 b,4.94,0.7847,276.66,0.3193,4090.0,0.628304,0.58,21.6,2017
HATS-42 b,15.6926,1637.2058,1856.0,0.03689,6060.0,1.48,1.273,597.5204,2018
WASP-144 b,9.52765,775.8849,1260.0,0.0316,5200.0,0.81,0.81,139.8452,2018
HD 83443 c,13.6,0.0123,89.95,8.0,5442.0,0.94,1.0,476.7426105,2022
TOI-1347 c,1.6,183.6642,1000.0,0.0546,5464.0,0.83,0.913,6.4,2024
HD 108147 b,10.9,193.0925,890.0,0.102,6255.73,1.20664,1.22,82.95,2002
CHXR 73 b,12.3,,,210.0,3099.0,,0.35,3994.486,2006
KIC 8540376 b,4.1,,,,6474.0,1.26,1.04,15.8,2015
HATS-51 b,15.80469,740.2246,1553.0,0.04639,5758.0,1.44,1.187,244.09344,2017
K2-233 b,1.315,269.0,1127.0,0.03293,4796.0,0.71,0.79,2.4,2018
Kepler-814 b,2.12,935.124,1164.0,0.0695,6162.0,1.22,1.15,5.14,2016
HD 18599 b,2.6,145.0,863.0,0.048,5145.0,0.767,0.863,24.1,2022
Kepler-127 c,2.66,61.688,698.0,0.2,6106.0,1.359,1.248,7.56,2014
HIP 55507 b,12.6,0.0056,76.05,5.062,4171.0,0.723643,0.65,2585.53409095,2022
NGC 2682 Sand 1429 b,13.4,37.2589,683.0,0.384,6000.0,2.13,1.26,572.0911326,2024
Kepler-955 b,3.13,33.091,664.0,0.1083,5350.0,0.84,0.89,9.96,2016
Kepler-962 b,1.97,53.823,689.0,0.09874,5478.0,0.86,0.93,4.54,2016
TOI-5678 b,4.91,3.8369,513.0,0.249,5485.0,0.938,0.905,20.0,2023
HD 155918 c,12.8,0.006,77.38,13.183,5771.84,1.01906,1.03,1878.04805696,2022
TOI-6034 b,11.92,43.0,714.0,0.02949,3635.0,0.489,0.514,254.0,2024
HD 101581 b,0.956,80.0,834.0,0.046,4675.0,0.63,0.653,0.827,2025
Kepler-922 b,1.42,2142.634,1876.0,0.01795,5671.0,0.93,0.95,2.6,2016
Barnard c,0.743,4.7285,400.0,0.0274,3195.0,0.185,0.162,0.335,2025
TIC 32032563 b,3.47739942,,,,5567.93,1.00188,1.05,11.9,2026
Kepler-911 b,2.6,198.725,931.0,0.15594,6112.0,1.99,1.34,7.27,2016
HD 16905 b,12.4,0.0039,69.63,8.8,4866.12,0.77494,0.85,3591.4609991,2022
HD 184010 b,12.1,14.8144,545.04,0.94,4971.0,4.86,1.35,98.52680617,2022
TOI-6041 b,4.55,22.4,605.6,0.1651,5445.0,0.879,0.885,28.9,2025
TOI-6281 b,1.92416074,4181.02,2240.0,,4533.23,0.874219,0.65,4.36,2026
TOI-4600 c,9.42,48.3867,191.0,1.152,5170.0,0.81,0.89,2946.26933289,2023
Luhman 16 b,11.9,0.0,,3.52,,,0.0338,9344.1551658,2017
Barnard b,0.72,6.76,438.0,0.0229,3195.0,0.185,0.162,0.299,2024
Barnard e,0.637,2.4456,340.0,0.0381,3195.0,0.185,0.162,0.193,2025
HD 224018 c,2.42,28.2444,641.0,0.217,5784.0,1.147,1.013,10.4,2025
TIC 38825265 b,2.18869476,,,,4375.52,0.664503,0.64,5.43,2026
Kepler-1012 b,1.29,191.811,934.0,0.06066,5556.0,0.91,0.95,2.21,2016
Kepler-1754 b,2.43996509,48.2,672.0,0.0718,4723.0,0.747,0.734,6.53,2021
LHS 1678 d,0.981,9.1,462.95,0.04,3490.0,0.329,0.345,0.907,2024
HD 18143 c,12.5,0.0016,54.55,17.53,5078.0,0.87,0.85,3177.64841319,2022
Kepler-935 b,1.35,94.607,879.0,0.0527,4830.0,0.73,0.78,2.39,2016
Kepler-879 c,0.4,,,,5456.75,1.022,0.974,0.0364,2024
ZTF J1230-2655 b,13.78704626,17889.745,2949.65,,10000.0,0.0123,0.646,7024.0077947,2025
TIC 270471727 b,2.75029559,283.9789,1147.1,,5271.39,0.997091,0.9,8.0,2026
TIC 65612701 b,5.07802804,,,,5692.29,1.73709,1.06,22.7,2026
Kepler-1014 b,2.39,33.479,614.0,0.121,5388.0,0.84,0.88,6.3,2016
Kepler-1044 b,2.67,218.497,1058.0,0.0741,5985.0,1.11,1.08,7.61,2016
Kepler-66 b,2.8,62.845,699.0,0.1352,5962.0,0.966,1.038,8.25,2013
Kepler-857 b,6.8,5.747,390.0,0.3751,5773.0,0.99,0.99,37.2,2016
TOI-6080 b,3.32424168,168.812,919.33,,5775.46,1.06221,1.01,11.0,2026
Wolf 1069 b,1.08,0.652,250.1,0.0672,3158.0,0.1813,0.167,1.26,2023
TOI-6330 b,10.89,9.97,495.0,0.05763,3539.0,0.49,0.531,3179.0,2025
ITG 15 b,12.1,,2601.0,435.0,,,,6674.396547,2024
WISPIT 2 b,17.93436912,0.0002,33.46,57.0,4400.0,1.418,1.08,1541.46777395,2025
NGTS-38 b,12.11690814,10.1316,457.0,0.697,6310.0,1.88,1.46,1516.04150139,2026
TOI-5210 b,10.72699453,456.0,1286.0,0.0557,5723.0,1.209,1.105,81.99972901,2025
TOI-5726.01,2.554,338.95,1093.03,0.062186,5874.0,1.106,1.06,7.05,2024
HD 194490 b,12.4,0.0114,90.87,11.116,5861.32,1.14911,1.06,3561.90295725,2022
HD 190228 b,12.9,0.8598,267.99,2.406,5360.0,2.58658,1.415,1598.67688721,2022
HD 206893 b,14.01122587,0.0247,1429.2,10.75,6500.0,1.31116,1.31,6197.6539365,2021
HD 112570 b,13.1,2.9139,364.01,3.9,4750.0,9.85,1.15,1086.97315194,2023
HD 154391 b,12.5,0.685,253.57,7.46,4909.0,8.56,2.07,2892.2385037,2023
G 196-3 b,12.0,0.0,1670.0,350.0,3517.0,0.522432,0.519782,8263.538582,2024
Kepler-1026 b,2.21,5.988,425.0,0.1977,4948.0,0.75,0.79,5.52,2016
G 261-6 b,1.1,1.8,322.3,0.02971,2907.0,0.153162,0.118,1.37,2025
TOI-5789 d,1.91,15.2098,545.0,0.1756,5185.0,0.833,0.821,4.29,2026
TOI-5789 b,1.26,360.2797,1201.0,0.03608,5185.0,0.833,0.821,2.12,2026
TIC 142589416 b,2.67899519,,,,4396.27,0.713832,0.641,7.65,2026
NGTS-39 b,12.195371,16.7057,519.0,0.3077,6053.0,1.16,1.16,466.25427307,2026
Gliese 48 b,2.77,0.89,271.0,0.1752,3450.0,0.463,0.47,8.11,2026
Kepler-993 b,2.97,3.954,352.0,0.13,3843.0,0.54,0.57,9.11,2016
Kepler-80 d,1.53,164.625,722.0,0.0372,4540.0,0.678,0.73,6.75,2014
K2-411 b,0.9898,619.038,1428.52,0.0511,5711.0,1.375,1.018,0.937,2022
HD 169142 b,13.1,0.0042,71.02,37.2,7246.0,1.53702,1.85,953.485221,2023
TOI-6383 A b,11.29,51.3,745.0,0.02292,3444.0,0.457,0.458,331.0,2024
TIC 139270665 b,7.22979255,40.3,703.0,0.163,5844.0,1.016,1.035,147.15455244,2024
TOI-7149 b,13.2,20.6,593.0,0.02603,3363.0,0.351,0.344,224.0,2025
Kepler-348 b,1.52,438.942,1196.0,0.076,6177.0,1.359,1.189,2.92,2014
TOI-5789 e,3.43,5.5729,424.0,0.2901,5185.0,0.833,0.821,11.61,2026
TIC 154870955 b,3.09467466,,,,4739.58,0.724328,0.828,9.77,2026
Kepler-332 b,1.17,53.712,703.0,0.07,4955.0,0.72,0.743,1.71,2014
TOI-5238 b,5.22,195.925,1042.0,,5631.0,1.02283,1.0,23.7,2022
Kepler-914 b,1.38,568.378,1192.0,0.05454,5877.0,1.15,1.1,2.48,2016
K2-413 c,1.2327,69.529,804.55,0.0426,4116.0,0.7,0.808,2.05,2022
TOI-6086 b,1.18,26.8,634.0,0.01541,3200.0,0.259,0.254,1.76,2024
Kepler-314 c,2.9,149.977,890.0,0.064,5378.0,0.95,0.99,8.75,2014
HIP 29442 c,1.551,451.0,1123.0,0.04518,5289.0,0.98,0.901,4.5,2023
HD 63433 d,1.073,296.4321,1040.0,0.0503,5688.0,0.912,0.99,1.25,2023
Kepler-317 b,2.09,151.652,976.0,0.061,5497.0,0.941,0.865,109.8,2014
TOI-7384 b,3.56,4.9,378.0,0.0439,3185.0,0.319,0.318,12.4,2026
Kepler-1768 b,2.23346338,179.16,933.0,0.1286,6050.0,1.572,1.24,5.62,2021
Kepler-981 b,2.31,337.471,1103.0,0.0535,5718.0,0.96,0.98,5.95,2016
Kepler-1043 b,2.55,21.692,532.0,0.2159,5629.0,0.9,0.92,7.04,2016
TOI-5777 b,3.09551273,21.9209,602.0,,4408.03,0.671912,0.658,9.78,2026
HIP 113103 b,1.829,55.7356,721.0,0.06899,4930.0,0.742,0.761,4.0,2023
UCAC3 113-933 b,12.1,0.0,1.79,6100.0,3864.0,0.564484,0.61,6674.396547,2024
HD 73344 c,13.5,15.9205,562.57,0.3388,6148.0,1.22,1.19,118.54999581,2025
Kepler-139 f,6.67,,,,5630.0,1.045,1.078,36.0,2025
TIC 249022743 b,4.79568155,,,,5567.58,1.2084,1.0,20.6,2026
TIC 260969020 b,2.22686612,,,,4572.94,0.68988,0.75,5.59,2026
Kepler-62 e,1.61,1.352,270.0,0.427,4925.0,0.64,0.69,36.0,2013
HD 105618 c,11.9,0.0012,51.64,35.731,5671.0,1.27399,1.01,8419.59232984,2022
HIP 113103 c,2.4,180.487,585.0,0.10479,4930.0,0.742,0.761,6.35,2023
Kepler-1053 b,0.98,139.818,953.0,0.0315,4529.0,0.69,0.74,0.904,2016
Kepler-102 d,1.154,36.9,686.0,0.08618,4909.0,0.724,0.803,3.0,2014
HD 196067 c,3.21,,,,6072.0,1.71,1.16,10.4,2025
GJ 887 d,2.34,0.81,241.0,0.212,3688.0,0.468,0.495,6.1,2026
Kepler-347 b,1.97,180.549,908.0,0.11,6088.0,1.005,0.922,4.54,2014
HD 11112 b,12.6,0.0133,94.51,13.38,5905.64,1.47368,1.07,2598.56505563,2022
Kepler-485 b,14.41,622.014,1243.0,0.04401,5958.0,1.09,1.07,,2016
TIC 393818343 b,12.18416202,2.28,805.5,0.1291,5756.0,1.086,1.082,1379.37528638,2024
Kepler-1032 b,1.87,176.144,802.0,0.0361,4647.0,0.71,0.77,4.16,2016
HD 284149 AB b,12.0,0.0,2395.0,431.16,6035.0,1.36,1.13,8352.53053596,2017
WASP-132 d,12.8,0.0363,107.0,2.71,4686.0,0.758,0.789,1639.99458012,2024
K2-157 c,6.08,22.65,587.0,0.165,5334.0,0.86,0.89,30.8,2025
KOINTREAU-4 b,12.2,,,182.0,3252.0,,,4862.7746271,2026
TIC 390586021 b,2.86009388,,,,4434.81,0.726565,0.648,8.55,2026
HD 113337 c,12.1,0.0926,153.36,6.805,6774.0,1.5,1.41,6299.67685515,2020
HD 94771 b,14.2,0.271,200.79,3.48,5631.0,1.903,1.2,169.0,2023
TOI-6695 b,9.52763359,85.9385,599.0,0.402,6400.0,1.517,1.338,66.74396547,2025
Gaia-5 b,12.1,,,,3447.0,0.345,0.339,6633.07885409,2025
DMPP-2 d,11.6,61.9324,1105.06,0.1432,6500.0,1.78,1.41,91.79,2026
TIC 423703298 b,2.77230429,,,,4540.37,0.729825,0.691,8.11,2026
Kepler-335 b,3.39,721.124,1290.0,0.075,5877.0,1.854,1.367,11.4,2014
Kepler-1023 b,2.63,6.978,524.0,0.30284,5494.0,0.89,0.93,7.41,2016
TOI-5592 b,17.14974047,1712.0,1789.0,0.03935,6237.0,1.393,1.194,285.72773789,2025
HD 122562 c,10.1,15.4863,552.02,0.406,4956.0,2.16627,1.241,73.10053361,2022
HD 115404 A c,12.5,0.0023,61.22,11.364,5019.17,0.727007,0.83,3279.67133183,2022
GJ 1002 c,1.1,0.257,181.7,0.0738,3024.0,0.137,0.12,1.36,2022
Kepler-932 b,1.37,562.217,1276.0,0.02876,5331.0,0.84,0.87,2.45,2016
TOI-6707 b,5.72673066,1226.7862,1509.43,,6289.49,1.58202,1.14,27.8,2026
Kepler-139 e,13.7,0.0991,154.06,3.23579639,5622.0,1.045,1.078,378.0,2023
Kepler-328 c,5.4,22.025,475.0,0.354,6064.0,1.06,1.15,39.4,2013
TOI-7510 d,10.52,20.6036,542.4,0.2672,5720.0,1.035,1.063,190.0,2025
Kepler-138 d,1.51,3.4,345.0,0.1288,3841.0,0.535,0.535,2.1,2014
Kepler-1779 b,3.03295685,67.34,730.0,0.1264,5730.0,1.056,1.008,9.44,2021
Kepler-973 b,1.96,7.892,402.0,0.2489,5213.0,0.78,0.86,4.5,2016
TOI-5595 b,4.73740402,24.7628,621.0,,4417.3,0.743344,0.645,20.1,2026
HD 203387 b,13.1,23.0974,610.0,1.771,5174.32,10.5852,2.817,1106.04285636,2022
TOI-6016 b,13.67495645,940.0,1890.0,0.055,6110.0,1.51,1.31,371.85923619,2024
HIP 99770 b,12.2,0.0555,135.17,15.8,8000.0,1.93986,1.9,5403.082919,2023
Kepler-1772 b,2.68609988,1485.0,1155.0,0.04391,5541.0,0.934,0.942,7.68,2021
GJ 2126 b,13.6,0.2833,203.08,0.71,4159.0,0.728,0.65,413.1769291,2025
TOI-5616 b,10.78,137.0,939.0,0.0272,3996.0,0.646,0.666,624.0,2024
Kepler-408 b,0.82,1503.581,1561.0,0.03592,6104.0,1.23,1.08,5.0,2014
Gaia23braL b,13.5,0.0464,129.2,4.847,5055.0,1.36181,0.774,518.06030341,2026
Kepler-10 d,3.49,3.9198,387.0,0.5379,5708.0,1.065,0.91,12.0,2023
GJ 3988 b,1.74,2.45,348.0,0.0405,3273.0,0.19734,0.1842,3.69,2023
TOI-1408 c,2.22,2005.35,1864.0,0.03587,6117.0,1.53,1.312,7.6,2024
HD 68475 b,12.8,0.0068,79.88,7.27,5022.0,0.79099,0.83,1639.99458012,2026
HD 48265 c,12.9,0.0355,124.28,10.4,5805.0,2.05,1.38,1414.33641115,2026
Kepler-958 b,2.06,73.59,749.0,0.08631,5421.0,0.86,0.91,4.9,2016
TOI-5624 d,3.584,157.055,712.6,0.1067,5327.0,0.82,0.858,4.9,2026
KOI-351 d,2.87,18.168,520.0,0.32,6080.0,1.2,1.2,8.6,2013
Kepler-20 e,0.821,169.8,1004.0,0.0637,5495.0,0.9164,0.929,0.76,2011
nu Oct A b,13.3,8.5848,477.33,1.24,4910.0,5.04,1.57,696.04421133,2016
TOI-1288 c,11.1,0.6114,245.88,1.07,5388.0,0.9583,0.9552,85.7,2022
Kepler-104 c,3.13,45.438,668.0,0.153,5711.0,1.349,0.818,7.14430805,2014
Kepler-507 b,1.3,877.327,1407.0,0.04781,6113.0,1.32,1.16,5.69692195,2016
HN Lib b,2.2,0.503,234.4,0.1417,3347.0,0.299,0.291,5.46,2023
Kepler-49 d,1.6,64.39,717.0,0.031,4252.0,0.559,0.549,235.982,2014
HIP 10090 b,13.0,0.1074,163.17,3.87,5661.0,1.38268,0.94,1229.99593509,2026
Kepler-346 b,2.66,134.357,1008.0,0.071,6033.0,1.021,0.943,7.56,2014
Kepler-265 d,2.49,18.941,554.0,0.236,5835.0,1.103,0.97,6.76,2014
Kepler-399 b,0.96,35.63,773.0,0.103,5502.0,0.68,0.902,0.84,2014
Kepler-110 c,2.21,45.336,743.0,0.198,5960.0,1.149,0.989,5.52,2014
Kepler-1248 b,1.18,271.25,1035.0,0.0806,6149.0,1.21,1.21,1.76,2016
Kepler-1269 b,1.63,69.004,657.0,0.23611,5998.0,1.15,1.1,3.29,2016
Kepler-1314 b,5.11,36.05,625.0,0.0504,4188.0,0.59,0.6,22.9,2016
Kepler-1870 b,2.10143764,287.6,1046.0,0.0452,5508.0,0.84,0.955,5.07,2021
Kepler-236 b,1.57,15.632,469.0,0.065,3750.0,0.51,0.596005,3.09,2014
Kepler-125 c,0.74,16.81,529.0,0.051,3810.0,0.512,0.542101,0.33,2014
Kepler-304 d,2.75,33.16,611.0,0.08,4731.0,0.687,0.737,8.0,2014
Kepler-326 d,1.21,180.644,781.0,0.066,5105.0,0.801,0.91,6.9,2014
Kepler-126 c,1.58,112.128,790.0,0.162,6239.0,1.358,1.108,1.27942148,2014
Kepler-400 c,1.49,76.86,755.0,0.134,5886.0,1.145,1.08,2.83,2014
Kepler-1089 b,1.83,26.266,584.0,0.0497,3753.0,0.49,0.52,4.01,2016
Kepler-102 f,0.861,10.0,495.0,0.1656,4909.0,0.724,0.803,4.3,2014
Kepler-1223 b,1.22,20.51,557.0,0.1186,4870.0,0.75,0.8,1.98,2016
Kepler-1853 b,1.51862272,5.23,386.0,0.2395,4821.0,0.788,0.765,2.92,2021
Kepler-512 b,2.69,32.329,652.0,0.21395,5997.0,1.3,1.17,7.7,2016
Kepler-369 b,1.13,40.295,687.0,0.03,3591.0,0.471,0.5,1.51,2014
Kepler-305 c,3.3,65.1,728.0,0.07568,5080.0,0.8,0.76,6.0,2013
Kepler-975 c,10.69,439.8,1168.0,0.0567,4883.0,1.667,0.951,80.2,2023
Kepler-22 b,2.1,1.013,279.0,0.812,5596.0,0.869,0.857,9.1,2011
Kepler-1995 b,4.28,4.66,375.0,0.3259,5029.0,0.93,0.847,16.9,2023
Kepler-1227 b,2.29,4.179,369.0,0.38555,5747.0,0.95,0.97,5.86,2016
Kepler-1272 b,2.37,34.433,542.0,0.2705,5926.0,1.09,1.06,6.21,2016
Kepler-201 c,2.85,6.033,378.0,0.573,6065.0,1.229,1.098,8.5,2014
Kepler-215 c,1.77,57.694,675.0,0.113,5739.0,1.027,0.788,3.78,2014
Kepler-267 c,2.13,17.583,484.0,0.06,4258.0,0.555,0.541571,5.18,2014
Kepler-373 c,1.24,103.756,729.0,0.126,5787.0,0.845,0.981,2.07,2014
Kepler-54 d,1.53,3.425,328.0,0.126,4252.0,0.554,0.518,12.0946,2014
Kepler-329 b,1.4,40.689,547.0,0.061,4257.0,0.523,0.602,2.54,2014
Kepler-279 d,3.1,35.739,574.0,0.2901,6689.45,1.07,1.1,37.5,2013
HD 219134 c,1.511,62.1,782.0,0.0653,4699.0,0.778,0.81,4.36,2015
Kepler-1198 b,1.47,108.069,830.0,0.0732,5517.0,0.9,0.93,2.76,2016
Kepler-161 c,2.05,76.201,769.0,0.068,5078.0,0.806,0.853,3.61,2014
Kepler-1294 b,3.19,12.362,401.0,0.4684,5776.0,0.97,0.99,10.3,2016
Kepler-1319 b,1.34,38.452,557.0,0.0296,3655.0,0.54,0.56,2.36,2016
Kepler-275 d,3.33,50.7,671.0,0.224,6165.0,1.383,1.189,11.1,2014
Kepler-374 b,1.03,2014.661,1761.0,0.029,5977.0,0.911,1.033,1.08,2014
Kepler-306 d,2.47,21.983,535.0,0.12,4954.0,0.719,0.75,6.66,2014
Kepler-305 e,1.7938153,220.4,1000.0,0.04017,4974.0,0.827279,0.82,3.87,2020
Kepler-11 f,2.49,19.53,513.0,0.25,5663.0,1.065,0.961,2.0,2010
Kepler-276 d,2.8,11.274,489.0,0.24666,5693.0,1.03,1.1,16.3,2013
Kepler-36 c,3.679,191.0,928.0,0.12692,5979.0,1.634,1.034,7.13,2012
Kepler-1251 b,1.84,13.78,487.0,0.2478,5545.0,0.89,0.92,4.04,2016
Kepler-1843 b,2.70909809,111.8,772.0,0.17871,5422.0,1.782,1.02,7.8,2021
Kepler-1857 b,1.96065412,217.4,946.0,0.08308,6074.0,1.005,0.873,4.5,2021
Kepler-190 c,1.46,181.699,948.0,0.045,5106.0,0.795,0.834,2.73,2014
Kepler-123 c,1.48,77.399,706.0,0.181,6089.0,1.264,1.079,2.79,2014
Kepler-380 c,1.27,333.565,1056.0,0.078,6045.0,1.224,0.99,2.15,2014
Kepler-283 c,1.82,0.949,240.0,0.341,4351.0,0.566,0.596,3.97,2014
KELT-6 c,13.0,0.5448,241.9,2.39,6272.0,1.529,1.126,1179.1493,2015
Kepler-85 b,1.778,107.028,809.0,0.07885,5505.2,0.875,0.928,1.84,2012
Kepler-799 c,2.78068551,150.25,893.0,0.1214,5588.0,1.593,1.031,8.15,2021
Kepler-1884 b,1.81406781,131.92,864.0,0.0845,5984.0,0.906,0.993,3.95,2021
Kepler-381 b,0.99,716.085,1576.0,0.066,6152.0,1.568,1.144,0.937,2014
Kepler-84 d,1.38,584.24,1254.0,0.052,6031.0,1.169,1.06,2.48,2014
Kepler-334 b,1.12,300.982,1090.0,0.061,5828.0,1.068,1.022,1.46,2014
Kepler-285 c,1.12,137.068,851.0,0.064,5411.0,0.808,0.915,1.46,2014
Kepler-1232 b,1.93,14.6,523.0,0.16545,5471.0,0.89,0.92,4.38,2016
Kepler-1858 b,2.42168247,2.79,330.0,0.3575,4939.0,0.819,0.785,6.44,2021
Kepler-204 c,1.79,36.886,683.0,0.173,5812.0,1.238,1.038,3.86,2014
Kepler-515 b,1.46,47.97,564.0,0.1333,5293.0,0.83,0.9,2.73,2016
Kepler-221 e,2.63,25.156,582.0,0.13,5243.0,0.821,0.854,7.86706,2014
Kepler-1877 b,0.624086,691.1,1278.0,0.03472,5615.0,0.936,1.022,0.179,2021
Kepler-350 d,2.8,83.237,782.0,0.1786,6492.3,1.25,1.0,14.9,2013
Kepler-58 e,1.61,511.6,1212.0,0.0533,6100.0,1.083,1.017,597.796,2023
Kepler-1679 b,2.0692036,103.3,813.0,0.0892,5501.0,0.873196,0.96,4.93,2020
Kepler-58 c,2.86,64.389,799.0,0.12307,5843.0,1.03,0.95,53.0,2012
Kepler-1844 b,3.03648191,314.25,1074.0,0.0478,5776.0,0.849,0.939,9.46,2021
Kepler-1278 b,1.01,1314.67,1213.0,0.04417,6074.0,1.16,1.11,1.01,2016
Kepler-1864 b,0.75408365,427.6,1156.0,0.049,5854.0,0.979,1.03,0.353,2021
Kepler-1324 b,1.51,98.414,895.0,0.0466,4776.0,0.73,0.78,2.89,2016
Kepler-462 c,4.0,9.97,453.0,0.7584,7500.0,1.57,1.59,6.0,2018
Kepler-226 d,1.22,103.645,800.0,0.076,5571.0,0.802,0.904,1.98,2014
Kepler-221 b,1.71,308.885,1090.0,0.037,5243.0,0.821,0.854,5.95575,2014
Kepler-245 c,2.18,25.152,568.0,0.124,5100.0,0.795,0.856,26.7,2014
Kepler-352 b,0.86,50.389,694.0,0.085,5212.0,0.781,0.798,0.566,2014
Kepler-382 c,1.59,124.743,882.0,0.097,5600.0,0.945,1.002,3.15,2014
Kepler-336 b,1.02,1652.5,1625.0,0.033,5867.0,1.304,1.09,1.04,2014
HD 11755 b,12.8,124.3021,903.49,1.09,4312.0,20.58,0.72,1789.3829,2015
Kepler-385 c,3.04,83.155,829.0,0.127,6326.0,1.126,0.992,13.2,2014
Kepler-267 d,2.27,2.647,301.0,0.154,4258.0,0.555,0.541571,5.77,2014
Kepler-384 c,1.13,40.099,531.0,0.236,5577.0,0.882,0.882,1.51,2014
Kepler-299 e,1.87,20.174,534.0,0.22,5617.0,1.032,1.004,4.16,2014
8 UMi b,13.5,247.8402,1126.38,0.462,4847.0,10.73,1.51,524.41687155,2015
Kepler-1104 b,1.23,813.524,1321.0,0.06321,6417.0,1.41,1.3,2.04,2016
Kepler-1987 e,1.92,40.33,643.0,0.0765,4769.0,0.714,0.799,4.35,2023
Kepler-1830 b,3.32992941,35.8,681.0,0.31769,6160.0,2.046,1.443,11.1,2021
Kepler-182 b,2.58,239.787,935.0,0.096,6250.0,1.146,1.114,7.18,2014
Kepler-1688 b,1.26174569,84.01,772.0,0.0577,4632.11,0.746,0.814,2.13,2020
Kepler-385 b,2.73,143.919,951.0,0.097,6326.0,1.126,0.992,12.8,2014
Kepler-55 f,1.59,25.438,559.0,0.081,4503.0,0.619,0.631,3.15,2014
Kepler-339 d,1.17,58.651,796.0,0.091,5631.0,0.802,0.87,14.7,2014
Kepler-1669 d,1.22,47.3,669.0,0.0468,4224.0,0.603,0.609,1.98,2023
Kepler-69 c,1.71,2.687,299.0,0.64,5638.0,0.93,0.81,3.57,2013
HAT-P-57 b,19.50366,2726.6328,2200.0,0.0406,6330.0,1.85,2.77,448.1403,2015
Kepler-1067 c,1.74682428,190.8,973.0,0.06069,5594.0,0.934,0.981,3.7,2021
Kepler-299 d,1.86,69.96,729.0,0.118,5617.0,1.032,1.004,4.12,2014
Kepler-208 c,1.39,300.165,1141.0,0.079,6092.0,1.314,1.082,2.51,2014
Kepler-530 b,3.01,14.238,488.0,0.21491,5697.0,0.89,0.97,9.32,2016
Kepler-354 d,1.24,8.949,451.0,0.146,4648.0,0.674,0.652,2.07,2014
Kepler-339 c,1.15,101.841,914.0,0.069,5631.0,0.802,0.87,7.3,2014
Kepler-1114 b,1.35,39.321,631.0,0.11056,5374.0,0.83,0.87,2.39,2016
Kepler-114 d,2.53,31.016,446.0,0.08358,4660.0,0.54,0.56,3.9,2013
Kepler-303 c,1.14,25.851,521.0,0.057,3944.0,0.485,0.575,1.55,2014
Kepler-1212 b,2.14,142.096,795.0,0.1082,6051.0,1.15,1.1,5.22,2016
Kepler-394 c,1.66,94.528,901.0,0.11,6402.0,1.132,0.87,3.39,2014
Kepler-393 c,1.33,231.213,901.0,0.124,6189.0,1.382,1.256,2.33,2014
Kepler-318 c,3.68,96.513,762.0,0.105,5746.0,1.189,1.073,13.1,2014
Kepler-1241 b,2.63,31.456,612.0,0.1336,5261.0,0.8,0.84,7.41,2016
Kepler-185 b,1.17,475.507,1237.0,0.026,5208.0,0.806,0.763,1.71,2014
Kepler-1283 b,1.91,80.34,764.0,0.1062,6175.0,1.25,1.16,4.31,2016
Kepler-1714 b,3.26437302,504.3,1211.0,0.10549,6150.0,2.086,1.448,10.7,2021
Kepler-1331 b,1.05,547.294,1244.0,0.0142,4508.0,0.69,0.72,1.16,2016
Kepler-319 b,1.63,253.665,1023.0,0.051,5526.0,0.903,0.933,3.29,2014
Kepler-396 b,3.5,13.731,496.0,0.24067,5656.0,1.06,0.85,75.5,2013
Kepler-1085 c,3.26817741,11.8,491.0,0.29798,5816.0,1.0783,1.05,10.7,2020
Kepler-1084 b,1.11,1766.593,1737.0,0.0324,6113.0,1.28,1.12,1.41,2016
Kepler-1108 b,1.46,206.414,1063.0,0.0511,5406.0,0.84,0.88,2.73,2016
Kepler-1214 b,2.36,23.18,591.0,0.128,5130.0,0.8,0.85,6.17,2016
Kepler-155 c,2.24,1.28,286.0,0.242,4508.0,0.62,0.635,5.65,2014
Kepler-396 c,5.3,5.244,390.0,0.38946,5656.0,1.06,0.85,17.9,2013
Kepler-1369 b,2.69,37.158,667.0,0.1741,5761.0,0.99,0.99,7.7,2016
Kepler-1370 b,1.84,132.587,770.0,0.15763,6202.0,1.29,1.19,4.04,2016
Kepler-252 b,1.23,39.264,587.0,0.058,4208.0,0.549,0.61,2.04,2014
Kepler-360 c,2.1,146.5,860.0,0.075,6053.0,1.058,0.994,5.06,2014
Kepler-245 e,1.75,240.151,998.0,0.04053,5174.0,0.8,0.86,1806.36,2016
Kepler-298 d,2.5,1.715,277.0,0.305,4465.0,0.582,0.66,6.8,2014
Kepler-324 b,1.14,194.34,935.0,0.05,5194.0,0.84,0.901,2414.4,2014
Kepler-1796 b,2.75047868,30.3,598.0,0.1879,6036.0,0.949,1.018,8.0,2021
Kepler-520 c,1.07,351.69,1107.0,0.06035,6112.0,1.09,1.1,1.24,2016
Kepler-1244 b,1.35,4756.325,1839.0,0.0502,6680.0,1.77,1.46,2.39,2016
Kepler-169 c,1.21,82.853,776.0,0.062,4997.0,0.763,0.825,1.92,2014
Kepler-97 b,1.48,767.964,1328.0,0.03563,5779.0,0.98,0.94,3.51,2014
Kepler-1336 b,1.98,103.72,793.0,0.15845,5512.0,1.3,0.94,4.58,2016
Kepler-88 d,13.1,0.1124,158.95,2.466329866,5466.0,0.897,0.99,965.14699656,2020
Kepler-301 d,1.75,68.931,725.0,0.112,5815.0,0.9,1.022,3.71,2014
Kepler-104 d,3.58,16.012,515.0,0.257,5711.0,1.349,0.818,5.54022107,2014
Kepler-1192 b,2.36,34.742,600.0,0.1693,5438.0,0.83,0.86,6.17,2016
Kepler-516 b,5.74,174.58,1095.0,0.1992,7099.0,2.02,1.62,27.9,2016
Kepler-1851 b,3.90012032,85.78,776.0,0.1016,5982.0,0.879,0.967,14.5,2021
Kepler-212 b,1.09,133.866,830.0,0.133,5852.0,1.455,1.166,1.32,2014
Kepler-1372 b,1.27,2176.358,1655.0,0.024,5677.0,0.97,0.98,2.15,2016
Kepler-364 b,1.55,68.71,753.0,0.178,6108.0,1.284,1.076,3.02,2014
KELT-23 A b,14.829507,991.183,1561.0,0.03302,5899.0,0.996,0.944,298.12454,2019
HD 191939 d,2.995,14.3,540.0,0.2132,5348.0,0.94,0.81,2.8,2020
HATS-77 b,13.05846252,78.37,828.3,0.03607,4071.0,0.6428,0.655,436.69623122,2021
TOI-4479 b,2.82,92.5,861.0,0.0164,3400.0,0.451,0.452,8.35,2022
TOI-1752 c,2.29,1.6973,291.0,0.1614,3762.0,0.53,0.524,5.86,2026
Kepler-1705 c,2.05,,,,6312.0,1.259,1.139,5.42,2021
TOI-1753 b,2.47852533,237.996,1005.43,0.059,5621.0,0.9715,0.9483,16.6,2024
TOI-2274 b,2.45,83.7078,771.46,0.05,3943.0,0.631,0.612,6.57,2024
Kepler-43 b,13.663771,1138.115,1620.0,0.046,6041.0,1.42,1.32,1026.5909,2011
Kepler-858 b,4.87,6.338,399.0,0.33939,5653.0,0.91,0.96,21.1,2016
TOI-3023 b,16.43236571,1084.0,1596.0,0.0505,5760.0,1.668,1.12,197.05361234,2023
Kepler-1752 b,4.54060463,7.29,419.0,0.2698,5446.0,0.821,0.824,18.7,2021
Kepler-1408 b,0.89,1982.268,1616.0,0.04218,6170.0,1.35,1.21,0.64,2016
HIP 54373 b,2.87,15.0984,580.66,0.063,4021.0,0.564998,0.57,8.62,2019
Teegarden's Star b,1.05,1.08,277.0,0.0259,3034.0,0.12,0.097,1.16,2019
BD+60 1417 b,14.68376472,0.0,1303.0,1662.0,4993.0,0.797,1.0,4767.426105,2021
TOI-1227 b,9.57246952,3.21,243.77,0.0886,3072.0,0.56,0.17,66.5,2022
CoRoT-7 d,4.31,,,,5250.0,0.8389,0.915,17.142,2022
TOI-1758 b,3.62,21.05,551.44,0.141409,5169.0,0.81,0.88,6.9,2024
TOI-2567 b,10.92875618,558.0,1352.0,0.0672,5611.0,1.686,1.13,63.88350981,2022
Kepler-1410 b,1.78,1.06,290.0,0.2543,4092.0,0.6,0.63,3.82,2016
HD 24085 b,3.46,2061.4187,1875.43,0.034,6034.0,1.412551,1.22,11.8,2019
WASP-87 b,15.524465,4170.0965,2049.54,0.02946,6450.0,1.627,1.204,692.8694,2016
TOI-163 b,16.690201,1489.1126,1669.0,0.058,6495.0,1.648,1.4352,387.7526,2019
K2-315 b,0.95,7.45,460.0,,3300.0,0.196,0.174,0.809,2020
HD 216520 b,3.18,9.0089,482.1,0.198,5103.0,0.76,0.82,10.26,2020
TOI-1775 b,8.04728896,55.4426,707.89,0.08,5284.0,0.8288,0.9218,96.0,2024
Kepler-296 c,2.0,14.8,606.0,0.0521,3740.0,0.48,0.498,4.66,2014
WASP-187 b,18.38276,1594.76,1760.0,0.0653,6150.0,2.83,1.54,254.264,2020
HD 161178 b,14.1,78.0069,828.33,0.85,4786.0,10.95,1.06,181.16219199,2021
GJ 514 b,2.13,0.28,202.0,0.422,3728.0,0.5,0.51,5.2,2022
HD 77946 b,2.89646124,413.1008,1128.86,0.073,6007.0,1.3174,1.1973,10.9,2024
TOI-2345 c,2.451,14.57,544.0,0.1257,4687.0,0.729,0.727,7.27,2025
Kepler-876 b,1.43,152.746,923.0,0.0549,5060.0,0.77,0.81,2.63,2016
Kepler-1894 c,1.21,243.06,1007.0,0.0576,5772.0,0.901,0.999,1.92,2023
HD 233832 b,13.5,0.0376,117.8,2.827,4981.0,0.68,0.71,565.7374,2018
GJ 687 c,4.14,0.0157,98.62,1.165,3413.0,0.4183,0.4,16.0,2020
HIP 5763 b,14.2,6.2967,440.9,0.17,4352.0,0.750378,0.72,162.09248757,2021
TOI-712 b,2.049,22.6,650.0,0.07928,4622.0,0.674,0.732,4.85,2022
TOI-1782.01,2.368,56.25,697.84,0.05024,4336.0,0.669,0.68,6.2,2024
TOI-2092 b,2.94892961,195.793,1042.0,,5842.06,1.0519,0.956,9.0,2026
Kepler-303 b,0.89,145.436,802.0,0.024,3944.0,0.485,0.575,0.64,2014
Kepler-271 c,0.95,119.631,850.0,0.06993,5555.0,0.87,0.9,0.809,2014
KOI-142 b,3.438,68.563,758.0,0.09586,5466.0,0.897,0.99,9.5,2013
Qatar-6 b,11.903958,174.9015,1006.0,0.0423,5052.0,0.722,0.822,212.31044,2017
GJ 9066 c,9.6,0.0033,65.66,0.88,3154.0,0.164,0.15,66.74396547,2020
K2-400 b,1.163,,,,3578.0,0.382,0.374,1.67,2022
TOI-2094 b,1.9,0.98,276.0,0.136,3435.0,0.384,0.425,4.27,2026
TOI-2714 b,13.72,945.55,1603.0,0.036,5665.0,1.25,1.07,228.0,2024
HD 164922 d,1.83,66.9243,787.68,0.103,5390.0,0.946,0.926,4.0,2020
2MASS J01033563-5515561 AB b,12.3,,,84.0,,,0.19,4131.79,2013
TOI-2382 b,12.25141591,689.0,1426.0,0.059,6033.0,1.417,1.26,235.19302118,2025
Kepler-402 b,1.22,619.844,1311.0,0.051,6090.0,1.264,1.072,1.98,2014
EPIC 201841433 b,1.04,189.3706,1032.49,0.035,5053.0,0.628461,0.802,1.12,2019
USco1621 b,12.2,0.0,2270.0,2880.0,3460.0,0.710071,0.36,5085.28,2019
K2-318 b,1.66,6.368,456.0,0.0911,3851.0,0.552,0.561,3.39,2020
K2-405 b,4.569,146.577,969.0,,4927.0,0.765,1.034,18.9,2022
TOI-784 b,1.93,413.894,1256.0,0.038,5558.0,0.907,0.91,9.67,2023
TOI-1814 b,5.18536642,216.0619,977.83,,4872.84,2.3895,,23.5,2026
Kepler-1419 b,2.86,21.243,510.0,0.2391,5796.0,1.01,1.01,8.55,2016
EPIC 206215704 b,1.0,,,,3297.0,0.25,0.407,0.972,2019
Kepler-848 b,1.7,794.778,1086.0,0.07586,5695.0,1.2,1.01,3.53,2016
Kepler-819 b,2.76,9.913,485.0,0.1894,5279.0,0.81,0.86,8.05,2016
TOI-799 b,2.06631784,199.6326,958.69,,5662.81,0.915519,1.0,4.92,2026
K2-146 c,2.19,14.028,518.53,0.0327,3385.0,0.33,0.331,7.49,2019
K2-324 b,2.43,42.3931,707.0,0.0331,3752.0,0.505,0.517,6.48,2020
Kepler-822 b,1.77,535.188,1239.0,0.04078,5928.0,1.08,1.06,3.78,2016
TOI-1181 b,17.02644168,14140.0,1942.12,0.0364,6054.0,1.961,1.467,374.71969185,2022
TOI-808 b,2.20344362,60.3881,710.98,,5078.2,0.833198,0.87,5.49,2026
TOI-815 b,2.94,36.9,686.0,0.0903,4869.0,0.77,0.776,7.6,2024
TOI-2141 b,3.147,47.3,728.0,0.1322,5635.0,0.95,0.896,20.1,2023
TOI-2447 b,9.60609646,44.5933,414.0,0.347,5730.0,1.006,1.034,124.90656395,2024
TOI-2818 b,15.27784069,598.0,1376.0,0.0493,5721.0,1.229,0.977,225.65816897,2023
Kepler-1371 c,0.64,853.269,1216.0,0.02937,5361.0,0.83,0.87,0.196,2016
EPIC 212587672 b,1.26,,756.0,,6004.0,0.98,0.99,2.13,2019
Kepler-843 b,2.59,890.333,1523.0,0.0313,5830.0,1.03,1.02,7.22,2016
K2-408 b,1.677,,,,5335.0,0.784,0.813,3.45,2022
TOI-1516 b,15.24421375,1899.83,1839.0,,6520.0,1.14,1.14,1004.33776612,2022
TOI-2458 b,2.83,865.0,1509.4,0.0482,6005.0,1.31,1.05,13.31,2024
Kepler-1423 b,1.06,71.16,741.0,0.1586,4939.0,0.75,0.79,1.2,2016
HATS-57 b,12.767051,570.233,1413.4,0.03493,5587.0,0.96,1.026,1000.21101,2019
HATS-56 b,18.920792,1080.87,1902.0,0.06043,6536.0,2.201,1.573,191.33366,2019
TOI-763 b,2.28,182.935,1038.0,0.06,5450.0,0.897,0.917,9.79,2020
K2-409 b,2.482,,,,5742.0,1.228,0.886,6.72,2022
TOI-1722 b,4.38298108,136.86,952.0,,5999.55,1.09414,1.162,17.6,2026
TOI-1873 b,2.86356397,171.8936,923.5,,5597.99,0.971675,1.015,8.57,2026
TOI-2158 b,10.76062147,81.4989,1188.0,0.075,5673.0,1.41,1.12,260.61929374,2022
Kepler-1888 b,1.32578716,145.67,886.0,0.0956,5557.0,1.249,0.897,2.32,2021
Kepler-1901 b,1.47418907,389.41,1132.0,0.0453,5696.0,0.921,1.022,2.77,2021
GJ 433 c,6.27,0.0009,53.76,4.819,3461.0,0.5,0.48,32.422,2014
K2-374 c,2.213,,,,5789.0,0.907,0.731,5.53,2022
TOI-1860 b,1.31,876.703,1885.0,0.0204,5752.0,0.94,0.99,2.27,2022
TOI-1723 b,3.435,92.36,782.98,0.113496,5777.0,1.09,1.04,10.4,2024
TOI-1937 A b,13.97759893,3230.0,2097.0,0.01932,5814.0,1.08,1.072,638.83509807,2023
Kepler-292 f,2.35,24.325,563.0,0.141,5299.0,0.826,0.865,6.12,2014
Kepler-1395 b,0.8,730.531,1311.0,0.04974,6138.0,1.23,1.17,0.437,2016
Kepler-1905 b,1.4460734,508.75,1212.0,0.0451,5788.0,1.015,1.038,2.69,2021
Kepler-65 e,13.9,4.0231,389.08,0.8539307544,6220.0,1.437,1.248,260.0,2019
GJ 682 b,1.93,0.3125,281.93,0.08,3028.0,0.298255,0.27,4.4,2014
TOI-132 b,3.42,860.0,1395.0,0.026,5397.0,0.9,0.97,22.4,2020
TOI-2000 c,8.14,149.0,1038.0,0.0878,5611.0,1.134,1.082,81.7,2023
TOI-2000 b,2.7,628.0,1488.0,0.04271,5611.0,1.134,1.082,11.0,2023
TOI-2194 b,1.9892,14.2526,590.88,,4756.0,0.6909,0.74,4.61,2023
TOI-2498 b,6.06,790.4759,1443.0,0.0491,5905.0,1.26,1.12,34.62,2023
Kepler-102 e,2.17,20.3,590.0,0.1162,4909.0,0.724,0.803,4.7,2013
HD 2685 b,16.14096,1436.49,2061.0,0.0568,6801.0,1.56,1.43,371.8611,2019
Kepler-95 b,3.42,178.832,927.0,0.10232,5699.0,1.41,1.08,13.0,2014
Wendelstein-2 b,12.9934728,282.3101,2470.0,0.0234,4591.0,0.66,0.73,232.33373,2020
K2-384 b,1.076,,,,3623.0,0.348,0.33,1.26,2022
HD 174205 b,13.0,82.699,821.72,1.7,4308.0,26.6,1.8,1334.8793094,2022
Kepler-430 c,1.75,9.096,458.0,0.4757,5884.0,1.485,1.166,3.71,2015
Kepler-1656 b,4.574,24.6,651.0,0.1974,5569.0,1.1,1.03,47.8,2018
Kepler-647 c,4.00135002,69.0,644.0,0.18291,5906.74,1.54571,1.07,15.1,2020
Kepler-210 b,2.94,122.139,737.0,0.032,4559.0,0.65,0.77,8.96,2014
OGLE-2006-BLG-109L c,11.1,,59.0,4.5,,,0.51,86.0,2008
KMT-2016-BLG-1397L b,12.7,,,5.1,,,0.45,2200.0,2018
KMT-2019-BLG-0253L b,2.99,,,3.1,,,0.7,9.2,2022
KMT-2023-BLG-0548L b,13.1,,,6.85,,,0.72,1086.97315194,2025
Kepler-1963 b,0.74437023,612.3,1448.0,0.02915,5726.0,0.979,0.915,0.337,2021
Kepler-1517 b,9.76,1526.983,2336.0,0.078,7010.0,1.95,1.58,68.7,2016
Kepler-1711 b,1.923,47.39,669.0,0.1463,5706.0,1.034,0.94,4.36,2021
MOA-2010-BLG-328L b,2.99,,,0.92,,,0.11,9.2,2013
MOA-2011-BLG-291L b,4.43,,,0.69,,,0.15,18.0,2018
KMT-2018-BLG-1743L b,10.5,,,1.449,,,0.193,77.86795971,2021
OGLE-2018-BLG-0516L b,4.73,,,2.2,,,0.47,20.1,2022
KMT-2023-BLG-0949L b,12.8,,,2.03,,,0.48,1900.61387386,2025
KMT-2024-BLG-2059L b,2.54,,,2.55,,,0.51,6.99222495,2025
Kepler-146 b,3.71,32.89,639.0,0.2,5948.0,1.208,1.079,13.3,2014
Kepler-1468 d,3.33187146,52.77,819.0,0.1456,5794.0,1.496,1.072,11.1,2021
Kepler-348 c,1.33,133.259,888.0,0.138,6177.0,1.359,1.189,2.33,2014
Kepler-1641 c,2.95,42.145,767.0,0.2065,6152.0,1.19,1.12,9.01,2016
Kepler-1641 b,3.11,82.828,908.0,0.1473,6152.0,1.19,1.12,9.85,2016
Kepler-39 b,13.9,90.22,897.0,0.164,6350.0,1.4,1.29,6388.1,2011
Kepler-174 c,1.49,5.296,377.0,0.214,4880.0,0.622,0.602,2.83,2014
KMT-2023-BLG-1642L b,13.8,,,1.41,,,0.17,343.25467956,2024
Kepler-1468 b,1.73,481.352,1093.0,0.0817,5893.0,1.05,1.04,3.64,2016
Kepler-203 b,2.57,668.215,1308.0,0.043,5821.0,1.114,1.06,7.13,2014
Kepler-152 b,2.79,21.084,551.0,0.124,5088.0,0.724,0.779,8.2,2014
OGLE-2015-BLG-0966L b,4.86,,,2.7,,,0.38,21.0,2016
MOA-2011-BLG-028L b,5.99,,,4.14,,,0.75,30.0,2016
OGLE-2018-BLG-0383L b,2.41,,,1.8,,,0.1,6.4,2022
KMT-2021-BLG-1391L b,1.97,,,2.29,,,0.37,4.55,2022
Kepler-195 c,1.55,11.281,469.0,0.197,5329.0,0.775,0.867,3.02,2014
Kepler-880 c,2.87,926.72,1407.0,0.1216,6900.0,2.599,1.714,8.6,2023
Kepler-608 b,3.64,270.162,1069.0,0.0685,5820.0,1.01,1.0,12.9,2016
Kepler-1704 b,11.94877343,0.342,253.8,2.027,5746.0,1.697,1.132,1322.16617312,2021
Kepler-561 c,2.68,183.166,989.0,0.05947,5646.0,0.94,0.96,7.65,2016
OGLE-2015-BLG-0051L b,14.0,,,0.73,,,0.1,230.0,2016
OGLE-2018-BLG-0740L b,12.9,,,5.0,5912.0,,1.0,1500.0,2019
OGLE-2017-BLG-1099L b,13.1,,,2.73,,,0.45,959.84178914,2021
KMT-2021-BLG-0748L b,14.3,,,2.43,,,0.36,143.02278315,2022
TOI-2267 d,1.77,5.3,422.0,0.0145,3022.0,0.13,0.0989,3.78,2025
Kepler-1719 b,3.95000623,686.9,1287.0,0.06868,5687.0,1.775,1.08,14.8,2021
Kepler-1254 c,1.3,132.391,927.0,0.0422,4985.0,0.75,0.78,2.24,2016
Kepler-639 b,2.38,295.826,957.0,0.09358,5896.0,1.29,1.14,6.26,2016
KMT-2016-BLG-0212L b,12.2,,,2.2,,,0.48,5700.0,2018
KMT-2019-BLG-1552L b,13.0,,,2.6,,,0.79,1287.20504835,2022
KMT-2024-BLG-0349L b,12.4,,,6.46,,,0.68,3769.44490702,2026
Kepler-208 d,1.2,176.283,999.0,0.103,6092.0,1.314,1.082,1.87,2014
Kepler-171 b,2.34,304.178,1053.0,0.05,5642.0,0.839,0.978,6.08,2014
Kepler-1525 b,0.91,715.106,1343.0,0.03557,5748.0,1.04,1.07,0.693,2016
Kepler-1645 b,1.78,138.538,754.0,0.1285,5812.0,1.02,1.02,3.82,2016
KMT-2018-BLG-1990L b,12.9,,,0.763,,,0.094,111.0,2019
KMT-2018-BLG-0247L b,13.4,,,2.46,,,0.29,670.61793877,2022
Kepler-30 d,8.8,1.962,308.0,0.5,5498.0,0.95,0.99,23.1,2012
PSR B1257+12 d,1.8,,,0.46,,,1.4,3.9,1992
OGLE-2016-BLG-0263L b,13.0,,,5.4,,,0.13,1300.0,2017
OGLE-2012-BLG-0026L c,13.9,,,4.8,,,1.06,270.0,2012
KMT-2018-BLG-2602L b,13.7,,,3.81,,,0.66,365.50266805,2022
KMT-2016-BLG-1337L b,11.4,,,3.97,,,0.54,88.99195396,2026
Kepler-220 d,0.98,8.208,401.0,0.163,4632.0,0.666,0.729,0.904,2014
Kepler-1949 b,2.21964541,2016.25,1709.0,0.0352,6028.0,1.454,1.194,5.56,2021
Kepler-695 b,9.21,499.064,1021.0,0.0374,5181.0,0.8,0.84,62.3,2016
Kepler-529 d,2.79502603,37.92,633.0,0.2134,6078.0,1.189,1.005,8.22,2021
OGLE-2005-BLG-390L b,2.21,,50.0,2.6,,,0.22,5.5,2005
Kepler-220 b,0.81,105.001,759.0,0.046,4632.0,0.666,0.729,0.457,2014
Kepler-1993 b,4.15,157.45,903.0,0.1943,5159.0,3.062,1.373,16.1,2023
Kepler-154 e,1.5,480.405,1140.0,0.04766,5769.0,0.98,0.98,2.86,2016
MOA-2009-BLG-387L b,13.2,,,1.8,,,0.19,830.0,2010
OGLE-2018-BLG-1647L b,13.8,,,1.36,,,0.092,308.29355479,2022
Kepler-154 c,2.95,12.071,454.0,0.303,5690.0,1.001,0.933,9.01,2014
Kepler-390 c,0.79,41.351,630.0,0.101,5166.0,0.776,0.787,0.418,2014
Kepler-967 c,3.65,1.05,258.0,0.6253,5178.0,0.8,0.84,12.9,2016
Kepler-248 c,4.07,22.459,598.0,0.123,5190.0,0.831,0.838,15.6,2014
Kepler-648 b,3.22,47.336,674.0,0.13324,5741.0,0.98,1.05,10.5,2016
OGLE-2017-BLG-0406L b,14.2,,,3.5,,,0.56,130.0,2020
OGLE-2018-BLG-1367L b,13.8,,,1.21,,,0.28,301.93698665,2022
OGLE-2018-BLG-0932L b,13.9,,,1.75,,,0.72,282.86728223,2022
OGLE-2017-BLG-0364L b,10.3,,,3.79,,,0.49,75.8,2024
Kepler-1814 c,1.76,2011.27,1711.0,0.0133,4922.0,0.823,0.79,3.75,2023
Kepler-1588 b,0.76,359.79,925.0,0.07419,5817.0,0.99,0.96,0.363,2016
Kepler-436 b,2.73,1.69,322.0,0.339,4651.0,0.697,0.729,7.9,2015
KOI-3503 c,1.21,52.5,686.0,0.18688,6001.0,1.255,0.858,10.36,2021
Kepler-1491 c,2.44,18.66,530.0,0.3045,5626.0,1.389,0.991,6.53,2023
Kepler-158 c,1.9,6.677,418.0,0.158,4623.0,0.624,0.655,4.27,2014
MOA-2011-BLG-293L b,12.9,,,1.1,,,0.86,1500.0,2012
OGLE-2017-BLG-0173L b,1.62,,,3.913,,,0.396,3.269,2018
OGLE-2018-BLG-1269L b,14.1,,,4.51,,,1.11,210.0,2020
KMT-2021-BLG-0119L b,12.8,,,2.92,,,0.56,1754.41280664,2022
Kepler-968 c,1.69,58.15,644.0,0.052,4598.0,0.7,0.76,3.5,2016
Kepler-28 b,1.959,62.577,585.0,0.05687,4499.3,0.664,0.684,1.63,2011
MOA-2008-BLG-379L b,13.0,,,2.7,,,0.56,1300.0,2013
MOA-2022-BLG-091L b,13.0,,,3.44,,,0.75,1141.00398113,2025
KMT-2023-BLG-2209L b,13.9,,,3.51,,,0.73,254.2627256,2025
Kepler-1533 b,3.46,4.786,330.0,0.93416,6431.0,1.51,1.31,11.8,2016
Kepler-558 b,2.37,15.227,498.0,0.1759,5242.0,0.81,0.85,6.21,2016
Kepler-177 c,8.73,25.4,497.0,0.25655,5732.0,1.324,0.921,14.7,2013
OGLE-2014-BLG-1722L b,8.59,,,1.5,,,0.4,55.3,2018
OGLE-2015-BLG-1609L b,10.4,,,,,,0.17,76.27881768,2025
Kepler-690 b,5.95,225.701,964.0,0.081,5913.0,1.16,1.11,29.6,2016
KMT-2025-BLG-1160L b,5.43,,,2.56,,,0.58,25.36,2026
Kepler-46 b,9.057,10.9,543.0,0.1968,5155.0,0.938,0.902,1907.0,2012
Kepler-188 c,3.19,257.348,1025.0,0.066,6021.0,1.141,1.021,10.3,2014
Kepler-586 b,2.79,705.051,1365.0,0.0331,5575.0,0.92,0.94,8.2,2016
Kepler-245 d,3.03,9.492,445.0,0.202,5100.0,0.795,0.856,21.6,2014
OGLE-2013-BLG-0341L B b,1.16,,,0.702,,,0.1127,1.66,2014
KMT-2018-BLG-1976L b,13.3,,,3.54,,,0.65,705.57906354,2021
KMT-2017-BLG-0428L b,2.23,,,1.81,,,0.34,5.59,2023
KMT-2019-BLG-1806L b,2.0,,,3.02,,,0.74,4.67,2023
OGLE-2014-BLG-0124L b,14.1,,,3.48,,,0.9,206.58846455,2015
Kepler-1616 b,1.02,724.861,1337.0,0.07318,6266.0,1.34,1.21,1.04,2016
Kepler-362 b,0.88,207.336,838.0,0.087,5788.0,0.722,0.904,0.615,2014
Kepler-612 b,2.84,997.089,1046.0,0.0452,5693.0,0.96,0.98,8.45,2016
Kepler-81 c,2.37,15.62,502.0,0.08347,4385.0,0.59,0.64,4.3,2012
OGLE-2013-BLG-1761L b,13.2,,,1.8,,,0.33,860.0,2017
KMT-2016-BLG-1105L b,1.33,,,2.44,,,0.41,2.32,2023
TOI-5573 b,9.75,12.92,528.0,0.0712,3790.0,0.594,0.619,112.0,2025
Kepler-1144 b,1.99,62.061,811.0,0.1291,5753.0,0.96,0.98,4.62,2016
Kepler-172 e,2.76,23.431,550.0,0.211,5526.0,1.085,1.081,8.05,2014
Kepler-694 b,2.8,206.438,914.0,0.0659,5700.0,0.95,0.97,8.25,2016
K2-108 b,5.33,762.0,1360.0,0.0581,5599.0,1.76,1.17,59.4,2017
TOI-201 d,1.39,389.669,1237.0,0.0698,6423.0,1.31,1.32,5.8,2026
Kepler-373 b,1.36,453.872,1054.0,0.06,5787.0,0.845,0.981,2.42,2014
Kepler-377 c,2.06,49.855,677.0,0.182,5949.0,1.224,1.043,4.9,2014
Kepler-444 d,0.53,109.638,783.0,0.06,5046.0,0.752,0.758,0.2,2015
Kepler-1649 b,1.017,2.208,307.0,0.0514,3240.0,0.2317,0.1977,1.03,2017
Kepler-179 c,2.0,115.983,810.0,0.064,5302.0,0.759,0.893,4.66,2014
K2-179 b,2.51267885,,,,5015.0,0.768067,0.824345,6.86,2018
Kepler-219 d,2.81,20.01,598.0,0.272,5786.0,1.491,1.164,19.1,2014
Kepler-50 b,1.71,494.705,1196.0,0.077,6225.0,1.58,1.24,8.9,2012
Kepler-1787 b,2.31898181,20.04,540.0,0.227,6060.0,0.925,1.008,5.99,2021
Kepler-1542 b,0.76,518.437,1160.0,0.04765,5564.0,0.99,0.94,0.363,2016
Kepler-1444 b,2.18,25.942,581.0,0.20906,5810.0,1.05,1.03,5.39,2016
Kepler-1997 b,2.28,44.86,660.0,0.1815,6215.0,1.052,1.111,5.82,2023
Kepler-241 b,2.33,23.6,562.0,0.094,4699.0,0.668,0.671,6.04,2014
Kepler-1624 b,6.59,6.01,540.0,0.0327,3768.0,0.552,0.541,35.3,2016
K2-168 b,1.86,,766.35,,5502.7,0.83,0.877,4.12,2018
K2-119 b,2.53,54.9,666.0,0.0698,4740.0,0.71,0.76,6.94,2017
Kepler-730 c,1.56926,903.77,1607.0,0.03997,5620.0,1.411,1.047,3.09,2018
TOI-5319 b,2.83,38.7885,695.0,0.0506,3580.0,0.485,0.5,8.4,2024
HD 80883 b,12.8,0.0103,88.66,6.462,5177.91,0.814842,0.88,1748.0562385,2022
Kepler-1585 b,1.79,182.941,1064.0,0.0445,5538.0,0.91,0.94,3.86,2016
Kepler-1961 b,1.6187808,132.98,866.0,0.0588,5401.0,0.777,0.871,3.25,2021
Kepler-1446 b,0.82,1213.333,1539.0,0.01405,4865.0,0.75,0.81,0.477,2016
Kepler-342 c,1.96,77.29,754.0,0.185,6175.0,1.472,1.213,4.5,2014
K2-121 b,7.16,62.5,716.0,0.0525,4526.0,0.675,0.71,51.0,2017
Kepler-279 e,4.13,21.96,552.0,0.439,6689.45,1.43,1.164,56.0,2025
KOI-3680 b,11.09691,3.3,347.0,0.534,5830.0,0.96,1.01,613.4119,2018
Kepler-1638 b,1.87,2.76,304.0,0.745,5710.0,0.95,0.97,4.16,2016
K2-146 b,2.05,20.7,534.0,0.0248,3385.0,0.33,0.331,5.77,2018
Kepler-677 b,5.38,683.274,1015.0,0.067,5723.0,0.99,1.0,25.0,2016
TOI-5344 b,10.60369574,38.0,689.0,0.04041,3747.0,0.588,0.612,130.94530368,2023
Kepler-1811 b,3.84829873,10.11,455.0,0.3462,5561.0,1.19,0.946,14.1,2021
Kepler-481 b,2.5,183.842,899.0,0.08926,5802.0,1.09,1.01,6.8,2016
Kepler-375 c,2.65,33.152,720.0,0.141,5826.0,0.837,0.891,7.51,2014
Kepler-113 c,2.18,45.596,628.0,0.07796,4725.0,0.69,0.75,8.7,2014
Kepler-9 b,8.29,48.229,661.0,0.143,5774.0,0.958,1.022,43.4,2010
Kepler-1590 b,1.14,171.478,1020.0,0.07116,6053.0,1.16,1.11,1.55,2016
Kepler-1514 b,12.419572,3.23,387.9,0.753,6145.0,1.289,1.196,1678.1424,2016
Kepler-175 b,2.56,129.639,827.0,0.105,6064.0,1.01,0.969,7.08,2014
K2-83 b,1.244,41.5,707.17,0.03014,3910.0,0.424,0.484,2.08,2016
Kepler-231 c,1.93,6.267,393.0,0.114,3767.0,0.49,0.58,24.1,2014
Kepler-1683 b,1.87477762,47.32,669.0,0.1182,5429.0,0.900327,0.95,4.17,2020
Kepler-1653 b,2.17,0.98,284.0,0.4706,4807.0,0.693,0.719,5.35,2017
Kepler-150 c,3.69,132.091,876.0,0.073,5560.0,0.939,0.956,13.2,2014
Kepler-239 b,2.33,34.746,616.0,0.095,4914.0,0.763,0.757,6.04,2014
Kepler-343 c,2.02,57.932,746.0,0.167,5807.0,1.433,1.055,4.74,2014
TOI-5380 b,3.48093238,796.305,1479.0,,6400.78,1.5621,1.343,11.9,2026
Kepler-1022 b,2.36,19.258,512.0,0.0805,4445.0,0.68,0.71,6.17,2016
Kepler-354 b,1.84,64.845,741.0,0.054,4648.0,0.674,0.652,4.04,2014
Kepler-1434 b,1.11,925.289,1320.0,0.0917,6291.0,2.04,1.47,1.41,2016
Kepler-1593 b,3.17,0.889,260.0,0.55494,4995.0,0.77,0.81,10.2,2016
Kepler-1453 b,2.67,11.889,503.0,0.262,5665.0,0.94,0.97,7.61,2016
Kepler-1989 b,4.62,157.97,904.0,0.0918,6032.0,1.06,0.999,19.3,2023
K2-122 b,1.16,79.9,769.0,0.0373,4009.0,0.59,0.63,1.65,2017
Kepler-1046 b,1.71,101.4,786.0,0.11858,5913.0,1.04,1.04,3.57,2016
Kepler-1907 c,1.15547044,20.6,620.0,0.10371,5159.0,0.8,0.752,1.63,2021
Kepler-1594 b,1.06,672.414,1360.0,0.0396,5946.0,1.08,1.06,1.2,2016
Kepler-80 b,2.67,54.382,547.0,0.0648,4540.0,0.678,0.73,6.93,2012
Kepler-438 b,1.12,1.4,288.0,0.166,3748.0,0.52,0.544,1.46,2015
Kepler-1455 b,2.16,1.533,298.0,0.2149,4075.0,0.6,0.62,5.31,2016
Kepler-1490 b,3.04,3.788,348.0,0.3729,5515.0,0.87,0.9,9.48,2016
Kepler-700 b,5.99,12.071,452.0,0.3577,5692.0,0.96,0.98,30.0,2016
K2-345 b,2.11,,437.0,,3779.0,0.52,0.56,5.1,2021
Kepler-1133 b,1.97,55.758,703.0,0.0983,5569.0,0.9,0.93,4.54,2016
Kepler-1953 b,1.28574667,67.62,731.0,0.0607,4858.0,0.707,0.786,2.2,2021
Kepler-53 b,2.89,60.997,701.0,0.1361,5858.0,0.89,0.98,111.0,2012
Kepler-1518 b,3.05,1079.458,1351.0,0.0593,6846.0,1.88,1.54,9.53,2016
Kepler-251 b,1.33,203.169,990.0,0.053,5526.0,0.89,0.891,2.33,2014
Kepler-370 c,1.91,54.197,647.0,0.14,5852.0,0.9,0.982,4.31,2014
Kepler-1161 b,2.13,26.229,485.0,0.0784,4253.0,0.57,0.59,5.18,2016
Kepler-1184 b,2.68,18.039,529.0,0.2863,5983.0,1.07,1.05,7.65,2016
Kepler-1181 c,1.83,377.25,1124.0,0.0928,6688.0,1.347,1.336,4.01,2023
Kepler-1599 b,1.62,8.196,407.0,0.4823,5767.0,0.99,0.99,3.26,2016
Kepler-442 b,1.34,0.66,241.0,0.409,4402.0,0.598,0.609,2.36,2015
Kepler-1185 b,1.33,9.31,355.0,0.4297,5622.0,0.87,0.96,2.33,2016
K2-181 b,2.69,192.0,949.0,0.0706,5528.0,1.06,0.96,7.7,2018
Kepler-31 d,3.9,11.8,484.0,0.4,6340.0,1.22,1.21,2161.244,2014
Kepler-1070 b,1.73,380.134,1101.0,0.06753,6261.0,1.32,1.21,3.64,2016
Kepler-1162 b,2.21,12.245,490.0,0.19,5390.0,0.84,0.89,5.52,2016
Kepler-1560 b,0.89,593.919,1269.0,0.04175,5815.0,1.02,1.02,0.64,2016
Kepler-1702 b,1.60190793,22.4,555.0,0.1275,5093.0,0.725742,0.85,3.2,2020
Kepler-1621 b,2.16,14.055,469.0,0.4204,6158.0,1.24,1.15,5.31,2016
Kepler-240 c,2.2,59.838,696.0,0.074,4985.0,0.739,0.868,102.3,2014
Kepler-1972 c,0.868,198.4,1215.0,0.10493,5818.0,1.384,1.12,2.11,2022
K2-278 b,2.98,1051.5587,1711.0,0.0488,6747.0,1.61,1.4,9.17,2018
Kepler-42 d,0.57,12.538,450.0,0.0154,3068.0,0.17,0.13,0.357785,2011
Kepler-1050 b,1.6,62.025,1039.0,0.12353,6010.0,1.13,1.09,3.19,2016
Kepler-1001 b,3.15,40.853,693.0,0.11147,5491.0,0.88,0.9,10.1,2016
Kepler-478 b,2.71,39.56,640.0,0.1032,5210.0,0.8,0.85,7.8,2016
Kepler-1164 b,1.12,181.205,936.0,0.04635,5183.0,0.79,0.85,1.46,2016
Kepler-692 b,3.11,28.504,639.0,0.1495,5440.0,0.86,0.9,9.85,2016
Kepler-1464 c,1.0,968.555,1023.0,0.06101,5828.0,1.01,1.02,0.972,2016
K2-268 c,2.69,55.4636,696.0,0.0819,5106.0,0.78,0.84,7.7,2018
Kepler-594 b,2.18,59.396,678.0,0.1089,5485.0,0.87,0.91,5.39,2016
Kepler-23 c,3.005,257.39,1008.0,0.09501,5828.0,1.548,1.078,7.81,2011
Kepler-150 b,1.25,367.262,1131.0,0.044,5560.0,0.939,0.956,2.1,2014
Kepler-199 b,3.11,31.679,595.0,0.158,5644.0,0.967,0.96,9.85,2014
Kepler-1499 b,1.19,7.371,409.0,0.23225,5097.0,0.78,0.82,1.81,2016
Kepler-1498 b,1.33,9.86,564.0,0.2528,5256.0,0.81,0.86,2.33,2016
Kepler-611 b,1.65,1825.301,1513.0,0.0351,5761.0,1.01,1.01,3.36,2016
TOI-5502 b,4.1287378,95.1955,870.0,,6088.71,1.32375,1.244,15.9,2026
Kepler-1141 b,0.82,1146.953,1471.0,0.03496,5791.0,1.07,1.01,0.477,2016
Kepler-1073 b,2.3,128.55,905.0,0.0805,5792.0,1.0,1.0,5.9,2016
Kepler-1170 b,2.41,69.537,705.0,0.088,5069.0,0.76,0.8,6.39,2016
Kepler-157 d,1.46,244.058,969.0,0.0706,5866.0,1.03,1.02,2.73,2016
Kepler-549 c,2.93,2.51,349.0,0.45332,5360.0,0.84,0.88,8.91,2016
Kepler-688 b,9.76,458.912,1005.0,0.046,5715.0,0.96,0.98,68.7,2016
Kepler-632 b,2.21,14.72,500.0,0.1885,5322.0,0.84,0.91,5.52,2016
Kepler-1502 b,3.18,77.324,608.0,0.2482,6666.0,1.72,1.44,10.2,2016
Kepler-253 b,1.63,194.346,949.0,0.046,5208.0,0.786,0.86,3.29,2014
Kepler-1119 b,1.92,182.69,938.0,0.0812,6083.0,1.17,1.11,4.35,2016
Kepler-543 b,2.5,23.081,521.0,0.1023,4671.0,0.67,0.7,6.8,2016
Kepler-693 b,10.18,31.641,600.0,0.1121,4881.0,0.72,0.76,73.8,2016
Kepler-1710 b,3.19744103,48.9,694.0,0.11583,5650.0,0.899,0.932,3.49494179,2021
Kepler-1928 b,1.992,37.8,621.0,0.194,5720.0,0.92,1.01,4.63,2021
Kepler-1999 b,3.29,26.17,577.0,0.0713,4406.0,0.628,0.632,10.8,2023
KOI-7368 b,2.22,99.24,805.0,0.0678,5241.0,0.874,0.879,5.56,2022
K2-198 b,4.189,,715.8,,5212.9,0.757,0.799,16.3,2018
Kepler-227 c,3.04,10.186,443.0,0.29,5854.0,1.091,0.954,9.48,2014
Kepler-26 d,1.07,31.79,652.0,0.039,4486.0,0.571,0.593,1.24,2014
KELT-17 b,17.093725,3331.8707,2087.0,0.04881,7454.0,1.645,1.635,416.3573,2016
IC 4651 9122 b,12.7,10.4109,513.04,2.038,4740.1,10.267424,2.1,2002.329,2018
GJ 229 b,3.97,0.0237,111.85,1.086,3564.0,0.46,0.509,14.93793513,2014
GJ 180 c,2.41,0.7812,290.87,0.129,3371.0,0.413049,0.43,6.4,2014
HD 68988 c,12.2,0.0096,87.5,13.2,5883.41,1.255733,1.171665,4776.96095721,2021
KIC 5479689 b,14.2,,,,5459.1,0.894,0.966,158.9142035,2021
HD 93385 b,1.88,281.697,1141.0,0.0756,5977.0,1.18484,1.04,4.2,2021
Kepler-294 c,2.71,151.491,895.0,0.071,5913.0,0.976,0.947,7.8,2014
TOI-4311 c,2.47,33.8,671.0,0.1116,5063.0,0.8441,0.816,13.58,2026
WASP-118 b,16.14096,6586.47,1729.0,0.05453,6410.0,1.696,1.32,163.36462,2016
TAP 26 b,13.5,60.0135,774.52,0.0968,4620.0,1.17,1.04,527.5978,2017
HD 92788 c,13.0,0.0095,91.27,10.5,5744.0,1.14,1.15,1166.4361,2019
GJ 422 b,3.33,0.8928,292.68,0.111,3323.0,0.370328,0.35,11.07,2014
GJ 414 A c,8.4,0.0607,124.7,1.4,4120.0,0.68,0.65,53.83,2021
TOI-3593 b,11.02963701,308.0,1170.0,0.0481,5550.0,0.918,1.015,565.73456446,2025
WASP-195 b,10.31226224,890.0,1522.0,0.063,6300.0,1.578,1.3,33.05415433,2025
TOI-4529 b,1.77,14.6089,511.0,,3697.0,0.48,0.482,4.9,2026
HD 27631 b,13.5,0.0836,147.61,3.242,5737.0,0.923,0.944,495.81231492,2012
Wolf 503 b,2.043,69.6,790.0,0.05706,4716.0,0.689,0.688,6.26,2018
WASP-183 b,16.47723,268.7176,1111.0,0.04632,5313.0,0.871,0.784,159.55066,2019
Kepler-1747 b,4.26508,138.33,875.0,0.066,5477.0,0.865,0.983,16.8,2021
Kepler-906 b,2.11,21.987,537.0,0.22363,6035.0,1.02,1.06,5.1,2016
TOI-4551 b,11.85910158,1247.74,1655.0,0.0994,4896.0,3.55,1.31,473.56432643,2023
HD 98649 b,12.5,0.0272,114.22,5.97,5759.0,1.01,0.97,3082.9355479,2012
Kepler-780 b,0.89,4572.56,2099.0,0.015,5769.0,1.02,1.01,0.64,2016
NGTS-16 b,14.57167491,480.0,1177.0,0.0523,5550.0,1.213,1.002,211.99154747,2021
TOI-1634 b,1.759,121.0,900.0,0.01544,3550.0,0.45,0.502,4.9,2021
Kepler-275 b,2.34,266.3,1015.0,0.098,6165.0,1.383,1.189,6.08,2014
Kepler-121 c,2.27,7.296,425.0,0.216,5311.0,0.701,0.859,5.77,2014
TOI-4342 c,2.349,11.6,514.0,0.0804,3866.0,0.598,0.587,4.8,2023
Kepler-168 b,1.46,725.064,1240.0,0.056,6282.0,1.107,1.113,2.73,2014
Kepler-471 b,14.96,1146.878,1308.0,0.0626,6733.0,1.8,1.49,,2016
HD 42012 b,13.5,0.1927,182.63,1.67,5405.0,0.82,0.83,508.528,2017
Qatar-10 b,17.295487,1816.48,1955.0,0.0286,6124.0,1.254,1.156,233.92288,2019
GJ 720 A b,3.77,4.2846,401.0,0.119,3837.0,0.56,0.57,13.64,2021
HD 137496 b,1.31,3114.3366,2130.0,0.02732,5799.0,1.59,1.04,4.04,2021
K2-389 b,2.33,179.0,932.0,,5773.0,1.094,0.99,6.04,2022
Kepler-17 b,14.68,1481.766,1570.0,0.02591,5781.0,1.01034,1.04,778.65,2011
Kepler-176 b,1.43,123.802,841.0,0.058,5232.0,0.891,0.86,290.537,2014
NN Ser d,13.3,,,3.39,57000.0,,0.535,724.622,2010
HD 214823 b,12.1,0.4586,243.9,3.08,6215.0,2.04,1.115,5914.78665427,2016
Kepler-761 b,2.03,95.447,767.0,0.0874,5706.0,0.93,0.95,4.78,2016
TOI-216.01,10.1,10.1,497.0,0.2069,5026.0,0.748,0.77,177.98390792,2019
TOI-1259 A b,11.6,153.1389,963.0,0.0408,4775.0,0.715,0.746,141.0,2021
Kepler-107 e,2.903,138.7,955.0,0.12638,5854.0,1.447,1.238,14.1,2014
Kepler-450 c,2.62,213.731,944.0,0.13351,6197.21,1.64162,1.19,12.5,2015
TOI-4578 b,2.26974262,119.0248,842.42,,5951.32,0.878735,1.077,5.77,2026
HD 1605 b,13.8,2.9004,362.48,1.492,4915.0,3.49,1.33,296.85322,2015
HD 210193 b,14.3,0.5142,235.69,1.487,5790.0,1.05971,1.04,153.1,2019
HD 108236 c,2.071,162.1675,932.0,0.062,5660.0,0.877,0.869,4.94,2020
K2-392 b,1.85,,,,5726.0,1.058,0.841,4.08,2022
TOI-4145 A b,13.30506009,223.0,1074.0,0.04823,5281.0,0.859,0.905,136.66621501,2023
TOI-4379 b,16.69017226,2886.0903,1869.38,,6020.0,1.976,1.372,353.74301699,2024
Kepler-1663 b,3.30395896,4.07,362.0,0.1072,3844.0,0.62859,0.610816,10.9,2020
Kepler-273 c,1.98,74.887,865.0,0.073,5626.0,0.815,0.756,4.58,2014
GJ 3138 c,1.88,13.9,530.85,0.057,3717.0,0.5,0.681,4.18,2017
K2-291 b,1.589,633.0,1278.0,0.03261,5520.0,0.899,0.934,6.49,2019
HD 39855 b,2.85,287.2,1145.89,0.041,5576.0,0.744665,0.87,8.5,2019
HIP 90988 b,13.4,4.1955,400.77,1.36,4883.0,3.94,1.613,668.07531151,2021
TOI-558 b,12.17295304,248.8554,1061.0,0.1291,6466.0,1.496,1.349,1147.36054927,2021
GPX-1 b,16.47720163,4650.0,2300.0,0.0338,7000.0,1.56,1.68,6261.2196179,2021
TOI-3819 b,13.13692538,1186.0,1633.0,0.04611,5859.0,1.538,1.242,352.78953177,2023
Kepler-181 b,1.27,255.584,1041.0,0.04,5333.0,0.749,0.81,2.15,2014
K2-38 c,2.29,117.0,916.0,0.09514,5731.0,1.06,1.03,8.3,2016
HD 224538 b,12.7,0.523,236.74,2.375,6097.0,1.54,1.23,2075.73732612,2016
GJ 273 b,1.51,1.06,292.47,0.091101,3382.0,0.293,0.29,2.89,2017
K2-292 b,2.63,67.0,795.0,0.13,5725.0,1.09,1.0,24.5,2019
GJ 4276 b,4.22,2.9298,363.86,0.082,3387.0,0.407,0.406,16.57,2019
HD 102843 b,13.1,0.0438,127.34,4.074,5436.0,0.961488,0.95,113.9,2019
Kepler-271 b,1.23,75.957,759.0,0.08784,5555.0,0.87,0.9,2.04,2014
CFHTWIR-Oph 98 b,20.8487041,0.0,1800.0,200.0,2320.0,0.245,0.0147,2479.0615746,2020
TOI-1431 b,16.70138124,5300.0,2370.0,0.046,7690.0,1.92,1.9,991.62462984,2021
K2-395 c,3.395,,,,5007.0,0.783,0.952,11.4,2022
TOI-4406 b,11.2089807,58.0054,904.0,0.201,6219.0,1.29,1.19,95.3485221,2023
Kepler-149 d,3.96,2.446,306.0,0.571,5381.0,0.953,1.013,14.9,2014
TOI-4405 b,2.55505441,48.1559,671.87,,4467.38,0.687025,0.68,7.06,2026
TOI-5027 b,10.76062147,190.912,1056.0,0.093,5909.0,0.92,1.02,642.01338214,2025
GJ 273 c,1.06,6.66,462.26,0.036467,3382.0,0.293,0.29,1.18,2017
HD 20781 d,3.25,18.0638,570.19,0.1647,5256.0,0.833609,0.7,10.61,2019
HD 110113 b,2.05,735.49,1371.0,0.035,5732.0,0.968,0.997,4.55,2021
HAT-P-63 b,12.5428494,387.4,1237.0,0.04294,5400.0,0.9661,0.925,195.1466419,2021
K2-398 b,2.274,,,,5946.0,1.239,0.945,5.79,2022
TOI-3862 b,5.53,358.839,1539.0,0.02539,5300.0,0.92,0.9,53.7,2026
Kepler-284 c,2.61,9.042,478.0,0.213,5615.0,0.814,0.766,7.32,2014
TOI-4662 b,2.87998299,50.104,741.0,,4520.41,0.69375,0.703,8.65,2026
HD 7924 c,,28.35,583.6,0.1134,5075.0,0.7821,0.832,1762.67634522,2015
NGC 2682 YBP 401 b,14.3,,,,6165.0,1.215821,1.14,146.2018,2016
WASP-142 b,17.14977,3140.9238,2000.0,0.0347,6010.0,1.64,1.33,266.9772,2016
WASP-171 b,10.98482,1200.24,1642.0,0.0504,5965.0,1.637,1.171,344.52772,2019
TOI-1789 b,16.14093221,2300.0,1927.0,0.04882,5991.0,2.168,1.507,222.4798849,2021
HD 35843 c,2.54,11.3814,479.0,0.25,5666.0,0.897,0.94,11.32,2025
TOI-4666 b,12.53164042,55.6,695.0,0.034,3793.0,0.585,0.576,155.41809102,2025
BD+20 594 b,2.57807,15.1513,546.0,0.241,5766.0,1.08,1.67,22.2481,2016
Kepler-19 d,5.06,,,,5544.0,0.859,0.936,22.5,2017
GJ 143 b,2.61,7.0423,422.0,0.1915,4640.0,0.695,0.73,22.7,2019
WASP-182 b,9.52765,756.261,1479.0,0.0451,5638.0,1.34,1.076,47.03884,2019
HD 107148 c,4.7,66.7145,799.68,0.1407,5752.92,1.169193,1.105215,19.89605828,2021
Kepler-833 b,2.02,8.313,382.0,0.1139,4339.0,0.62,0.64,4.74,2016
Kepler-94 b,3.51,216.094,997.0,0.03377,4781.0,0.76,0.81,10.84,2014
TOI-4463 A b,13.26022417,633.0,1395.0,0.04036,5640.0,1.062,1.056,252.35575516,2023
HATS-9 b,13.85,2292.0839,1746.0,0.0312,5599.0,1.56,1.1,266.02371,2015
TYC 0434-04538-1 b,12.7,107.3772,877.8,0.66,4679.0,9.99,1.04,1938.763,2021
Kepler-839 b,2.57,46.303,626.0,0.2316,6058.0,1.31,1.22,7.13,2016
HD 27969 b,12.9,0.76,261.0,1.552,5966.0,1.27,1.16,1525.5763536,2021
TOI-3912 b,14.28024141,872.2,1512.0,0.0463,5725.0,1.392,1.088,129.03833324,2023
Kepler-294 b,1.77,329.801,1087.0,0.048,5913.0,0.976,0.947,3.78,2014
TOI-4487 A b,14.60530185,1203.0,1639.0,0.05448,6206.0,1.634,1.378,397.28550875,2025
K2-251 b,2.35,9.4444,437.0,0.0694,3717.0,0.49,0.52,6.12,2018
GJ 3512 b,14.3,0.0138,97.19,0.3376,3141.0,0.139,0.123,146.51889563,2019
HD 145675 c,12.6,0.0018,55.51,20.0,5338.0,0.93,0.97,2510.8444153,2021
HD 95544 b,12.8,0.1,156.5,3.166,5722.0,1.088,1.01,1913.64483855,2021
Kepler-309 b,1.56,99.493,531.0,0.059,4713.0,0.721,0.816,3.05,2014
WASP-74 b,15.24424,531.159,1865.0,0.03443,5990.0,1.42,0.98,228.8376,2015
Qatar-7 b,19.0553,2886.2922,2053.0,0.0352,6387.0,1.564,1.409,597.5204,2019
Kepler-270 b,2.01,178.362,984.0,0.107,6067.0,1.461,1.17,4.7,2014
TOI-628 b,11.88154,1052.9,1586.0,0.0486,6250.0,1.345,1.311,2011.8639,2021
HD 168009 b,3.05,99.3735,887.57,0.1192,5778.33,1.209505,0.986073,9.53485221,2021
HD 164922 e,3.23,13.3822,543.73,0.2292,5393.43,1.001813,0.921146,10.52012027,2021
HD 115954 b,12.6,0.064,144.9,5.0,5957.0,1.213,1.18,2685.65003915,2021
TOI-1278 b,12.21778896,6.5402,407.87,0.095,3799.0,0.573,0.54,5879.8255295,2021
LHS 1678 b,0.685,94.3,830.44,0.01239,3490.0,0.329,0.345,0.35,2021
TOI-3980 b,14.4595851,1153.0,1621.0,0.0494,5840.0,1.626,1.24,187.51876013,2025
Kepler-903 b,2.01,274.845,842.0,0.09081,5682.0,0.97,0.98,4.7,2016
Kepler-84 c,2.36,132.23,865.0,0.1072,6039.0,1.43,1.0,20.2,2012
TOI-4507 b,8.2,23.5778,464.8,0.456,6260.0,1.04,1.11,20.0,2025
TOI-5160 b,2.39729851,177.537,1016.0,,5622.14,1.03315,1.003,6.33,2026
EPIC 211822797 b,1.92,3.5,431.0,0.1195,4057.0,0.58,0.62,4.35,2016
K2-254 c,2.19,17.6668,551.0,0.0923,4629.0,0.67,0.71,5.43,2018
GJ 160.2 b,3.17,56.9598,736.99,0.053,4347.0,0.655173,0.69,10.2,2014
HD 39194 d,2.12,10.2669,503.31,0.1949,5205.0,0.783742,0.86,5.16,2021
Kepler-304 b,2.86,139.146,875.0,0.039,4731.0,0.687,0.737,8.55,2014
Kepler-1756 b,1.47199944,338.4,1093.0,0.0319,4915.0,0.812,0.781,2.77,2021
EPIC 206317286 c,2.094,,,,4752.0,0.758,0.832,5.03,2022
Kepler-195 b,2.03,74.148,751.0,0.077,5329.0,0.775,0.867,4.78,2014
K2-28 b,2.32,30.1,568.0,0.0214,3214.0,0.288,0.257,5.99,2016
Kepler-1724 b,2.83677238,234.98,999.0,0.0683,6092.0,0.943,1.016,8.43,2021
HAT-P-7 b,16.92559,4353.408,2733.0,0.03809,6389.0,2.0,1.56,584.8072,2008
Kepler-551 b,2.73,14.386,483.0,0.0893,4286.0,0.63,0.65,7.9,2016
K2-44 b,2.433,646.0,1211.0,0.06,5912.0,1.58,1.15,6.5,2016
K2-27 b,4.74,116.0,836.0,0.06702,5246.0,0.876,0.88,30.2,2016
K2-378 b,2.88,,,,4823.0,0.732,0.923,8.65,2022
K2-42 b,2.15,44.1,718.09,0.0617,4613.0,0.643,0.702,5.27,2016
K2-193 b,3.95,59.921,739.0,0.1184,5817.0,0.98,1.01,14.8,2018
Kepler-452 b,1.63,1.1,265.0,1.046,5757.0,1.11,1.037,3.29,2015
Kepler-220 c,1.57,37.321,586.0,0.076,4632.0,0.666,0.729,3.09,2014
Kepler-228 d,4.04,122.778,835.0,0.101,6043.0,1.014,1.006,15.4,2014
Kepler-565 b,3.64,301.46,1063.0,0.0501,5735.0,0.95,0.98,12.9,2016
K2-35 b,1.32,211.0,979.0,0.031,4402.71,0.619575,0.701968,2.3,2016
Kepler-1720 b,3.21585295,55.86,697.0,0.1043,5573.0,0.839,0.939,10.4,2021
K2-368 b,1.332,,,,4663.0,0.663,0.746,2.34,2022
OGLE-2016-BLG-0261L b,9.6,,,0.72,,,0.072,66.74396547,2026
KMT-2025-BLG-0026L b,13.3,,,0.96,,,0.44,676.97450691,2026
KMT-2025-BLG-0030L b,13.7,,,2.35,,,0.6,365.50266805,2026
KMT-2025-BLG-2272L b,13.3,,,3.89,,,0.63,785.03616529,2026
